<?xml version="1.0" encoding="UTF-8"?>
<!-- Generated by FME 2022.2.6.0 (Build 22800) -->
<kml xmlns:xsd="http://www.w3.org/2001/XMLSchema" xmlns:gx="http://www.google.com/kml/ext/2.2" xmlns:atom="http://www.w3.org/2005/Atom" xmlns="http://www.opengis.net/kml/2.2">
<Document>
<name>cb_2023_40_cd118_500k</name>
<visibility>1</visibility>
<Style id="KMLStyler">
<IconStyle>
<scale>0.8</scale>
</IconStyle>
<LabelStyle>
<scale>1.0</scale>
</LabelStyle>
<LineStyle>
<color>ffbc822f</color>
<width>2</width>
<gx:labelVisibility>0</gx:labelVisibility>
</LineStyle>
<PolyStyle>
<color>7fe1ca9e</color>
</PolyStyle>
</Style>
<Schema name="cb_2023_40_cd118_500k" id="kml_schema_ft_cb_2023_40_cd118_500k">
<SimpleField type="xsd:string" name="STATEFP">
<displayName>STATEFP</displayName>
</SimpleField>
<SimpleField type="xsd:string" name="CD118FP">
<displayName>CD118FP</displayName>
</SimpleField>
<SimpleField type="xsd:string" name="GEOIDFQ">
<displayName>GEOIDFQ</displayName>
</SimpleField>
<SimpleField type="xsd:string" name="GEOID">
<displayName>GEOID</displayName>
</SimpleField>
<SimpleField type="xsd:string" name="NAMELSAD">
<displayName>NAMELSAD</displayName>
</SimpleField>
<SimpleField type="xsd:string" name="LSAD">
<displayName>LSAD</displayName>
</SimpleField>
<SimpleField type="xsd:string" name="CDSESSN">
<displayName>CDSESSN</displayName>
</SimpleField>
<SimpleField type="xsd:double" name="ALAND">
<displayName>ALAND</displayName>
</SimpleField>
<SimpleField type="xsd:double" name="AWATER">
<displayName>AWATER</displayName>
</SimpleField>
</Schema>
<Folder id="kml_ft_cb_2023_40_cd118_500k">
<name>cb_2023_40_cd118_500k</name>
<Placemark id="cb_2023_40_cd118_500k">
<name>&lt;at&gt;&lt;openparen&gt;4001&lt;closeparen&gt;</name>
<visibility>1</visibility>
<description><![CDATA[<center><table><tr><th colspan='2' align='center'><em>Attributes</em></th></tr><tr bgcolor="#E3E3F3">
<th>STATEFP</th>
<td>40</td>
</tr><tr bgcolor="">
<th>CD118FP</th>
<td>01</td>
</tr><tr bgcolor="#E3E3F3">
<th>GEOIDFQ</th>
<td>5001800US4001</td>
</tr><tr bgcolor="">
<th>GEOID</th>
<td>4001</td>
</tr><tr bgcolor="#E3E3F3">
<th>NAMELSAD</th>
<td>Congressional District 1</td>
</tr><tr bgcolor="">
<th>LSAD</th>
<td>C2</td>
</tr><tr bgcolor="#E3E3F3">
<th>CDSESSN</th>
<td>118</td>
</tr><tr bgcolor="">
<th>ALAND</th>
<td>2793647525</td>
</tr><tr bgcolor="#E3E3F3">
<th>AWATER</th>
<td>64249777</td>
</tr></table></center>]]></description>
<LookAt>
<longitude>-102</longitude>
<latitude>38.5</latitude>
<range>7000000</range>
<tilt>10</tilt>
<heading>0</heading>
</LookAt>
<styleUrl>#KMLStyler</styleUrl>
<ExtendedData>
<SchemaData schemaUrl="#kml_schema_ft_cb_2023_40_cd118_500k">
<SimpleData name="STATEFP">40</SimpleData>
<SimpleData name="CD118FP">01</SimpleData>
<SimpleData name="GEOIDFQ">5001800US4001</SimpleData>
<SimpleData name="GEOID">4001</SimpleData>
<SimpleData name="NAMELSAD">Congressional District 1</SimpleData>
<SimpleData name="LSAD">C2</SimpleData>
<SimpleData name="CDSESSN">118</SimpleData>
<SimpleData name="ALAND">2793647525</SimpleData>
<SimpleData name="AWATER">64249777</SimpleData>
</SchemaData>
</ExtendedData>
<Polygon>
<extrude>0</extrude>
<tessellate>1</tessellate>
<altitudeMode>clampToGround</altitudeMode>
<outerBoundaryIs>
<LinearRing>
<coordinates>-96.297906,36.076046,0.0 -96.297905,36.075766,0.0 -96.297501,36.075766,0.0 -96.261294,36.075741,0.0 -96.261773,36.075449,0.0 -96.261755,36.064069,0.0 -96.261662,36.061462,0.0 -96.263265,36.059282,0.0 -96.267138,36.057318,0.0 -96.271372,36.054209,0.0 -96.272411,36.049988,0.0 -96.271787,36.046898,0.0 -96.261743,36.046813,0.0 -96.261577,36.034005,0.0 -96.260228,36.032752,0.0 -96.260154,36.032219,0.0 -96.260499,36.031699,0.0 -96.261085,36.030017,0.0 -96.261605,36.029422,0.0 -96.262949,36.027726,0.0 -96.262235,36.024688,0.0 -96.261611,36.020842,0.0 -96.241138,36.020856,0.0 -96.241169,36.025903,0.0 -96.23724,36.02604,0.0 -96.237287,36.017532,0.0 -96.233785,36.017551,0.0 -96.232565,36.014784,0.0 -96.23009,36.014329,0.0 -96.229463,36.011568,0.0 -96.228591,36.010898,0.0 -96.227755,36.007725,0.0 -96.226536,36.005973,0.0 -96.227175,36.003798,0.0 -96.226417,36.002586,0.0 -96.223934,36.00298,0.0 -96.21701,36.003099,0.0 -96.217197,35.988637,0.0 -96.217038,35.988633,0.0 -96.19927,35.988521,0.0 -96.196518,35.988299,0.0 -96.194349,35.987372,0.0 -96.191293,35.988457,0.0 -96.191366,35.988402,0.0 -96.189934,35.988403,0.0 -96.18994,35.987089,0.0 -96.189951,35.984769,0.0 -96.189997,35.974071,0.0 -96.18999,35.97378,0.0 -96.165133,35.973906,0.0 -96.16403,35.973882,0.0 -96.163347,35.973946,0.0 -96.162994,35.973961,0.0 -96.155253,35.974163,0.0 -96.146473,35.973916,0.0 -96.136907,35.973959,0.0 -96.136974,35.95932,0.0 -96.123271,35.959345,0.0 -96.118807,35.959334,0.0 -96.118852,35.955662,0.0 -96.118836,35.952302,0.0 -96.118838,35.952121,0.0 -96.118774,35.948639,0.0 -96.117451,35.945721,0.0 -96.117263,35.945313,0.0 -96.11746,35.945378,0.0 -96.117679,35.94547,0.0 -96.117839,35.945297,0.0 -96.117916,35.945018,0.0 -96.118133,35.944862,0.0 -96.118396,35.944746,0.0 -96.118585,35.944746,0.0 -96.118889,35.944873,0.0 -96.120367,35.944086,0.0 -96.123103,35.943986,0.0 -96.125276,35.943096,0.0 -96.127162,35.940275,0.0 -96.126853,35.938457,0.0 -96.124981,35.936204,0.0 -96.124791,35.935281,0.0 -96.126654,35.934442,0.0 -96.130016,35.935888,0.0 -96.131555,35.935614,0.0 -96.130889,35.932555,0.0 -96.129438,35.931215,0.0 -96.128988,35.928018,0.0 -96.129531,35.924575,0.0 -96.12932,35.922884,0.0 -96.132452,35.919606,0.0 -96.13474,35.919712,0.0 -96.137186,35.917088,0.0 -96.136606,35.915768,0.0 -96.136337,35.91555,0.0 -96.135704,35.91505,0.0 -96.135196,35.914325,0.0 -96.134893,35.913633,0.0 -96.134637,35.912622,0.0 -96.13399,35.912133,0.0 -96.133834,35.911787,0.0 -96.133963,35.911512,0.0 -96.134483,35.911227,0.0 -96.136117,35.911057,0.0 -96.136943,35.910986,0.0 -96.13691,35.901168,0.0 -96.138716,35.901171,0.0 -96.139544,35.901154,0.0 -96.139467,35.893351,0.0 -96.139543,35.882743,0.0 -96.138758,35.882475,0.0 -96.138765,35.857894,0.0 -96.137214,35.857876,0.0 -96.137229,35.857097,0.0 -96.086128,35.857197,0.0 -96.033118,35.856824,0.0 -96.015409,35.856884,0.0 -96.01517,35.856922,0.0 -96.006428,35.856899,0.0 -95.997505,35.856837,0.0 -95.996756,35.857153,0.0 -95.996113,35.856824,0.0 -95.984317,35.856828,0.0 -95.979786,35.856882,0.0 -95.975262,35.856816,0.0 -95.970971,35.856835,0.0 -95.966841,35.856802,0.0 -95.944073,35.85658,0.0 -95.90837,35.856399,0.0 -95.899468,35.856355,0.0 -95.89054,35.856335,0.0 -95.872761,35.856313,0.0 -95.837396,35.856272,0.0 -95.82829,35.85627,0.0 -95.819459,35.856255,0.0 -95.819405,35.856255,0.0 -95.801744,35.856266,0.0 -95.766114,35.856284,0.0 -95.732854,35.856404,0.0 -95.731038,35.856495,0.0 -95.660225,35.856674,0.0 -95.658968,35.856645,0.0 -95.650419,35.856644,0.0 -95.651096,35.853717,0.0 -95.64803,35.847404,0.0 -95.649135,35.842141,0.0 -95.647697,35.841071,0.0 -95.647016,35.83924,0.0 -95.64356,35.837295,0.0 -95.642532,35.835737,0.0 -95.640455,35.834945,0.0 -95.639767,35.835895,0.0 -95.641391,35.838307,0.0 -95.641322,35.840026,0.0 -95.641093,35.840279,0.0 -95.639082,35.837228,0.0 -95.638683,35.835489,0.0 -95.639088,35.832876,0.0 -95.639169,35.827175,0.0 -95.640185,35.824598,0.0 -95.638892,35.822346,0.0 -95.639658,35.821657,0.0 -95.641516,35.815421,0.0 -95.639003,35.809079,0.0 -95.639177,35.807098,0.0 -95.637547,35.805065,0.0 -95.638086,35.802146,0.0 -95.636858,35.801881,0.0 -95.63632,35.800538,0.0 -95.63713,35.79912,0.0 -95.638923,35.798795,0.0 -95.638167,35.79622,0.0 -95.639548,35.792416,0.0 -95.639791,35.790986,0.0 -95.638313,35.787596,0.0 -95.635139,35.785275,0.0 -95.63302,35.784436,0.0 -95.631604,35.782445,0.0 -95.625258,35.780073,0.0 -95.624423,35.778705,0.0 -95.621518,35.777641,0.0 -95.615383,35.776702,0.0 -95.611816,35.777359,0.0 -95.609372,35.77646,0.0 -95.605272,35.77753,0.0 -95.604484,35.778127,0.0 -95.60195,35.778087,0.0 -95.600513,35.77689,0.0 -95.600351,35.775476,0.0 -95.596409,35.771494,0.0 -95.593546,35.767617,0.0 -95.590149,35.765428,0.0 -95.584647,35.765556,0.0 -95.583618,35.766441,0.0 -95.581968,35.768278,0.0 -95.579872,35.769743,0.0 -95.577285,35.771553,0.0 -95.576636,35.772706,0.0 -95.57257,35.777296,0.0 -95.568261,35.782945,0.0 -95.566521,35.783716,0.0 -95.56435,35.785638,0.0 -95.563091,35.787908,0.0 -95.561045,35.787852,0.0 -95.556307,35.78875,0.0 -95.553538,35.787178,0.0 -95.54788,35.789014,0.0 -95.544599,35.788263,0.0 -95.541926,35.788803,0.0 -95.540888,35.790209,0.0 -95.538539,35.790637,0.0 -95.531514,35.790592,0.0 -95.527346,35.791177,0.0 -95.525985,35.792699,0.0 -95.52401,35.792902,0.0 -95.520728,35.792249,0.0 -95.514477,35.793944,0.0 -95.500086,35.798699,0.0 -95.497553,35.799499,0.0 -95.490994,35.801086,0.0 -95.483852,35.802999,0.0 -95.477552,35.804199,0.0 -95.471651,35.804499,0.0 -95.468551,35.803999,0.0 -95.463541,35.804691,0.0 -95.458345,35.803174,0.0 -95.453189,35.802394,0.0 -95.451819,35.801432,0.0 -95.446322,35.799937,0.0 -95.44055,35.799699,0.0 -95.434427,35.799193,0.0 -95.431184,35.798645,0.0 -95.426308,35.798379,0.0 -95.420248,35.799599,0.0 -95.414448,35.801999,0.0 -95.408048,35.804299,0.0 -95.402214,35.806633,0.0 -95.402244,35.807098,0.0 -95.402273,35.8076,0.0 -95.402857,35.832382,0.0 -95.403217,35.839437,0.0 -95.402901,35.845996,0.0 -95.402949,35.885552,0.0 -95.414871,35.88888,0.0 -95.415042,35.888614,0.0 -95.417491,35.88637,0.0 -95.42069,35.885481,0.0 -95.42265,35.886213,0.0 -95.425327,35.890354,0.0 -95.427231,35.89165,0.0 -95.436857,35.893046,0.0 -95.440456,35.894087,0.0 -95.44408,35.890332,0.0 -95.445403,35.890057,0.0 -95.447273,35.890887,0.0 -95.448559,35.892583,0.0 -95.449642,35.895374,0.0 -95.449488,35.897643,0.0 -95.450305,35.8989,0.0 -95.456834,35.902107,0.0 -95.464099,35.9046,0.0 -95.466523,35.904681,0.0 -95.467648,35.904358,0.0 -95.4683,35.904346,0.0 -95.469082,35.903564,0.0 -95.470594,35.903172,0.0 -95.475563,35.903894,0.0 -95.477308,35.904605,0.0 -95.478681,35.906656,0.0 -95.47949,35.906973,0.0 -95.481069,35.91006,0.0 -95.488514,35.926233,0.0 -95.491614,35.945044,0.0 -95.491997,35.946066,0.0 -95.493341,35.951009,0.0 -95.495181,35.955511,0.0 -95.494256,35.955759,0.0 -95.494993,35.956989,0.0 -95.495756,35.956835,0.0 -95.502607,35.957096,0.0 -95.505743,35.956912,0.0 -95.509485,35.95628,0.0 -95.512412,35.956147,0.0 -95.515394,35.956648,0.0 -95.52052,35.958378,0.0 -95.525405,35.959162,0.0 -95.527344,35.959907,0.0 -95.529303,35.961581,0.0 -95.530553,35.965009,0.0 -95.532325,35.966266,0.0 -95.536084,35.967674,0.0 -95.536974,35.970061,0.0 -95.536668,35.971958,0.0 -95.535477,35.974128,0.0 -95.535868,35.976096,0.0 -95.53755,35.976448,0.0 -95.543625,35.974558,0.0 -95.550158,35.973678,0.0 -95.552049,35.972877,0.0 -95.556016,35.970471,0.0 -95.557682,35.969024,0.0 -95.562441,35.966967,0.0 -95.564752,35.96758,0.0 -95.564577,35.966978,0.0 -95.565756,35.96948,0.0 -95.564756,35.971139,0.0 -95.561783,35.973413,0.0 -95.560189,35.977818,0.0 -95.557499,35.980828,0.0 -95.557411,35.982031,0.0 -95.558919,35.982992,0.0 -95.561852,35.983514,0.0 -95.563332,35.984953,0.0 -95.563825,35.986991,0.0 -95.561169,35.989325,0.0 -95.560304,35.990709,0.0 -95.560487,35.992994,0.0 -95.560237,35.995076,0.0 -95.557746,35.997999,0.0 -95.554791,35.999064,0.0 -95.553746,36.000141,0.0 -95.552541,36.002066,0.0 -95.549168,36.005218,0.0 -95.544719,36.006118,0.0 -95.542313,36.006997,0.0 -95.532592,36.025615,0.0 -95.530528,36.030409,0.0 -95.525392,36.03735,0.0 -95.52418,36.040025,0.0 -95.523401,36.042991,0.0 -95.523589,36.046074,0.0 -95.523947,36.048434,0.0 -95.524494,36.049654,0.0 -95.52519,36.050686,0.0 -95.526914,36.052406,0.0 -95.527638,36.052972,0.0 -95.529167,36.053693,0.0 -95.535618,36.057143,0.0 -95.537383,36.057302,0.0 -95.537659,36.058347,0.0 -95.537868,36.058515,0.0 -95.53898,36.057292,0.0 -95.540813,36.058209,0.0 -95.542138,36.059863,0.0 -95.543051,36.062126,0.0 -95.547001,36.064592,0.0 -95.551091,36.065793,0.0 -95.55762,36.069452,0.0 -95.562219,36.071444,0.0 -95.567556,36.072826,0.0 -95.571525,36.075282,0.0 -95.577519,36.078433,0.0 -95.579377,36.080316,0.0 -95.579903,36.082991,0.0 -95.578436,36.084091,0.0 -95.576734,36.083765,0.0 -95.574753,36.082464,0.0 -95.570967,36.082242,0.0 -95.564279,36.084583,0.0 -95.562677,36.084263,0.0 -95.558309,36.081986,0.0 -95.556628,36.082447,0.0 -95.552587,36.091486,0.0 -95.558132,36.096589,0.0 -95.561515,36.099176,0.0 -95.568309,36.107401,0.0 -95.570265,36.110725,0.0 -95.570669,36.113764,0.0 -95.570016,36.120284,0.0 -95.567844,36.129378,0.0 -95.568316,36.130125,0.0 -95.571303,36.130226,0.0 -95.573602,36.131267,0.0 -95.576191,36.133565,0.0 -95.580709,36.134349,0.0 -95.587241,36.134079,0.0 -95.589006,36.136221,0.0 -95.591423,36.137067,0.0 -95.592791,36.13705,0.0 -95.593512,36.135706,0.0 -95.592341,36.132319,0.0 -95.593099,36.129668,0.0 -95.594862,36.129431,0.0 -95.604696,36.13346,0.0 -95.606416,36.134989,0.0 -95.609846,36.141207,0.0 -95.610589,36.142193,0.0 -95.616244,36.14662,0.0 -95.617482,36.148472,0.0 -95.617936,36.150331,0.0 -95.61852,36.162512,0.0 -95.618551,36.162508,0.0 -95.619185,36.162602,0.0 -95.619832,36.162694,0.0 -95.63685,36.16245,0.0 -95.672684,36.162333,0.0 -95.690459,36.16239,0.0 -95.69963,36.1624,0.0 -95.708224,36.1619,0.0 -95.708226,36.162239,0.0 -95.71306,36.16223,0.0 -95.72641,36.16263,0.0 -95.72642,36.17694,0.0 -95.72642,36.188412,0.0 -95.725987,36.190916,0.0 -95.726023,36.196365,0.0 -95.723901,36.196356,0.0 -95.723905,36.20049,0.0 -95.72643,36.200491,0.0 -95.7264,36.20416,0.0 -95.725832,36.206658,0.0 -95.72615,36.209574,0.0 -95.730885,36.210145,0.0 -95.732073,36.208123,0.0 -95.73443,36.206798,0.0 -95.734863,36.205337,0.0 -95.735457,36.205613,0.0 -95.740983,36.205734,0.0 -95.740852,36.20598,0.0 -95.758384,36.205968,0.0 -95.758762,36.207838,0.0 -95.759448,36.210811,0.0 -95.759824,36.21372,0.0 -95.759814,36.229897,0.0 -95.7598,36.232565,0.0 -95.76002,36.23251,0.0 -95.76004,36.23496,0.0 -95.76004,36.23516,0.0 -95.76052,36.23977,0.0 -95.75841,36.24304,0.0 -95.758382,36.245889,0.0 -95.75838,36.246078,0.0 -95.75838,36.24949,0.0 -95.75838,36.249731,0.0 -95.75836,36.258523,0.0 -95.75834,36.26326,0.0 -95.7586,36.26398,0.0 -95.776073,36.263982,0.0 -95.776174,36.292958,0.0 -95.776151,36.307436,0.0 -95.776146,36.31106,0.0 -95.75842,36.31098,0.0 -95.75842,36.31008,0.0 -95.7518,36.3101,0.0 -95.75161,36.31284,0.0 -95.7403,36.31293,0.0 -95.74026,36.32198,0.0 -95.776126,36.321869,0.0 -95.77627,36.32187,0.0 -95.776506,36.321872,0.0 -95.79419,36.32195,0.0 -95.809981,36.32205,0.0 -95.8122,36.32205,0.0 -95.812216,36.323926,0.0 -95.81221,36.325684,0.0 -95.81222,36.33628,0.0 -95.81222,36.33652,0.0 -95.812246,36.336642,0.0 -95.812256,36.336709,0.0 -95.81221,36.35101,0.0 -95.81225,36.35655,0.0 -95.81227,36.35833,0.0 -95.812205,36.359246,0.0 -95.812176,36.365486,0.0 -95.812176,36.365543,0.0 -95.812188,36.365654,0.0 -95.812179,36.378288,0.0 -95.812176,36.379986,0.0 -95.812176,36.380007,0.0 -95.812178,36.380116,0.0 -95.81218,36.39417,0.0 -95.812256,36.394575,0.0 -95.811076,36.394569,0.0 -95.79425,36.394505,0.0 -95.79425,36.39577,0.0 -95.79437,36.42358,0.0 -95.812342,36.42358,0.0 -95.814309,36.423485,0.0 -95.830143,36.423516,0.0 -95.830333,36.423515,0.0 -95.852605,36.423641,0.0 -95.866236,36.423752,0.0 -95.920323,36.423703,0.0 -95.920636,36.423702,0.0 -95.920983,36.423702,0.0 -95.937772,36.423697,0.0 -95.938015,36.4237,0.0 -96.001171,36.423686,0.0 -96.001168,36.423477,0.0 -96.001205,36.402451,0.0 -96.001213,36.398427,0.0 -96.001258,36.373977,0.0 -96.001189,36.372174,0.0 -96.00119,36.372074,0.0 -96.001309,36.368523,0.0 -96.001249,36.361539,0.0 -96.00133,36.347045,0.0 -96.001331,36.346957,0.0 -96.001336,36.345664,0.0 -96.001326,36.336612,0.0 -96.001327,36.334474,0.0 -96.001325,36.332597,0.0 -96.001324,36.322156,0.0 -96.001323,36.318484,0.0 -96.001457,36.317898,0.0 -96.001463,36.307448,0.0 -96.001467,36.307058,0.0 -96.001504,36.303372,0.0 -96.001518,36.292506,0.0 -96.001508,36.285484,0.0 -96.001317,36.279372,0.0 -96.001313,36.250019,0.0 -96.001391,36.249265,0.0 -96.001409,36.245301,0.0 -96.001409,36.245225,0.0 -96.001407,36.244824,0.0 -96.001396,36.242135,0.0 -96.001399,36.234953,0.0 -96.001418,36.230782,0.0 -96.001457,36.226966,0.0 -96.001416,36.223827,0.0 -96.001418,36.220637,0.0 -96.001275,36.219252,0.0 -96.001276,36.212991,0.0 -96.001266,36.205917,0.0 -96.001261,36.205291,0.0 -96.001249,36.191717,0.0 -96.001238,36.180574,0.0 -96.001236,36.176941,0.0 -96.001231,36.173323,0.0 -96.001227,36.168851,0.0 -96.001217,36.162438,0.0 -96.001226,36.161296,0.0 -96.010951,36.161317,0.0 -96.014882,36.161287,0.0 -96.029233,36.16122,0.0 -96.043752,36.161127,0.0 -96.047288,36.161133,0.0 -96.055316,36.161088,0.0 -96.056193,36.161089,0.0 -96.062977,36.16087,0.0 -96.073365,36.161082,0.0 -96.073421,36.161076,0.0 -96.074583,36.160919,0.0 -96.076973,36.160908,0.0 -96.082498,36.161005,0.0 -96.082939,36.160951,0.0 -96.084069,36.160887,0.0 -96.090779,36.160901,0.0 -96.105736,36.160932,0.0 -96.106106,36.160934,0.0 -96.108744,36.160939,0.0 -96.111221,36.160944,0.0 -96.111288,36.160944,0.0 -96.119025,36.160957,0.0 -96.126415,36.160977,0.0 -96.139338,36.161002,0.0 -96.141501,36.161005,0.0 -96.162067,36.16104,0.0 -96.162107,36.161041,0.0 -96.174638,36.161064,0.0 -96.174995,36.161078,0.0 -96.18964,36.161158,0.0 -96.212633,36.16148,0.0 -96.219074,36.16156,0.0 -96.226006,36.161574,0.0 -96.266542,36.16198,0.0 -96.266894,36.16198,0.0 -96.268287,36.16198,0.0 -96.272711,36.16208,0.0 -96.273488,36.16208,0.0 -96.297888,36.162279,0.0 -96.297892,36.141192,0.0 -96.297892,36.131164,0.0 -96.297897,36.119179,0.0 -96.297906,36.076046,0.0</coordinates>
</LinearRing>
</outerBoundaryIs>
</Polygon>
</Placemark>
<Placemark id="cb_2023_40_cd118_500k">
<name>&lt;at&gt;&lt;openparen&gt;4002&lt;closeparen&gt;</name>
<visibility>1</visibility>
<description><![CDATA[<center><table><tr><th colspan='2' align='center'><em>Attributes</em></th></tr><tr bgcolor="#E3E3F3">
<th>STATEFP</th>
<td>40</td>
</tr><tr bgcolor="">
<th>CD118FP</th>
<td>02</td>
</tr><tr bgcolor="#E3E3F3">
<th>GEOIDFQ</th>
<td>5001800US4002</td>
</tr><tr bgcolor="">
<th>GEOID</th>
<td>4002</td>
</tr><tr bgcolor="#E3E3F3">
<th>NAMELSAD</th>
<td>Congressional District 2</td>
</tr><tr bgcolor="">
<th>LSAD</th>
<td>C2</td>
</tr><tr bgcolor="#E3E3F3">
<th>CDSESSN</th>
<td>118</td>
</tr><tr bgcolor="">
<th>ALAND</th>
<td>56022882018</td>
</tr><tr bgcolor="#E3E3F3">
<th>AWATER</th>
<td>2030222998</td>
</tr></table></center>]]></description>
<LookAt>
<longitude>-102</longitude>
<latitude>38.5</latitude>
<range>7000000</range>
<tilt>10</tilt>
<heading>0</heading>
</LookAt>
<styleUrl>#KMLStyler</styleUrl>
<ExtendedData>
<SchemaData schemaUrl="#kml_schema_ft_cb_2023_40_cd118_500k">
<SimpleData name="STATEFP">40</SimpleData>
<SimpleData name="CD118FP">02</SimpleData>
<SimpleData name="GEOIDFQ">5001800US4002</SimpleData>
<SimpleData name="GEOID">4002</SimpleData>
<SimpleData name="NAMELSAD">Congressional District 2</SimpleData>
<SimpleData name="LSAD">C2</SimpleData>
<SimpleData name="CDSESSN">118</SimpleData>
<SimpleData name="ALAND">56022882018</SimpleData>
<SimpleData name="AWATER">2030222998</SimpleData>
</SchemaData>
</ExtendedData>
<Polygon>
<extrude>0</extrude>
<tessellate>1</tessellate>
<altitudeMode>clampToGround</altitudeMode>
<outerBoundaryIs>
<LinearRing>
<coordinates>-96.969627,34.07102,0.0 -96.969736,34.012953,0.0 -96.934833,34.01293,0.0 -96.934817,33.983975,0.0 -96.9347906714179,33.9543587870584,0.0 -96.932252,33.955688,0.0 -96.924268,33.959159,0.0 -96.922114,33.959579,0.0 -96.918618,33.958926,0.0 -96.9163,33.957798,0.0 -96.911336,33.95396,0.0 -96.9100841561795,33.9527125942178,0.0 -96.907387,33.950025,0.0 -96.905253,33.947219,0.0 -96.902434,33.942018,0.0 -96.899442,33.933728,0.0 -96.896469,33.913318,0.0 -96.897194,33.902954,0.0 -96.895728,33.896414,0.0 -96.8926863575097,33.8896230392742,0.0 -96.88301,33.868019,0.0 -96.875281,33.860505,0.0 -96.866438,33.853149,0.0 -96.85609,33.84749,0.0 -96.850593,33.847211,0.0 -96.845896,33.848975,0.0 -96.841592,33.852894,0.0 -96.840819,33.863645,0.0 -96.839778,33.868396,0.0 -96.837413,33.871349,0.0 -96.8338917485549,33.8736844418831,0.0 -96.832157,33.874835,0.0 -96.812778,33.872646,0.0 -96.7983890294503,33.8697218550823,0.0 -96.794276,33.868886,0.0 -96.7888924383728,33.8662159210612,0.0 -96.7868593685454,33.8652075817306,0.0 -96.783485,33.863534,0.0 -96.780569,33.860098,0.0 -96.779588,33.857939,0.0 -96.777202,33.848162,0.0 -96.776766,33.841976,0.0 -96.7716159294573,33.8315278683817,0.0 -96.770676,33.829621,0.0 -96.769378,33.827477,0.0 -96.7679359661585,33.8265506664569,0.0 -96.766235,33.825458,0.0 -96.761588,33.824406,0.0 -96.754041,33.824658,0.0 -96.746038,33.825699,0.0 -96.712422,33.831633,0.0 -96.708134,33.83306,0.0 -96.704457,33.835021,0.0 -96.7022011641094,33.8368818451704,0.0 -96.699574,33.839049,0.0 -96.6931029507083,33.8470119086141,0.0 -96.6919140053451,33.8484749577809,0.0 -96.690708,33.849959,0.0 -96.688191,33.854613,0.0 -96.684727,33.862905,0.0 -96.682209,33.873876,0.0 -96.682103,33.876645,0.0 -96.6830897710888,33.8821349564176,0.0 -96.683464,33.884217,0.0 -96.680947,33.896204,0.0 -96.6782986558143,33.9022650039775,0.0 -96.675306,33.909114,0.0 -96.673449,33.912278,0.0 -96.670618,33.914914,0.0 -96.667187,33.91694,0.0 -96.66441,33.917267,0.0 -96.659896,33.916666,0.0 -96.645951221609,33.9072462784364,0.0 -96.64405,33.905962,0.0 -96.6394636540167,33.902492532788,0.0 -96.630117,33.895422,0.0 -96.628294,33.894477,0.0 -96.6262173962632,33.8945028423579,0.0 -96.607562,33.894735,0.0 -96.592948,33.895616,0.0 -96.5885189157485,33.8948810582175,0.0 -96.587934,33.894784,0.0 -96.585452,33.891281,0.0 -96.58536,33.888948,0.0 -96.5873434435115,33.8845823794876,0.0 -96.587494,33.884251,0.0 -96.590112,33.880665,0.0 -96.597348,33.875101,0.0 -96.601686,33.872823,0.0 -96.61197,33.869016,0.0 -96.6146783636591,33.8665002409499,0.0 -96.625399,33.856542,0.0 -96.628969,33.852407,0.0 -96.629747,33.850866,0.0 -96.630022,33.847541,0.0 -96.62929,33.845488,0.0 -96.623155,33.841483,0.0 -96.601258,33.834327,0.0 -96.592926,33.830916,0.0 -96.587067,33.828009,0.0 -96.572937,33.819098,0.0 -96.566298,33.818511,0.0 -96.551223,33.819129,0.0 -96.5440365134042,33.8206463124548,0.0 -96.532865,33.823005,0.0 -96.5322256788429,33.8228504078832,0.0 -96.5320921136834,33.8228181109374,0.0 -96.529234,33.822127,0.0 -96.526655,33.820891,0.0 -96.523863,33.818114,0.0 -96.519911,33.811347,0.0 -96.516584,33.803168,0.0 -96.515959,33.798934,0.0 -96.5159450940336,33.7956382859546,0.0 -96.5159324371729,33.7926386099697,0.0 -96.5159148630408,33.7884735406623,0.0 -96.515912,33.787795,0.0 -96.511914,33.781478,0.0 -96.502286,33.77346,0.0 -96.500268,33.772583,0.0 -96.48606,33.77301,0.0 -96.473092,33.775445,0.0 -96.467872,33.775795,0.0 -96.459154,33.775232,0.0 -96.4571133726479,33.7757970426771,0.0 -96.456254,33.776035,0.0 -96.45051,33.780588,0.0 -96.4486706614633,33.7809185586092,0.0 -96.448045,33.781031,0.0 -96.441206,33.780327,0.0 -96.436714,33.779329,0.0 -96.430214,33.778654,0.0 -96.422643,33.776041,0.0 -96.419961,33.773034,0.0 -96.419205722102,33.7717759381074,0.0 -96.417562,33.769038,0.0 -96.416146,33.766099,0.0 -96.413408,33.757714,0.0 -96.4118730854082,33.7556871295874,0.0 -96.408469,33.751192,0.0 -96.403507,33.746289,0.0 -96.384116,33.730141,0.0 -96.3794039922769,33.7258163072446,0.0 -96.36959,33.716809,0.0 -96.366945,33.711222,0.0 -96.363253,33.70105,0.0 -96.363135,33.694215,0.0 -96.362198,33.691818,0.0 -96.355946,33.687155,0.0 -96.348306,33.686379,0.0 -96.342665,33.686975,0.0 -96.338013,33.688728,0.0 -96.334932,33.69208,0.0 -96.331874,33.693449,0.0 -96.321103,33.6951,0.0 -96.31876,33.696753,0.0 -96.316925,33.698997,0.0 -96.309964,33.710489,0.0 -96.3083403378994,33.7157541221002,0.0 -96.3078409391777,33.7173735447901,0.0 -96.307035,33.719987,0.0 -96.306596,33.726786,0.0 -96.307389,33.735005,0.0 -96.3061,33.741002,0.0 -96.303009,33.750878,0.0 -96.301706,33.753756,0.0 -96.29653,33.765789,0.0 -96.293708,33.769409,0.0 -96.288254,33.771221,0.0 -96.277847,33.770477,0.0 -96.269896,33.768405,0.0 -96.267876,33.76777,0.0 -96.263593,33.767467,0.0 -96.257511,33.763948,0.0 -96.255565,33.762079,0.0 -96.248232,33.758986,0.0 -96.229023,33.748021,0.0 -96.220521,33.74739,0.0 -96.1999,33.752117,0.0 -96.1963803242589,33.7532399416533,0.0 -96.1963749095337,33.7532416692046,0.0 -96.186554,33.756375,0.0 -96.1862574503319,33.7565196268717,0.0 -96.178059,33.760518,0.0 -96.174633,33.763699,0.0 -96.169452,33.770131,0.0 -96.162757,33.788769,0.0 -96.161249,33.795715,0.0 -96.161114,33.805767,0.0 -96.159182,33.810184,0.0 -96.156355,33.813349,0.0 -96.161939,33.81317,0.0 -96.166991,33.811103,0.0 -96.168829,33.807658,0.0 -96.169748,33.804902,0.0 -96.168829,33.802605,0.0 -96.170373,33.799382,0.0 -96.17515,33.801951,0.0 -96.17734,33.805117,0.0 -96.178964,33.810553,0.0 -96.17589,33.814627,0.0 -96.164808,33.817797,0.0 -96.156656,33.818223,0.0 -96.150765,33.816987,0.0 -96.148792,33.819197,0.0 -96.15163,33.831946,0.0 -96.150147,33.835856,0.0 -96.14807,33.837799,0.0 -96.138905,33.839159,0.0 -96.122951,33.839964,0.0 -96.118169,33.837884,0.0 -96.109993,33.832396,0.0 -96.104075,33.83073,0.0 -96.09936,33.83047,0.0 -96.097448,33.832725,0.0 -96.097638,33.837935,0.0 -96.099153,33.842409,0.0 -96.100785,33.84423,0.0 -96.101349,33.845721,0.0 -96.101473,33.846709,0.0 -96.1001850746561,33.8478885078258,0.0 -96.100095,33.847971,0.0 -96.0951210947664,33.8475481746472,0.0 -96.084626,33.846656,0.0 -96.063924,33.841523,0.0 -96.0592032603593,33.8397258564128,0.0 -96.055358,33.838262,0.0 -96.048834,33.836468,0.0 -96.037191,33.841245,0.0 -96.031372,33.847249,0.0 -96.031158,33.852584,0.0 -96.029438,33.856348,0.0 -96.02694,33.856803,0.0 -96.023907,33.857067,0.0 -96.021168,33.855471,0.0 -96.019542,33.853497,0.0 -96.021783,33.846927,0.0 -96.023241,33.842479,0.0 -96.02139,33.841039,0.0 -96.019599,33.840566,0.0 -96.005296,33.845505,0.0 -96.00163,33.8477,0.0 -95.998351,33.851049,0.0 -95.997709,33.852182,0.0 -95.995857,33.855693,0.0 -95.995191,33.858135,0.0 -95.994525,33.861465,0.0 -95.998077,33.861687,0.0 -96.001336,33.863496,0.0 -96.002962,33.866794,0.0 -96.00444,33.869742,0.0 -96.003406,33.872344,0.0 -96.001186,33.872344,0.0 -95.998617,33.87223,0.0 -95.989191,33.86859,0.0 -95.984254,33.864403,0.0 -95.983735,33.861687,0.0 -95.983957,33.858579,0.0 -95.985511,33.855693,0.0 -95.9842807839486,33.8527308979177,0.0 -95.984253,33.852664,0.0 -95.972156,33.856371,0.0 -95.952652,33.858357,0.0 -95.944284,33.859811,0.0 -95.941267,33.861619,0.0 -95.936631,33.870615,0.0 -95.935325,33.875099,0.0 -95.933558,33.879449,0.0 -95.932448,33.883223,0.0 -95.9319804940729,33.8835107582378,0.0 -95.929561,33.885,0.0 -95.925787,33.885,0.0 -95.922712,33.883758,0.0 -95.918583,33.880838,0.0 -95.905828,33.874053,0.0 -95.894556,33.86741,0.0 -95.886688,33.864814,0.0 -95.883542,33.862715,0.0 -95.881292,33.860627,0.0 -95.8749,33.855915,0.0 -95.866907,33.851474,0.0 -95.860912,33.84992,0.0 -95.858808,33.850668,0.0 -95.855521,33.849258,0.0 -95.849367,33.842593,0.0 -95.8463781777365,33.8400397456755,0.0 -95.845243,33.83907,0.0 -95.840012,33.836486,0.0 -95.837516,33.83564,0.0 -95.831948,33.835161,0.0 -95.828245,33.836054,0.0 -95.822787,33.838756,0.0 -95.820784,33.840564,0.0 -95.819358,33.842785,0.0 -95.818976,33.844456,0.0 -95.819525,33.848439,0.0 -95.820677,33.850751,0.0 -95.821666,33.855443,0.0 -95.821666,33.856633,0.0 -95.817618,33.859023,0.0 -95.805149,33.861304,0.0 -95.800842,33.861212,0.0 -95.789867,33.857686,0.0 -95.787891,33.856336,0.0 -95.782395,33.85105,0.0 -95.779884,33.851331,0.0 -95.775902,33.847311,0.0 -95.770556,33.845269,0.0 -95.763586,33.846824,0.0 -95.757465,33.850039,0.0 -95.75373,33.853179,0.0 -95.751746,33.855557,0.0 -95.75129,33.858881,0.0 -95.751644,33.8611,0.0 -95.75321,33.863656,0.0 -95.756796,33.868228,0.0 -95.7614490359398,33.8731846176704,0.0 -95.762559,33.874367,0.0 -95.761916,33.883402,0.0 -95.756367,33.892625,0.0 -95.745905,33.896323,0.0 -95.73769,33.896545,0.0 -95.732961,33.895879,0.0 -95.7290757033093,33.8940061009969,0.0 -95.728449,33.893704,0.0 -95.718308,33.889662,0.0 -95.714089,33.885888,0.0 -95.710537,33.885,0.0 -95.697882,33.88611,0.0 -95.684831,33.890232,0.0 -95.676925,33.897237,0.0 -95.669978,33.905844,0.0 -95.665466,33.908978,0.0 -95.660138,33.910088,0.0 -95.656364,33.910088,0.0 -95.651701,33.9092,0.0 -95.649703,33.907424,0.0 -95.645262,33.906536,0.0 -95.640156,33.904982,0.0 -95.635938,33.905204,0.0 -95.632163,33.904982,0.0 -95.629055,33.90587,0.0 -95.626835,33.907868,0.0 -95.625947,33.91031,0.0 -95.625058,33.913196,0.0 -95.622394,33.918303,0.0 -95.619286,33.922743,0.0 -95.616422,33.927406,0.0 -95.611981,33.928738,0.0 -95.608207,33.928738,0.0 -95.603767,33.929182,0.0 -95.600695,33.931268,0.0 -95.59866,33.934066,0.0 -95.598524,33.938103,0.0 -95.5970477783238,33.9412393764507,0.0 -95.596662,33.942059,0.0 -95.593827,33.943031,0.0 -95.589557,33.941615,0.0 -95.586449,33.939395,0.0 -95.584369,33.936311,0.0 -95.580898,33.933844,0.0 -95.578012,33.933178,0.0 -95.573766,33.933525,0.0 -95.569353,33.933178,0.0 -95.563803,33.932956,0.0 -95.561007,33.931552,0.0 -95.557364,33.930514,0.0 -95.554478,33.928072,0.0 -95.553146,33.925408,0.0 -95.55248,33.922965,0.0 -95.55248,33.919857,0.0 -95.550481,33.915195,0.0 -95.548483,33.908534,0.0 -95.548039,33.901207,0.0 -95.548483,33.896767,0.0 -95.550925,33.892992,0.0 -95.550259,33.88833,0.0 -95.548325,33.882744,0.0 -95.545197,33.880294,0.0 -95.53979,33.879904,0.0 -95.533283,33.881162,0.0 -95.525322,33.885487,0.0 -95.5213340987801,33.8884425394457,0.0 -95.520138,33.889329,0.0 -95.514955,33.894735,0.0 -95.512732,33.896392,0.0 -95.510739,33.897877,0.0 -95.507556,33.897216,0.0 -95.505189,33.894991,0.0 -95.504944,33.889143,0.0 -95.504523,33.883668,0.0 -95.505633,33.877229,0.0 -95.5026354334394,33.8749896043748,0.0 -95.5025825052733,33.8749500632667,0.0 -95.502304,33.874742,0.0 -95.497418,33.874343,0.0 -95.492028,33.874822,0.0 -95.484541,33.875897,0.0 -95.478102,33.878561,0.0 -95.472552,33.880337,0.0 -95.469265,33.882511,0.0 -95.467609,33.884635,0.0 -95.466113,33.886554,0.0 -95.463785,33.887232,0.0 -95.461673,33.886998,0.0 -95.459452,33.886332,0.0 -95.459452,33.884112,0.0 -95.461229,33.882557,0.0 -95.464115,33.876119,0.0 -95.464211,33.873372,0.0 -95.462339,33.871678,0.0 -95.458564,33.871678,0.0 -95.453458,33.870346,0.0 -95.440928,33.866429,0.0 -95.427313,33.870446,0.0 -95.402055,33.864188,0.0 -95.392804,33.867108,0.0 -95.384639,33.868425,0.0 -95.375233,33.868243,0.0 -95.369628,33.866844,0.0 -95.3656395923795,33.866696488932,0.0 -95.362517,33.866581,0.0 -95.356541,33.869382,0.0 -95.343423,33.872542,0.0 -95.334854,33.876831,0.0 -95.331967,33.879749,0.0 -95.3319380081905,33.8798287240363,0.0 -95.32986,33.885543,0.0 -95.326436,33.88607,0.0 -95.322222,33.884753,0.0 -95.314428,33.881632,0.0 -95.310898,33.877642,0.0 -95.3104056193911,33.8773685301904,0.0 -95.30579,33.874805,0.0 -95.289302,33.873103,0.0 -95.280922,33.875403,0.0 -95.278767,33.877906,0.0 -95.278318,33.881677,0.0 -95.27794,33.887508,0.0 -95.280351,33.896751,0.0 -95.284298,33.899238,0.0 -95.285591,33.903357,0.0 -95.282981,33.907402,0.0 -95.278577,33.910191,0.0 -95.270674,33.91151,0.0 -95.266126,33.909773,0.0 -95.265227,33.905566,0.0 -95.265891,33.895378,0.0 -95.264019,33.889757,0.0 -95.260595,33.88765,0.0 -95.252694,33.894234,0.0 -95.249743,33.902755,0.0 -95.248273,33.92019,0.0 -95.250171,33.938497,0.0 -95.245847,33.943747,0.0 -95.239748,33.947543,0.0 -95.235707,33.948259,0.0 -95.232879,33.949736,0.0 -95.231644,33.953294,0.0 -95.230377,33.955768,0.0 -95.230637,33.959799,0.0 -95.229521,33.960451,0.0 -95.227574,33.960798,0.0 -95.226393,33.961954,0.0 -95.22401,33.962161,0.0 -95.220488,33.961997,0.0 -95.217633,33.962646,0.0 -95.214137,33.962142,0.0 -95.211908,33.961241,0.0 -95.206882,33.959088,0.0 -95.202615,33.956907,0.0 -95.19935,33.953973,0.0 -95.197029,33.953105,0.0 -95.189758,33.951361,0.0 -95.184968,33.949529,0.0 -95.182232,33.948941,0.0 -95.179686,33.948688,0.0 -95.174794,33.947457,0.0 -95.171154,33.946506,0.0 -95.167527,33.944738,0.0 -95.163392,33.940857,0.0 -95.158296,33.937526,0.0 -95.1558864704409,33.9368927541364,0.0 -95.154978,33.936654,0.0 -95.147909,33.935566,0.0 -95.140069,33.934782,0.0 -95.135953,33.93537,0.0 -95.131056,33.936925,0.0 -95.1247,33.934675,0.0 -95.121184,33.931307,0.0 -95.120862,33.928118,0.0 -95.122795,33.924696,0.0 -95.12733,33.920278,0.0 -95.131642,33.916027,0.0 -95.131249,33.912243,0.0 -95.126442,33.90708,0.0 -95.122038,33.904795,0.0 -95.117138,33.903619,0.0 -95.112575,33.904603,0.0 -95.104789,33.909595,0.0 -95.092668,33.912831,0.0 -95.089111,33.914203,0.0 -95.085975,33.916946,0.0 -95.083819,33.921062,0.0 -95.082387,33.921758,0.0 -95.07795,33.918696,0.0 -95.076372,33.915378,0.0 -95.078528,33.910283,0.0 -95.080488,33.907735,0.0 -95.086759,33.903815,0.0 -95.091636,33.902104,0.0 -95.096755,33.899699,0.0 -95.100168,33.896101,0.0 -95.098911,33.89088,0.0 -95.095833,33.88843,0.0 -95.0955800164211,33.8880245743835,0.0 -95.093815,33.885196,0.0 -95.089607,33.880857,0.0 -95.082408,33.879882,0.0 -95.080586,33.882256,0.0 -95.079834,33.887479,0.0 -95.079369,33.894626,0.0 -95.078822,33.903031,0.0 -95.077058,33.906559,0.0 -95.075098,33.908911,0.0 -95.074902,33.910479,0.0 -95.074052,33.915349,0.0 -95.068729,33.917601,0.0 -95.06569,33.915966,0.0 -95.063248,33.913262,0.0 -95.063338,33.910871,0.0 -95.0642611440143,33.9100967732213,0.0 -95.065923,33.908703,0.0 -95.070498,33.908402,0.0 -95.072158,33.905579,0.0 -95.072413,33.902699,0.0 -95.070198,33.902443,0.0 -95.065581,33.903559,0.0 -95.062554,33.903031,0.0 -95.060105,33.901873,0.0 -95.058243,33.887548,0.0 -95.050572,33.877497,0.0 -95.050821,33.86944,0.0 -95.049423,33.864813,0.0 -95.046568,33.862565,0.0 -95.037207,33.86025,0.0 -95.03144126158,33.8598478807179,0.0 -95.023944,33.859325,0.0 -95.01728,33.857953,0.0 -95.012353,33.858012,0.0 -95.007873,33.859521,0.0 -95.004737,33.861677,0.0 -95.001993,33.863049,0.0 -95.000223,33.862505,0.0 -94.997485,33.860501,0.0 -94.995524,33.857438,0.0 -94.992671,33.852455,0.0 -94.988487,33.851,0.0 -94.983303,33.851354,0.0 -94.98165,33.852284,0.0 -94.976208,33.859847,0.0 -94.973411,33.861731,0.0 -94.971435,33.862123,0.0 -94.968895,33.860916,0.0 -94.9684727933635,33.8591617433602,0.0 -94.965888,33.848422,0.0 -94.964401,33.837021,0.0 -94.957676,33.835004,0.0 -94.949481,33.833534,0.0 -94.943831,33.8293,0.0 -94.953518,33.816475,0.0 -94.947874,33.808356,0.0 -94.939992,33.805679,0.0 -94.929211,33.807754,0.0 -94.925215,33.808678,0.0 -94.923071,33.811357,0.0 -94.923099,33.815456,0.0 -94.924411,33.81886,0.0 -94.926287,33.822612,0.0 -94.926822,33.826631,0.0 -94.926072,33.828533,0.0 -94.921999,33.828775,0.0 -94.918599,33.82682,0.0 -94.914764,33.824487,0.0 -94.912085,33.820468,0.0 -94.910882,33.815915,0.0 -94.910209,33.812429,0.0 -94.912621,33.808678,0.0 -94.917029,33.808321,0.0 -94.91863,33.802944,0.0 -94.921667,33.795919,0.0 -94.921955,33.791599,0.0 -94.9217865330701,33.7914056791626,0.0 -94.917522,33.786512,0.0 -94.914496,33.78215,0.0 -94.911427,33.778383,0.0 -94.906243,33.77819,0.0 -94.904172,33.777198,0.0 -94.904198,33.773249,0.0 -94.897718,33.768839,0.0 -94.887748,33.769016,0.0 -94.883847,33.763243,0.0 -94.8778145626702,33.7584469535433,0.0 -94.876504,33.757405,0.0 -94.8748,33.757894,0.0 -94.873944,33.76057,0.0 -94.874571,33.762857,0.0 -94.87493,33.767432,0.0 -94.873837,33.770315,0.0 -94.871274,33.770323,0.0 -94.868144,33.768874,0.0 -94.866064,33.766156,0.0 -94.866736,33.76183,0.0 -94.86914,33.759045,0.0 -94.875376,33.75492,0.0 -94.87708,33.75222,0.0 -94.874668,33.749164,0.0 -94.8693,33.745871,0.0 -94.860687,33.741945,0.0 -94.849296,33.739585,0.0 -94.842574,33.739445,0.0 -94.830717,33.7405,0.0 -94.828037,33.73916,0.0 -94.828321,33.734947,0.0 -94.822473,33.732716,0.0 -94.820089,33.734826,0.0 -94.823042,33.747525,0.0 -94.830844,33.758079,0.0 -94.83009,33.763661,0.0 -94.825294,33.768525,0.0 -94.821783,33.768752,0.0 -94.818574,33.767704,0.0 -94.816158,33.763403,0.0 -94.816663,33.755265,0.0 -94.814282,33.7519,0.0 -94.812155,33.750936,0.0 -94.812912,33.745447,0.0 -94.816208,33.741931,0.0 -94.816065,33.739215,0.0 -94.811101,33.734825,0.0 -94.802252,33.732788,0.0 -94.795844,33.737588,0.0 -94.786762,33.741532,0.0 -94.780966,33.744804,0.0 -94.778202,33.749739,0.0 -94.777841,33.753006,0.0 -94.7760174461645,33.756198781544,0.0 -94.774923,33.758115,0.0 -94.770499,33.760942,0.0 -94.76444,33.760178,0.0 -94.760058,33.758291,0.0 -94.757205,33.754818,0.0 -94.757813,33.750109,0.0 -94.761751,33.746795,0.0 -94.769435,33.746265,0.0 -94.773819,33.746512,0.0 -94.777393,33.745196,0.0 -94.788251,33.735316,0.0 -94.782636,33.730247,0.0 -94.773126,33.727187,0.0 -94.760604,33.727054,0.0 -94.7547364038521,33.7330425775117,0.0 -94.754396,33.73339,0.0 -94.752512,33.734468,0.0 -94.751371,33.733727,0.0 -94.747998,33.725539,0.0 -94.748236,33.724712,0.0 -94.757313,33.718168,0.0 -94.757611,33.717164,0.0 -94.755905,33.715073,0.0 -94.752129,33.713835,0.0 -94.747149,33.715293,0.0 -94.745108,33.717908,0.0 -94.744805,33.722189,0.0 -94.743976,33.725001,0.0 -94.741775,33.72687,0.0 -94.738251,33.727168,0.0 -94.735178,33.726616,0.0 -94.73263,33.723917,0.0 -94.732786,33.720035,0.0 -94.738572,33.714501,0.0 -94.747564,33.711682,0.0 -94.75327,33.710277,0.0 -94.753801,33.707729,0.0 -94.752023,33.704939,0.0 -94.746096,33.7027682201853,0.0 -94.741877,33.701223,0.0 -94.735856,33.691625,0.0 -94.725593,33.690459,0.0 -94.720742,33.689056,0.0 -94.719814,33.689739,0.0 -94.716594,33.695164,0.0 -94.717788,33.701846,0.0 -94.721447,33.704559,0.0 -94.72695,33.705247,0.0 -94.731306,33.707081,0.0 -94.73309,33.710147,0.0 -94.734831,33.713924,0.0 -94.732309,33.715987,0.0 -94.727867,33.715565,0.0 -94.711359,33.708916,0.0 -94.706024,33.706293,0.0 -94.701729,33.703413,0.0 -94.701055,33.700053,0.0 -94.702187,33.697452,0.0 -94.706336,33.696726,0.0 -94.712845,33.697551,0.0 -94.713935,33.696835,0.0 -94.714344,33.694074,0.0 -94.717344,33.688994,0.0 -94.716188,33.687902,0.0 -94.712067,33.687935,0.0 -94.705449,33.688038,0.0 -94.684792,33.684353,0.0 -94.677883,33.687822,0.0 -94.671773,33.693307,0.0 -94.667852,33.694607,0.0 -94.661701,33.693136,0.0 -94.652995,33.687224,0.0 -94.650961,33.686558,0.0 -94.649007,33.68735,0.0 -94.647241,33.692654,0.0 -94.648641,33.697988,0.0 -94.647389,33.70112,0.0 -94.644322,33.701666,0.0 -94.639003,33.697681,0.0 -94.638646,33.695804,0.0 -94.643132,33.690323,0.0 -94.64547,33.685344,0.0 -94.648902,33.684024,0.0 -94.648478,33.682125,0.0 -94.645579,33.6755,0.0 -94.645535,33.673531,0.0 -94.651296,33.670419,0.0 -94.653996,33.671147,0.0 -94.657916,33.674186,0.0 -94.661806,33.675133,0.0 -94.668848,33.671878,0.0 -94.671048,33.668388,0.0 -94.669311,33.664362,0.0 -94.663195,33.661084,0.0 -94.655891,33.660166,0.0 -94.637996,33.664578,0.0 -94.635573,33.667527,0.0 -94.630919,33.673442,0.0 -94.63045,33.677123,0.0 -94.628191,33.681073,0.0 -94.622379,33.682428,0.0 -94.617625,33.681242,0.0 -94.613317,33.67567,0.0 -94.6128302526765,33.6740011087097,0.0 -94.611712,33.670167,0.0 -94.607683,33.665569,0.0 -94.602999,33.663059,0.0 -94.59797,33.663381,0.0 -94.59312,33.665429,0.0 -94.591435,33.668914,0.0 -94.591953,33.672863,0.0 -94.590027,33.67585,0.0 -94.59314,33.683236,0.0 -94.590544,33.686222,0.0 -94.587072,33.68582,0.0 -94.582997,33.681167,0.0 -94.580292,33.678819,0.0 -94.579864,33.666167,0.0 -94.577876,33.665682,0.0 -94.569065,33.668562,0.0 -94.562166,33.668965,0.0 -94.560339,33.666591,0.0 -94.563251,33.662684,0.0 -94.57557,33.659409,0.0 -94.586986,33.65018,0.0 -94.59083,33.645563,0.0 -94.588632,33.644183,0.0 -94.583273,33.643793,0.0 -94.577838,33.645557,0.0 -94.570566,33.652226,0.0 -94.560198,33.656967,0.0 -94.549636,33.660676,0.0 -94.546366,33.659161,0.0 -94.543332,33.655686,0.0 -94.542593,33.651411,0.0 -94.545436,33.646228,0.0 -94.559042,33.641971,0.0 -94.568386,33.637203,0.0 -94.570447,33.629947,0.0 -94.569523,33.627832,0.0 -94.564076,33.626265,0.0 -94.555747,33.62709,0.0 -94.551405,33.628491,0.0 -94.541095,33.636529,0.0 -94.534818,33.639277,0.0 -94.527491,33.641344,0.0 -94.521837,33.640728,0.0 -94.519133,33.638298,0.0 -94.518932,33.637164,0.0 -94.524573,33.632609,0.0 -94.531992,33.627833,0.0 -94.535065,33.625115,0.0 -94.535169,33.621919,0.0 -94.531871,33.618648,0.0 -94.527376,33.615833,0.0 -94.523004,33.616077,0.0 -94.519838,33.618077,0.0 -94.518057,33.622978,0.0 -94.520245,33.629805,0.0 -94.51726,33.632729,0.0 -94.511514,33.623105,0.0 -94.504615,33.620682,0.0 -94.497801,33.624013,0.0 -94.491503,33.625115,0.0 -94.487514,33.628939,0.0 -94.488434,33.632367,0.0 -94.491109,33.636233,0.0 -94.485875,33.637867,0.0 -94.485577,33.65331,0.0 -94.485528,33.663388,0.0 -94.48452,33.687909,0.0 -94.484616,33.691592,0.0 -94.48384,33.711332,0.0 -94.483874,33.716733,0.0 -94.4836528495159,33.7241849342885,0.0 -94.483574094426,33.7268386827408,0.0 -94.4833025467398,33.735988811995,0.0 -94.4833022351874,33.7359993101336,0.0 -94.48287,33.750564,0.0 -94.482862,33.75078,0.0 -94.4828532911324,33.7510728228643,0.0 -94.482777,33.753638,0.0 -94.482682,33.756286,0.0 -94.4824593259722,33.7649602137344,0.0 -94.481842,33.789008,0.0 -94.4818414166684,33.7890210927706,0.0 -94.481543,33.795719,0.0 -94.4815346322382,33.7960376186244,0.0 -94.481361,33.802649,0.0 -94.481355,33.802887,0.0 -94.4807750925827,33.8231421785369,0.0 -94.480574,33.830166,0.0 -94.479954,33.85133,0.0 -94.47978111686,33.8567086466061,0.0 -94.478994,33.881197,0.0 -94.478842,33.881485,0.0 -94.477387,33.937759,0.0 -94.4773197138202,33.9408589841988,0.0 -94.4773177317554,33.9409503011619,0.0 -94.477038,33.953838,0.0 -94.476957,33.957365,0.0 -94.4750193436354,34.0158987608879,0.0 -94.474895,34.019655,0.0 -94.474896,34.021838,0.0 -94.474896,34.021877,0.0 -94.4738659911863,34.0594617928208,0.0 -94.4726734005021,34.102979161983,0.0 -94.4711327575236,34.1591968820544,0.0 -94.4702836220645,34.1901816463447,0.0 -94.4686660864144,34.2492051629228,0.0 -94.4664318657452,34.3307313788693,0.0 -94.465847,34.352073,0.0 -94.4654374209984,34.3593279834998,0.0 -94.465425,34.359548,0.0 -94.4648940685785,34.3778968028879,0.0 -94.464176,34.402713,0.0 -94.463816,34.414465,0.0 -94.463671,34.419585,0.0 -94.4636642212177,34.4198211876128,0.0 -94.4632950100883,34.4326853114694,0.0 -94.4628707066503,34.4474689719384,0.0 -94.4624269636125,34.4629299506126,0.0 -94.461149,34.507457,0.0 -94.4610827807396,34.5097517310505,0.0 -94.460363325772,34.534683384543,0.0 -94.460058,34.545264,0.0 -94.460052,34.547869,0.0 -94.4586993561652,34.5940221405,0.0 -94.4575,34.634945,0.0 -94.45753,34.642961,0.0 -94.4575117588871,34.6434920896136,0.0 -94.4562642038509,34.6798146279936,0.0 -94.4562563395033,34.6800435983062,0.0 -94.4562041041542,34.6815644293862,0.0 -94.4560193410089,34.6869438044374,0.0 -94.4557938240506,34.6935097258868,0.0 -94.4553402653971,34.7067150764506,0.0 -94.4547469400015,34.723989732741,0.0 -94.4545765776714,34.7289498283625,0.0 -94.4533001508935,34.766112966887,0.0 -94.4511884490086,34.8275951224108,0.0 -94.451081948725,34.8306958759053,0.0 -94.4507578062899,34.8401332760176,0.0 -94.4503230102843,34.8527923524853,0.0 -94.450233,34.855413,0.0 -94.45014,34.858694,0.0 -94.450065,34.861335,0.0 -94.44963,34.875253,0.0 -94.4496260315601,34.8753591696434,0.0 -94.4491082159722,34.8892125471621,0.0 -94.449058,34.890556,0.0 -94.449086,34.894152,0.0 -94.449253,34.895869,0.0 -94.4478837250623,34.9340835669104,0.0 -94.4476029001944,34.941921,0.0 -94.4463019423841,34.9782289305087,0.0 -94.4455986087128,34.9978579990775,0.0 -94.4454691933468,35.0014698026883,0.0 -94.4444947678289,35.0286646691999,0.0 -94.4432827507,35.0624903884852,0.0 -94.4426479196819,35.0802076428869,0.0 -94.4415374478223,35.1111993743583,0.0 -94.4415373136765,35.1112031181818,0.0 -94.441232,35.119724,0.0 -94.440754,35.128806,0.0 -94.439717441608,35.1634420304557,0.0 -94.4397173405717,35.1634454065285,0.0 -94.43955,35.169037,0.0 -94.439509,35.171807,0.0 -94.4389249638177,35.1856438880409,0.0 -94.43886,35.187183,0.0 -94.439056,35.193588,0.0 -94.439084,35.197298,0.0 -94.4388323943956,35.2019240190031,0.0 -94.43847,35.208587,0.0 -94.438247,35.210992,0.0 -94.4378954790434,35.2214714229583,0.0 -94.437832901149,35.2233369738201,0.0 -94.437578,35.230936,0.0 -94.437774,35.239271,0.0 -94.4377613407812,35.2394603069918,0.0 -94.437578,35.242202,0.0 -94.4374650725653,35.2431086361292,0.0 -94.4370118276822,35.2467475055261,0.0 -94.436595,35.250094,0.0 -94.4362979446268,35.258139154845,0.0 -94.435812,35.2713,0.0 -94.435793020746,35.2718312400612,0.0 -94.435706,35.274267,0.0 -94.4354761037734,35.2752254904214,0.0 -94.435316,35.275893,0.0 -94.4353071098533,35.2787556272262,0.0 -94.4353022862065,35.280308841525,0.0 -94.43528,35.287485,0.0 -94.43517,35.291494,0.0 -94.4351390099158,35.2919345879366,0.0 -94.4344325938489,35.3019777486835,0.0 -94.434115,35.306493,0.0 -94.4340213312718,35.3093518497298,0.0 -94.4339209412965,35.3124158376704,0.0 -94.4338686837462,35.3140107828189,0.0 -94.4338618685357,35.3142187888734,0.0 -94.4337576680391,35.3173990771846,0.0 -94.4336738039734,35.3199586802259,0.0 -94.4333946476263,35.3284787707881,0.0 -94.4330362300113,35.3394179830659,0.0 -94.4328059644109,35.3464458862082,0.0 -94.4326195725702,35.3521347246674,0.0 -94.4325648003149,35.3538064207623,0.0 -94.432245,35.363567,0.0 -94.4330203146629,35.3656608830632,0.0 -94.433117,35.365922,0.0 -94.431596,35.369538,0.0 -94.433415,35.376291,0.0 -94.433091,35.378296,0.0 -94.43559,35.386122,0.0 -94.4314575536191,35.391451916639,0.0 -94.430662,35.392478,0.0 -94.430840561531,35.393455904411,0.0 -94.4356009830589,35.4195266777895,0.0 -94.43894546638,35.4378429689462,0.0 -94.4411434410877,35.4498803274367,0.0 -94.4411931979068,35.4501528240523,0.0 -94.4412280132363,35.4503434925802,0.0 -94.4414483033739,35.4515499265527,0.0 -94.4432631734887,35.4614891865947,0.0 -94.449696,35.496719,0.0 -94.449896095392,35.4979813989198,0.0 -94.4522344123109,35.512733806373,0.0 -94.4547183519755,35.5284049456122,0.0 -94.4565848485739,35.5401806455211,0.0 -94.4600015957716,35.5617368539277,0.0 -94.4628980373272,35.5800104616019,0.0 -94.463318,35.58266,0.0 -94.464097,35.587265,0.0 -94.4642121588794,35.5877908922162,0.0 -94.464457,35.588909,0.0 -94.465272,35.594037,0.0 -94.466196543767,35.5996179849439,0.0 -94.472647,35.638556,0.0 -94.482467889927,35.6961421272993,0.0 -94.4827901857518,35.6980319528175,0.0 -94.4842849384655,35.7067966391843,0.0 -94.484290897927,35.7068315832993,0.0 -94.487585,35.726147,0.0 -94.48821,35.72924,0.0 -94.4929444807692,35.7592458746266,0.0 -94.493362,35.761892,0.0 -94.494549,35.768303,0.0 -94.4969010859034,35.781463904153,0.0 -94.4988745559854,35.7925062944671,0.0 -94.499045,35.79346,0.0 -94.499647,35.79691,0.0 -94.500526,35.802642,0.0 -94.5005730968878,35.8028751098062,0.0 -94.500764,35.80382,0.0 -94.501162,35.80643,0.0 -94.5014072135405,35.8078596387055,0.0 -94.503011,35.81721,0.0 -94.504438,35.826369,0.0 -94.505642,35.833628,0.0 -94.5074064046839,35.8445151486605,0.0 -94.507631,35.845901,0.0 -94.5173768949372,35.900773133819,0.0 -94.517571,35.901866,0.0 -94.5182312922163,35.9060694407576,0.0 -94.5182645152154,35.9062809394019,0.0 -94.5222486385274,35.9316439921507,0.0 -94.522658,35.93425,0.0 -94.522658,35.934799,0.0 -94.522634,35.934892,0.0 -94.52291,35.936127,0.0 -94.524344,35.94405,0.0 -94.52464,35.945727,0.0 -94.528162,35.965665,0.0 -94.528305,35.966054,0.0 -94.528327413129,35.9661837295236,0.0 -94.5320470706678,35.9877134945346,0.0 -94.532061349361,35.9877961410969,0.0 -94.5320670297716,35.9878290199046,0.0 -94.532071,35.987852,0.0 -94.5320909497439,35.9879653905444,0.0 -94.533646,35.996804,0.0 -94.5336729618048,35.9969353214272,0.0 -94.534852,36.002678,0.0 -94.5351632586096,36.0045087860192,0.0 -94.5352129388301,36.0048009991507,0.0 -94.535724,36.007807,0.0 -94.5373035799916,36.0169575249384,0.0 -94.5373052130243,36.0169669851155,0.0 -94.5432555854101,36.0514375603309,0.0 -94.5432560772227,36.0514404094066,0.0 -94.547715,36.077271,0.0 -94.547871,36.078281,0.0 -94.5498705372997,36.089385546359,0.0 -94.5521649859981,36.1021279002748,0.0 -94.5572280270755,36.1302457925349,0.0 -94.5595093429662,36.142915212641,0.0 -94.5596915051255,36.1439268607574,0.0 -94.561165,36.15211,0.0 -94.562803,36.161749,0.0 -94.5628276914512,36.1618934952038,0.0 -94.5637647229573,36.1673770351184,0.0 -94.5653132454486,36.1764390408616,0.0 -94.565655,36.178439,0.0 -94.5661775595238,36.1814270547262,0.0 -94.566588,36.183774,0.0 -94.567160656394,36.187104,0.0 -94.5678088060604,36.1908729937836,0.0 -94.5680666816587,36.19237254177,0.0 -94.5692910067671,36.1994919988363,0.0 -94.571253,36.210901,0.0 -94.5712670678049,36.2109734250281,0.0 -94.571806,36.213748,0.0 -94.5737612373227,36.226018643499,0.0 -94.574395,36.229996,0.0 -94.57488,36.232741,0.0 -94.575071,36.233682,0.0 -94.576003,36.24007,0.0 -94.577899,36.249548,0.0 -94.577883,36.25008,0.0 -94.5810876072279,36.2693026343628,0.0 -94.5825881113666,36.2783033138119,0.0 -94.5847308972076,36.2911566795471,0.0 -94.5859324183216,36.2983639281769,0.0 -94.5862,36.299969,0.0 -94.5913192812009,36.3325276853428,0.0 -94.5916863182051,36.3348620447691,0.0 -94.5931029431401,36.3438717951024,0.0 -94.593397,36.345742,0.0 -94.599723,36.387587,0.0 -94.6005140218853,36.3926714409814,0.0 -94.6008144214039,36.3946023150214,0.0 -94.601984,36.40212,0.0 -94.6024647937519,36.4044998914511,0.0 -94.602623,36.405283,0.0 -94.6040184314189,36.4136335421999,0.0 -94.605408,36.421949,0.0 -94.611609,36.461528,0.0 -94.612686104975,36.468666669623,0.0 -94.61383,36.476248,0.0 -94.615311,36.484992,0.0 -94.6177220302144,36.4983247752114,0.0 -94.617919,36.499414,0.0 -94.617918681554,36.4995321662255,0.0 -94.6178997995452,36.506538740172,0.0 -94.6178971439618,36.5075241513023,0.0 -94.6178943897588,36.5085461573545,0.0 -94.617877,36.514999,0.0 -94.617883,36.517799,0.0 -94.6179945953513,36.5339323595128,0.0 -94.617997,36.53428,0.0 -94.617868,36.53609,0.0 -94.6178694098761,36.5361334144609,0.0 -94.617897,36.536983,0.0 -94.6178756702379,36.5474548852642,0.0 -94.617814,36.577732,0.0 -94.6178246473891,36.5835711374019,0.0 -94.6178509614003,36.5980020110111,0.0 -94.617853,36.59912,0.0 -94.6178649770366,36.6068362058566,0.0 -94.617865,36.606851,0.0 -94.617815,36.612604,0.0 -94.617859761994,36.6247165955664,0.0 -94.617859864902,36.62474444248,0.0 -94.6178624381614,36.6254407664784,0.0 -94.6180194242896,36.6679212127705,0.0 -94.6180195161587,36.6679460725462,0.0 -94.618025,36.66943,0.0 -94.61813,36.701423,0.0 -94.6181494527718,36.7085817299202,0.0 -94.6181714627047,36.7166815095954,0.0 -94.6182161130955,36.7331131056693,0.0 -94.6182804305353,36.7567822868691,0.0 -94.618307,36.76656,0.0 -94.6183113127372,36.771331187038,0.0 -94.6183570081378,36.8218840714017,0.0 -94.6183593608661,36.824486897881,0.0 -94.6183594243048,36.8245570802282,0.0 -94.6183677591808,36.8337779649651,0.0 -94.6183767694196,36.8437460045089,0.0 -94.61838,36.84732,0.0 -94.6185591311002,36.8684188084398,0.0 -94.6185617374467,36.8687257948018,0.0 -94.6185632491531,36.8689038498881,0.0 -94.6185632706081,36.8689063769445,0.0 -94.6186573555193,36.8799880903727,0.0 -94.618658,36.880064,0.0 -94.6183258141771,36.8936419954538,0.0 -94.618243,36.897027,0.0 -94.6182431417668,36.8970795082361,0.0 -94.618282,36.911472,0.0 -94.6182388566404,36.9199649141566,0.0 -94.6182075266432,36.9261323285355,0.0 -94.618207,36.926236,0.0 -94.618295,36.929647,0.0 -94.618166,36.937584,0.0 -94.618109,36.946564,0.0 -94.618026,36.950158,0.0 -94.6180265754327,36.9552846450416,0.0 -94.618031,36.994704,0.0 -94.6180452921031,36.995898184609,0.0 -94.618045313212,36.9958999483791,0.0 -94.618049,36.996208,0.0 -94.617964,36.998905,0.0 -94.625224,36.998672,0.0 -94.699735,36.998805,0.0 -94.701797,36.998814,0.0 -94.7112698230604,36.9987967343059,0.0 -94.71277,36.998794,0.0 -94.7224195869069,36.9987430109077,0.0 -94.731507,36.9986949923811,0.0 -94.737183,36.998665,0.0 -94.739324,36.998687,0.0 -94.7406979566896,36.9986897889875,0.0 -94.7449870812319,36.9986984954592,0.0 -94.7496806255393,36.9987080228605,0.0 -94.7770423004622,36.9987635641825,0.0 -94.777257,36.998764,0.0 -94.8089699358697,36.9987921772749,0.0 -94.83128,36.998812,0.0 -94.8315429216352,36.9988125723983,0.0 -94.840926,36.998833,0.0 -94.8443678174579,36.998849675848,0.0 -94.849801,36.998876,0.0 -94.853197,36.998874,0.0 -94.8668896445243,36.9989371170629,0.0 -94.9043821552165,36.9991099410305,0.0 -94.9406118246384,36.9992769438558,0.0 -94.995293,36.999529,0.0 -95.00762,36.999514,0.0 -95.011433,36.999535,0.0 -95.030324,36.999517,0.0 -95.0349534669929,36.9995047088358,0.0 -95.037857,36.999497,0.0 -95.049499,36.99958,0.0 -95.073509,36.999509,0.0 -95.1404610155766,36.9995335912053,0.0 -95.155187,36.999539,0.0 -95.155372,36.99954,0.0 -95.1589689477582,36.9995367194603,0.0 -95.177301,36.99952,0.0 -95.195307,36.999565,0.0 -95.267875873056,36.9994469582523,0.0 -95.2860798086243,36.999417347425,0.0 -95.322565,36.999358,0.0 -95.328058,36.999365,0.0 -95.328327,36.999366,0.0 -95.33121,36.99938,0.0 -95.3772578842198,36.9992963017548,0.0 -95.407683,36.999241,0.0 -95.4077330426944,36.99924099711,0.0 -95.511578,36.999235,0.0 -95.5224149880945,36.9992810582678,0.0 -95.534401,36.999332,0.0 -95.573598,36.99931,0.0 -95.5889899910403,36.9993143929195,0.0 -95.601517061574,36.9993179681822,0.0 -95.61214,36.999321,0.0 -95.6157410865682,36.999362762733,0.0 -95.615934,36.999365,0.0 -95.6210117300348,36.9993619832878,0.0 -95.62435,36.99936,0.0 -95.6287496081096,36.9993292818425,0.0 -95.630079,36.99932,0.0 -95.6379840038302,36.9993204619837,0.0 -95.6423696517221,36.9993207182895,0.0 -95.6604199997795,36.9993217731868,0.0 -95.664301,36.999322,0.0 -95.6740419235188,36.9993338732759,0.0 -95.686452,36.999349,0.0 -95.696659,36.999215,0.0 -95.71038,36.999371,0.0 -95.7105065437006,36.9993684169025,0.0 -95.714887,36.999279,0.0 -95.718054,36.999255,0.0 -95.741908,36.999244,0.0 -95.7464701516561,36.9992508443682,0.0 -95.754790411229,36.999263326838,0.0 -95.759905,36.999271,0.0 -95.768719,36.999205,0.0 -95.786762,36.99931,0.0 -95.80798,36.999124,0.0 -95.8193660360989,36.999150475109,0.0 -95.866899,36.999261,0.0 -95.873882523589,36.9992996596764,0.0 -95.873944,36.9993,0.0 -95.875257,36.999302,0.0 -95.877151,36.999304,0.0 -95.91018,36.999336,0.0 -95.928122,36.999245,0.0 -95.936992,36.999268,0.0 -95.9642699335572,36.9990936072442,0.0 -96.00081,36.99886,0.0 -96.000765,36.868687,0.0 -96.000766,36.867617,0.0 -96.000758,36.85868,0.0 -96.000746,36.839817,0.0 -96.000718,36.825377,0.0 -96.000678,36.786066,0.0 -96.0007,36.781818,0.0 -96.000691,36.780106,0.0 -96.000693,36.774232,0.0 -96.000694,36.772438,0.0 -96.000656,36.76731,0.0 -96.000688,36.758859,0.0 -96.000641,36.752283,0.0 -96.000649,36.748666,0.0 -96.000654,36.737328,0.0 -96.000667,36.725263,0.0 -96.000676,36.713387,0.0 -96.000636,36.676244,0.0 -96.000729,36.65071,0.0 -96.000728,36.641069,0.0 -96.000748,36.59782,0.0 -96.000823,36.597676,0.0 -96.000864,36.580382,0.0 -96.000956,36.535301,0.0 -96.001038,36.495972,0.0 -96.001093,36.466866,0.0 -96.001126,36.448397,0.0 -96.001145,36.439763,0.0 -96.001171,36.423686,0.0 -95.938015,36.4237,0.0 -95.937772,36.423697,0.0 -95.920983,36.423702,0.0 -95.920636,36.423702,0.0 -95.920323,36.423703,0.0 -95.866236,36.423752,0.0 -95.852605,36.423641,0.0 -95.830333,36.423515,0.0 -95.830143,36.423516,0.0 -95.814309,36.423485,0.0 -95.812342,36.42358,0.0 -95.79437,36.42358,0.0 -95.79425,36.39577,0.0 -95.79425,36.394505,0.0 -95.811076,36.394569,0.0 -95.812256,36.394575,0.0 -95.81218,36.39417,0.0 -95.812178,36.380116,0.0 -95.812176,36.380007,0.0 -95.812176,36.379986,0.0 -95.812179,36.378288,0.0 -95.812188,36.365654,0.0 -95.812176,36.365543,0.0 -95.812176,36.365486,0.0 -95.812205,36.359246,0.0 -95.81227,36.35833,0.0 -95.81225,36.35655,0.0 -95.81221,36.35101,0.0 -95.812256,36.336709,0.0 -95.812246,36.336642,0.0 -95.81222,36.33652,0.0 -95.81222,36.33628,0.0 -95.81221,36.325684,0.0 -95.812216,36.323926,0.0 -95.8122,36.32205,0.0 -95.809981,36.32205,0.0 -95.79419,36.32195,0.0 -95.776506,36.321872,0.0 -95.77627,36.32187,0.0 -95.776126,36.321869,0.0 -95.74026,36.32198,0.0 -95.7403,36.31293,0.0 -95.75161,36.31284,0.0 -95.7518,36.3101,0.0 -95.75842,36.31008,0.0 -95.75842,36.31098,0.0 -95.776146,36.31106,0.0 -95.776151,36.307436,0.0 -95.776174,36.292958,0.0 -95.776073,36.263982,0.0 -95.7586,36.26398,0.0 -95.75834,36.26326,0.0 -95.75836,36.258523,0.0 -95.75838,36.249731,0.0 -95.75838,36.24949,0.0 -95.75838,36.246078,0.0 -95.758382,36.245889,0.0 -95.75841,36.24304,0.0 -95.76052,36.23977,0.0 -95.76004,36.23516,0.0 -95.76004,36.23496,0.0 -95.76002,36.23251,0.0 -95.7598,36.232565,0.0 -95.759814,36.229897,0.0 -95.759824,36.21372,0.0 -95.759448,36.210811,0.0 -95.758762,36.207838,0.0 -95.758384,36.205968,0.0 -95.740852,36.20598,0.0 -95.740983,36.205734,0.0 -95.735457,36.205613,0.0 -95.734863,36.205337,0.0 -95.73443,36.206798,0.0 -95.732073,36.208123,0.0 -95.730885,36.210145,0.0 -95.72615,36.209574,0.0 -95.725832,36.206658,0.0 -95.7264,36.20416,0.0 -95.72643,36.200491,0.0 -95.723905,36.20049,0.0 -95.723901,36.196356,0.0 -95.726023,36.196365,0.0 -95.725987,36.190916,0.0 -95.72642,36.188412,0.0 -95.72642,36.17694,0.0 -95.72641,36.16263,0.0 -95.71306,36.16223,0.0 -95.708226,36.162239,0.0 -95.708224,36.1619,0.0 -95.69963,36.1624,0.0 -95.690459,36.16239,0.0 -95.672684,36.162333,0.0 -95.63685,36.16245,0.0 -95.619832,36.162694,0.0 -95.619185,36.162602,0.0 -95.618551,36.162508,0.0 -95.61852,36.162512,0.0 -95.617936,36.150331,0.0 -95.617482,36.148472,0.0 -95.616244,36.14662,0.0 -95.610589,36.142193,0.0 -95.609846,36.141207,0.0 -95.606416,36.134989,0.0 -95.604696,36.13346,0.0 -95.594862,36.129431,0.0 -95.593099,36.129668,0.0 -95.592341,36.132319,0.0 -95.593512,36.135706,0.0 -95.592791,36.13705,0.0 -95.591423,36.137067,0.0 -95.589006,36.136221,0.0 -95.587241,36.134079,0.0 -95.580709,36.134349,0.0 -95.576191,36.133565,0.0 -95.573602,36.131267,0.0 -95.571303,36.130226,0.0 -95.568316,36.130125,0.0 -95.567844,36.129378,0.0 -95.570016,36.120284,0.0 -95.570669,36.113764,0.0 -95.570265,36.110725,0.0 -95.568309,36.107401,0.0 -95.561515,36.099176,0.0 -95.558132,36.096589,0.0 -95.552587,36.091486,0.0 -95.556628,36.082447,0.0 -95.558309,36.081986,0.0 -95.562677,36.084263,0.0 -95.564279,36.084583,0.0 -95.570967,36.082242,0.0 -95.574753,36.082464,0.0 -95.576734,36.083765,0.0 -95.578436,36.084091,0.0 -95.579903,36.082991,0.0 -95.579377,36.080316,0.0 -95.577519,36.078433,0.0 -95.571525,36.075282,0.0 -95.567556,36.072826,0.0 -95.562219,36.071444,0.0 -95.55762,36.069452,0.0 -95.551091,36.065793,0.0 -95.547001,36.064592,0.0 -95.543051,36.062126,0.0 -95.542138,36.059863,0.0 -95.540813,36.058209,0.0 -95.53898,36.057292,0.0 -95.537868,36.058515,0.0 -95.537659,36.058347,0.0 -95.537383,36.057302,0.0 -95.535618,36.057143,0.0 -95.529167,36.053693,0.0 -95.527638,36.052972,0.0 -95.526914,36.052406,0.0 -95.52519,36.050686,0.0 -95.524494,36.049654,0.0 -95.523947,36.048434,0.0 -95.523589,36.046074,0.0 -95.523401,36.042991,0.0 -95.52418,36.040025,0.0 -95.525392,36.03735,0.0 -95.530528,36.030409,0.0 -95.532592,36.025615,0.0 -95.542313,36.006997,0.0 -95.544719,36.006118,0.0 -95.549168,36.005218,0.0 -95.552541,36.002066,0.0 -95.553746,36.000141,0.0 -95.554791,35.999064,0.0 -95.557746,35.997999,0.0 -95.560237,35.995076,0.0 -95.560487,35.992994,0.0 -95.560304,35.990709,0.0 -95.561169,35.989325,0.0 -95.563825,35.986991,0.0 -95.563332,35.984953,0.0 -95.561852,35.983514,0.0 -95.558919,35.982992,0.0 -95.557411,35.982031,0.0 -95.557499,35.980828,0.0 -95.560189,35.977818,0.0 -95.561783,35.973413,0.0 -95.564756,35.971139,0.0 -95.565756,35.96948,0.0 -95.564577,35.966978,0.0 -95.564752,35.96758,0.0 -95.562441,35.966967,0.0 -95.557682,35.969024,0.0 -95.556016,35.970471,0.0 -95.552049,35.972877,0.0 -95.550158,35.973678,0.0 -95.543625,35.974558,0.0 -95.53755,35.976448,0.0 -95.535868,35.976096,0.0 -95.535477,35.974128,0.0 -95.536668,35.971958,0.0 -95.536974,35.970061,0.0 -95.536084,35.967674,0.0 -95.532325,35.966266,0.0 -95.530553,35.965009,0.0 -95.529303,35.961581,0.0 -95.527344,35.959907,0.0 -95.525405,35.959162,0.0 -95.52052,35.958378,0.0 -95.515394,35.956648,0.0 -95.512412,35.956147,0.0 -95.509485,35.95628,0.0 -95.505743,35.956912,0.0 -95.502607,35.957096,0.0 -95.495756,35.956835,0.0 -95.494993,35.956989,0.0 -95.494256,35.955759,0.0 -95.495181,35.955511,0.0 -95.493341,35.951009,0.0 -95.491997,35.946066,0.0 -95.491614,35.945044,0.0 -95.488514,35.926233,0.0 -95.481069,35.91006,0.0 -95.47949,35.906973,0.0 -95.478681,35.906656,0.0 -95.477308,35.904605,0.0 -95.475563,35.903894,0.0 -95.470594,35.903172,0.0 -95.469082,35.903564,0.0 -95.4683,35.904346,0.0 -95.467648,35.904358,0.0 -95.466523,35.904681,0.0 -95.464099,35.9046,0.0 -95.456834,35.902107,0.0 -95.450305,35.8989,0.0 -95.449488,35.897643,0.0 -95.449642,35.895374,0.0 -95.448559,35.892583,0.0 -95.447273,35.890887,0.0 -95.445403,35.890057,0.0 -95.44408,35.890332,0.0 -95.440456,35.894087,0.0 -95.436857,35.893046,0.0 -95.427231,35.89165,0.0 -95.425327,35.890354,0.0 -95.42265,35.886213,0.0 -95.42069,35.885481,0.0 -95.417491,35.88637,0.0 -95.415042,35.888614,0.0 -95.414871,35.88888,0.0 -95.402949,35.885552,0.0 -95.402901,35.845996,0.0 -95.403217,35.839437,0.0 -95.402857,35.832382,0.0 -95.402273,35.8076,0.0 -95.402244,35.807098,0.0 -95.402214,35.806633,0.0 -95.408048,35.804299,0.0 -95.414448,35.801999,0.0 -95.420248,35.799599,0.0 -95.426308,35.798379,0.0 -95.431184,35.798645,0.0 -95.434427,35.799193,0.0 -95.44055,35.799699,0.0 -95.446322,35.799937,0.0 -95.451819,35.801432,0.0 -95.453189,35.802394,0.0 -95.458345,35.803174,0.0 -95.463541,35.804691,0.0 -95.468551,35.803999,0.0 -95.471651,35.804499,0.0 -95.477552,35.804199,0.0 -95.483852,35.802999,0.0 -95.490994,35.801086,0.0 -95.497553,35.799499,0.0 -95.500086,35.798699,0.0 -95.514477,35.793944,0.0 -95.520728,35.792249,0.0 -95.52401,35.792902,0.0 -95.525985,35.792699,0.0 -95.527346,35.791177,0.0 -95.531514,35.790592,0.0 -95.538539,35.790637,0.0 -95.540888,35.790209,0.0 -95.541926,35.788803,0.0 -95.544599,35.788263,0.0 -95.54788,35.789014,0.0 -95.553538,35.787178,0.0 -95.556307,35.78875,0.0 -95.561045,35.787852,0.0 -95.563091,35.787908,0.0 -95.56435,35.785638,0.0 -95.566521,35.783716,0.0 -95.568261,35.782945,0.0 -95.57257,35.777296,0.0 -95.576636,35.772706,0.0 -95.577285,35.771553,0.0 -95.579872,35.769743,0.0 -95.581968,35.768278,0.0 -95.583618,35.766441,0.0 -95.584647,35.765556,0.0 -95.590149,35.765428,0.0 -95.593546,35.767617,0.0 -95.596409,35.771494,0.0 -95.600351,35.775476,0.0 -95.600513,35.77689,0.0 -95.60195,35.778087,0.0 -95.604484,35.778127,0.0 -95.605272,35.77753,0.0 -95.609372,35.77646,0.0 -95.611816,35.777359,0.0 -95.615383,35.776702,0.0 -95.621518,35.777641,0.0 -95.624423,35.778705,0.0 -95.625258,35.780073,0.0 -95.631604,35.782445,0.0 -95.63302,35.784436,0.0 -95.635139,35.785275,0.0 -95.638313,35.787596,0.0 -95.639791,35.790986,0.0 -95.639548,35.792416,0.0 -95.638167,35.79622,0.0 -95.638923,35.798795,0.0 -95.63713,35.79912,0.0 -95.63632,35.800538,0.0 -95.636858,35.801881,0.0 -95.638086,35.802146,0.0 -95.637547,35.805065,0.0 -95.639177,35.807098,0.0 -95.639003,35.809079,0.0 -95.641516,35.815421,0.0 -95.639658,35.821657,0.0 -95.638892,35.822346,0.0 -95.640185,35.824598,0.0 -95.639169,35.827175,0.0 -95.639088,35.832876,0.0 -95.638683,35.835489,0.0 -95.639082,35.837228,0.0 -95.641093,35.840279,0.0 -95.641322,35.840026,0.0 -95.641391,35.838307,0.0 -95.639767,35.835895,0.0 -95.640455,35.834945,0.0 -95.642532,35.835737,0.0 -95.64356,35.837295,0.0 -95.647016,35.83924,0.0 -95.647697,35.841071,0.0 -95.649135,35.842141,0.0 -95.64803,35.847404,0.0 -95.651096,35.853717,0.0 -95.650419,35.856644,0.0 -95.658968,35.856645,0.0 -95.660225,35.856674,0.0 -95.731038,35.856495,0.0 -95.732854,35.856404,0.0 -95.766114,35.856284,0.0 -95.801744,35.856266,0.0 -95.819405,35.856255,0.0 -95.819459,35.856255,0.0 -95.82829,35.85627,0.0 -95.837396,35.856272,0.0 -95.872761,35.856313,0.0 -95.89054,35.856335,0.0 -95.899468,35.856355,0.0 -95.90837,35.856399,0.0 -95.944073,35.85658,0.0 -95.966841,35.856802,0.0 -95.970971,35.856835,0.0 -95.975262,35.856816,0.0 -95.979786,35.856882,0.0 -95.984317,35.856828,0.0 -95.996113,35.856824,0.0 -95.996756,35.857153,0.0 -95.997505,35.856837,0.0 -96.006428,35.856899,0.0 -96.01517,35.856922,0.0 -96.015409,35.856884,0.0 -96.033118,35.856824,0.0 -96.086128,35.857197,0.0 -96.137229,35.857097,0.0 -96.139743,35.85709,0.0 -96.159552,35.857051,0.0 -96.19193,35.85699,0.0 -96.192403,35.856993,0.0 -96.192417,35.791532,0.0 -96.192426,35.770082,0.0 -96.192518,35.769221,0.0 -96.192531,35.740788,0.0 -96.192554,35.726243,0.0 -96.192574,35.700962,0.0 -96.192611,35.700572,0.0 -96.19252,35.678274,0.0 -96.192628,35.677699,0.0 -96.192563,35.639087,0.0 -96.280629,35.638898,0.0 -96.281488,35.638818,0.0 -96.38697,35.63911,0.0 -96.387625,35.639291,0.0 -96.389568,35.639312,0.0 -96.394361,35.639126,0.0 -96.419152,35.639306,0.0 -96.432448,35.639286,0.0 -96.433507,35.639124,0.0 -96.436758,35.63912,0.0 -96.467928,35.639072,0.0 -96.476563,35.63904,0.0 -96.49686,35.639032,0.0 -96.529481,35.639002,0.0 -96.55647,35.63901,0.0 -96.576542,35.638975,0.0 -96.620828,35.639005,0.0 -96.621068,35.615085,0.0 -96.621693,35.551767,0.0 -96.62188,35.550025,0.0 -96.621666,35.54945,0.0 -96.621976,35.542687,0.0 -96.622778,35.520674,0.0 -96.623727,35.491658,0.0 -96.624681,35.462707,0.0 -96.624289,35.404669,0.0 -96.623717,35.401889,0.0 -96.623699,35.400722,0.0 -96.622639,35.400256,0.0 -96.621297,35.398089,0.0 -96.617305,35.395825,0.0 -96.616029,35.395698,0.0 -96.613776,35.396816,0.0 -96.612608,35.396574,0.0 -96.611392,35.394227,0.0 -96.610198,35.394258,0.0 -96.606764,35.395876,0.0 -96.606372,35.397978,0.0 -96.606708,35.399368,0.0 -96.604829,35.399381,0.0 -96.599717,35.396955,0.0 -96.597282,35.398835,0.0 -96.596254,35.400204,0.0 -96.595,35.403153,0.0 -96.594004,35.404278,0.0 -96.591698,35.408784,0.0 -96.589102,35.411575,0.0 -96.585654,35.411474,0.0 -96.581367,35.409527,0.0 -96.578682,35.407178,0.0 -96.57745,35.404787,0.0 -96.577325,35.402658,0.0 -96.576671,35.401934,0.0 -96.574218,35.40194,0.0 -96.569848,35.40108,0.0 -96.566948,35.399383,0.0 -96.565418,35.399367,0.0 -96.561114,35.400187,0.0 -96.556862,35.402401,0.0 -96.555566,35.402437,0.0 -96.554935,35.401692,0.0 -96.55651,35.399021,0.0 -96.55673,35.394974,0.0 -96.554396,35.39366,0.0 -96.550001,35.392178,0.0 -96.546585,35.392608,0.0 -96.541906,35.39256,0.0 -96.539402,35.391827,0.0 -96.538291,35.390932,0.0 -96.536718,35.390772,0.0 -96.535146,35.391371,0.0 -96.535096,35.391455,0.0 -96.534393,35.393893,0.0 -96.534576,35.394978,0.0 -96.533768,35.397152,0.0 -96.5317,35.399812,0.0 -96.531879,35.400906,0.0 -96.534551,35.402708,0.0 -96.537415,35.403535,0.0 -96.538133,35.405235,0.0 -96.536919,35.409689,0.0 -96.537163,35.41094,0.0 -96.54051,35.412041,0.0 -96.544049,35.411842,0.0 -96.546913,35.412963,0.0 -96.549996,35.414942,0.0 -96.550009,35.415739,0.0 -96.548104,35.417534,0.0 -96.547775,35.418546,0.0 -96.549188,35.4196,0.0 -96.551099,35.420131,0.0 -96.551714,35.422251,0.0 -96.552633,35.422987,0.0 -96.554804,35.422835,0.0 -96.555618,35.422001,0.0 -96.555485,35.41984,0.0 -96.556844,35.418816,0.0 -96.560102,35.421559,0.0 -96.56082,35.422691,0.0 -96.560671,35.424427,0.0 -96.559065,35.429198,0.0 -96.556313,35.43262,0.0 -96.555722,35.434566,0.0 -96.564634,35.436057,0.0 -96.568476,35.438165,0.0 -96.569602,35.439564,0.0 -96.569126,35.44168,0.0 -96.568159,35.442218,0.0 -96.565367,35.442267,0.0 -96.563054,35.443276,0.0 -96.562339,35.444178,0.0 -96.561234,35.447466,0.0 -96.560295,35.448753,0.0 -96.558695,35.448915,0.0 -96.556485,35.447356,0.0 -96.554093,35.447831,0.0 -96.553286,35.449907,0.0 -96.554661,35.45345,0.0 -96.553641,35.454309,0.0 -96.548918,35.453543,0.0 -96.54564,35.452677,0.0 -96.544469,35.452733,0.0 -96.543684,35.454141,0.0 -96.54612,35.456419,0.0 -96.546184,35.457474,0.0 -96.544121,35.457827,0.0 -96.543213,35.457323,0.0 -96.540327,35.45339,0.0 -96.539282,35.449769,0.0 -96.536492,35.447165,0.0 -96.53461,35.446867,0.0 -96.532335,35.446371,0.0 -96.529665,35.444458,0.0 -96.52548,35.441137,0.0 -96.521552,35.438493,0.0 -96.519714,35.435809,0.0 -96.520412,35.4326,0.0 -96.518633,35.431205,0.0 -96.511413,35.429642,0.0 -96.505701,35.430001,0.0 -96.501573,35.428723,0.0 -96.496594,35.428896,0.0 -96.491756,35.430425,0.0 -96.49012,35.430944,0.0 -96.487522,35.432521,0.0 -96.484402,35.436548,0.0 -96.483016,35.439842,0.0 -96.48306,35.44249,0.0 -96.484285,35.44453,0.0 -96.487965,35.445829,0.0 -96.488281,35.448229,0.0 -96.487735,35.449159,0.0 -96.485502,35.450775,0.0 -96.484193,35.451197,0.0 -96.481062,35.453883,0.0 -96.476734,35.458874,0.0 -96.476692,35.460907,0.0 -96.475754,35.463421,0.0 -96.473097,35.463958,0.0 -96.471513,35.462988,0.0 -96.470414,35.46058,0.0 -96.4693,35.459567,0.0 -96.465588,35.45811,0.0 -96.463825,35.458727,0.0 -96.462239,35.460914,0.0 -96.459052,35.46151,0.0 -96.45651,35.461263,0.0 -96.454562,35.460149,0.0 -96.45399,35.458813,0.0 -96.452554,35.458209,0.0 -96.449236,35.45943,0.0 -96.446202,35.458444,0.0 -96.443483,35.461144,0.0 -96.442219,35.46556,0.0 -96.44129,35.467712,0.0 -96.441216,35.435425,0.0 -96.44115,35.43494,0.0 -96.441248,35.39182,0.0 -96.441275,35.348138,0.0 -96.441277,35.333715,0.0 -96.441382,35.311731,0.0 -96.441368,35.290122,0.0 -96.441339,35.2319,0.0 -96.441252,35.202885,0.0 -96.441192,35.173922,0.0 -96.441228,35.159282,0.0 -96.441277,35.135308,0.0 -96.441305,35.115771,0.0 -96.472242,35.115794,0.0 -96.490434,35.115857,0.0 -96.490468,35.094062,0.0 -96.490477,35.086814,0.0 -96.490495,35.07233,0.0 -96.490521,35.061405,0.0 -96.490529,35.057734,0.0 -96.490535,35.049896,0.0 -96.490577,35.021293,0.0 -96.490653,34.966094,0.0 -96.490786,34.910585,0.0 -96.486483,34.912986,0.0 -96.478095,34.916352,0.0 -96.475939,34.916375,0.0 -96.465716,34.915223,0.0 -96.463893,34.915898,0.0 -96.46108,34.915636,0.0 -96.460367,34.916499,0.0 -96.45663,34.915262,0.0 -96.452101,34.91212,0.0 -96.449677,34.910678,0.0 -96.444865,34.909086,0.0 -96.444728,34.907632,0.0 -96.442593,34.906398,0.0 -96.437214,34.904774,0.0 -96.437203,34.903049,0.0 -96.435587,34.90228,0.0 -96.431551,34.90258,0.0 -96.431013,34.903468,0.0 -96.426871,34.903128,0.0 -96.424701,34.903687,0.0 -96.420933,34.907441,0.0 -96.418412,34.907851,0.0 -96.417475,34.909652,0.0 -96.417798,34.911726,0.0 -96.413781,34.915619,0.0 -96.413669,34.916382,0.0 -96.410689,34.92214,0.0 -96.410831,34.923692,0.0 -96.409285,34.925081,0.0 -96.40976,34.926093,0.0 -96.409568,34.92945,0.0 -96.406135,34.934191,0.0 -96.406163,34.900446,0.0 -96.406255,34.898868,0.0 -96.406171,34.898103,0.0 -96.406167,34.883603,0.0 -96.406168,34.879995,0.0 -96.406189,34.877936,0.0 -96.406212,34.876404,0.0 -96.406203,34.872721,0.0 -96.406184,34.869116,0.0 -96.40619,34.852958,0.0 -96.406256,34.852424,0.0 -96.406483,34.767328,0.0 -96.406522,34.747443,0.0 -96.406515,34.745524,0.0 -96.406489,34.737995,0.0 -96.406501,34.695904,0.0 -96.406229,34.694665,0.0 -96.40645,34.684263,0.0 -96.406357,34.680023,0.0 -96.425625,34.680045,0.0 -96.427559,34.680204,0.0 -96.452769,34.680077,0.0 -96.512171,34.680065,0.0 -96.512183,34.642321,0.0 -96.512165,34.610586,0.0 -96.512087,34.592825,0.0 -96.512133,34.545333,0.0 -96.512208,34.544942,0.0 -96.512057,34.540132,0.0 -96.512085,34.512686,0.0 -96.512099,34.505562,0.0 -96.513787,34.505396,0.0 -96.565979,34.505484,0.0 -96.6284,34.505719,0.0 -96.629008,34.505692,0.0 -96.676373,34.505783,0.0 -96.695033,34.505806,0.0 -96.740376,34.505903,0.0 -96.757536,34.505947,0.0 -96.758374,34.505841,0.0 -96.827343,34.506062,0.0 -96.829273,34.506062,0.0 -96.859509,34.506128,0.0 -96.861384,34.506023,0.0 -96.88079,34.506053,0.0 -96.880812,34.455496,0.0 -96.880802,34.433745,0.0 -96.881005,34.332977,0.0 -96.933006,34.332664,0.0 -96.933305,34.332561,0.0 -96.933411,34.245662,0.0 -96.933256,34.226968,0.0 -96.933443,34.214565,0.0 -96.933448,34.214517,0.0 -96.933466,34.2019,0.0 -96.93348,34.190936,0.0 -96.933493,34.179987,0.0 -96.933503,34.172748,0.0 -96.968424,34.172684,0.0 -96.968278,34.114503,0.0 -96.968389,34.111874,0.0 -96.968296,34.100944,0.0 -96.968222,34.099992,0.0 -96.968067,34.071001,0.0 -96.969627,34.07102,0.0</coordinates>
</LinearRing>
</outerBoundaryIs>
</Polygon>
</Placemark>
<Placemark id="cb_2023_40_cd118_500k">
<name>&lt;at&gt;&lt;openparen&gt;4003&lt;closeparen&gt;</name>
<visibility>1</visibility>
<description><![CDATA[<center><table><tr><th colspan='2' align='center'><em>Attributes</em></th></tr><tr bgcolor="#E3E3F3">
<th>STATEFP</th>
<td>40</td>
</tr><tr bgcolor="">
<th>CD118FP</th>
<td>03</td>
</tr><tr bgcolor="#E3E3F3">
<th>GEOIDFQ</th>
<td>5001800US4003</td>
</tr><tr bgcolor="">
<th>GEOID</th>
<td>4003</td>
</tr><tr bgcolor="#E3E3F3">
<th>NAMELSAD</th>
<td>Congressional District 3</td>
</tr><tr bgcolor="">
<th>LSAD</th>
<td>C2</td>
</tr><tr bgcolor="#E3E3F3">
<th>CDSESSN</th>
<td>118</td>
</tr><tr bgcolor="">
<th>ALAND</th>
<td>84467528555</td>
</tr><tr bgcolor="#E3E3F3">
<th>AWATER</th>
<td>761114156</td>
</tr></table></center>]]></description>
<LookAt>
<longitude>-102</longitude>
<latitude>38.5</latitude>
<range>7000000</range>
<tilt>10</tilt>
<heading>0</heading>
</LookAt>
<styleUrl>#KMLStyler</styleUrl>
<ExtendedData>
<SchemaData schemaUrl="#kml_schema_ft_cb_2023_40_cd118_500k">
<SimpleData name="STATEFP">40</SimpleData>
<SimpleData name="CD118FP">03</SimpleData>
<SimpleData name="GEOIDFQ">5001800US4003</SimpleData>
<SimpleData name="GEOID">4003</SimpleData>
<SimpleData name="NAMELSAD">Congressional District 3</SimpleData>
<SimpleData name="LSAD">C2</SimpleData>
<SimpleData name="CDSESSN">118</SimpleData>
<SimpleData name="ALAND">84467528555</SimpleData>
<SimpleData name="AWATER">761114156</SimpleData>
</SchemaData>
</ExtendedData>
<Polygon>
<extrude>0</extrude>
<tessellate>1</tessellate>
<altitudeMode>clampToGround</altitudeMode>
<outerBoundaryIs>
<LinearRing>
<coordinates>-103.002565,36.526588,0.0 -103.002434,36.500397,0.0 -102.792202179535,36.5003891720217,0.0 -102.570696000934,36.5003809242428,0.0 -102.382613575418,36.5003739209968,0.0 -102.250453,36.500369,0.0 -102.24499,36.500704,0.0 -102.162463,36.500326,0.0 -102.1438,36.5003249915435,0.0 -102.12545,36.500324,0.0 -102.122066,36.500684,0.0 -102.032339034056,36.5006100932816,0.0 -101.931657648976,36.5005271635772,0.0 -101.930245,36.500526,0.0 -101.914828339439,36.5003963382715,0.0 -101.826565,36.499654,0.0 -101.826498,36.499535,0.0 -101.814493093514,36.4995797197465,0.0 -101.78811,36.499678,0.0 -101.787183,36.4996840486213,0.0 -101.783359,36.499709,0.0 -101.781987,36.499718,0.0 -101.78061,36.499727,0.0 -101.779435,36.499734,0.0 -101.778134001578,36.4997337773565,0.0 -101.773235947556,36.499732939139,0.0 -101.751677321421,36.4997292497519,0.0 -101.709314,36.499722,0.0 -101.698685,36.499508,0.0 -101.690633999473,36.4995196351698,0.0 -101.672774979829,36.4995454447231,0.0 -101.653708,36.499573,0.0 -101.649966,36.499573,0.0 -101.623915,36.499528,0.0 -101.583013007148,36.4995064390312,0.0 -101.366842098845,36.4993924872681,0.0 -101.204790103731,36.4993070636063,0.0 -101.085156,36.499244,0.0 -101.052418,36.499563,0.0 -101.045331,36.49954,0.0 -100.977088,36.499595,0.0 -100.954152945903,36.4995989128779,0.0 -100.936058,36.499602,0.0 -100.918513,36.499621,0.0 -100.884174,36.499682,0.0 -100.88408,36.499682,0.0 -100.859657,36.499687,0.0 -100.85084,36.4997,0.0 -100.824236,36.499618,0.0 -100.824218,36.499618,0.0 -100.80619,36.499674,0.0 -100.806172,36.499634,0.0 -100.806126905829,36.4996338203419,0.0 -100.802909,36.499621,0.0 -100.802886,36.499621,0.0 -100.761811,36.499618,0.0 -100.761811,36.49958,0.0 -100.724362,36.49958,0.0 -100.724361,36.499558,0.0 -100.708626,36.499553,0.0 -100.708628,36.499521,0.0 -100.657763,36.499483,0.0 -100.657763,36.4995,0.0 -100.648343,36.499495,0.0 -100.648344,36.499463,0.0 -100.612161000742,36.4994668955319,0.0 -100.592614,36.499469,0.0 -100.592556,36.499469,0.0 -100.592551,36.499429,0.0 -100.583539,36.499483,0.0 -100.583379,36.499443,0.0 -100.578114,36.499463,0.0 -100.578114,36.499439,0.0 -100.546145,36.499343,0.0 -100.531215,36.499341,0.0 -100.531215,36.49929,0.0 -100.530478,36.49924,0.0 -100.530314,36.499357,0.0 -100.522227,36.499291,0.0 -100.522122998185,36.4992912550006,0.0 -100.489069748186,36.4993722978131,0.0 -100.486568034646,36.4993784317304,0.0 -100.450508913803,36.4994668445966,0.0 -100.441065,36.49949,0.0 -100.441064,36.499462,0.0 -100.433959,36.499456,0.0 -100.424473999828,36.4994492416276,0.0 -100.421328,36.499447,0.0 -100.421301,36.499488,0.0 -100.413634,36.499444,0.0 -100.41355,36.499469,0.0 -100.378634,36.499517,0.0 -100.378592,36.499445,0.0 -100.351852,36.499487,0.0 -100.351842,36.499473,0.0 -100.334464,36.49942,0.0 -100.334441,36.49944,0.0 -100.32415,36.499679,0.0 -100.311245,36.499631,0.0 -100.311018,36.499688,0.0 -100.310911387708,36.4996749222256,0.0 -100.310643,36.499642,0.0 -100.258247025541,36.4996383563863,0.0 -100.253333137412,36.4996380146747,0.0 -100.181221,36.499633,0.0 -100.090021,36.499634,0.0 -100.025724867049,36.4996827880047,0.0 -100.003761886524,36.4996994535481,0.0 -100.000406,36.499702,0.0 -100.000402433433,36.2734669993205,0.0 -100.000402224684,36.260225587313,0.0 -100.000401313985,36.202457999995,0.0 -100.000400703064,36.1637059999889,0.0 -100.000399,36.055677,0.0 -100.000398790976,36.0426410036671,0.0 -100.000396202899,35.8812329999967,0.0 -100.000394036975,35.7461530002767,0.0 -100.000392093753,35.6249619999825,0.0 -100.000392,35.619115,0.0 -100.000390930799,35.5524559997078,0.0 -100.000388942771,35.4285129531919,0.0 -100.000388844143,35.4223639883095,0.0 -100.000388841577,35.4222039948893,0.0 -100.000386884968,35.3002198225636,0.0 -100.000386882597,35.3000720000019,0.0 -100.000385600949,35.2201679976806,0.0 -100.000385585791,35.2192229979214,0.0 -100.000385,35.182702,0.0 -100.00038460233,35.1393320000036,0.0 -100.000383599196,35.0299300002039,0.0 -100.000381979734,34.8533110000002,0.0 -100.000381,34.746461,0.0 -100.000381,34.746358,0.0 -100.000381,34.616297,0.0 -100.000381,34.5704261992157,0.0 -100.000381,34.560509,0.0 -99.9975014109467,34.5604238870434,0.0 -99.985833,34.560079,0.0 -99.974762,34.561318,0.0 -99.971555,34.562179,0.0 -99.965608,34.565844,0.0 -99.958898,34.571271,0.0 -99.957541,34.572709,0.0 -99.957553,34.574169,0.0 -99.956717,34.576524,0.0 -99.9565216650247,34.5766758161599,0.0 -99.954567,34.578195,0.0 -99.94572,34.579273,0.0 -99.929334,34.576714,0.0 -99.923211,34.574552,0.0 -99.921801,34.570253,0.0 -99.915771,34.565975,0.0 -99.898943,34.555804,0.0 -99.896007,34.55553,0.0 -99.89376,34.554219,0.0 -99.887147,34.549047,0.0 -99.874403,34.537095,0.0 -99.8736170107957,34.5359019928875,0.0 -99.873254,34.535351,0.0 -99.872357,34.532096,0.0 -99.868953,34.527615,0.0 -99.853066,34.511593,0.0 -99.8446582036581,34.5067869364725,0.0 -99.832904,34.500068,0.0 -99.825325,34.497596,0.0 -99.822281,34.4981,0.0 -99.819376,34.49494,0.0 -99.81672,34.489718,0.0 -99.818186,34.48784,0.0 -99.818739,34.484976,0.0 -99.8145350980883,34.4766441817511,0.0 -99.814313,34.476204,0.0 -99.793684,34.453894,0.0 -99.791583,34.45252,0.0 -99.78879,34.451489,0.0 -99.787767,34.451809,0.0 -99.786606,34.451511,0.0 -99.785445,34.450045,0.0 -99.78376,34.445005,0.0 -99.782986,34.444364,0.0 -99.775743,34.444225,0.0 -99.773992,34.443062,0.0 -99.773053,34.441587,0.0 -99.765599,34.437488,0.0 -99.764826,34.436434,0.0 -99.764882,34.435266,0.0 -99.767648,34.431854,0.0 -99.767234,34.430502,0.0 -99.754248,34.421289,0.0 -99.740907,34.414763,0.0 -99.730348,34.41124,0.0 -99.720259,34.406295,0.0 -99.716416,34.402815,0.0 -99.715089,34.400754,0.0 -99.714232,34.397822,0.0 -99.714838,34.394524,0.0 -99.712682,34.390928,0.0 -99.707901,34.387539,0.0 -99.706658,34.385981,0.0 -99.705249,34.385775,0.0 -99.704005,34.385982,0.0 -99.702734,34.385501,0.0 -99.701187,34.385203,0.0 -99.698424,34.383074,0.0 -99.696462,34.381036,0.0 -99.695566,34.378899,0.0 -99.69497,34.378333,0.0 -99.690604,34.378219,0.0 -99.687234,34.378585,0.0 -99.684361,34.379501,0.0 -99.682482,34.379822,0.0 -99.678283,34.379799,0.0 -99.67485,34.378956,0.0 -99.671377,34.377714,0.0 -99.665992,34.374185,0.0 -99.662705,34.37368,0.0 -99.659362,34.37439,0.0 -99.654194,34.376519,0.0 -99.649662,34.379885,0.0 -99.648584,34.3819,0.0 -99.648142,34.382312,0.0 -99.646511,34.382541,0.0 -99.644578,34.38167,0.0 -99.643694,34.381463,0.0 -99.642755,34.381555,0.0 -99.641763,34.38109,0.0 -99.639661,34.379905,0.0 -99.635324,34.37917,0.0 -99.633859,34.378757,0.0 -99.631843,34.377703,0.0 -99.631181,34.377061,0.0 -99.630905,34.376007,0.0 -99.624197,34.373577,0.0 -99.621513,34.3737,0.0 -99.619556,34.374627,0.0 -99.616793,34.375391,0.0 -99.611572,34.375643,0.0 -99.610136,34.37656,0.0 -99.607263,34.376928,0.0 -99.604782,34.376326,0.0 -99.600026,34.374688,0.0 -99.596323,34.377137,0.0 -99.596186,34.379016,0.0 -99.592983,34.382407,0.0 -99.589671,34.384787,0.0 -99.587596,34.385867,0.0 -99.586751594656,34.387061476826,0.0 -99.585442,34.388914,0.0 -99.584531,34.391205,0.0 -99.585306,34.398122,0.0 -99.58448,34.407673,0.0 -99.58006,34.416653,0.0 -99.574367,34.418281,0.0 -99.569696,34.418418,0.0 -99.562204,34.417319,0.0 -99.555986,34.41464,0.0 -99.549242,34.412715,0.0 -99.529786,34.411452,0.0 -99.52365,34.412206,0.0 -99.517624,34.414494,0.0 -99.51428,34.414035,0.0 -99.511102,34.412705,0.0 -99.50911,34.411267,0.0 -99.507621,34.409887,0.0 -99.506903,34.40952,0.0 -99.502836,34.409327,0.0 -99.499875,34.409608,0.0 -99.497091,34.407731,0.0 -99.496399,34.406495,0.0 -99.494104,34.404755,0.0 -99.490426,34.399694,0.0 -99.487219,34.397955,0.0 -99.477547,34.396355,0.0 -99.475851,34.396385,0.0 -99.4750806916433,34.395998351528,0.0 -99.473789,34.39535,0.0 -99.472268,34.395602,0.0 -99.470969,34.396471,0.0 -99.470306,34.396748,0.0 -99.468427,34.396634,0.0 -99.466383,34.3959,0.0 -99.464036,34.393634,0.0 -99.462462,34.391137,0.0 -99.461854,34.387241,0.0 -99.462048,34.384401,0.0 -99.461827,34.382414,0.0 -99.461053,34.380666,0.0 -99.459395,34.380117,0.0 -99.456328,34.380392,0.0 -99.455085,34.381264,0.0 -99.454997,34.38178,0.0 -99.455472,34.386097,0.0 -99.454726,34.388411,0.0 -99.454229,34.388755,0.0 -99.452648,34.388252,0.0 -99.445336,34.379768,0.0 -99.443669,34.376457,0.0 -99.442394,34.375453,0.0 -99.441937,34.374412,0.0 -99.441057,34.374042,0.0 -99.440671,34.372774,0.0 -99.438269,34.371164,0.0 -99.437572,34.371259,0.0 -99.436474,34.370539,0.0 -99.434968,34.370699,0.0 -99.433458,34.370223,0.0 -99.431043,34.371117,0.0 -99.430901,34.371996,0.0 -99.431121,34.373989,0.0 -99.430609,34.374426,0.0 -99.429324,34.375834,0.0 -99.430284,34.378801,0.0 -99.43001,34.381019,0.0 -99.429154,34.382849,0.0 -99.427497,34.385136,0.0 -99.424897,34.385823,0.0 -99.423679,34.385663,0.0 -99.421908,34.384201,0.0 -99.420714,34.380386,0.0 -99.413045,34.377012,0.0 -99.407168,34.372605,0.0 -99.40296,34.373481,0.0 -99.396839,34.379417,0.0 -99.395921,34.395726,0.0 -99.391492,34.405631,0.0 -99.387653,34.411984,0.0 -99.393919,34.415274,0.0 -99.396488,34.417291,0.0 -99.397135,34.419409,0.0 -99.396665,34.421203,0.0 -99.397379,34.423259,0.0 -99.396824,34.424703,0.0 -99.393306,34.427613,0.0 -99.393802,34.42901,0.0 -99.393049,34.431921,0.0 -99.394625,34.4327,0.0 -99.396115,34.43497,0.0 -99.395605,34.440378,0.0 -99.394956,34.442099,0.0 -99.381011,34.456936,0.0 -99.375365,34.458845,0.0 -99.36961,34.458699,0.0 -99.358795,34.455863,0.0 -99.354672,34.451857,0.0 -99.3557925991894,34.4490194656065,0.0 -99.356771,34.446542,0.0 -99.356713,34.442144,0.0 -99.350407,34.437083,0.0 -99.341337,34.431061,0.0 -99.334037,34.427536,0.0 -99.328674,34.422383,0.0 -99.324222,34.414458,0.0 -99.319606,34.408869,0.0 -99.316373,34.408205,0.0 -99.3149963528014,34.4085124891693,0.0 -99.308274,34.410014,0.0 -99.299098,34.414228,0.0 -99.294648,34.415373,0.0 -99.289922,34.414731,0.0 -99.28791,34.41403,0.0 -99.286437,34.413025,0.0 -99.283773,34.409558,0.0 -99.282843,34.40748,0.0 -99.282814,34.405465,0.0 -99.28317,34.402946,0.0 -99.28151,34.401457,0.0 -99.278828,34.400265,0.0 -99.27526,34.400104,0.0 -99.269566,34.40191,0.0 -99.267745,34.404955,0.0 -99.266308,34.405481,0.0 -99.264167,34.405149,0.0 -99.261321,34.403499,0.0 -99.260987,34.401751,0.0 -99.261825,34.398677,0.0 -99.261822,34.395036,0.0 -99.258807,34.392078,0.0 -99.25898,34.391243,0.0 -99.261126,34.389561,0.0 -99.264508,34.388085,0.0 -99.271655,34.38769,0.0 -99.273894,34.387577,0.0 -99.27534,34.386599,0.0 -99.274858,34.384922,0.0 -99.272922,34.383547,0.0 -99.271281,34.381604,0.0 -99.264958,34.378756,0.0 -99.260441,34.378078,0.0 -99.259141,34.376812,0.0 -99.259334,34.373621,0.0 -99.258606,34.37265,0.0 -99.256498,34.372229,0.0 -99.254631,34.372419,0.0 -99.25071,34.375449,0.0 -99.248969,34.375984,0.0 -99.247584,34.375551,0.0 -99.246699,34.374687,0.0 -99.242855,34.372676,0.0 -99.243024,34.371142,0.0 -99.243543,34.370711,0.0 -99.246231,34.369896,0.0 -99.247942,34.368487,0.0 -99.24812,34.367433,0.0 -99.247372,34.365985,0.0 -99.247009,34.36478,0.0 -99.244454,34.363701,0.0 -99.243217,34.364032,0.0 -99.241476,34.364536,0.0 -99.237562,34.366701,0.0 -99.236177,34.365172,0.0 -99.236441,34.363598,0.0 -99.237233,34.362717,0.0 -99.236521,34.358569,0.0 -99.235422,34.357094,0.0 -99.234843,34.356441,0.0 -99.234741,34.354977,0.0 -99.234252,34.353459,0.0 -99.228636,34.348564,0.0 -99.234256,34.340865,0.0 -99.229245,34.336516,0.0 -99.221975,34.34002,0.0 -99.217335,34.34152,0.0 -99.213135,34.340369,0.0 -99.206905,34.338277,0.0 -99.203433,34.338593,0.0 -99.2011,34.339271,0.0 -99.198281,34.339622,0.0 -99.195406,34.341476,0.0 -99.192322,34.346718,0.0 -99.192111,34.351723,0.0 -99.192747,34.354861,0.0 -99.193991,34.357564,0.0 -99.195068,34.358595,0.0 -99.199129,34.360129,0.0 -99.20167,34.362649,0.0 -99.20272,34.365146,0.0 -99.202776,34.369888,0.0 -99.204103,34.371491,0.0 -99.207639,34.374238,0.0 -99.20996,34.374536,0.0 -99.215623,34.37316,0.0 -99.218966,34.373686,0.0 -99.220252,34.37508,0.0 -99.220542,34.376934,0.0 -99.219272,34.379179,0.0 -99.216206,34.381264,0.0 -99.211344,34.386786,0.0 -99.209162,34.388619,0.0 -99.20872,34.389741,0.0 -99.208997,34.39178,0.0 -99.210186,34.393406,0.0 -99.213862,34.394734,0.0 -99.217591,34.389946,0.0 -99.219552,34.388617,0.0 -99.223116,34.387173,0.0 -99.227647,34.387034,0.0 -99.228863,34.387698,0.0 -99.229362,34.390927,0.0 -99.227429,34.393768,0.0 -99.226822,34.395418,0.0 -99.226464,34.399036,0.0 -99.225995,34.399976,0.0 -99.226631,34.401281,0.0 -99.228041,34.40167,0.0 -99.230168,34.401211,0.0 -99.231411,34.400272,0.0 -99.233567,34.400156,0.0 -99.235143,34.401072,0.0 -99.235752,34.402927,0.0 -99.235228,34.405699,0.0 -99.235285,34.408677,0.0 -99.236145,34.411678,0.0 -99.236007,34.413213,0.0 -99.236672,34.41532,0.0 -99.236562,34.417152,0.0 -99.237752,34.419901,0.0 -99.23806,34.425009,0.0 -99.237619,34.427528,0.0 -99.236707,34.428559,0.0 -99.234026,34.428514,0.0 -99.231509,34.425951,0.0 -99.230734,34.424393,0.0 -99.231148,34.423041,0.0 -99.230842,34.421209,0.0 -99.230012,34.420293,0.0 -99.228022,34.419561,0.0 -99.226115,34.419813,0.0 -99.223545,34.421486,0.0 -99.221639,34.425404,0.0 -99.221947,34.428291,0.0 -99.222969,34.432847,0.0 -99.224296,34.433786,0.0 -99.227891,34.4339,0.0 -99.229109,34.435594,0.0 -99.230299,34.438343,0.0 -99.23077,34.441366,0.0 -99.229889,34.447872,0.0 -99.228536,34.451354,0.0 -99.226739,34.451974,0.0 -99.22519,34.451264,0.0 -99.223835,34.451791,0.0 -99.222868,34.453761,0.0 -99.216259,34.454473,0.0 -99.214406,34.455046,0.0 -99.213052,34.456994,0.0 -99.213412,34.459376,0.0 -99.216012,34.461207,0.0 -99.219277,34.461825,0.0 -99.220992,34.462947,0.0 -99.221158,34.464184,0.0 -99.218781,34.467712,0.0 -99.217261,34.471057,0.0 -99.216875,34.47534,0.0 -99.214858,34.481022,0.0 -99.21591,34.483954,0.0 -99.217985,34.483083,0.0 -99.218094,34.479738,0.0 -99.220279,34.477951,0.0 -99.223017,34.479095,0.0 -99.224595,34.481042,0.0 -99.223296,34.482829,0.0 -99.221083,34.484823,0.0 -99.220421,34.487892,0.0 -99.222054,34.491121,0.0 -99.222083,34.49277,0.0 -99.220707,34.494484,0.0 -99.217393,34.495067,0.0 -99.215712,34.498373,0.0 -99.210106,34.501658,0.0 -99.208391,34.503697,0.0 -99.207838,34.505347,0.0 -99.208558,34.509836,0.0 -99.208697,34.513066,0.0 -99.206734,34.51767,0.0 -99.203662,34.52287,0.0 -99.201255,34.527933,0.0 -99.198405,34.530751,0.0 -99.197188,34.535263,0.0 -99.197326,34.537508,0.0 -99.196801,34.542386,0.0 -99.195666,34.544998,0.0 -99.193313,34.54454,0.0 -99.190074,34.541105,0.0 -99.188607,34.540624,0.0 -99.182213,34.540555,0.0 -99.179611,34.539707,0.0 -99.177978,34.540097,0.0 -99.177756,34.542685,0.0 -99.176233,34.544791,0.0 -99.171831,34.546394,0.0 -99.171111,34.54715,0.0 -99.171028,34.547929,0.0 -99.172495,34.549258,0.0 -99.173906,34.549143,0.0 -99.175762,34.548067,0.0 -99.1777,34.548502,0.0 -99.179832,34.550358,0.0 -99.179333,34.553611,0.0 -99.179887,34.554733,0.0 -99.183402,34.557459,0.0 -99.184842,34.560025,0.0 -99.18451,34.562315,0.0 -99.181492,34.563552,0.0 -99.177753,34.566483,0.0 -99.174651,34.570972,0.0 -99.173404,34.574179,0.0 -99.171105,34.578233,0.0 -99.167781,34.58231,0.0 -99.166894,34.583845,0.0 -99.16332,34.588036,0.0 -99.160052,34.587463,0.0 -99.156368,34.587966,0.0 -99.151438,34.589453,0.0 -99.144761,34.591809,0.0 -99.140993,34.592541,0.0 -99.13839,34.592609,0.0 -99.135426,34.592105,0.0 -99.132213,34.59208,0.0 -99.133239,34.590225,0.0 -99.132568,34.588084,0.0 -99.131026,34.586949,0.0 -99.129255,34.584359,0.0 -99.127123,34.583373,0.0 -99.12459,34.582983,0.0 -99.121796,34.587887,0.0 -99.119304,34.589377,0.0 -99.114623,34.590685,0.0 -99.11155,34.592221,0.0 -99.107838,34.591718,0.0 -99.104792,34.592315,0.0 -99.102881,34.593713,0.0 -99.099668,34.594126,0.0 -99.09892,34.593164,0.0 -99.098281,34.589751,0.0 -99.096647,34.588125,0.0 -99.09396,34.587095,0.0 -99.090664,34.587417,0.0 -99.086648,34.588265,0.0 -99.08457,34.589136,0.0 -99.083103,34.590442,0.0 -99.08255,34.596054,0.0 -99.083604,34.600268,0.0 -99.085018,34.603566,0.0 -99.084881,34.606727,0.0 -99.086599,34.609361,0.0 -99.091753,34.611742,0.0 -99.091781,34.613071,0.0 -99.090756,34.614514,0.0 -99.088457,34.615248,0.0 -99.085021,34.613347,0.0 -99.081834,34.613806,0.0 -99.080006,34.615341,0.0 -99.079203,34.618113,0.0 -99.079619,34.620517,0.0 -99.080284,34.622349,0.0 -99.082723,34.624319,0.0 -99.090012,34.625562,0.0 -99.091868,34.626562,0.0 -99.093698,34.62876,0.0 -99.096056,34.634074,0.0 -99.09819,34.635516,0.0 -99.102513,34.636019,0.0 -99.10315,34.63795,0.0 -99.001025,34.637872,0.0 -99.001107,34.594366,0.0 -98.843636,34.594411,0.0 -98.834962,34.594412,0.0 -98.826008,34.594413,0.0 -98.826172,34.602239,0.0 -98.826096,34.630603,0.0 -98.826213,34.681441,0.0 -98.826283,34.739771,0.0 -98.826303,34.781921,0.0 -98.826111,34.783564,0.0 -98.826099,34.790306,0.0 -98.825916,34.793164,0.0 -98.826041,34.855122,0.0 -98.795671,34.855424,0.0 -98.789986,34.855426,0.0 -98.787368,34.855595,0.0 -98.750343,34.855482,0.0 -98.748411,34.855402,0.0 -98.71982,34.85538,0.0 -98.690044,34.855379,0.0 -98.667683,34.855381,0.0 -98.659209,34.855378,0.0 -98.62534,34.854796,0.0 -98.619816,34.854953,0.0 -98.619816,34.85534,0.0 -98.562119,34.855287,0.0 -98.545461,34.855272,0.0 -98.509829,34.855237,0.0 -98.462212,34.855213,0.0 -98.461073,34.855117,0.0 -98.42241,34.855174,0.0 -98.391836,34.855177,0.0 -98.387202,34.855165,0.0 -98.360771,34.855143,0.0 -98.303917,34.855144,0.0 -98.29924,34.855137,0.0 -98.268713,34.855136,0.0 -98.235287,34.855153,0.0 -98.201211,34.855113,0.0 -98.198615,34.855182,0.0 -98.194298,34.855002,0.0 -98.167543,34.855106,0.0 -98.164699,34.8551,0.0 -98.164168,34.855015,0.0 -98.159886,34.855015,0.0 -98.158468,34.855086,0.0 -98.145366,34.855015,0.0 -98.124424,34.855108,0.0 -98.12352,34.855005,0.0 -98.106575,34.854996,0.0 -98.093127,34.854988,0.0 -98.093078,34.883934,0.0 -98.093018,34.954357,0.0 -98.09298,34.954696,0.0 -98.093049,34.970693,0.0 -98.093057,34.985228,0.0 -98.093005,35.014147,0.0 -98.093056,35.028817,0.0 -98.092959,35.076463,0.0 -98.092912,35.077255,0.0 -98.092884,35.083207,0.0 -98.092927,35.08689,0.0 -98.092386,35.088649,0.0 -98.091096,35.089181,0.0 -98.091146,35.116665,0.0 -98.091312,35.189207,0.0 -98.09134,35.20373,0.0 -98.094977,35.20372,0.0 -98.094974,35.23279,0.0 -98.095001,35.24734,0.0 -98.095354,35.305219,0.0 -98.096014,35.377753,0.0 -98.023535,35.377816,0.0 -98.020749,35.377526,0.0 -98.019312,35.378433,0.0 -98.017453,35.377911,0.0 -98.01638,35.376563,0.0 -98.016088,35.374425,0.0 -98.011705,35.37141,0.0 -98.009872,35.369354,0.0 -98.008864,35.366797,0.0 -98.010996,35.365518,0.0 -98.012083,35.363716,0.0 -98.011969,35.362058,0.0 -98.010836,35.360769,0.0 -98.006399,35.360381,0.0 -98.003969,35.362149,0.0 -98.003458,35.364069,0.0 -98.001489,35.364359,0.0 -97.999176,35.36248,0.0 -97.996936,35.361691,0.0 -97.995258,35.361699,0.0 -97.99167,35.360396,0.0 -97.990921,35.359755,0.0 -97.985901,35.358574,0.0 -97.983755,35.357242,0.0 -97.981409,35.356339,0.0 -97.978984,35.356198,0.0 -97.973856,35.357104,0.0 -97.972804,35.356299,0.0 -97.972269,35.353614,0.0 -97.969548,35.351485,0.0 -97.964547,35.350204,0.0 -97.963182,35.34939,0.0 -97.960124,35.34594,0.0 -97.955167,35.346051,0.0 -97.952548,35.34775,0.0 -97.952268,35.350592,0.0 -97.948959,35.352711,0.0 -97.946843,35.356412,0.0 -97.94664,35.359876,0.0 -97.945952,35.362465,0.0 -97.946553,35.368088,0.0 -97.946331,35.371029,0.0 -97.947209,35.372958,0.0 -97.947212,35.374854,0.0 -97.943979,35.376406,0.0 -97.943409,35.377193,0.0 -97.940258,35.376903,0.0 -97.936342,35.375754,0.0 -97.934797,35.37535,0.0 -97.932252,35.373383,0.0 -97.930263,35.367777,0.0 -97.930496,35.364113,0.0 -97.929773,35.362866,0.0 -97.927901,35.360492,0.0 -97.9245,35.358637,0.0 -97.920835,35.353518,0.0 -97.918298,35.35256,0.0 -97.914581,35.352403,0.0 -97.911368,35.353145,0.0 -97.907013,35.355871,0.0 -97.904831,35.356076,0.0 -97.903133,35.355574,0.0 -97.901566,35.353442,0.0 -97.902122,35.350948,0.0 -97.903516,35.34914,0.0 -97.903086,35.345404,0.0 -97.901203,35.344323,0.0 -97.899664,35.344114,0.0 -97.897341,35.344868,0.0 -97.894086,35.347026,0.0 -97.890062,35.347056,0.0 -97.88712,35.347391,0.0 -97.884098,35.349012,0.0 -97.88496,35.355821,0.0 -97.883613,35.356445,0.0 -97.881925,35.355977,0.0 -97.879703,35.356186,0.0 -97.876702,35.355482,0.0 -97.875691,35.355868,0.0 -97.873923,35.355984,0.0 -97.873335,35.356844,0.0 -97.873169,35.360868,0.0 -97.871665,35.362029,0.0 -97.869899,35.362522,0.0 -97.865604,35.36234,0.0 -97.862805,35.36183,0.0 -97.85965,35.359518,0.0 -97.857752,35.356264,0.0 -97.857101,35.354256,0.0 -97.856816,35.35127,0.0 -97.857147,35.346158,0.0 -97.856847,35.344955,0.0 -97.853669,35.341097,0.0 -97.848416,35.337714,0.0 -97.843907,35.335383,0.0 -97.841333,35.33453,0.0 -97.837731,35.334768,0.0 -97.833675,35.335362,0.0 -97.832345,35.334697,0.0 -97.828705,35.334359,0.0 -97.827436,35.334384,0.0 -97.8256,35.333763,0.0 -97.824961,35.333741,0.0 -97.821806,35.335179,0.0 -97.81983,35.335347,0.0 -97.814696,35.333944,0.0 -97.812129,35.333788,0.0 -97.812111,35.338254,0.0 -97.809945,35.339961,0.0 -97.807186,35.340846,0.0 -97.803156,35.33966,0.0 -97.799298,35.339096,0.0 -97.796719,35.339105,0.0 -97.794681,35.336632,0.0 -97.793821,35.334911,0.0 -97.792022,35.332702,0.0 -97.790427,35.332921,0.0 -97.789632,35.333349,0.0 -97.788319,35.336643,0.0 -97.786078,35.337162,0.0 -97.783591,35.336286,0.0 -97.781189,35.336107,0.0 -97.777567,35.337087,0.0 -97.774708,35.339421,0.0 -97.773914,35.34335,0.0 -97.772406,35.345577,0.0 -97.769273,35.34565,0.0 -97.767841,35.345084,0.0 -97.763905,35.340848,0.0 -97.761499,35.340347,0.0 -97.76087,35.340304,0.0 -97.756641,35.338759,0.0 -97.751984,35.334284,0.0 -97.751084,35.331299,0.0 -97.748667,35.329364,0.0 -97.74631,35.328354,0.0 -97.737305,35.323762,0.0 -97.736282,35.323843,0.0 -97.724708,35.325832,0.0 -97.723816,35.326515,0.0 -97.723562,35.326589,0.0 -97.721528,35.327137,0.0 -97.720035,35.328515,0.0 -97.718427,35.328534,0.0 -97.718065,35.328178,0.0 -97.71561,35.328277,0.0 -97.713793,35.327934,0.0 -97.713112,35.325464,0.0 -97.711349,35.324854,0.0 -97.708158,35.324732,0.0 -97.706291,35.324973,0.0 -97.705267,35.325327,0.0 -97.701858,35.326244,0.0 -97.696478,35.327437,0.0 -97.689742,35.332237,0.0 -97.686718,35.333837,0.0 -97.685054,35.334301,0.0 -97.67933,35.334806,0.0 -97.678473,35.334974,0.0 -97.671414,35.335946,0.0 -97.671415,35.337465,0.0 -97.671463,35.346896,0.0 -97.671356,35.348123,0.0 -97.671369,35.377151,0.0 -97.662295,35.377147,0.0 -97.636094,35.377129,0.0 -97.57501,35.377124,0.0 -97.570116,35.377111,0.0 -97.565564,35.377103,0.0 -97.565552,35.377103,0.0 -97.559176,35.377113,0.0 -97.547863,35.377131,0.0 -97.547826,35.377131,0.0 -97.54438,35.377135,0.0 -97.538975,35.37714,0.0 -97.530138,35.377148,0.0 -97.530106,35.377148,0.0 -97.521258,35.377181,0.0 -97.512417,35.377213,0.0 -97.512402,35.377213,0.0 -97.503515,35.377241,0.0 -97.50349,35.377241,0.0 -97.495108,35.377266,0.0 -97.476985,35.377316,0.0 -97.459227,35.37734,0.0 -97.441222,35.377274,0.0 -97.433236,35.377293,0.0 -97.423566,35.377316,0.0 -97.423587,35.384138,0.0 -97.423588,35.38437,0.0 -97.423555,35.391061,0.0 -97.423613,35.406272,0.0 -97.423579,35.416847,0.0 -97.423569,35.420739,0.0 -97.423897,35.420739,0.0 -97.434808,35.420745,0.0 -97.435566,35.420746,0.0 -97.44131,35.420749,0.0 -97.450503,35.42078,0.0 -97.451825,35.420785,0.0 -97.452688,35.420788,0.0 -97.459196,35.42081,0.0 -97.459201,35.426238,0.0 -97.459202,35.427789,0.0 -97.459208,35.43525,0.0 -97.459207,35.44028,0.0 -97.459203,35.449757,0.0 -97.459203,35.449978,0.0 -97.459205,35.451601,0.0 -97.459053,35.460374,0.0 -97.45917,35.461281,0.0 -97.459179,35.464115,0.0 -97.45899,35.466686,0.0 -97.459005,35.468912,0.0 -97.46158,35.467903,0.0 -97.468923,35.463948,0.0 -97.470598,35.463166,0.0 -97.472719,35.463823,0.0 -97.473535,35.464014,0.0 -97.476753,35.464013,0.0 -97.483483,35.464124,0.0 -97.496956,35.46427,0.0 -97.493012,35.462256,0.0 -97.496372,35.462292,0.0 -97.500634,35.461999,0.0 -97.50308,35.460965,0.0 -97.50643,35.458154,0.0 -97.50962,35.456598,0.0 -97.512398,35.456196,0.0 -97.512748,35.456196,0.0 -97.521223,35.456357,0.0 -97.523068,35.45648,0.0 -97.525797,35.457059,0.0 -97.530132,35.458029,0.0 -97.530127,35.464265,0.0 -97.530106,35.467884,0.0 -97.530088,35.470457,0.0 -97.53005,35.476829,0.0 -97.530047,35.477463,0.0 -97.530045,35.477753,0.0 -97.530038,35.47875,0.0 -97.530018,35.481731,0.0 -97.530015,35.482434,0.0 -97.530197,35.486015,0.0 -97.530029,35.486115,0.0 -97.529936,35.493274,0.0 -97.531745,35.493239,0.0 -97.536781,35.493273,0.0 -97.53884,35.493273,0.0 -97.543937,35.493235,0.0 -97.547693,35.493271,0.0 -97.556587,35.493217,0.0 -97.556692,35.493216,0.0 -97.565655,35.493162,0.0 -97.570178,35.493167,0.0 -97.576795,35.493254,0.0 -97.578818,35.493291,0.0 -97.579381,35.493296,0.0 -97.58337,35.493335,0.0 -97.590816,35.493327,0.0 -97.59232,35.493323,0.0 -97.594903,35.493318,0.0 -97.594331,35.491672,0.0 -97.599502,35.491622,0.0 -97.601141,35.493061,0.0 -97.60113,35.490264,0.0 -97.598351,35.490234,0.0 -97.598306,35.490006,0.0 -97.599069,35.489341,0.0 -97.601127,35.489414,0.0 -97.601113,35.486047,0.0 -97.610072,35.486042,0.0 -97.610061,35.47878,0.0 -97.618931,35.478785,0.0 -97.625599,35.478811,0.0 -97.626345,35.478814,0.0 -97.627816,35.478819,0.0 -97.630033,35.478828,0.0 -97.636666,35.478853,0.0 -97.63664,35.472688,0.0 -97.636635,35.471619,0.0 -97.636605,35.464374,0.0 -97.654049,35.464141,0.0 -97.654242,35.464294,0.0 -97.671539,35.464209,0.0 -97.67153,35.46042,0.0 -97.671503,35.448444,0.0 -97.67143,35.447893,0.0 -97.675687,35.447531,0.0 -97.681271,35.449537,0.0 -97.684761,35.449703,0.0 -97.689249,35.449612,0.0 -97.706913,35.449634,0.0 -97.71005,35.449672,0.0 -97.724652,35.449856,0.0 -97.74244,35.449993,0.0 -97.760278,35.449904,0.0 -97.760254,35.464386,0.0 -97.768912,35.464384,0.0 -97.822125,35.464452,0.0 -97.830914,35.464468,0.0 -97.830916,35.493439,0.0 -97.839657,35.493438,0.0 -97.839734,35.507987,0.0 -97.830894,35.507915,0.0 -97.830863,35.522362,0.0 -97.830622,35.524366,0.0 -97.831037,35.534341,0.0 -97.830817,35.53529,0.0 -97.830828,35.536869,0.0 -97.830864,35.544147,0.0 -97.830903,35.551162,0.0 -97.834306,35.551164,0.0 -97.833941,35.565752,0.0 -97.833871,35.580226,0.0 -97.833885,35.60926,0.0 -97.833866,35.623827,0.0 -97.834128,35.642576,0.0 -97.833939,35.667488,0.0 -97.833913,35.674644,0.0 -97.83385,35.689238,0.0 -97.833869,35.696687,0.0 -97.833937,35.702237,0.0 -97.834102,35.725899,0.0 -97.82536,35.725866,0.0 -97.816214,35.725839,0.0 -97.807306,35.725778,0.0 -97.789584,35.725704,0.0 -97.780558,35.725722,0.0 -97.767502,35.725719,0.0 -97.762968,35.725725,0.0 -97.727698,35.725817,0.0 -97.700422,35.725899,0.0 -97.691471,35.72592,0.0 -97.674026,35.72597,0.0 -97.674102,35.7839,0.0 -97.674116,35.793849,0.0 -97.674143,35.79843,0.0 -97.674148,35.805731,0.0 -97.674223,35.82052,0.0 -97.674348,35.842236,0.0 -97.674388,35.860431,0.0 -97.674391,35.861013,0.0 -97.67163,35.865422,0.0 -97.669449,35.866709,0.0 -97.666859,35.866441,0.0 -97.661813,35.864178,0.0 -97.656472,35.85895,0.0 -97.652651,35.858117,0.0 -97.649319,35.858851,0.0 -97.647228,35.86059,0.0 -97.64639,35.864417,0.0 -97.645538,35.865338,0.0 -97.640391,35.867729,0.0 -97.639202,35.868788,0.0 -97.636384,35.869359,0.0 -97.633709,35.872454,0.0 -97.632525,35.874827,0.0 -97.63356,35.874863,0.0 -97.632129,35.876802,0.0 -97.626575,35.877341,0.0 -97.622872,35.875406,0.0 -97.620552,35.875123,0.0 -97.618103,35.876165,0.0 -97.616861,35.877504,0.0 -97.616327,35.87852,0.0 -97.615923,35.879698,0.0 -97.615868,35.880753,0.0 -97.612016,35.879718,0.0 -97.607644,35.87809,0.0 -97.60269,35.879474,0.0 -97.59956,35.881353,0.0 -97.599349,35.881278,0.0 -97.598618,35.880977,0.0 -97.59609,35.879534,0.0 -97.594421,35.879602,0.0 -97.593998,35.883409,0.0 -97.594504,35.886113,0.0 -97.593817,35.886724,0.0 -97.586071,35.888541,0.0 -97.580779,35.88934,0.0 -97.579951,35.890018,0.0 -97.577722,35.889919,0.0 -97.576063,35.889165,0.0 -97.57218,35.889566,0.0 -97.568013,35.888818,0.0 -97.562935,35.890756,0.0 -97.559299,35.892541,0.0 -97.556069,35.893578,0.0 -97.553562,35.894954,0.0 -97.55096,35.898307,0.0 -97.548456,35.902261,0.0 -97.546839,35.902649,0.0 -97.54259,35.902668,0.0 -97.531193,35.901135,0.0 -97.529262,35.901552,0.0 -97.526325,35.903191,0.0 -97.521011,35.908289,0.0 -97.517956,35.908079,0.0 -97.512857,35.907506,0.0 -97.506204,35.904597,0.0 -97.502034,35.900345,0.0 -97.500781,35.89818,0.0 -97.498353,35.896594,0.0 -97.496257,35.896256,0.0 -97.495013,35.896245,0.0 -97.493123,35.897386,0.0 -97.489737,35.900754,0.0 -97.487689,35.902112,0.0 -97.486501,35.902283,0.0 -97.484085,35.90156,0.0 -97.482209,35.900487,0.0 -97.479803,35.898247,0.0 -97.478829,35.896368,0.0 -97.477091,35.895955,0.0 -97.476068,35.894118,0.0 -97.474408,35.893648,0.0 -97.468443,35.894924,0.0 -97.46859,35.895271,0.0 -97.467356,35.89621,0.0 -97.463123,35.897591,0.0 -97.454783,35.901021,0.0 -97.444248,35.906562,0.0 -97.440956,35.907193,0.0 -97.434092,35.910055,0.0 -97.432801,35.912462,0.0 -97.42789,35.918589,0.0 -97.425343,35.920803,0.0 -97.418938,35.924764,0.0 -97.415343,35.926565,0.0 -97.412391,35.927076,0.0 -97.407795,35.931339,0.0 -97.406442,35.935064,0.0 -97.406063,35.937503,0.0 -97.407831,35.942158,0.0 -97.408838,35.942449,0.0 -97.410858,35.944642,0.0 -97.413904,35.949237,0.0 -97.413768,35.950116,0.0 -97.415613,35.951748,0.0 -97.42047,35.958282,0.0 -97.421314,35.96148,0.0 -97.421327,35.965793,0.0 -97.420974,35.968557,0.0 -97.420589,35.970662,0.0 -97.417924,35.974524,0.0 -97.416863,35.975392,0.0 -97.412346,35.976963,0.0 -97.409162,35.977479,0.0 -97.406796,35.978654,0.0 -97.406359,35.979746,0.0 -97.401638,35.982922,0.0 -97.399878,35.986255,0.0 -97.397584,35.987942,0.0 -97.400278,35.988167,0.0 -97.399943,35.988194,0.0 -97.398875,35.98843,0.0 -97.397414,35.98825,0.0 -97.393344,35.987214,0.0 -97.391489,35.986164,0.0 -97.388735,35.983625,0.0 -97.385072,35.982135,0.0 -97.380336,35.98178,0.0 -97.377867,35.982542,0.0 -97.374999,35.985543,0.0 -97.373495,35.989884,0.0 -97.372916,35.990383,0.0 -97.368118,35.991419,0.0 -97.362872,35.991158,0.0 -97.359469,35.989155,0.0 -97.357106,35.984736,0.0 -97.355186,35.984257,0.0 -97.35387,35.984934,0.0 -97.353249,35.985334,0.0 -97.347057,35.988405,0.0 -97.339747,35.993674,0.0 -97.336612,35.999169,0.0 -97.336624,36.000061,0.0 -97.334042,36.004669,0.0 -97.331398,36.006734,0.0 -97.328282,36.006912,0.0 -97.326259,36.008174,0.0 -97.32362,36.010877,0.0 -97.316755,36.011298,0.0 -97.311947,36.010306,0.0 -97.308611,36.01099,0.0 -97.300453,36.009273,0.0 -97.297101,36.007693,0.0 -97.294601,36.005557,0.0 -97.287467,35.996682,0.0 -97.285359,35.99179,0.0 -97.284544,35.987142,0.0 -97.284528,35.985448,0.0 -97.285885,35.98049,0.0 -97.284264,35.978818,0.0 -97.282228,35.977972,0.0 -97.27756,35.973782,0.0 -97.275325,35.973146,0.0 -97.270401,35.972798,0.0 -97.26539,35.972789,0.0 -97.263616,35.973392,0.0 -97.257915,35.97328,0.0 -97.251805,35.972566,0.0 -97.246852,35.972368,0.0 -97.243174,35.972182,0.0 -97.234292,35.969601,0.0 -97.232046,35.968042,0.0 -97.226261,35.96637,0.0 -97.221192,35.964573,0.0 -97.219109,35.96266,0.0 -97.217617,35.96034,0.0 -97.212172,35.954724,0.0 -97.20955,35.951429,0.0 -97.208062,35.94776,0.0 -97.205841,35.945959,0.0 -97.203592,35.944795,0.0 -97.198105,35.943029,0.0 -97.19264,35.941639,0.0 -97.189552,35.941156,0.0 -97.180593,35.940687,0.0 -97.172378,35.941006,0.0 -97.16687,35.942825,0.0 -97.161856,35.943855,0.0 -97.158227,35.945153,0.0 -97.151411,35.948423,0.0 -97.144106,35.953118,0.0 -97.14289,35.954219,0.0 -97.140455,35.95906,0.0 -97.140583,35.941991,0.0 -97.124801,35.941996,0.0 -97.120704,35.942221,0.0 -97.016421,35.942068,0.0 -96.966344,35.941928,0.0 -96.962706,35.942165,0.0 -96.945041,35.942153,0.0 -96.941587,35.941898,0.0 -96.92704,35.942038,0.0 -96.926069,35.941891,0.0 -96.918026,35.941834,0.0 -96.909532,35.941545,0.0 -96.906259,35.941658,0.0 -96.879351,35.941778,0.0 -96.873767,35.942139,0.0 -96.86488,35.942153,0.0 -96.820292,35.94229,0.0 -96.784766,35.942187,0.0 -96.767255,35.942126,0.0 -96.757865,35.942144,0.0 -96.731535,35.942176,0.0 -96.695896,35.942085,0.0 -96.677874,35.942073,0.0 -96.665042,35.941931,0.0 -96.660119,35.941665,0.0 -96.651047,35.941758,0.0 -96.648506,35.941815,0.0 -96.647031,35.941957,0.0 -96.642477,35.941925,0.0 -96.637832,35.941686,0.0 -96.633181,35.941502,0.0 -96.619655,35.941571,0.0 -96.6204,35.930436,0.0 -96.620142,35.927198,0.0 -96.620118,35.922083,0.0 -96.61976,35.915569,0.0 -96.620007,35.911635,0.0 -96.619488,35.864309,0.0 -96.619348,35.855519,0.0 -96.619494,35.854344,0.0 -96.619641,35.820219,0.0 -96.619637,35.819718,0.0 -96.619594,35.811926,0.0 -96.619594,35.811087,0.0 -96.619607,35.784775,0.0 -96.619607,35.784385,0.0 -96.619721,35.770367,0.0 -96.619796,35.757072,0.0 -96.620082,35.745626,0.0 -96.620085,35.745429,0.0 -96.620374,35.709763,0.0 -96.620356,35.703505,0.0 -96.62006,35.701917,0.0 -96.620188,35.688926,0.0 -96.620814,35.657103,0.0 -96.620838,35.655378,0.0 -96.620828,35.639005,0.0 -96.576542,35.638975,0.0 -96.55647,35.63901,0.0 -96.529481,35.639002,0.0 -96.49686,35.639032,0.0 -96.476563,35.63904,0.0 -96.467928,35.639072,0.0 -96.436758,35.63912,0.0 -96.433507,35.639124,0.0 -96.432448,35.639286,0.0 -96.419152,35.639306,0.0 -96.394361,35.639126,0.0 -96.389568,35.639312,0.0 -96.387625,35.639291,0.0 -96.38697,35.63911,0.0 -96.281488,35.638818,0.0 -96.280629,35.638898,0.0 -96.192563,35.639087,0.0 -96.192628,35.677699,0.0 -96.19252,35.678274,0.0 -96.192611,35.700572,0.0 -96.192574,35.700962,0.0 -96.192554,35.726243,0.0 -96.192531,35.740788,0.0 -96.192518,35.769221,0.0 -96.192426,35.770082,0.0 -96.192417,35.791532,0.0 -96.192403,35.856993,0.0 -96.19193,35.85699,0.0 -96.159552,35.857051,0.0 -96.139743,35.85709,0.0 -96.137229,35.857097,0.0 -96.137214,35.857876,0.0 -96.138765,35.857894,0.0 -96.138758,35.882475,0.0 -96.139543,35.882743,0.0 -96.139467,35.893351,0.0 -96.139544,35.901154,0.0 -96.138716,35.901171,0.0 -96.13691,35.901168,0.0 -96.136943,35.910986,0.0 -96.136117,35.911057,0.0 -96.134483,35.911227,0.0 -96.133963,35.911512,0.0 -96.133834,35.911787,0.0 -96.13399,35.912133,0.0 -96.134637,35.912622,0.0 -96.134893,35.913633,0.0 -96.135196,35.914325,0.0 -96.135704,35.91505,0.0 -96.136337,35.91555,0.0 -96.136606,35.915768,0.0 -96.137186,35.917088,0.0 -96.13474,35.919712,0.0 -96.132452,35.919606,0.0 -96.12932,35.922884,0.0 -96.129531,35.924575,0.0 -96.128988,35.928018,0.0 -96.129438,35.931215,0.0 -96.130889,35.932555,0.0 -96.131555,35.935614,0.0 -96.130016,35.935888,0.0 -96.126654,35.934442,0.0 -96.124791,35.935281,0.0 -96.124981,35.936204,0.0 -96.126853,35.938457,0.0 -96.127162,35.940275,0.0 -96.125276,35.943096,0.0 -96.123103,35.943986,0.0 -96.120367,35.944086,0.0 -96.118889,35.944873,0.0 -96.118585,35.944746,0.0 -96.118396,35.944746,0.0 -96.118133,35.944862,0.0 -96.117916,35.945018,0.0 -96.117839,35.945297,0.0 -96.117679,35.94547,0.0 -96.11746,35.945378,0.0 -96.117263,35.945313,0.0 -96.117451,35.945721,0.0 -96.118774,35.948639,0.0 -96.118838,35.952121,0.0 -96.118836,35.952302,0.0 -96.118852,35.955662,0.0 -96.118807,35.959334,0.0 -96.123271,35.959345,0.0 -96.136974,35.95932,0.0 -96.136907,35.973959,0.0 -96.146473,35.973916,0.0 -96.155253,35.974163,0.0 -96.162994,35.973961,0.0 -96.163347,35.973946,0.0 -96.16403,35.973882,0.0 -96.165133,35.973906,0.0 -96.18999,35.97378,0.0 -96.189997,35.974071,0.0 -96.189951,35.984769,0.0 -96.18994,35.987089,0.0 -96.189934,35.988403,0.0 -96.191366,35.988402,0.0 -96.191293,35.988457,0.0 -96.194349,35.987372,0.0 -96.196518,35.988299,0.0 -96.19927,35.988521,0.0 -96.217038,35.988633,0.0 -96.217197,35.988637,0.0 -96.21701,36.003099,0.0 -96.223934,36.00298,0.0 -96.226417,36.002586,0.0 -96.227175,36.003798,0.0 -96.226536,36.005973,0.0 -96.227755,36.007725,0.0 -96.228591,36.010898,0.0 -96.229463,36.011568,0.0 -96.23009,36.014329,0.0 -96.232565,36.014784,0.0 -96.233785,36.017551,0.0 -96.237287,36.017532,0.0 -96.23724,36.02604,0.0 -96.241169,36.025903,0.0 -96.241138,36.020856,0.0 -96.261611,36.020842,0.0 -96.262235,36.024688,0.0 -96.262949,36.027726,0.0 -96.261605,36.029422,0.0 -96.261085,36.030017,0.0 -96.260499,36.031699,0.0 -96.260154,36.032219,0.0 -96.260228,36.032752,0.0 -96.261577,36.034005,0.0 -96.261743,36.046813,0.0 -96.271787,36.046898,0.0 -96.272411,36.049988,0.0 -96.271372,36.054209,0.0 -96.267138,36.057318,0.0 -96.263265,36.059282,0.0 -96.261662,36.061462,0.0 -96.261755,36.064069,0.0 -96.261773,36.075449,0.0 -96.261294,36.075741,0.0 -96.297501,36.075766,0.0 -96.297905,36.075766,0.0 -96.297906,36.076046,0.0 -96.297897,36.119179,0.0 -96.297892,36.131164,0.0 -96.297892,36.141192,0.0 -96.297888,36.162279,0.0 -96.273488,36.16208,0.0 -96.272711,36.16208,0.0 -96.268287,36.16198,0.0 -96.266894,36.16198,0.0 -96.266542,36.16198,0.0 -96.226006,36.161574,0.0 -96.219074,36.16156,0.0 -96.212633,36.16148,0.0 -96.18964,36.161158,0.0 -96.174995,36.161078,0.0 -96.174638,36.161064,0.0 -96.162107,36.161041,0.0 -96.162067,36.16104,0.0 -96.141501,36.161005,0.0 -96.139338,36.161002,0.0 -96.126415,36.160977,0.0 -96.119025,36.160957,0.0 -96.111288,36.160944,0.0 -96.111221,36.160944,0.0 -96.108744,36.160939,0.0 -96.106106,36.160934,0.0 -96.105736,36.160932,0.0 -96.090779,36.160901,0.0 -96.084069,36.160887,0.0 -96.082939,36.160951,0.0 -96.082498,36.161005,0.0 -96.076973,36.160908,0.0 -96.074583,36.160919,0.0 -96.073421,36.161076,0.0 -96.073365,36.161082,0.0 -96.062977,36.16087,0.0 -96.056193,36.161089,0.0 -96.055316,36.161088,0.0 -96.047288,36.161133,0.0 -96.043752,36.161127,0.0 -96.029233,36.16122,0.0 -96.014882,36.161287,0.0 -96.010951,36.161317,0.0 -96.001226,36.161296,0.0 -96.001217,36.162438,0.0 -96.001227,36.168851,0.0 -96.001231,36.173323,0.0 -96.001236,36.176941,0.0 -96.001238,36.180574,0.0 -96.001249,36.191717,0.0 -96.001261,36.205291,0.0 -96.001266,36.205917,0.0 -96.001276,36.212991,0.0 -96.001275,36.219252,0.0 -96.001418,36.220637,0.0 -96.001416,36.223827,0.0 -96.001457,36.226966,0.0 -96.001418,36.230782,0.0 -96.001399,36.234953,0.0 -96.001396,36.242135,0.0 -96.001407,36.244824,0.0 -96.001409,36.245225,0.0 -96.001409,36.245301,0.0 -96.001391,36.249265,0.0 -96.001313,36.250019,0.0 -96.001317,36.279372,0.0 -96.001508,36.285484,0.0 -96.001518,36.292506,0.0 -96.001504,36.303372,0.0 -96.001467,36.307058,0.0 -96.001463,36.307448,0.0 -96.001457,36.317898,0.0 -96.001323,36.318484,0.0 -96.001324,36.322156,0.0 -96.001325,36.332597,0.0 -96.001327,36.334474,0.0 -96.001326,36.336612,0.0 -96.001336,36.345664,0.0 -96.001331,36.346957,0.0 -96.00133,36.347045,0.0 -96.001249,36.361539,0.0 -96.001309,36.368523,0.0 -96.00119,36.372074,0.0 -96.001189,36.372174,0.0 -96.001258,36.373977,0.0 -96.001213,36.398427,0.0 -96.001205,36.402451,0.0 -96.001168,36.423477,0.0 -96.001171,36.423686,0.0 -96.001145,36.439763,0.0 -96.001126,36.448397,0.0 -96.001093,36.466866,0.0 -96.001038,36.495972,0.0 -96.000956,36.535301,0.0 -96.000864,36.580382,0.0 -96.000823,36.597676,0.0 -96.000748,36.59782,0.0 -96.000728,36.641069,0.0 -96.000729,36.65071,0.0 -96.000636,36.676244,0.0 -96.000676,36.713387,0.0 -96.000667,36.725263,0.0 -96.000654,36.737328,0.0 -96.000649,36.748666,0.0 -96.000641,36.752283,0.0 -96.000688,36.758859,0.0 -96.000656,36.76731,0.0 -96.000694,36.772438,0.0 -96.000693,36.774232,0.0 -96.000691,36.780106,0.0 -96.0007,36.781818,0.0 -96.000678,36.786066,0.0 -96.000718,36.825377,0.0 -96.000746,36.839817,0.0 -96.000758,36.85868,0.0 -96.000766,36.867617,0.0 -96.000765,36.868687,0.0 -96.00081,36.99886,0.0 -96.0357720634707,36.9988881389827,0.0 -96.0912791627285,36.9989328134999,0.0 -96.14121,36.998973,0.0 -96.143207,36.999134,0.0 -96.147143,36.999022,0.0 -96.149709,36.99904,0.0 -96.152384,36.999051,0.0 -96.154017,36.999161,0.0 -96.1847082066554,36.9992109027782,0.0 -96.1847130166869,36.9992109105991,0.0 -96.184768,36.999211,0.0 -96.200028,36.999028,0.0 -96.217571,36.99907,0.0 -96.2353201686152,36.9991306762741,0.0 -96.276368,36.999271,0.0 -96.279079,36.999272,0.0 -96.2848529997537,36.9992694436469,0.0 -96.3452839777254,36.9992426887236,0.0 -96.3803000623001,36.9992271858691,0.0 -96.381556989653,36.9992266293831,0.0 -96.394272,36.999221,0.0 -96.415412,36.999113,0.0 -96.4157735819161,36.9991109977438,0.0 -96.500288,36.998643,0.0 -96.5255776738603,36.9987120358304,0.0 -96.6073590074175,36.9989352827694,0.0 -96.6244880080759,36.9989820415687,0.0 -96.705431,36.999203,0.0 -96.710482,36.999271,0.0 -96.7319830041273,36.9992833531125,0.0 -96.73659,36.999286,0.0 -96.74127,36.999239,0.0 -96.749838,36.998988,0.0 -96.79206,36.99918,0.0 -96.795199,36.99886,0.0 -96.822791,36.999182,0.0 -96.8229000218444,36.9991820853142,0.0 -96.8674690282009,36.99921696246,0.0 -96.867517,36.999217,0.0 -96.87629,36.999233,0.0 -96.902083,36.999155,0.0 -96.90351,36.999132,0.0 -96.903748155059,36.9991328766659,0.0 -96.917093,36.999182,0.0 -96.921915,36.999151,0.0 -96.9252940031478,36.9991294945977,0.0 -96.934642,36.99907,0.0 -96.967371,36.999067,0.0 -96.975562,36.999019,0.0 -97.030082,36.998929,0.0 -97.0396942016544,36.9989993428486,0.0 -97.039784,36.999,0.0 -97.0459060006177,36.9989997988434,0.0 -97.100652,36.998998,0.0 -97.104276,36.99902,0.0 -97.1114071565137,36.9990173273197,0.0 -97.120285,36.999014,0.0 -97.122597,36.999036,0.0 -97.147721,36.999111,0.0 -97.1562390840263,36.999101522826,0.0 -97.2014651159374,36.9990512045884,0.0 -97.2198833931369,36.9990307125132,0.0 -97.2557711236909,36.998990784019,0.0 -97.3427376532895,36.9988940255304,0.0 -97.3427570756608,36.9988940039212,0.0 -97.3648660500938,36.9988694055962,0.0 -97.372421,36.998861,0.0 -97.384925,36.998843,0.0 -97.400903929478,36.9988103625382,0.0 -97.4144861297395,36.9987826204706,0.0 -97.46228,36.998685,0.0 -97.4623463219255,36.9986852256487,0.0 -97.472861,36.998721,0.0 -97.527292,36.99875,0.0 -97.5459,36.998709,0.0 -97.546498,36.998747,0.0 -97.564536,36.998711,0.0 -97.582376688337,36.9986986852412,0.0 -97.606549,36.998682,0.0 -97.6147895742673,36.9987919174284,0.0 -97.6368440053919,36.9990860918726,0.0 -97.637137,36.99909,0.0 -97.650466,36.999004,0.0 -97.692179983944,36.9988447931485,0.0 -97.697104,36.998826,0.0 -97.768704,36.99875,0.0 -97.783432,36.998961,0.0 -97.783489,36.998847,0.0 -97.802298,36.998713,0.0 -97.8023129924768,36.9987129775427,0.0 -97.8764508232088,36.9986019261725,0.0 -97.9652919188895,36.9984688507196,0.0 -98.0302049855076,36.9983716171626,0.0 -98.033955,36.998366,0.0 -98.0387515954215,36.998352260805,0.0 -98.03989,36.998349,0.0 -98.045342,36.998327,0.0 -98.111985,36.998133,0.0 -98.1281777220003,36.9981462401652,0.0 -98.1463112238645,36.9981610672313,0.0 -98.147452,36.998162,0.0 -98.177596,36.998009,0.0 -98.177722572632,36.9980089503993,0.0 -98.1903680175914,36.998003994964,0.0 -98.208218,36.997997,0.0 -98.219499,36.997824,0.0 -98.237712,36.997972,0.0 -98.2917921267673,36.9979670145537,0.0 -98.346188,36.997962,0.0 -98.3471489755077,36.9979618781261,0.0 -98.354073,36.997961,0.0 -98.408991,36.998513,0.0 -98.418268,36.998538,0.0 -98.420209,36.998516,0.0 -98.4764037804055,36.9987328220673,0.0 -98.5446600848551,36.9989961823461,0.0 -98.544872,36.998997,0.0 -98.6222650058374,36.9990257418024,0.0 -98.6518419384536,36.9990367259262,0.0 -98.714512,36.99906,0.0 -98.718465,36.99918,0.0 -98.761597,36.999425,0.0 -98.791936,36.999255,0.0 -98.793711,36.999227,0.0 -98.797452,36.999229,0.0 -98.8118320432389,36.9992403846753,0.0 -98.869449,36.999286,0.0 -98.880009,36.999263,0.0 -98.88058,36.999309,0.0 -98.9860503090387,36.9994795454461,0.0 -98.994371,36.999493,0.0 -99.0003029130325,36.9995103040991,0.0 -99.0136679087193,36.9995492913885,0.0 -99.029337,36.999595,0.0 -99.049695,36.999221,0.0 -99.124883,36.99942,0.0 -99.129449,36.999422,0.0 -99.2154330378231,36.9995256118126,0.0 -99.24812,36.999565,0.0 -99.277506,36.999579,0.0 -99.375391,37.000177,0.0 -99.3966738001589,36.9997745488713,0.0 -99.407015,36.999579,0.0 -99.456203,36.999471,0.0 -99.484333,36.999626,0.0 -99.500395,36.999576,0.0 -99.500395,36.999637,0.0 -99.502665,36.999645,0.0 -99.504093,36.999648,0.0 -99.508574,36.999658,0.0 -99.5411159015717,36.9995725260596,0.0 -99.558068,36.999528,0.0 -99.625399,36.999671,0.0 -99.648652,36.999604,0.0 -99.657658,37.000197,0.0 -99.7225871545953,37.00055339561,0.0 -99.7741724011459,37.0008365466155,0.0 -99.774255,37.000837,0.0 -99.774816,37.000841,0.0 -99.786016,37.000931,0.0 -99.8286446159415,37.001278159536,0.0 -99.875409,37.001659,0.0 -99.9048971396057,37.0016521074871,0.0 -99.995201,37.001631,0.0 -100.001286,37.001699,0.0 -100.002563,37.001706,0.0 -100.005706,37.001726,0.0 -100.089483739431,37.0020915224233,0.0 -100.115722,37.002206,0.0 -100.124494240073,37.0021908554435,0.0 -100.187547,37.002082,0.0 -100.192371,37.002036,0.0 -100.193754,37.002133,0.0 -100.201676,37.002081,0.0 -100.216074999503,37.0020208810641,0.0 -100.269986614997,37.0017957884142,0.0 -100.434274261089,37.0011098519743,0.0 -100.551598,37.00062,0.0 -100.552218029947,37.0006857174598,0.0 -100.552683,37.000735,0.0 -100.591328,37.000376,0.0 -100.591413,37.000399,0.0 -100.62977,37.000025,0.0 -100.633327,36.999936,0.0 -100.675320239551,36.9996893611981,0.0 -100.675552,36.999688,0.0 -100.729364903664,36.9991139591893,0.0 -100.734517,36.999059,0.0 -100.756894,36.999357,0.0 -100.765484,36.999177,0.0 -100.806116,36.999091,0.0 -100.814277,36.999085,0.0 -100.849999795024,36.9986885311334,0.0 -100.855634,36.998626,0.0 -100.868239870722,36.998618301972,0.0 -100.89166,36.998604,0.0 -100.904215897903,36.9987443505315,0.0 -100.904274,36.998745,0.0 -100.904588,36.998561,0.0 -100.945468897552,36.9981529691762,0.0 -100.945566,36.998152,0.0 -100.958226495697,36.9981251558517,0.0 -100.996502,36.998044,0.0 -101.012641,36.998176,0.0 -101.017729108601,36.9981500301187,0.0 -101.053589,36.997967,0.0 -101.066451000186,36.9979220177139,0.0 -101.066742,36.997921,0.0 -101.090050193514,36.99779265872,0.0 -101.211486,36.997124,0.0 -101.212909,36.997044,0.0 -101.214917193591,36.997033285975,0.0 -101.283207834316,36.9966689447923,0.0 -101.357797,36.996271,0.0 -101.359674,36.996232,0.0 -101.361127690394,36.996226658438,0.0 -101.37818,36.996164,0.0 -101.39704079598,36.9960815553639,0.0 -101.413868,36.996008,0.0 -101.415005,36.995966,0.0 -101.485326,36.995611,0.0 -101.519066,36.995546,0.0 -101.555239,36.995414,0.0 -101.555260303913,36.9954138768669,0.0 -101.595196508927,36.9951830521994,0.0 -101.600396,36.995153,0.0 -101.601593,36.995095,0.0 -101.632505170711,36.994951868595,0.0 -101.703684195819,36.9946222911621,0.0 -101.718255341421,36.9945548229612,0.0 -101.826552132886,36.9940533805984,0.0 -101.862678891166,36.9938861042942,0.0 -101.88086906271,36.9938018790603,0.0 -101.898975209825,36.9937180428813,0.0 -101.90244,36.993702,0.0 -101.908051206128,36.9936760643385,0.0 -101.935216302728,36.993550504034,0.0 -102.000447,36.993249,0.0 -102.000447,36.993272,0.0 -102.028207,36.993125,0.0 -102.042089,36.993016,0.0 -102.054503,36.993109,0.0 -102.136450934193,36.9934146439195,0.0 -102.184271,36.993593,0.0 -102.208316,36.99373,0.0 -102.252197617289,36.9942802659306,0.0 -102.260789,36.994388,0.0 -102.27025005042,36.9943998139234,0.0 -102.325156624789,36.9944683752392,0.0 -102.355288,36.994506,0.0 -102.355367,36.994575,0.0 -102.698142,36.995149,0.0 -102.74206,36.997689,0.0 -102.812469,36.999725,0.0 -102.832541,36.999699,0.0 -102.841933096288,36.9996791058814,0.0 -102.877863,36.999603,0.0 -102.886686995862,36.9995115946768,0.0 -102.979613,36.998549,0.0 -102.985807,36.998571,0.0 -102.986976,36.998524,0.0 -103.002199,37.000104,0.0 -103.002247,36.911587,0.0 -103.001964,36.909573,0.0 -103.002143744581,36.7635143968073,0.0 -103.002198,36.719427,0.0 -103.002518,36.675186,0.0 -103.002252,36.61718,0.0 -103.002188,36.602716,0.0 -103.002565,36.526588,0.0</coordinates>
</LinearRing>
</outerBoundaryIs>
</Polygon>
</Placemark>
<Placemark id="cb_2023_40_cd118_500k">
<name>&lt;at&gt;&lt;openparen&gt;4004&lt;closeparen&gt;</name>
<visibility>1</visibility>
<description><![CDATA[<center><table><tr><th colspan='2' align='center'><em>Attributes</em></th></tr><tr bgcolor="#E3E3F3">
<th>STATEFP</th>
<td>40</td>
</tr><tr bgcolor="">
<th>CD118FP</th>
<td>04</td>
</tr><tr bgcolor="#E3E3F3">
<th>GEOIDFQ</th>
<td>5001800US4004</td>
</tr><tr bgcolor="">
<th>GEOID</th>
<td>4004</td>
</tr><tr bgcolor="#E3E3F3">
<th>NAMELSAD</th>
<td>Congressional District 4</td>
</tr><tr bgcolor="">
<th>LSAD</th>
<td>C2</td>
</tr><tr bgcolor="#E3E3F3">
<th>CDSESSN</th>
<td>118</td>
</tr><tr bgcolor="">
<th>ALAND</th>
<td>25210122554</td>
</tr><tr bgcolor="#E3E3F3">
<th>AWATER</th>
<td>405086638</td>
</tr></table></center>]]></description>
<LookAt>
<longitude>-102</longitude>
<latitude>38.5</latitude>
<range>7000000</range>
<tilt>10</tilt>
<heading>0</heading>
</LookAt>
<styleUrl>#KMLStyler</styleUrl>
<ExtendedData>
<SchemaData schemaUrl="#kml_schema_ft_cb_2023_40_cd118_500k">
<SimpleData name="STATEFP">40</SimpleData>
<SimpleData name="CD118FP">04</SimpleData>
<SimpleData name="GEOIDFQ">5001800US4004</SimpleData>
<SimpleData name="GEOID">4004</SimpleData>
<SimpleData name="NAMELSAD">Congressional District 4</SimpleData>
<SimpleData name="LSAD">C2</SimpleData>
<SimpleData name="CDSESSN">118</SimpleData>
<SimpleData name="ALAND">25210122554</SimpleData>
<SimpleData name="AWATER">405086638</SimpleData>
</SchemaData>
</ExtendedData>
<Polygon>
<extrude>0</extrude>
<tessellate>1</tessellate>
<altitudeMode>clampToGround</altitudeMode>
<outerBoundaryIs>
<LinearRing>
<coordinates>-99.23806,34.425009,0.0 -99.237752,34.419901,0.0 -99.236562,34.417152,0.0 -99.236672,34.41532,0.0 -99.236007,34.413213,0.0 -99.236145,34.411678,0.0 -99.235285,34.408677,0.0 -99.235228,34.405699,0.0 -99.235752,34.402927,0.0 -99.235143,34.401072,0.0 -99.233567,34.400156,0.0 -99.231411,34.400272,0.0 -99.230168,34.401211,0.0 -99.228041,34.40167,0.0 -99.226631,34.401281,0.0 -99.225995,34.399976,0.0 -99.226464,34.399036,0.0 -99.226822,34.395418,0.0 -99.227429,34.393768,0.0 -99.229362,34.390927,0.0 -99.228863,34.387698,0.0 -99.227647,34.387034,0.0 -99.223116,34.387173,0.0 -99.219552,34.388617,0.0 -99.217591,34.389946,0.0 -99.213862,34.394734,0.0 -99.210186,34.393406,0.0 -99.208997,34.39178,0.0 -99.20872,34.389741,0.0 -99.209162,34.388619,0.0 -99.211344,34.386786,0.0 -99.216206,34.381264,0.0 -99.219272,34.379179,0.0 -99.220542,34.376934,0.0 -99.220252,34.37508,0.0 -99.218966,34.373686,0.0 -99.215623,34.37316,0.0 -99.20996,34.374536,0.0 -99.207639,34.374238,0.0 -99.204103,34.371491,0.0 -99.202776,34.369888,0.0 -99.20272,34.365146,0.0 -99.20167,34.362649,0.0 -99.199129,34.360129,0.0 -99.195068,34.358595,0.0 -99.193991,34.357564,0.0 -99.192747,34.354861,0.0 -99.192111,34.351723,0.0 -99.192322,34.346718,0.0 -99.195406,34.341476,0.0 -99.198281,34.339622,0.0 -99.2011,34.339271,0.0 -99.203433,34.338593,0.0 -99.206905,34.338277,0.0 -99.210078,34.337705,0.0 -99.210716,34.336304,0.0 -99.210779,34.330983,0.0 -99.209724,34.324935,0.0 -99.205824,34.320082,0.0 -99.206584,34.31696,0.0 -99.213476,34.310672,0.0 -99.2117284521077,34.3054011875413,0.0 -99.21025,34.300942,0.0 -99.211449,34.29275,0.0 -99.207766,34.283823,0.0 -99.200222,34.281152,0.0 -99.19626,34.281463,0.0 -99.194459,34.271881,0.0 -99.198017,34.262723,0.0 -99.1971286731115,34.2618250919941,0.0 -99.191805,34.256444,0.0 -99.197153,34.244298,0.0 -99.195553,34.24006,0.0 -99.191139,34.23234,0.0 -99.190146,34.22966,0.0 -99.190036,34.227186,0.0 -99.192076,34.222192,0.0 -99.192683,34.218825,0.0 -99.192104,34.216694,0.0 -99.189511,34.214312,0.0 -99.159016,34.20888,0.0 -99.156823,34.207214,0.0 -99.15134,34.207603,0.0 -99.147848,34.209444,0.0 -99.144481,34.213329,0.0 -99.143985,34.214763,0.0 -99.142471,34.215408,0.0 -99.141504,34.216655,0.0 -99.13918,34.217605,0.0 -99.13822,34.219159,0.0 -99.133397,34.219665,0.0 -99.130609,34.219408,0.0 -99.128514,34.218766,0.0 -99.127549,34.217986,0.0 -99.126799,34.217115,0.0 -99.126614,34.215329,0.0 -99.127525,34.213771,0.0 -99.13009,34.212192,0.0 -99.131553,34.209352,0.0 -99.131885,34.207382,0.0 -99.131168,34.205742,0.0 -99.129792,34.204403,0.0 -99.126567,34.203004,0.0 -99.1199699913805,34.2018777688667,0.0 -99.119204,34.201747,0.0 -99.116965,34.203729,0.0 -99.112844,34.205818,0.0 -99.1093,34.205453,0.0 -99.106301,34.204698,0.0 -99.102186,34.205483,0.0 -99.100249,34.208867,0.0 -99.097876,34.211019,0.0 -99.095271,34.211842,0.0 -99.092851,34.210742,0.0 -99.092191,34.209316,0.0 -99.088923,34.208475,0.0 -99.084609,34.209434,0.0 -99.079535,34.211518,0.0 -99.075978,34.211221,0.0 -99.066465,34.208404,0.0 -99.060344,34.204761,0.0 -99.059159,34.202929,0.0 -99.0588,34.201256,0.0 -99.058084,34.200569,0.0 -99.048792,34.198209,0.0 -99.043471,34.198208,0.0 -99.040962,34.200842,0.0 -99.039004,34.204667,0.0 -99.037459,34.206454,0.0 -99.036273,34.206912,0.0 -99.0279353408577,34.2055857666077,0.0 -99.013075,34.203222,0.0 -99.00579,34.206647,0.0 -99.002916,34.208782,0.0 -99.003433,34.214466,0.0 -99.000761,34.217643,0.0 -98.990852,34.221633,0.0 -98.987294,34.221223,0.0 -98.981364,34.217583,0.0 -98.978685,34.210231,0.0 -98.976587,34.206291,0.0 -98.974132,34.203566,0.0 -98.969003,34.201299,0.0 -98.966302,34.201323,0.0 -98.96247,34.204668,0.0 -98.962085,34.206386,0.0 -98.962307,34.211312,0.0 -98.960791,34.21303,0.0 -98.958475,34.213855,0.0 -98.952513,34.21265,0.0 -98.9523575349127,34.2125787665873,0.0 -98.950396,34.21168,0.0 -98.94022,34.203686,0.0 -98.928145,34.192689,0.0 -98.927456,34.191155,0.0 -98.9234311062024,34.1863394522324,0.0 -98.923129,34.185978,0.0 -98.920704,34.183435,0.0 -98.918333,34.181831,0.0 -98.909349,34.177499,0.0 -98.892146,34.172345,0.0 -98.888958,34.169406,0.0 -98.886037,34.167916,0.0 -98.881326,34.16735,0.0 -98.876291,34.167593,0.0 -98.874849,34.167522,0.0 -98.872922,34.166584,0.0 -98.871543,34.165027,0.0 -98.871211,34.163012,0.0 -98.872229,34.160446,0.0 -98.874955,34.157031,0.0 -98.874872,34.155657,0.0 -98.873271,34.153596,0.0 -98.868116,34.149635,0.0 -98.86255,34.149111,0.0 -98.860125,34.149913,0.0 -98.858419,34.152732,0.0 -98.8579,34.159627,0.0 -98.857322,34.161094,0.0 -98.855585,34.161621,0.0 -98.854184,34.161652,0.0 -98.851671,34.160294,0.0 -98.84966,34.159699,0.0 -98.847774,34.159949,0.0 -98.8469919765873,34.1597264813591,0.0 -98.844727,34.159082,0.0 -98.843542,34.158143,0.0 -98.842191,34.158051,0.0 -98.840676,34.157296,0.0 -98.83668,34.156495,0.0 -98.833346,34.159107,0.0 -98.832135,34.161787,0.0 -98.831115,34.162154,0.0 -98.815269,34.158101,0.0 -98.812954,34.158444,0.0 -98.80681,34.155901,0.0 -98.804413,34.153931,0.0 -98.799756,34.147883,0.0 -98.796203,34.142775,0.0 -98.792015,34.143736,0.0 -98.788405,34.146668,0.0 -98.779425,34.140232,0.0 -98.76557,34.136376,0.0 -98.761797,34.133785,0.0 -98.760558,34.132388,0.0 -98.759486,34.128882,0.0 -98.759653,34.126912,0.0 -98.757037,34.124633,0.0 -98.7537096045264,34.1244633225907,0.0 -98.7507600071388,34.1243129106403,0.0 -98.749291,34.124238,0.0 -98.741966,34.12553,0.0 -98.739461,34.127394,0.0 -98.737232,34.130992,0.0 -98.73682,34.133374,0.0 -98.735471,34.135208,0.0 -98.734287,34.135758,0.0 -98.73043,34.135917,0.0 -98.728502,34.135279,0.0 -98.725003,34.135463,0.0 -98.723626,34.135189,0.0 -98.722717,34.135281,0.0 -98.71922,34.13638,0.0 -98.717537,34.13645,0.0 -98.716104,34.135947,0.0 -98.714947,34.134847,0.0 -98.71423,34.133404,0.0 -98.71412,34.132144,0.0 -98.712467,34.13116,0.0 -98.70996,34.131549,0.0 -98.706132,34.134986,0.0 -98.703047,34.135903,0.0 -98.700182,34.135995,0.0 -98.696518,34.133521,0.0 -98.693405,34.13375,0.0 -98.690595,34.132972,0.0 -98.685627,34.136568,0.0 -98.68412,34.13879,0.0 -98.678693,34.142135,0.0 -98.677379,34.142537,0.0 -98.655655,34.158258,0.0 -98.650583,34.163113,0.0 -98.648073,34.164441,0.0 -98.643223,34.164531,0.0 -98.63573,34.161618,0.0 -98.621666,34.157195,0.0 -98.6186161579993,34.1567146174266,0.0 -98.616733,34.156418,0.0 -98.611829,34.156558,0.0 -98.6099870025661,34.1571540495728,0.0 -98.608853,34.157521,0.0 -98.603978,34.160249,0.0 -98.599789,34.160571,0.0 -98.58554,34.152328,0.0 -98.577136,34.148962,0.0 -98.572451,34.145091,0.0 -98.567215,34.138105,0.0 -98.560191,34.133202,0.0 -98.552836,34.133568,0.0 -98.551982,34.13295,0.0 -98.550522,34.132194,0.0 -98.550219,34.130132,0.0 -98.551046,34.127818,0.0 -98.551845,34.127131,0.0 -98.554324,34.126605,0.0 -98.556252,34.127727,0.0 -98.558593,34.128254,0.0 -98.560136,34.126926,0.0 -98.560977,34.124631,0.0 -98.560574,34.123567,0.0 -98.559557,34.123418,0.0 -98.558027,34.122856,0.0 -98.55682,34.121079,0.0 -98.55387,34.119542,0.0 -98.550917,34.119334,0.0 -98.536257,34.107343,0.0 -98.5282,34.094961,0.0 -98.516875,34.085984,0.0 -98.504149,34.072287,0.0 -98.494154,34.069825,0.0 -98.4888,34.066076,0.0 -98.486328,34.062598,0.0 -98.48204,34.06227,0.0 -98.471465,34.065665,0.0 -98.466002,34.073081,0.0 -98.462951,34.073836,0.0 -98.454665,34.072577,0.0 -98.449034,34.073462,0.0 -98.445784,34.076827,0.0 -98.443724,34.082152,0.0 -98.440092,34.084311,0.0 -98.42914,34.085564,0.0 -98.42523,34.084799,0.0 -98.423533,34.082843,0.0 -98.418805,34.082655,0.0 -98.4173555174827,34.0837398025157,0.0 -98.411587,34.088057,0.0 -98.409596,34.09407,0.0 -98.411511,34.098615,0.0 -98.411374,34.100324,0.0 -98.409318,34.101293,0.0 -98.406735,34.10114,0.0 -98.402158,34.098653,0.0 -98.399777,34.099973,0.0 -98.398389,34.104566,0.0 -98.39816,34.121396,0.0 -98.400494,34.121778,0.0 -98.400967,34.122236,0.0 -98.395024,34.131318,0.0 -98.388686,34.133217,0.0 -98.385271,34.13175,0.0 -98.382959,34.129549,0.0 -98.380865,34.130534,0.0 -98.379762,34.131174,0.0 -98.379927,34.132274,0.0 -98.381055,34.134771,0.0 -98.384965,34.136651,0.0 -98.386232,34.137728,0.0 -98.387084,34.140912,0.0 -98.38485,34.143844,0.0 -98.384546,34.145997,0.0 -98.381651,34.149202,0.0 -98.376911,34.150552,0.0 -98.374461,34.150758,0.0 -98.370495,34.152135,0.0 -98.367494,34.156191,0.0 -98.365621,34.156993,0.0 -98.364023,34.157109,0.0 -98.3481544432287,34.1546064260097,0.0 -98.325445,34.151025,0.0 -98.32258,34.14972,0.0 -98.31875,34.146421,0.0 -98.300209,34.134579,0.0 -98.293901,34.13302,0.0 -98.280321,34.13075,0.0 -98.276878,34.131046,0.0 -98.272994,34.132213,0.0 -98.271561,34.132282,0.0 -98.268972,34.131616,0.0 -98.268338,34.131662,0.0 -98.2676640848058,34.1318531679204,0.0 -98.267291,34.131959,0.0 -98.266217,34.132051,0.0 -98.2617,34.131568,0.0 -98.257955,34.129825,0.0 -98.256467,34.129481,0.0 -98.247954,34.130717,0.0 -98.241013,34.133103,0.0 -98.231042,34.134023,0.0 -98.2236,34.125093,0.0 -98.216463,34.121821,0.0 -98.203711,34.117676,0.0 -98.200075,34.116783,0.0 -98.191455,34.115753,0.0 -98.16912,34.114171,0.0 -98.157412,34.120467,0.0 -98.154354,34.122734,0.0 -98.142754,34.136359,0.0 -98.1389788043646,34.1418054010562,0.0 -98.13677,34.144992,0.0 -98.130816,34.150532,0.0 -98.123377,34.15454,0.0 -98.114506,34.154727,0.0 -98.109462,34.154111,0.0 -98.101937,34.14683,0.0 -98.100558,34.142135,0.0 -98.103172,34.135194,0.0 -98.100498,34.131369,0.0 -98.0976572661913,34.1315615523919,0.0 -98.0935999280227,34.1318365694197,0.0 -98.092015,34.131944,0.0 -98.089755,34.128211,0.0 -98.09066,34.12198,0.0 -98.092421,34.116917,0.0 -98.0932435809557,34.1151702735879,0.0 -98.095118,34.11119,0.0 -98.099328,34.104295,0.0 -98.104309,34.0982,0.0 -98.119417,34.084474,0.0 -98.121039,34.081266,0.0 -98.120903175153,34.0797722535778,0.0 -98.120208,34.072127,0.0 -98.11803,34.067065,0.0 -98.114587,34.06228,0.0 -98.099096,34.048639,0.0 -98.083839,34.041719,0.0 -98.0838358501256,34.0411690753691,0.0 -98.08381,34.036656,0.0 -98.092366,34.033929,0.0 -98.098001,34.03824,0.0 -98.103538,34.03853,0.0 -98.106261,34.034154,0.0 -98.098442,34.023918,0.0 -98.089555,34.01927,0.0 -98.082676,34.010796,0.0 -98.088203,34.005481,0.0 -98.08526,34.003259,0.0 -98.082839,34.002412,0.0 -98.055197,33.995841,0.0 -98.041117,33.993456,0.0 -98.027672,33.993357,0.0 -98.019485,33.993804,0.0 -98.005667,33.995964,0.0 -97.9997043883387,33.9972228061929,0.0 -97.987388,33.999823,0.0 -97.982806,34.001949,0.0 -97.978243,34.005387,0.0 -97.974173,34.006716,0.0 -97.97167,34.005434,0.0 -97.96834,34.00053,0.0 -97.963028,33.994235,0.0 -97.958325,33.990846,0.0 -97.95585,33.990136,0.0 -97.952688,33.990114,0.0 -97.947572,33.991053,0.0 -97.946473,33.990732,0.0 -97.94573,33.989839,0.0 -97.94595,33.988396,0.0 -97.956917,33.958502,0.0 -97.960351,33.951928,0.0 -97.965737,33.947392,0.0 -97.972662,33.944527,0.0 -97.9733359764944,33.9437709509212,0.0 -97.974173,33.942832,0.0 -97.974062,33.940289,0.0 -97.972494,33.937907,0.0 -97.971175,33.937129,0.0 -97.965953,33.936191,0.0 -97.963425,33.936237,0.0 -97.955511,33.938186,0.0 -97.954467,33.937774,0.0 -97.953395,33.936445,0.0 -97.952679,33.929482,0.0 -97.953695,33.924373,0.0 -97.957155,33.914454,0.0 -97.960615,33.910354,0.0 -97.964461,33.907398,0.0 -97.969873,33.905999,0.0 -97.973143,33.908014,0.0 -97.976963,33.912549,0.0 -97.978804,33.912548,0.0 -97.979985,33.911402,0.0 -97.983552,33.904002,0.0 -97.98454,33.900703,0.0 -97.984566,33.899077,0.0 -97.9844306703185,33.8987582875632,0.0 -97.983769,33.8972,0.0 -97.9796999964476,33.8921939551897,0.0 -97.977859,33.889929,0.0 -97.9778078897427,33.8898833742718,0.0 -97.974178,33.886643,0.0 -97.967777,33.88243,0.0 -97.958438,33.879179,0.0 -97.951215,33.878424,0.0 -97.946464,33.878883,0.0 -97.94273,33.879845,0.0 -97.938802,33.879891,0.0 -97.936743,33.879204,0.0 -97.905467,33.863531,0.0 -97.896738,33.857985,0.0 -97.88938,33.856426,0.0 -97.883204,33.854362,0.0 -97.877387,33.850236,0.0 -97.871447,33.849001,0.0 -97.865765,33.849393,0.0 -97.860927,33.850594,0.0 -97.8537011537649,33.8529480131017,0.0 -97.849502,33.854316,0.0 -97.843256,33.856838,0.0 -97.841581,33.856272,0.0 -97.8388,33.856933,0.0 -97.834333,33.857671,0.0 -97.830871,33.861793,0.0 -97.826176,33.864536,0.0 -97.822106,33.867961,0.0 -97.819023,33.869908,0.0 -97.819205,33.872193,0.0 -97.819236,33.879091,0.0 -97.816426,33.882081,0.0 -97.813991,33.881757,0.0 -97.812508,33.881153,0.0 -97.809771,33.877699,0.0 -97.807499,33.876401,0.0 -97.805423,33.877167,0.0 -97.80263,33.879971,0.0 -97.801439,33.886306,0.0 -97.801656,33.890034,0.0 -97.80198,33.894254,0.0 -97.801135,33.89659,0.0 -97.797761,33.899286,0.0 -97.793691,33.899658,0.0 -97.790781,33.898312,0.0 -97.789808,33.894741,0.0 -97.788022,33.89182,0.0 -97.784702,33.890636,0.0 -97.782341,33.892306,0.0 -97.780069,33.89539,0.0 -97.779683,33.899243,0.0 -97.78034,33.904833,0.0 -97.786075,33.913244,0.0 -97.786075,33.914867,0.0 -97.785101,33.916815,0.0 -97.782179,33.919087,0.0 -97.779702,33.919721,0.0 -97.775525,33.918113,0.0 -97.772672,33.914382,0.0 -97.76377,33.914241,0.0 -97.760224,33.917194,0.0 -97.759399,33.91882,0.0 -97.759834,33.92521,0.0 -97.762661,33.930846,0.0 -97.762768,33.934396,0.0 -97.752957,33.937049,0.0 -97.738478,33.937421,0.0 -97.736554,33.936575,0.0 -97.733723,33.936392,0.0 -97.732267,33.936691,0.0 -97.7260679705227,33.9405589527578,0.0 -97.725289,33.941045,0.0 -97.7209587212683,33.9444112998101,0.0 -97.716772,33.947666,0.0 -97.709684,33.954997,0.0 -97.704159,33.963336,0.0 -97.697921,33.977331,0.0 -97.69311,33.983699,0.0 -97.688023,33.986607,0.0 -97.6729707079592,33.9910186710966,0.0 -97.671772,33.99137,0.0 -97.661489,33.990818,0.0 -97.65621,33.989488,0.0 -97.633778,33.981257,0.0 -97.6306726029511,33.9794328955086,0.0 -97.624573,33.97585,0.0 -97.623005,33.97395,0.0 -97.615553,33.969556,0.0 -97.609091,33.968093,0.0 -97.606038,33.965002,0.0 -97.604389,33.963811,0.0 -97.604333,33.962758,0.0 -97.600968,33.960656,0.0 -97.600896,33.958888,0.0 -97.599466,33.956323,0.0 -97.5962,33.954521,0.0 -97.590422,33.954104,0.0 -97.588828,33.951882,0.0 -97.591409,33.948057,0.0 -97.591739,33.946614,0.0 -97.594046,33.944598,0.0 -97.59542,33.941436,0.0 -97.595419,33.938917,0.0 -97.593302,33.933924,0.0 -97.591213,33.931245,0.0 -97.591514,33.9282,0.0 -97.595084,33.922954,0.0 -97.596155,33.922106,0.0 -97.596979,33.920228,0.0 -97.597115,33.917868,0.0 -97.596289,33.913769,0.0 -97.593676,33.910112,0.0 -97.592035,33.910137,0.0 -97.590931,33.909602,0.0 -97.589667,33.906601,0.0 -97.589172,33.904884,0.0 -97.589254,33.903922,0.0 -97.587441,33.902479,0.0 -97.5859323221287,33.9018123222357,0.0 -97.5858025554111,33.9017549789242,0.0 -97.582777,33.900418,0.0 -97.581078,33.899679,0.0 -97.581068119482,33.8996774730708,0.0 -97.578082,33.899216,0.0 -97.572503,33.899256,0.0 -97.5723828248796,33.8993233526348,0.0 -97.568715,33.901379,0.0 -97.566956,33.901583,0.0 -97.562788,33.900925,0.0 -97.5608977260312,33.8995888009747,0.0 -97.56055,33.899343,0.0 -97.559917,33.897603,0.0 -97.55827,33.897099,0.0 -97.555002,33.897282,0.0 -97.551541,33.897947,0.0 -97.543246,33.901289,0.0 -97.532723,33.906577,0.0 -97.525277,33.911751,0.0 -97.519171,33.913638,0.0 -97.5174446404745,33.9142072597304,0.0 -97.5099279122316,33.916685868983,0.0 -97.50096,33.919643,0.0 -97.494858,33.919258,0.0 -97.486505,33.916994,0.0 -97.48403724377,33.9157618691195,0.0 -97.4611287310089,33.9043238325516,0.0 -97.460376,33.903948,0.0 -97.458069,33.901635,0.0 -97.450954,33.891398,0.0 -97.451469,33.87093,0.0 -97.457617,33.855126,0.0 -97.461486,33.84956,0.0 -97.462857,33.841772,0.0 -97.459068,33.834581,0.0 -97.453057,33.828536,0.0 -97.444193,33.823773,0.0 -97.426493,33.819398,0.0 -97.410387,33.818845,0.0 -97.4033285787733,33.8189597940642,0.0 -97.372941,33.819454,0.0 -97.365507,33.823763,0.0 -97.358513,33.830018,0.0 -97.348338,33.843876,0.0 -97.339202,33.862063,0.0 -97.335915,33.879168,0.0 -97.332457,33.884253,0.0 -97.325812,33.883888,0.0 -97.32345,33.87846,0.0 -97.333382,33.864148,0.0 -97.334616,33.857231,0.0 -97.3298198749724,33.8557669883345,0.0 -97.328729,33.855434,0.0 -97.323947,33.858986,0.0 -97.318243,33.865121,0.0 -97.315035584309,33.866685347914,0.0 -97.314413,33.866989,0.0 -97.309946,33.874449,0.0 -97.309846,33.883003,0.0 -97.310143,33.888532,0.0 -97.305565,33.886435,0.0 -97.294227,33.876412,0.0 -97.285983,33.868526,0.0 -97.279108,33.864555,0.0 -97.275348,33.863225,0.0 -97.275607,33.858168,0.0 -97.270314,33.858221,0.0 -97.265087,33.862413,0.0 -97.256625,33.863286,0.0 -97.254235,33.865323,0.0 -97.249209,33.875101,0.0 -97.24618,33.900344,0.0 -97.244946,33.903092,0.0 -97.243983023282,33.9041666604229,0.0 -97.242092,33.906277,0.0 -97.226522,33.914642,0.0 -97.210921,33.916064,0.0 -97.206141,33.91428,0.0 -97.1898531541979,33.9035857609635,0.0 -97.185458,33.9007,0.0 -97.1814903420956,33.8959728706173,0.0 -97.180845,33.895204,0.0 -97.179609,33.89225,0.0 -97.1725478642641,33.8678031295196,0.0 -97.166629,33.847311,0.0 -97.166824,33.840395,0.0 -97.171627,33.835335,0.0 -97.18137,33.831375,0.0 -97.186254,33.830894,0.0 -97.19369,33.831307,0.0 -97.1997,33.827322,0.0 -97.203514,33.821825,0.0 -97.204939,33.815229,0.0 -97.205705,33.802908,0.0 -97.200492,33.793198,0.0 -97.190809,33.781772,0.0 -97.187724,33.769831,0.0 -97.192817,33.761169,0.0 -97.185325,33.755503,0.0 -97.181843,33.75587,0.0 -97.172192,33.737545,0.0 -97.163149,33.729322,0.0 -97.1628103273886,33.7291175310722,0.0 -97.155066,33.724442,0.0 -97.149394,33.721967,0.0 -97.13753,33.718664,0.0 -97.126102,33.716941,0.0 -97.121102,33.717174,0.0 -97.113265,33.718804,0.0 -97.108936,33.720294,0.0 -97.104525,33.722608,0.0 -97.1004494293666,33.7254837350243,0.0 -97.097154,33.727809,0.0 -97.094085,33.730992,0.0 -97.091072,33.735115,0.0 -97.086195,33.743933,0.0 -97.0859635968142,33.7453525399161,0.0 -97.084693,33.753147,0.0 -97.084613,33.759993,0.0 -97.085218,33.765512,0.0 -97.087852,33.774099,0.0 -97.093917,33.789052,0.0 -97.095236,33.794136,0.0 -97.094771,33.798532,0.0 -97.092112,33.804097,0.0 -97.087999,33.808747,0.0 -97.07859,33.812756,0.0 -97.067977,33.814476,0.0 -97.062632,33.816079,0.0 -97.054926,33.816412,0.0 -97.0526945876577,33.8167555980067,0.0 -97.048146,33.817456,0.0 -97.049316,33.829794,0.0 -97.053024,33.833884,0.0 -97.058343,33.836764,0.0 -97.069486,33.839412,0.0 -97.08345,33.840456,0.0 -97.087731,33.841956,0.0 -97.090479,33.844841,0.0 -97.089464,33.849847,0.0 -97.087247,33.853448,0.0 -97.0867195241222,33.8536845157192,0.0 -97.075621,33.858661,0.0 -97.068071,33.860465,0.0 -97.059826,33.858404,0.0 -97.055838,33.855741,0.0 -97.050952,33.846568,0.0 -97.046126,33.83956,0.0 -97.041245,33.837761,0.0 -97.038858,33.838264,0.0 -97.0290486529474,33.8428336240719,0.0 -97.021438,33.846379,0.0 -97.009856,33.859762,0.0 -96.997088,33.871017,0.0 -96.991897642823,33.8796222621588,0.0 -96.988043,33.886013,0.0 -96.983835,33.890949,0.0 -96.984939,33.904866,0.0 -96.988745,33.918468,0.0 -96.993997,33.928979,0.0 -96.995023,33.932035,0.0 -96.996183,33.941728,0.0 -96.995368,33.947302,0.0 -96.994288,33.949206,0.0 -96.990835,33.952701,0.0 -96.987892,33.954671,0.0 -96.981337,33.956378,0.0 -96.979415,33.956178,0.0 -96.979347,33.95513,0.0 -96.980676,33.951814,0.0 -96.981031,33.94916,0.0 -96.979818,33.941588,0.0 -96.976955,33.937453,0.0 -96.973807,33.935697,0.0 -96.972542,33.935795,0.0 -96.952313,33.944582,0.0 -96.944611,33.949217,0.0 -96.9347906714179,33.9543587870584,0.0 -96.934817,33.983975,0.0 -96.934833,34.01293,0.0 -96.969736,34.012953,0.0 -96.969627,34.07102,0.0 -96.968067,34.071001,0.0 -96.968222,34.099992,0.0 -96.968296,34.100944,0.0 -96.968389,34.111874,0.0 -96.968278,34.114503,0.0 -96.968424,34.172684,0.0 -96.933503,34.172748,0.0 -96.933493,34.179987,0.0 -96.93348,34.190936,0.0 -96.933466,34.2019,0.0 -96.933448,34.214517,0.0 -96.933443,34.214565,0.0 -96.933256,34.226968,0.0 -96.933411,34.245662,0.0 -96.933305,34.332561,0.0 -96.933006,34.332664,0.0 -96.881005,34.332977,0.0 -96.880802,34.433745,0.0 -96.880812,34.455496,0.0 -96.88079,34.506053,0.0 -96.861384,34.506023,0.0 -96.859509,34.506128,0.0 -96.829273,34.506062,0.0 -96.827343,34.506062,0.0 -96.758374,34.505841,0.0 -96.757536,34.505947,0.0 -96.740376,34.505903,0.0 -96.695033,34.505806,0.0 -96.676373,34.505783,0.0 -96.629008,34.505692,0.0 -96.6284,34.505719,0.0 -96.565979,34.505484,0.0 -96.513787,34.505396,0.0 -96.512099,34.505562,0.0 -96.512085,34.512686,0.0 -96.512057,34.540132,0.0 -96.512208,34.544942,0.0 -96.512133,34.545333,0.0 -96.512087,34.592825,0.0 -96.512165,34.610586,0.0 -96.512183,34.642321,0.0 -96.512171,34.680065,0.0 -96.452769,34.680077,0.0 -96.427559,34.680204,0.0 -96.425625,34.680045,0.0 -96.406357,34.680023,0.0 -96.40645,34.684263,0.0 -96.406229,34.694665,0.0 -96.406501,34.695904,0.0 -96.406489,34.737995,0.0 -96.406515,34.745524,0.0 -96.406522,34.747443,0.0 -96.406483,34.767328,0.0 -96.406256,34.852424,0.0 -96.40619,34.852958,0.0 -96.406184,34.869116,0.0 -96.406203,34.872721,0.0 -96.406212,34.876404,0.0 -96.406189,34.877936,0.0 -96.406168,34.879995,0.0 -96.406167,34.883603,0.0 -96.406171,34.898103,0.0 -96.406255,34.898868,0.0 -96.406163,34.900446,0.0 -96.406135,34.934191,0.0 -96.409568,34.92945,0.0 -96.40976,34.926093,0.0 -96.409285,34.925081,0.0 -96.410831,34.923692,0.0 -96.410689,34.92214,0.0 -96.413669,34.916382,0.0 -96.413781,34.915619,0.0 -96.417798,34.911726,0.0 -96.417475,34.909652,0.0 -96.418412,34.907851,0.0 -96.420933,34.907441,0.0 -96.424701,34.903687,0.0 -96.426871,34.903128,0.0 -96.431013,34.903468,0.0 -96.431551,34.90258,0.0 -96.435587,34.90228,0.0 -96.437203,34.903049,0.0 -96.437214,34.904774,0.0 -96.442593,34.906398,0.0 -96.444728,34.907632,0.0 -96.444865,34.909086,0.0 -96.449677,34.910678,0.0 -96.452101,34.91212,0.0 -96.45663,34.915262,0.0 -96.460367,34.916499,0.0 -96.46108,34.915636,0.0 -96.463893,34.915898,0.0 -96.465716,34.915223,0.0 -96.475939,34.916375,0.0 -96.478095,34.916352,0.0 -96.486483,34.912986,0.0 -96.490786,34.910585,0.0 -96.494387,34.907385,0.0 -96.496887,34.904585,0.0 -96.497987,34.902685,0.0 -96.498487,34.899085,0.0 -96.499607,34.896974,0.0 -96.500287,34.893465,0.0 -96.502224,34.891874,0.0 -96.504508,34.888181,0.0 -96.506187,34.886485,0.0 -96.510486,34.87862,0.0 -96.512599,34.875466,0.0 -96.514587,34.873386,0.0 -96.516987,34.871586,0.0 -96.519886,34.870187,0.0 -96.521486,34.869887,0.0 -96.528587,34.869586,0.0 -96.530287,34.869985,0.0 -96.533787,34.872184,0.0 -96.543762,34.880097,0.0 -96.545984,34.88227,0.0 -96.549579,34.887112,0.0 -96.551767,34.890914,0.0 -96.552962,34.893613,0.0 -96.555888,34.898084,0.0 -96.556588,34.900884,0.0 -96.556288,34.904584,0.0 -96.555288,34.907484,0.0 -96.555389,34.911284,0.0 -96.556889,34.914184,0.0 -96.564089,34.917284,0.0 -96.568689,34.916584,0.0 -96.571889,34.916784,0.0 -96.577089,34.916584,0.0 -96.578489,34.915984,0.0 -96.584188,34.91219,0.0 -96.589138,34.909968,0.0 -96.590363,34.909168,0.0 -96.592689,34.907584,0.0 -96.59579,34.905984,0.0 -96.59879,34.904884,0.0 -96.603224,34.903707,0.0 -96.61319,34.900484,0.0 -96.61649,34.899684,0.0 -96.62189,34.898984,0.0 -96.62529,34.898984,0.0 -96.63319,34.898584,0.0 -96.636791,34.898784,0.0 -96.640791,34.899484,0.0 -96.64449,34.900583,0.0 -96.64599,34.901384,0.0 -96.64949,34.905282,0.0 -96.65309,34.91038,0.0 -96.655491,34.915083,0.0 -96.657992,34.920983,0.0 -96.659292,34.923083,0.0 -96.662092,34.925883,0.0 -96.665392,34.928383,0.0 -96.667692,34.929583,0.0 -96.683574,34.933035,0.0 -96.691967,34.933314,0.0 -96.694154,34.932792,0.0 -96.699488,34.930273,0.0 -96.702526,34.928152,0.0 -96.704596,34.926281,0.0 -96.706493,34.923983,0.0 -96.708093,34.921083,0.0 -96.711492,34.916282,0.0 -96.712092,34.913883,0.0 -96.711578,34.912359,0.0 -96.710934,34.911715,0.0 -96.70353,34.909305,0.0 -96.701728,34.908266,0.0 -96.700615,34.906908,0.0 -96.695689,34.903614,0.0 -96.693452,34.901257,0.0 -96.690144,34.896272,0.0 -96.689192,34.895583,0.0 -96.686992,34.891283,0.0 -96.686303,34.888546,0.0 -96.68647,34.883185,0.0 -96.687292,34.880984,0.0 -96.690407,34.874997,0.0 -96.694936,34.870623,0.0 -96.694103,34.870068,0.0 -96.694182,34.868495,0.0 -96.697992,34.866884,0.0 -96.703792,34.863384,0.0 -96.710093,34.860883,0.0 -96.712395,34.859681,0.0 -96.720071,34.857461,0.0 -96.722891,34.856782,0.0 -96.727591,34.857182,0.0 -96.729391,34.857582,0.0 -96.733692,34.859684,0.0 -96.737034,34.862925,0.0 -96.740393,34.866883,0.0 -96.742093,34.869383,0.0 -96.747193,34.881783,0.0 -96.748793,34.890283,0.0 -96.750094,34.892983,0.0 -96.755517,34.899809,0.0 -96.760654,34.90084,0.0 -96.763407,34.90038,0.0 -96.767529,34.900652,0.0 -96.771534,34.900248,0.0 -96.772561,34.900638,0.0 -96.775681,34.899958,0.0 -96.779972,34.898853,0.0 -96.785069,34.899145,0.0 -96.790595,34.900834,0.0 -96.797711,34.905132,0.0 -96.798583,34.905939,0.0 -96.799966,34.910463,0.0 -96.799876,34.915334,0.0 -96.799378,34.919972,0.0 -96.797866,34.924425,0.0 -96.798364,34.92757,0.0 -96.798208,34.929992,0.0 -96.799818,34.932119,0.0 -96.801742,34.933548,0.0 -96.803857,34.936712,0.0 -96.807171,34.939512,0.0 -96.809899,34.940967,0.0 -96.811774,34.943504,0.0 -96.813452,34.944649,0.0 -96.817509,34.946329,0.0 -96.819333,34.946591,0.0 -96.821488,34.946112,0.0 -96.825779,34.943368,0.0 -96.830772,34.941908,0.0 -96.834995,34.939427,0.0 -96.837102,34.937798,0.0 -96.841374,34.933797,0.0 -96.846207,34.931504,0.0 -96.849442,34.929689,0.0 -96.853051,34.928819,0.0 -96.860976,34.93008,0.0 -96.868097,34.929415,0.0 -96.86994,34.928823,0.0 -96.872037,34.927481,0.0 -96.876318,34.926029,0.0 -96.8854,34.926251,0.0 -96.887362,34.926849,0.0 -96.889965,34.929461,0.0 -96.890528,34.932617,0.0 -96.892283,34.934868,0.0 -96.894458,34.939079,0.0 -96.896838,34.94219,0.0 -96.899456,34.943059,0.0 -96.902189,34.9448,0.0 -96.903156,34.946092,0.0 -96.910609,34.958659,0.0 -96.911243,34.959177,0.0 -96.913952,34.959045,0.0 -96.915119,34.960426,0.0 -96.917914,34.962419,0.0 -96.921288,34.963986,0.0 -96.928271,34.965213,0.0 -96.929872,34.965109,0.0 -96.930586,34.964364,0.0 -96.934827,34.96282,0.0 -96.936998,34.962579,0.0 -96.941598,34.960879,0.0 -96.946455,34.95854,0.0 -96.947785,34.957414,0.0 -96.957037,34.950979,0.0 -96.957372,34.948836,0.0 -96.958841,34.94695,0.0 -96.958912,34.94587,0.0 -96.963937,34.940615,0.0 -96.965822,34.939058,0.0 -96.964976,34.938149,0.0 -96.967349,34.934669,0.0 -96.97085,34.934338,0.0 -96.9727,34.935412,0.0 -96.974944,34.934269,0.0 -96.976236,34.932075,0.0 -96.975062,34.930147,0.0 -96.97793,34.925628,0.0 -96.983308,34.921475,0.0 -96.987811,34.920338,0.0 -96.98934,34.918291,0.0 -96.993632,34.915827,0.0 -96.995926,34.914937,0.0 -97.000515,34.914276,0.0 -97.004481,34.912105,0.0 -97.008691,34.910576,0.0 -97.01368,34.907953,0.0 -97.01593,34.907348,0.0 -97.018931,34.908599,0.0 -97.020322,34.90967,0.0 -97.025946,34.912329,0.0 -97.030396,34.912057,0.0 -97.035808,34.912893,0.0 -97.037171,34.913496,0.0 -97.043208,34.915212,0.0 -97.047008,34.91674,0.0 -97.049468,34.918256,0.0 -97.050536,34.920018,0.0 -97.052477,34.921254,0.0 -97.054821,34.921406,0.0 -97.060604,34.921256,0.0 -97.069318,34.919686,0.0 -97.07179,34.91986,0.0 -97.07526,34.922434,0.0 -97.07972,34.928922,0.0 -97.082718,34.930449,0.0 -97.085537,34.931359,0.0 -97.087557,34.931538,0.0 -97.092191,34.931074,0.0 -97.096821,34.930918,0.0 -97.098636,34.929624,0.0 -97.10035,34.929615,0.0 -97.101296,34.930324,0.0 -97.106021,34.9329,0.0 -97.110449,34.934362,0.0 -97.114,34.935101,0.0 -97.116794,34.935173,0.0 -97.124031,34.934113,0.0 -97.128744,34.934035,0.0 -97.132867,34.934642,0.0 -97.134932,34.932594,0.0 -97.134465,34.930375,0.0 -97.132842,34.928091,0.0 -97.132431,34.926168,0.0 -97.133689,34.924693,0.0 -97.135805,34.924399,0.0 -97.139757,34.927137,0.0 -97.142349,34.928176,0.0 -97.142314,35.012048,0.0 -97.142084,35.014818,0.0 -97.142067,35.018795,0.0 -97.142314,35.021853,0.0 -97.142185,35.072672,0.0 -97.142185,35.072791,0.0 -97.142136,35.087289,0.0 -97.142091,35.101716,0.0 -97.142068,35.130726,0.0 -97.142068,35.130741,0.0 -97.142069,35.137995,0.0 -97.142056,35.145099,0.0 -97.14206,35.145213,0.0 -97.14206,35.159632,0.0 -97.142061,35.166838,0.0 -97.142133,35.185093,0.0 -97.142139,35.188903,0.0 -97.141722,35.203044,0.0 -97.141725,35.210284,0.0 -97.141687,35.22283,0.0 -97.141904,35.232173,0.0 -97.141943,35.24668,0.0 -97.141946,35.247356,0.0 -97.141987,35.26814,0.0 -97.141827,35.289748,0.0 -97.141923,35.304097,0.0 -97.141932,35.304445,0.0 -97.141944,35.3187,0.0 -97.141941,35.318722,0.0 -97.142026,35.33321,0.0 -97.142031,35.340675,0.0 -97.142024,35.347775,0.0 -97.14197,35.35502,0.0 -97.142097,35.362336,0.0 -97.142115,35.376234,0.0 -97.142114,35.37686,0.0 -97.159456,35.377088,0.0 -97.159789,35.377093,0.0 -97.195129,35.377057,0.0 -97.212858,35.37714,0.0 -97.230487,35.377174,0.0 -97.238846,35.377288,0.0 -97.23904,35.377286,0.0 -97.264998,35.377368,0.0 -97.300174,35.377322,0.0 -97.317737,35.377286,0.0 -97.317832,35.377286,0.0 -97.335525,35.377225,0.0 -97.335633,35.406321,0.0 -97.335555,35.418914,0.0 -97.335041,35.420125,0.0 -97.334669,35.421488,0.0 -97.335629,35.424043,0.0 -97.335692,35.427759,0.0 -97.335661,35.435388,0.0 -97.335727,35.435387,0.0 -97.335729,35.436254,0.0 -97.335725,35.449892,0.0 -97.335642,35.464056,0.0 -97.3356,35.471202,0.0 -97.335585,35.478546,0.0 -97.344417,35.478555,0.0 -97.353112,35.478539,0.0 -97.353102,35.486759,0.0 -97.353103,35.486875,0.0 -97.353111,35.487701,0.0 -97.354573,35.487747,0.0 -97.354578,35.489366,0.0 -97.355432,35.487779,0.0 -97.357128,35.48937,0.0 -97.362626,35.489368,0.0 -97.362999,35.493015,0.0 -97.370824,35.493057,0.0 -97.37976,35.49306,0.0 -97.388623,35.493106,0.0 -97.395235,35.49309,0.0 -97.397494,35.49312,0.0 -97.397613,35.493122,0.0 -97.397755,35.493123,0.0 -97.406158,35.49319,0.0 -97.406327,35.49319,0.0 -97.406496,35.493191,0.0 -97.414098,35.49319,0.0 -97.416239,35.493189,0.0 -97.424126,35.493196,0.0 -97.424125,35.493062,0.0 -97.424017,35.485149,0.0 -97.424002,35.479497,0.0 -97.423986,35.478674,0.0 -97.425122,35.478673,0.0 -97.433252,35.478679,0.0 -97.441574,35.47868,0.0 -97.444649,35.47867,0.0 -97.451535,35.475381,0.0 -97.4561,35.471383,0.0 -97.457747,35.469732,0.0 -97.459005,35.468912,0.0 -97.45899,35.466686,0.0 -97.459179,35.464115,0.0 -97.45917,35.461281,0.0 -97.459053,35.460374,0.0 -97.459205,35.451601,0.0 -97.459203,35.449978,0.0 -97.459203,35.449757,0.0 -97.459207,35.44028,0.0 -97.459208,35.43525,0.0 -97.459202,35.427789,0.0 -97.459201,35.426238,0.0 -97.459196,35.42081,0.0 -97.452688,35.420788,0.0 -97.451825,35.420785,0.0 -97.450503,35.42078,0.0 -97.44131,35.420749,0.0 -97.435566,35.420746,0.0 -97.434808,35.420745,0.0 -97.423897,35.420739,0.0 -97.423569,35.420739,0.0 -97.423579,35.416847,0.0 -97.423613,35.406272,0.0 -97.423555,35.391061,0.0 -97.423588,35.38437,0.0 -97.423587,35.384138,0.0 -97.423566,35.377316,0.0 -97.433236,35.377293,0.0 -97.441222,35.377274,0.0 -97.459227,35.37734,0.0 -97.476985,35.377316,0.0 -97.495108,35.377266,0.0 -97.50349,35.377241,0.0 -97.503515,35.377241,0.0 -97.512402,35.377213,0.0 -97.512417,35.377213,0.0 -97.521258,35.377181,0.0 -97.530106,35.377148,0.0 -97.530138,35.377148,0.0 -97.538975,35.37714,0.0 -97.54438,35.377135,0.0 -97.547826,35.377131,0.0 -97.547863,35.377131,0.0 -97.559176,35.377113,0.0 -97.565552,35.377103,0.0 -97.565564,35.377103,0.0 -97.570116,35.377111,0.0 -97.57501,35.377124,0.0 -97.636094,35.377129,0.0 -97.662295,35.377147,0.0 -97.671369,35.377151,0.0 -97.671356,35.348123,0.0 -97.671463,35.346896,0.0 -97.671415,35.337465,0.0 -97.671414,35.335946,0.0 -97.678473,35.334974,0.0 -97.67933,35.334806,0.0 -97.685054,35.334301,0.0 -97.686718,35.333837,0.0 -97.689742,35.332237,0.0 -97.696478,35.327437,0.0 -97.701858,35.326244,0.0 -97.705267,35.325327,0.0 -97.706291,35.324973,0.0 -97.708158,35.324732,0.0 -97.711349,35.324854,0.0 -97.713112,35.325464,0.0 -97.713793,35.327934,0.0 -97.71561,35.328277,0.0 -97.718065,35.328178,0.0 -97.718427,35.328534,0.0 -97.720035,35.328515,0.0 -97.721528,35.327137,0.0 -97.723562,35.326589,0.0 -97.723816,35.326515,0.0 -97.724708,35.325832,0.0 -97.736282,35.323843,0.0 -97.737305,35.323762,0.0 -97.74631,35.328354,0.0 -97.748667,35.329364,0.0 -97.751084,35.331299,0.0 -97.751984,35.334284,0.0 -97.756641,35.338759,0.0 -97.76087,35.340304,0.0 -97.761499,35.340347,0.0 -97.763905,35.340848,0.0 -97.767841,35.345084,0.0 -97.769273,35.34565,0.0 -97.772406,35.345577,0.0 -97.773914,35.34335,0.0 -97.774708,35.339421,0.0 -97.777567,35.337087,0.0 -97.781189,35.336107,0.0 -97.783591,35.336286,0.0 -97.786078,35.337162,0.0 -97.788319,35.336643,0.0 -97.789632,35.333349,0.0 -97.790427,35.332921,0.0 -97.792022,35.332702,0.0 -97.793821,35.334911,0.0 -97.794681,35.336632,0.0 -97.796719,35.339105,0.0 -97.799298,35.339096,0.0 -97.803156,35.33966,0.0 -97.807186,35.340846,0.0 -97.809945,35.339961,0.0 -97.812111,35.338254,0.0 -97.812129,35.333788,0.0 -97.814696,35.333944,0.0 -97.81983,35.335347,0.0 -97.821806,35.335179,0.0 -97.824961,35.333741,0.0 -97.8256,35.333763,0.0 -97.827436,35.334384,0.0 -97.828705,35.334359,0.0 -97.832345,35.334697,0.0 -97.833675,35.335362,0.0 -97.837731,35.334768,0.0 -97.841333,35.33453,0.0 -97.843907,35.335383,0.0 -97.848416,35.337714,0.0 -97.853669,35.341097,0.0 -97.856847,35.344955,0.0 -97.857147,35.346158,0.0 -97.856816,35.35127,0.0 -97.857101,35.354256,0.0 -97.857752,35.356264,0.0 -97.85965,35.359518,0.0 -97.862805,35.36183,0.0 -97.865604,35.36234,0.0 -97.869899,35.362522,0.0 -97.871665,35.362029,0.0 -97.873169,35.360868,0.0 -97.873335,35.356844,0.0 -97.873923,35.355984,0.0 -97.875691,35.355868,0.0 -97.876702,35.355482,0.0 -97.879703,35.356186,0.0 -97.881925,35.355977,0.0 -97.883613,35.356445,0.0 -97.88496,35.355821,0.0 -97.884098,35.349012,0.0 -97.88712,35.347391,0.0 -97.890062,35.347056,0.0 -97.894086,35.347026,0.0 -97.897341,35.344868,0.0 -97.899664,35.344114,0.0 -97.901203,35.344323,0.0 -97.903086,35.345404,0.0 -97.903516,35.34914,0.0 -97.902122,35.350948,0.0 -97.901566,35.353442,0.0 -97.903133,35.355574,0.0 -97.904831,35.356076,0.0 -97.907013,35.355871,0.0 -97.911368,35.353145,0.0 -97.914581,35.352403,0.0 -97.918298,35.35256,0.0 -97.920835,35.353518,0.0 -97.9245,35.358637,0.0 -97.927901,35.360492,0.0 -97.929773,35.362866,0.0 -97.930496,35.364113,0.0 -97.930263,35.367777,0.0 -97.932252,35.373383,0.0 -97.934797,35.37535,0.0 -97.936342,35.375754,0.0 -97.940258,35.376903,0.0 -97.943409,35.377193,0.0 -97.943979,35.376406,0.0 -97.947212,35.374854,0.0 -97.947209,35.372958,0.0 -97.946331,35.371029,0.0 -97.946553,35.368088,0.0 -97.945952,35.362465,0.0 -97.94664,35.359876,0.0 -97.946843,35.356412,0.0 -97.948959,35.352711,0.0 -97.952268,35.350592,0.0 -97.952548,35.34775,0.0 -97.955167,35.346051,0.0 -97.960124,35.34594,0.0 -97.963182,35.34939,0.0 -97.964547,35.350204,0.0 -97.969548,35.351485,0.0 -97.972269,35.353614,0.0 -97.972804,35.356299,0.0 -97.973856,35.357104,0.0 -97.978984,35.356198,0.0 -97.981409,35.356339,0.0 -97.983755,35.357242,0.0 -97.985901,35.358574,0.0 -97.990921,35.359755,0.0 -97.99167,35.360396,0.0 -97.995258,35.361699,0.0 -97.996936,35.361691,0.0 -97.999176,35.36248,0.0 -98.001489,35.364359,0.0 -98.003458,35.364069,0.0 -98.003969,35.362149,0.0 -98.006399,35.360381,0.0 -98.010836,35.360769,0.0 -98.011969,35.362058,0.0 -98.012083,35.363716,0.0 -98.010996,35.365518,0.0 -98.008864,35.366797,0.0 -98.009872,35.369354,0.0 -98.011705,35.37141,0.0 -98.016088,35.374425,0.0 -98.01638,35.376563,0.0 -98.017453,35.377911,0.0 -98.019312,35.378433,0.0 -98.020749,35.377526,0.0 -98.023535,35.377816,0.0 -98.096014,35.377753,0.0 -98.095354,35.305219,0.0 -98.095001,35.24734,0.0 -98.094974,35.23279,0.0 -98.094977,35.20372,0.0 -98.09134,35.20373,0.0 -98.091312,35.189207,0.0 -98.091146,35.116665,0.0 -98.091096,35.089181,0.0 -98.092386,35.088649,0.0 -98.092927,35.08689,0.0 -98.092884,35.083207,0.0 -98.092912,35.077255,0.0 -98.092959,35.076463,0.0 -98.093056,35.028817,0.0 -98.093005,35.014147,0.0 -98.093057,34.985228,0.0 -98.093049,34.970693,0.0 -98.09298,34.954696,0.0 -98.093018,34.954357,0.0 -98.093078,34.883934,0.0 -98.093127,34.854988,0.0 -98.106575,34.854996,0.0 -98.12352,34.855005,0.0 -98.124424,34.855108,0.0 -98.145366,34.855015,0.0 -98.158468,34.855086,0.0 -98.159886,34.855015,0.0 -98.164168,34.855015,0.0 -98.164699,34.8551,0.0 -98.167543,34.855106,0.0 -98.194298,34.855002,0.0 -98.198615,34.855182,0.0 -98.201211,34.855113,0.0 -98.235287,34.855153,0.0 -98.268713,34.855136,0.0 -98.29924,34.855137,0.0 -98.303917,34.855144,0.0 -98.360771,34.855143,0.0 -98.387202,34.855165,0.0 -98.391836,34.855177,0.0 -98.42241,34.855174,0.0 -98.461073,34.855117,0.0 -98.462212,34.855213,0.0 -98.509829,34.855237,0.0 -98.545461,34.855272,0.0 -98.562119,34.855287,0.0 -98.619816,34.85534,0.0 -98.619816,34.854953,0.0 -98.62534,34.854796,0.0 -98.659209,34.855378,0.0 -98.667683,34.855381,0.0 -98.690044,34.855379,0.0 -98.71982,34.85538,0.0 -98.748411,34.855402,0.0 -98.750343,34.855482,0.0 -98.787368,34.855595,0.0 -98.789986,34.855426,0.0 -98.795671,34.855424,0.0 -98.826041,34.855122,0.0 -98.825916,34.793164,0.0 -98.826099,34.790306,0.0 -98.826111,34.783564,0.0 -98.826303,34.781921,0.0 -98.826283,34.739771,0.0 -98.826213,34.681441,0.0 -98.826096,34.630603,0.0 -98.826172,34.602239,0.0 -98.826008,34.594413,0.0 -98.834962,34.594412,0.0 -98.843636,34.594411,0.0 -99.001107,34.594366,0.0 -99.001025,34.637872,0.0 -99.10315,34.63795,0.0 -99.102513,34.636019,0.0 -99.09819,34.635516,0.0 -99.096056,34.634074,0.0 -99.093698,34.62876,0.0 -99.091868,34.626562,0.0 -99.090012,34.625562,0.0 -99.082723,34.624319,0.0 -99.080284,34.622349,0.0 -99.079619,34.620517,0.0 -99.079203,34.618113,0.0 -99.080006,34.615341,0.0 -99.081834,34.613806,0.0 -99.085021,34.613347,0.0 -99.088457,34.615248,0.0 -99.090756,34.614514,0.0 -99.091781,34.613071,0.0 -99.091753,34.611742,0.0 -99.086599,34.609361,0.0 -99.084881,34.606727,0.0 -99.085018,34.603566,0.0 -99.083604,34.600268,0.0 -99.08255,34.596054,0.0 -99.083103,34.590442,0.0 -99.08457,34.589136,0.0 -99.086648,34.588265,0.0 -99.090664,34.587417,0.0 -99.09396,34.587095,0.0 -99.096647,34.588125,0.0 -99.098281,34.589751,0.0 -99.09892,34.593164,0.0 -99.099668,34.594126,0.0 -99.102881,34.593713,0.0 -99.104792,34.592315,0.0 -99.107838,34.591718,0.0 -99.11155,34.592221,0.0 -99.114623,34.590685,0.0 -99.119304,34.589377,0.0 -99.121796,34.587887,0.0 -99.12459,34.582983,0.0 -99.127123,34.583373,0.0 -99.129255,34.584359,0.0 -99.131026,34.586949,0.0 -99.132568,34.588084,0.0 -99.133239,34.590225,0.0 -99.132213,34.59208,0.0 -99.135426,34.592105,0.0 -99.13839,34.592609,0.0 -99.140993,34.592541,0.0 -99.144761,34.591809,0.0 -99.151438,34.589453,0.0 -99.156368,34.587966,0.0 -99.160052,34.587463,0.0 -99.16332,34.588036,0.0 -99.166894,34.583845,0.0 -99.167781,34.58231,0.0 -99.171105,34.578233,0.0 -99.173404,34.574179,0.0 -99.174651,34.570972,0.0 -99.177753,34.566483,0.0 -99.181492,34.563552,0.0 -99.18451,34.562315,0.0 -99.184842,34.560025,0.0 -99.183402,34.557459,0.0 -99.179887,34.554733,0.0 -99.179333,34.553611,0.0 -99.179832,34.550358,0.0 -99.1777,34.548502,0.0 -99.175762,34.548067,0.0 -99.173906,34.549143,0.0 -99.172495,34.549258,0.0 -99.171028,34.547929,0.0 -99.171111,34.54715,0.0 -99.171831,34.546394,0.0 -99.176233,34.544791,0.0 -99.177756,34.542685,0.0 -99.177978,34.540097,0.0 -99.179611,34.539707,0.0 -99.182213,34.540555,0.0 -99.188607,34.540624,0.0 -99.190074,34.541105,0.0 -99.193313,34.54454,0.0 -99.195666,34.544998,0.0 -99.196801,34.542386,0.0 -99.197326,34.537508,0.0 -99.197188,34.535263,0.0 -99.198405,34.530751,0.0 -99.201255,34.527933,0.0 -99.203662,34.52287,0.0 -99.206734,34.51767,0.0 -99.208697,34.513066,0.0 -99.208558,34.509836,0.0 -99.207838,34.505347,0.0 -99.208391,34.503697,0.0 -99.210106,34.501658,0.0 -99.215712,34.498373,0.0 -99.217393,34.495067,0.0 -99.220707,34.494484,0.0 -99.222083,34.49277,0.0 -99.222054,34.491121,0.0 -99.220421,34.487892,0.0 -99.221083,34.484823,0.0 -99.223296,34.482829,0.0 -99.224595,34.481042,0.0 -99.223017,34.479095,0.0 -99.220279,34.477951,0.0 -99.218094,34.479738,0.0 -99.217985,34.483083,0.0 -99.21591,34.483954,0.0 -99.214858,34.481022,0.0 -99.216875,34.47534,0.0 -99.217261,34.471057,0.0 -99.218781,34.467712,0.0 -99.221158,34.464184,0.0 -99.220992,34.462947,0.0 -99.219277,34.461825,0.0 -99.216012,34.461207,0.0 -99.213412,34.459376,0.0 -99.213052,34.456994,0.0 -99.214406,34.455046,0.0 -99.216259,34.454473,0.0 -99.222868,34.453761,0.0 -99.223835,34.451791,0.0 -99.22519,34.451264,0.0 -99.226739,34.451974,0.0 -99.228536,34.451354,0.0 -99.229889,34.447872,0.0 -99.23077,34.441366,0.0 -99.230299,34.438343,0.0 -99.229109,34.435594,0.0 -99.227891,34.4339,0.0 -99.224296,34.433786,0.0 -99.222969,34.432847,0.0 -99.221947,34.428291,0.0 -99.221639,34.425404,0.0 -99.223545,34.421486,0.0 -99.226115,34.419813,0.0 -99.228022,34.419561,0.0 -99.230012,34.420293,0.0 -99.230842,34.421209,0.0 -99.231148,34.423041,0.0 -99.230734,34.424393,0.0 -99.231509,34.425951,0.0 -99.234026,34.428514,0.0 -99.236707,34.428559,0.0 -99.237619,34.427528,0.0 -99.23806,34.425009,0.0</coordinates>
</LinearRing>
</outerBoundaryIs>
</Polygon>
</Placemark>
<Placemark id="cb_2023_40_cd118_500k">
<name>&lt;at&gt;&lt;openparen&gt;4005&lt;closeparen&gt;</name>
<visibility>1</visibility>
<description><![CDATA[<center><table><tr><th colspan='2' align='center'><em>Attributes</em></th></tr><tr bgcolor="#E3E3F3">
<th>STATEFP</th>
<td>40</td>
</tr><tr bgcolor="">
<th>CD118FP</th>
<td>05</td>
</tr><tr bgcolor="#E3E3F3">
<th>GEOIDFQ</th>
<td>5001800US4005</td>
</tr><tr bgcolor="">
<th>GEOID</th>
<td>4005</td>
</tr><tr bgcolor="#E3E3F3">
<th>NAMELSAD</th>
<td>Congressional District 5</td>
</tr><tr bgcolor="">
<th>LSAD</th>
<td>C2</td>
</tr><tr bgcolor="#E3E3F3">
<th>CDSESSN</th>
<td>118</td>
</tr><tr bgcolor="">
<th>ALAND</th>
<td>9170303709</td>
</tr><tr bgcolor="#E3E3F3">
<th>AWATER</th>
<td>112721881</td>
</tr></table></center>]]></description>
<LookAt>
<longitude>-102</longitude>
<latitude>38.5</latitude>
<range>7000000</range>
<tilt>10</tilt>
<heading>0</heading>
</LookAt>
<styleUrl>#KMLStyler</styleUrl>
<ExtendedData>
<SchemaData schemaUrl="#kml_schema_ft_cb_2023_40_cd118_500k">
<SimpleData name="STATEFP">40</SimpleData>
<SimpleData name="CD118FP">05</SimpleData>
<SimpleData name="GEOIDFQ">5001800US4005</SimpleData>
<SimpleData name="GEOID">4005</SimpleData>
<SimpleData name="NAMELSAD">Congressional District 5</SimpleData>
<SimpleData name="LSAD">C2</SimpleData>
<SimpleData name="CDSESSN">118</SimpleData>
<SimpleData name="ALAND">9170303709</SimpleData>
<SimpleData name="AWATER">112721881</SimpleData>
</SchemaData>
</ExtendedData>
<Polygon>
<extrude>0</extrude>
<tessellate>1</tessellate>
<altitudeMode>clampToGround</altitudeMode>
<outerBoundaryIs>
<LinearRing>
<coordinates>-97.839734,35.507987,0.0 -97.839657,35.493438,0.0 -97.830916,35.493439,0.0 -97.830914,35.464468,0.0 -97.822125,35.464452,0.0 -97.768912,35.464384,0.0 -97.760254,35.464386,0.0 -97.760278,35.449904,0.0 -97.74244,35.449993,0.0 -97.724652,35.449856,0.0 -97.71005,35.449672,0.0 -97.706913,35.449634,0.0 -97.689249,35.449612,0.0 -97.684761,35.449703,0.0 -97.681271,35.449537,0.0 -97.675687,35.447531,0.0 -97.67143,35.447893,0.0 -97.671503,35.448444,0.0 -97.67153,35.46042,0.0 -97.671539,35.464209,0.0 -97.654242,35.464294,0.0 -97.654049,35.464141,0.0 -97.636605,35.464374,0.0 -97.636635,35.471619,0.0 -97.63664,35.472688,0.0 -97.636666,35.478853,0.0 -97.630033,35.478828,0.0 -97.627816,35.478819,0.0 -97.626345,35.478814,0.0 -97.625599,35.478811,0.0 -97.618931,35.478785,0.0 -97.610061,35.47878,0.0 -97.610072,35.486042,0.0 -97.601113,35.486047,0.0 -97.601127,35.489414,0.0 -97.599069,35.489341,0.0 -97.598306,35.490006,0.0 -97.598351,35.490234,0.0 -97.60113,35.490264,0.0 -97.601141,35.493061,0.0 -97.599502,35.491622,0.0 -97.594331,35.491672,0.0 -97.594903,35.493318,0.0 -97.59232,35.493323,0.0 -97.590816,35.493327,0.0 -97.58337,35.493335,0.0 -97.579381,35.493296,0.0 -97.578818,35.493291,0.0 -97.576795,35.493254,0.0 -97.570178,35.493167,0.0 -97.565655,35.493162,0.0 -97.556692,35.493216,0.0 -97.556587,35.493217,0.0 -97.547693,35.493271,0.0 -97.543937,35.493235,0.0 -97.53884,35.493273,0.0 -97.536781,35.493273,0.0 -97.531745,35.493239,0.0 -97.529936,35.493274,0.0 -97.530029,35.486115,0.0 -97.530197,35.486015,0.0 -97.530015,35.482434,0.0 -97.530018,35.481731,0.0 -97.530038,35.47875,0.0 -97.530045,35.477753,0.0 -97.530047,35.477463,0.0 -97.53005,35.476829,0.0 -97.530088,35.470457,0.0 -97.530106,35.467884,0.0 -97.530127,35.464265,0.0 -97.530132,35.458029,0.0 -97.525797,35.457059,0.0 -97.523068,35.45648,0.0 -97.521223,35.456357,0.0 -97.512748,35.456196,0.0 -97.512398,35.456196,0.0 -97.50962,35.456598,0.0 -97.50643,35.458154,0.0 -97.50308,35.460965,0.0 -97.500634,35.461999,0.0 -97.496372,35.462292,0.0 -97.493012,35.462256,0.0 -97.496956,35.46427,0.0 -97.483483,35.464124,0.0 -97.476753,35.464013,0.0 -97.473535,35.464014,0.0 -97.472719,35.463823,0.0 -97.470598,35.463166,0.0 -97.468923,35.463948,0.0 -97.46158,35.467903,0.0 -97.459005,35.468912,0.0 -97.457747,35.469732,0.0 -97.4561,35.471383,0.0 -97.451535,35.475381,0.0 -97.444649,35.47867,0.0 -97.441574,35.47868,0.0 -97.433252,35.478679,0.0 -97.425122,35.478673,0.0 -97.423986,35.478674,0.0 -97.424002,35.479497,0.0 -97.424017,35.485149,0.0 -97.424125,35.493062,0.0 -97.424126,35.493196,0.0 -97.416239,35.493189,0.0 -97.414098,35.49319,0.0 -97.406496,35.493191,0.0 -97.406327,35.49319,0.0 -97.406158,35.49319,0.0 -97.397755,35.493123,0.0 -97.397613,35.493122,0.0 -97.397494,35.49312,0.0 -97.395235,35.49309,0.0 -97.388623,35.493106,0.0 -97.37976,35.49306,0.0 -97.370824,35.493057,0.0 -97.362999,35.493015,0.0 -97.362626,35.489368,0.0 -97.357128,35.48937,0.0 -97.355432,35.487779,0.0 -97.354578,35.489366,0.0 -97.354573,35.487747,0.0 -97.353111,35.487701,0.0 -97.353103,35.486875,0.0 -97.353102,35.486759,0.0 -97.353112,35.478539,0.0 -97.344417,35.478555,0.0 -97.335585,35.478546,0.0 -97.3356,35.471202,0.0 -97.335642,35.464056,0.0 -97.335725,35.449892,0.0 -97.335729,35.436254,0.0 -97.335727,35.435387,0.0 -97.335661,35.435388,0.0 -97.335692,35.427759,0.0 -97.335629,35.424043,0.0 -97.334669,35.421488,0.0 -97.335041,35.420125,0.0 -97.335555,35.418914,0.0 -97.335633,35.406321,0.0 -97.335525,35.377225,0.0 -97.317832,35.377286,0.0 -97.317737,35.377286,0.0 -97.300174,35.377322,0.0 -97.264998,35.377368,0.0 -97.23904,35.377286,0.0 -97.238846,35.377288,0.0 -97.230487,35.377174,0.0 -97.212858,35.37714,0.0 -97.195129,35.377057,0.0 -97.159789,35.377093,0.0 -97.159456,35.377088,0.0 -97.142114,35.37686,0.0 -97.142115,35.376234,0.0 -97.142097,35.362336,0.0 -97.14197,35.35502,0.0 -97.142024,35.347775,0.0 -97.142031,35.340675,0.0 -97.142026,35.33321,0.0 -97.141941,35.318722,0.0 -97.141944,35.3187,0.0 -97.141932,35.304445,0.0 -97.141923,35.304097,0.0 -97.141827,35.289748,0.0 -97.141987,35.26814,0.0 -97.141946,35.247356,0.0 -97.141943,35.24668,0.0 -97.141904,35.232173,0.0 -97.141687,35.22283,0.0 -97.141725,35.210284,0.0 -97.141722,35.203044,0.0 -97.142139,35.188903,0.0 -97.142133,35.185093,0.0 -97.142061,35.166838,0.0 -97.14206,35.159632,0.0 -97.14206,35.145213,0.0 -97.142056,35.145099,0.0 -97.142069,35.137995,0.0 -97.142068,35.130741,0.0 -97.142068,35.130726,0.0 -97.142091,35.101716,0.0 -97.142136,35.087289,0.0 -97.142185,35.072791,0.0 -97.142185,35.072672,0.0 -97.142314,35.021853,0.0 -97.142067,35.018795,0.0 -97.142084,35.014818,0.0 -97.142314,35.012048,0.0 -97.142349,34.928176,0.0 -97.139757,34.927137,0.0 -97.135805,34.924399,0.0 -97.133689,34.924693,0.0 -97.132431,34.926168,0.0 -97.132842,34.928091,0.0 -97.134465,34.930375,0.0 -97.134932,34.932594,0.0 -97.132867,34.934642,0.0 -97.128744,34.934035,0.0 -97.124031,34.934113,0.0 -97.116794,34.935173,0.0 -97.114,34.935101,0.0 -97.110449,34.934362,0.0 -97.106021,34.9329,0.0 -97.101296,34.930324,0.0 -97.10035,34.929615,0.0 -97.098636,34.929624,0.0 -97.096821,34.930918,0.0 -97.092191,34.931074,0.0 -97.087557,34.931538,0.0 -97.085537,34.931359,0.0 -97.082718,34.930449,0.0 -97.07972,34.928922,0.0 -97.07526,34.922434,0.0 -97.07179,34.91986,0.0 -97.069318,34.919686,0.0 -97.060604,34.921256,0.0 -97.054821,34.921406,0.0 -97.052477,34.921254,0.0 -97.050536,34.920018,0.0 -97.049468,34.918256,0.0 -97.047008,34.91674,0.0 -97.043208,34.915212,0.0 -97.037171,34.913496,0.0 -97.035808,34.912893,0.0 -97.030396,34.912057,0.0 -97.025946,34.912329,0.0 -97.020322,34.90967,0.0 -97.018931,34.908599,0.0 -97.01593,34.907348,0.0 -97.01368,34.907953,0.0 -97.008691,34.910576,0.0 -97.004481,34.912105,0.0 -97.000515,34.914276,0.0 -96.995926,34.914937,0.0 -96.993632,34.915827,0.0 -96.98934,34.918291,0.0 -96.987811,34.920338,0.0 -96.983308,34.921475,0.0 -96.97793,34.925628,0.0 -96.975062,34.930147,0.0 -96.976236,34.932075,0.0 -96.974944,34.934269,0.0 -96.9727,34.935412,0.0 -96.97085,34.934338,0.0 -96.967349,34.934669,0.0 -96.964976,34.938149,0.0 -96.965822,34.939058,0.0 -96.963937,34.940615,0.0 -96.958912,34.94587,0.0 -96.958841,34.94695,0.0 -96.957372,34.948836,0.0 -96.957037,34.950979,0.0 -96.947785,34.957414,0.0 -96.946455,34.95854,0.0 -96.941598,34.960879,0.0 -96.936998,34.962579,0.0 -96.934827,34.96282,0.0 -96.930586,34.964364,0.0 -96.929872,34.965109,0.0 -96.928271,34.965213,0.0 -96.921288,34.963986,0.0 -96.917914,34.962419,0.0 -96.915119,34.960426,0.0 -96.913952,34.959045,0.0 -96.911243,34.959177,0.0 -96.910609,34.958659,0.0 -96.903156,34.946092,0.0 -96.902189,34.9448,0.0 -96.899456,34.943059,0.0 -96.896838,34.94219,0.0 -96.894458,34.939079,0.0 -96.892283,34.934868,0.0 -96.890528,34.932617,0.0 -96.889965,34.929461,0.0 -96.887362,34.926849,0.0 -96.8854,34.926251,0.0 -96.876318,34.926029,0.0 -96.872037,34.927481,0.0 -96.86994,34.928823,0.0 -96.868097,34.929415,0.0 -96.860976,34.93008,0.0 -96.853051,34.928819,0.0 -96.849442,34.929689,0.0 -96.846207,34.931504,0.0 -96.841374,34.933797,0.0 -96.837102,34.937798,0.0 -96.834995,34.939427,0.0 -96.830772,34.941908,0.0 -96.825779,34.943368,0.0 -96.821488,34.946112,0.0 -96.819333,34.946591,0.0 -96.817509,34.946329,0.0 -96.813452,34.944649,0.0 -96.811774,34.943504,0.0 -96.809899,34.940967,0.0 -96.807171,34.939512,0.0 -96.803857,34.936712,0.0 -96.801742,34.933548,0.0 -96.799818,34.932119,0.0 -96.798208,34.929992,0.0 -96.798364,34.92757,0.0 -96.797866,34.924425,0.0 -96.799378,34.919972,0.0 -96.799876,34.915334,0.0 -96.799966,34.910463,0.0 -96.798583,34.905939,0.0 -96.797711,34.905132,0.0 -96.790595,34.900834,0.0 -96.785069,34.899145,0.0 -96.779972,34.898853,0.0 -96.775681,34.899958,0.0 -96.772561,34.900638,0.0 -96.771534,34.900248,0.0 -96.767529,34.900652,0.0 -96.763407,34.90038,0.0 -96.760654,34.90084,0.0 -96.755517,34.899809,0.0 -96.750094,34.892983,0.0 -96.748793,34.890283,0.0 -96.747193,34.881783,0.0 -96.742093,34.869383,0.0 -96.740393,34.866883,0.0 -96.737034,34.862925,0.0 -96.733692,34.859684,0.0 -96.729391,34.857582,0.0 -96.727591,34.857182,0.0 -96.722891,34.856782,0.0 -96.720071,34.857461,0.0 -96.712395,34.859681,0.0 -96.710093,34.860883,0.0 -96.703792,34.863384,0.0 -96.697992,34.866884,0.0 -96.694182,34.868495,0.0 -96.694103,34.870068,0.0 -96.694936,34.870623,0.0 -96.690407,34.874997,0.0 -96.687292,34.880984,0.0 -96.68647,34.883185,0.0 -96.686303,34.888546,0.0 -96.686992,34.891283,0.0 -96.689192,34.895583,0.0 -96.690144,34.896272,0.0 -96.693452,34.901257,0.0 -96.695689,34.903614,0.0 -96.700615,34.906908,0.0 -96.701728,34.908266,0.0 -96.70353,34.909305,0.0 -96.710934,34.911715,0.0 -96.711578,34.912359,0.0 -96.712092,34.913883,0.0 -96.711492,34.916282,0.0 -96.708093,34.921083,0.0 -96.706493,34.923983,0.0 -96.704596,34.926281,0.0 -96.702526,34.928152,0.0 -96.699488,34.930273,0.0 -96.694154,34.932792,0.0 -96.691967,34.933314,0.0 -96.683574,34.933035,0.0 -96.667692,34.929583,0.0 -96.665392,34.928383,0.0 -96.662092,34.925883,0.0 -96.659292,34.923083,0.0 -96.657992,34.920983,0.0 -96.655491,34.915083,0.0 -96.65309,34.91038,0.0 -96.64949,34.905282,0.0 -96.64599,34.901384,0.0 -96.64449,34.900583,0.0 -96.640791,34.899484,0.0 -96.636791,34.898784,0.0 -96.63319,34.898584,0.0 -96.62529,34.898984,0.0 -96.62189,34.898984,0.0 -96.61649,34.899684,0.0 -96.61319,34.900484,0.0 -96.603224,34.903707,0.0 -96.59879,34.904884,0.0 -96.59579,34.905984,0.0 -96.592689,34.907584,0.0 -96.590363,34.909168,0.0 -96.589138,34.909968,0.0 -96.584188,34.91219,0.0 -96.578489,34.915984,0.0 -96.577089,34.916584,0.0 -96.571889,34.916784,0.0 -96.568689,34.916584,0.0 -96.564089,34.917284,0.0 -96.556889,34.914184,0.0 -96.555389,34.911284,0.0 -96.555288,34.907484,0.0 -96.556288,34.904584,0.0 -96.556588,34.900884,0.0 -96.555888,34.898084,0.0 -96.552962,34.893613,0.0 -96.551767,34.890914,0.0 -96.549579,34.887112,0.0 -96.545984,34.88227,0.0 -96.543762,34.880097,0.0 -96.533787,34.872184,0.0 -96.530287,34.869985,0.0 -96.528587,34.869586,0.0 -96.521486,34.869887,0.0 -96.519886,34.870187,0.0 -96.516987,34.871586,0.0 -96.514587,34.873386,0.0 -96.512599,34.875466,0.0 -96.510486,34.87862,0.0 -96.506187,34.886485,0.0 -96.504508,34.888181,0.0 -96.502224,34.891874,0.0 -96.500287,34.893465,0.0 -96.499607,34.896974,0.0 -96.498487,34.899085,0.0 -96.497987,34.902685,0.0 -96.496887,34.904585,0.0 -96.494387,34.907385,0.0 -96.490786,34.910585,0.0 -96.490653,34.966094,0.0 -96.490577,35.021293,0.0 -96.490535,35.049896,0.0 -96.490529,35.057734,0.0 -96.490521,35.061405,0.0 -96.490495,35.07233,0.0 -96.490477,35.086814,0.0 -96.490468,35.094062,0.0 -96.490434,35.115857,0.0 -96.472242,35.115794,0.0 -96.441305,35.115771,0.0 -96.441277,35.135308,0.0 -96.441228,35.159282,0.0 -96.441192,35.173922,0.0 -96.441252,35.202885,0.0 -96.441339,35.2319,0.0 -96.441368,35.290122,0.0 -96.441382,35.311731,0.0 -96.441277,35.333715,0.0 -96.441275,35.348138,0.0 -96.441248,35.39182,0.0 -96.44115,35.43494,0.0 -96.441216,35.435425,0.0 -96.44129,35.467712,0.0 -96.442219,35.46556,0.0 -96.443483,35.461144,0.0 -96.446202,35.458444,0.0 -96.449236,35.45943,0.0 -96.452554,35.458209,0.0 -96.45399,35.458813,0.0 -96.454562,35.460149,0.0 -96.45651,35.461263,0.0 -96.459052,35.46151,0.0 -96.462239,35.460914,0.0 -96.463825,35.458727,0.0 -96.465588,35.45811,0.0 -96.4693,35.459567,0.0 -96.470414,35.46058,0.0 -96.471513,35.462988,0.0 -96.473097,35.463958,0.0 -96.475754,35.463421,0.0 -96.476692,35.460907,0.0 -96.476734,35.458874,0.0 -96.481062,35.453883,0.0 -96.484193,35.451197,0.0 -96.485502,35.450775,0.0 -96.487735,35.449159,0.0 -96.488281,35.448229,0.0 -96.487965,35.445829,0.0 -96.484285,35.44453,0.0 -96.48306,35.44249,0.0 -96.483016,35.439842,0.0 -96.484402,35.436548,0.0 -96.487522,35.432521,0.0 -96.49012,35.430944,0.0 -96.491756,35.430425,0.0 -96.496594,35.428896,0.0 -96.501573,35.428723,0.0 -96.505701,35.430001,0.0 -96.511413,35.429642,0.0 -96.518633,35.431205,0.0 -96.520412,35.4326,0.0 -96.519714,35.435809,0.0 -96.521552,35.438493,0.0 -96.52548,35.441137,0.0 -96.529665,35.444458,0.0 -96.532335,35.446371,0.0 -96.53461,35.446867,0.0 -96.536492,35.447165,0.0 -96.539282,35.449769,0.0 -96.540327,35.45339,0.0 -96.543213,35.457323,0.0 -96.544121,35.457827,0.0 -96.546184,35.457474,0.0 -96.54612,35.456419,0.0 -96.543684,35.454141,0.0 -96.544469,35.452733,0.0 -96.54564,35.452677,0.0 -96.548918,35.453543,0.0 -96.553641,35.454309,0.0 -96.554661,35.45345,0.0 -96.553286,35.449907,0.0 -96.554093,35.447831,0.0 -96.556485,35.447356,0.0 -96.558695,35.448915,0.0 -96.560295,35.448753,0.0 -96.561234,35.447466,0.0 -96.562339,35.444178,0.0 -96.563054,35.443276,0.0 -96.565367,35.442267,0.0 -96.568159,35.442218,0.0 -96.569126,35.44168,0.0 -96.569602,35.439564,0.0 -96.568476,35.438165,0.0 -96.564634,35.436057,0.0 -96.555722,35.434566,0.0 -96.556313,35.43262,0.0 -96.559065,35.429198,0.0 -96.560671,35.424427,0.0 -96.56082,35.422691,0.0 -96.560102,35.421559,0.0 -96.556844,35.418816,0.0 -96.555485,35.41984,0.0 -96.555618,35.422001,0.0 -96.554804,35.422835,0.0 -96.552633,35.422987,0.0 -96.551714,35.422251,0.0 -96.551099,35.420131,0.0 -96.549188,35.4196,0.0 -96.547775,35.418546,0.0 -96.548104,35.417534,0.0 -96.550009,35.415739,0.0 -96.549996,35.414942,0.0 -96.546913,35.412963,0.0 -96.544049,35.411842,0.0 -96.54051,35.412041,0.0 -96.537163,35.41094,0.0 -96.536919,35.409689,0.0 -96.538133,35.405235,0.0 -96.537415,35.403535,0.0 -96.534551,35.402708,0.0 -96.531879,35.400906,0.0 -96.5317,35.399812,0.0 -96.533768,35.397152,0.0 -96.534576,35.394978,0.0 -96.534393,35.393893,0.0 -96.535096,35.391455,0.0 -96.535146,35.391371,0.0 -96.536718,35.390772,0.0 -96.538291,35.390932,0.0 -96.539402,35.391827,0.0 -96.541906,35.39256,0.0 -96.546585,35.392608,0.0 -96.550001,35.392178,0.0 -96.554396,35.39366,0.0 -96.55673,35.394974,0.0 -96.55651,35.399021,0.0 -96.554935,35.401692,0.0 -96.555566,35.402437,0.0 -96.556862,35.402401,0.0 -96.561114,35.400187,0.0 -96.565418,35.399367,0.0 -96.566948,35.399383,0.0 -96.569848,35.40108,0.0 -96.574218,35.40194,0.0 -96.576671,35.401934,0.0 -96.577325,35.402658,0.0 -96.57745,35.404787,0.0 -96.578682,35.407178,0.0 -96.581367,35.409527,0.0 -96.585654,35.411474,0.0 -96.589102,35.411575,0.0 -96.591698,35.408784,0.0 -96.594004,35.404278,0.0 -96.595,35.403153,0.0 -96.596254,35.400204,0.0 -96.597282,35.398835,0.0 -96.599717,35.396955,0.0 -96.604829,35.399381,0.0 -96.606708,35.399368,0.0 -96.606372,35.397978,0.0 -96.606764,35.395876,0.0 -96.610198,35.394258,0.0 -96.611392,35.394227,0.0 -96.612608,35.396574,0.0 -96.613776,35.396816,0.0 -96.616029,35.395698,0.0 -96.617305,35.395825,0.0 -96.621297,35.398089,0.0 -96.622639,35.400256,0.0 -96.623699,35.400722,0.0 -96.623717,35.401889,0.0 -96.624289,35.404669,0.0 -96.624681,35.462707,0.0 -96.623727,35.491658,0.0 -96.622778,35.520674,0.0 -96.621976,35.542687,0.0 -96.621666,35.54945,0.0 -96.62188,35.550025,0.0 -96.621693,35.551767,0.0 -96.621068,35.615085,0.0 -96.620828,35.639005,0.0 -96.620838,35.655378,0.0 -96.620814,35.657103,0.0 -96.620188,35.688926,0.0 -96.62006,35.701917,0.0 -96.620356,35.703505,0.0 -96.620374,35.709763,0.0 -96.620085,35.745429,0.0 -96.620082,35.745626,0.0 -96.619796,35.757072,0.0 -96.619721,35.770367,0.0 -96.619607,35.784385,0.0 -96.619607,35.784775,0.0 -96.619594,35.811087,0.0 -96.619594,35.811926,0.0 -96.619637,35.819718,0.0 -96.619641,35.820219,0.0 -96.619494,35.854344,0.0 -96.619348,35.855519,0.0 -96.619488,35.864309,0.0 -96.620007,35.911635,0.0 -96.61976,35.915569,0.0 -96.620118,35.922083,0.0 -96.620142,35.927198,0.0 -96.6204,35.930436,0.0 -96.619655,35.941571,0.0 -96.633181,35.941502,0.0 -96.637832,35.941686,0.0 -96.642477,35.941925,0.0 -96.647031,35.941957,0.0 -96.648506,35.941815,0.0 -96.651047,35.941758,0.0 -96.660119,35.941665,0.0 -96.665042,35.941931,0.0 -96.677874,35.942073,0.0 -96.695896,35.942085,0.0 -96.731535,35.942176,0.0 -96.757865,35.942144,0.0 -96.767255,35.942126,0.0 -96.784766,35.942187,0.0 -96.820292,35.94229,0.0 -96.86488,35.942153,0.0 -96.873767,35.942139,0.0 -96.879351,35.941778,0.0 -96.906259,35.941658,0.0 -96.909532,35.941545,0.0 -96.918026,35.941834,0.0 -96.926069,35.941891,0.0 -96.92704,35.942038,0.0 -96.941587,35.941898,0.0 -96.945041,35.942153,0.0 -96.962706,35.942165,0.0 -96.966344,35.941928,0.0 -97.016421,35.942068,0.0 -97.120704,35.942221,0.0 -97.124801,35.941996,0.0 -97.140583,35.941991,0.0 -97.140455,35.95906,0.0 -97.14289,35.954219,0.0 -97.144106,35.953118,0.0 -97.151411,35.948423,0.0 -97.158227,35.945153,0.0 -97.161856,35.943855,0.0 -97.16687,35.942825,0.0 -97.172378,35.941006,0.0 -97.180593,35.940687,0.0 -97.189552,35.941156,0.0 -97.19264,35.941639,0.0 -97.198105,35.943029,0.0 -97.203592,35.944795,0.0 -97.205841,35.945959,0.0 -97.208062,35.94776,0.0 -97.20955,35.951429,0.0 -97.212172,35.954724,0.0 -97.217617,35.96034,0.0 -97.219109,35.96266,0.0 -97.221192,35.964573,0.0 -97.226261,35.96637,0.0 -97.232046,35.968042,0.0 -97.234292,35.969601,0.0 -97.243174,35.972182,0.0 -97.246852,35.972368,0.0 -97.251805,35.972566,0.0 -97.257915,35.97328,0.0 -97.263616,35.973392,0.0 -97.26539,35.972789,0.0 -97.270401,35.972798,0.0 -97.275325,35.973146,0.0 -97.27756,35.973782,0.0 -97.282228,35.977972,0.0 -97.284264,35.978818,0.0 -97.285885,35.98049,0.0 -97.284528,35.985448,0.0 -97.284544,35.987142,0.0 -97.285359,35.99179,0.0 -97.287467,35.996682,0.0 -97.294601,36.005557,0.0 -97.297101,36.007693,0.0 -97.300453,36.009273,0.0 -97.308611,36.01099,0.0 -97.311947,36.010306,0.0 -97.316755,36.011298,0.0 -97.32362,36.010877,0.0 -97.326259,36.008174,0.0 -97.328282,36.006912,0.0 -97.331398,36.006734,0.0 -97.334042,36.004669,0.0 -97.336624,36.000061,0.0 -97.336612,35.999169,0.0 -97.339747,35.993674,0.0 -97.347057,35.988405,0.0 -97.353249,35.985334,0.0 -97.35387,35.984934,0.0 -97.355186,35.984257,0.0 -97.357106,35.984736,0.0 -97.359469,35.989155,0.0 -97.362872,35.991158,0.0 -97.368118,35.991419,0.0 -97.372916,35.990383,0.0 -97.373495,35.989884,0.0 -97.374999,35.985543,0.0 -97.377867,35.982542,0.0 -97.380336,35.98178,0.0 -97.385072,35.982135,0.0 -97.388735,35.983625,0.0 -97.391489,35.986164,0.0 -97.393344,35.987214,0.0 -97.397414,35.98825,0.0 -97.398875,35.98843,0.0 -97.399943,35.988194,0.0 -97.400278,35.988167,0.0 -97.397584,35.987942,0.0 -97.399878,35.986255,0.0 -97.401638,35.982922,0.0 -97.406359,35.979746,0.0 -97.406796,35.978654,0.0 -97.409162,35.977479,0.0 -97.412346,35.976963,0.0 -97.416863,35.975392,0.0 -97.417924,35.974524,0.0 -97.420589,35.970662,0.0 -97.420974,35.968557,0.0 -97.421327,35.965793,0.0 -97.421314,35.96148,0.0 -97.42047,35.958282,0.0 -97.415613,35.951748,0.0 -97.413768,35.950116,0.0 -97.413904,35.949237,0.0 -97.410858,35.944642,0.0 -97.408838,35.942449,0.0 -97.407831,35.942158,0.0 -97.406063,35.937503,0.0 -97.406442,35.935064,0.0 -97.407795,35.931339,0.0 -97.412391,35.927076,0.0 -97.415343,35.926565,0.0 -97.418938,35.924764,0.0 -97.425343,35.920803,0.0 -97.42789,35.918589,0.0 -97.432801,35.912462,0.0 -97.434092,35.910055,0.0 -97.440956,35.907193,0.0 -97.444248,35.906562,0.0 -97.454783,35.901021,0.0 -97.463123,35.897591,0.0 -97.467356,35.89621,0.0 -97.46859,35.895271,0.0 -97.468443,35.894924,0.0 -97.474408,35.893648,0.0 -97.476068,35.894118,0.0 -97.477091,35.895955,0.0 -97.478829,35.896368,0.0 -97.479803,35.898247,0.0 -97.482209,35.900487,0.0 -97.484085,35.90156,0.0 -97.486501,35.902283,0.0 -97.487689,35.902112,0.0 -97.489737,35.900754,0.0 -97.493123,35.897386,0.0 -97.495013,35.896245,0.0 -97.496257,35.896256,0.0 -97.498353,35.896594,0.0 -97.500781,35.89818,0.0 -97.502034,35.900345,0.0 -97.506204,35.904597,0.0 -97.512857,35.907506,0.0 -97.517956,35.908079,0.0 -97.521011,35.908289,0.0 -97.526325,35.903191,0.0 -97.529262,35.901552,0.0 -97.531193,35.901135,0.0 -97.54259,35.902668,0.0 -97.546839,35.902649,0.0 -97.548456,35.902261,0.0 -97.55096,35.898307,0.0 -97.553562,35.894954,0.0 -97.556069,35.893578,0.0 -97.559299,35.892541,0.0 -97.562935,35.890756,0.0 -97.568013,35.888818,0.0 -97.57218,35.889566,0.0 -97.576063,35.889165,0.0 -97.577722,35.889919,0.0 -97.579951,35.890018,0.0 -97.580779,35.88934,0.0 -97.586071,35.888541,0.0 -97.593817,35.886724,0.0 -97.594504,35.886113,0.0 -97.593998,35.883409,0.0 -97.594421,35.879602,0.0 -97.59609,35.879534,0.0 -97.598618,35.880977,0.0 -97.599349,35.881278,0.0 -97.59956,35.881353,0.0 -97.60269,35.879474,0.0 -97.607644,35.87809,0.0 -97.612016,35.879718,0.0 -97.615868,35.880753,0.0 -97.615923,35.879698,0.0 -97.616327,35.87852,0.0 -97.616861,35.877504,0.0 -97.618103,35.876165,0.0 -97.620552,35.875123,0.0 -97.622872,35.875406,0.0 -97.626575,35.877341,0.0 -97.632129,35.876802,0.0 -97.63356,35.874863,0.0 -97.632525,35.874827,0.0 -97.633709,35.872454,0.0 -97.636384,35.869359,0.0 -97.639202,35.868788,0.0 -97.640391,35.867729,0.0 -97.645538,35.865338,0.0 -97.64639,35.864417,0.0 -97.647228,35.86059,0.0 -97.649319,35.858851,0.0 -97.652651,35.858117,0.0 -97.656472,35.85895,0.0 -97.661813,35.864178,0.0 -97.666859,35.866441,0.0 -97.669449,35.866709,0.0 -97.67163,35.865422,0.0 -97.674391,35.861013,0.0 -97.674388,35.860431,0.0 -97.674348,35.842236,0.0 -97.674223,35.82052,0.0 -97.674148,35.805731,0.0 -97.674143,35.79843,0.0 -97.674116,35.793849,0.0 -97.674102,35.7839,0.0 -97.674026,35.72597,0.0 -97.691471,35.72592,0.0 -97.700422,35.725899,0.0 -97.727698,35.725817,0.0 -97.762968,35.725725,0.0 -97.767502,35.725719,0.0 -97.780558,35.725722,0.0 -97.789584,35.725704,0.0 -97.807306,35.725778,0.0 -97.816214,35.725839,0.0 -97.82536,35.725866,0.0 -97.834102,35.725899,0.0 -97.833937,35.702237,0.0 -97.833869,35.696687,0.0 -97.83385,35.689238,0.0 -97.833913,35.674644,0.0 -97.833939,35.667488,0.0 -97.834128,35.642576,0.0 -97.833866,35.623827,0.0 -97.833885,35.60926,0.0 -97.833871,35.580226,0.0 -97.833941,35.565752,0.0 -97.834306,35.551164,0.0 -97.830903,35.551162,0.0 -97.830864,35.544147,0.0 -97.830828,35.536869,0.0 -97.830817,35.53529,0.0 -97.831037,35.534341,0.0 -97.830622,35.524366,0.0 -97.830863,35.522362,0.0 -97.830894,35.507915,0.0 -97.839734,35.507987,0.0</coordinates>
</LinearRing>
</outerBoundaryIs>
</Polygon>
</Placemark>
</Folder>
</Document></kml>
