<?xml version="1.0" encoding="UTF-8"?>
<!-- Generated by FME 2022.2.6.0 (Build 22800) -->
<kml xmlns:xsd="http://www.w3.org/2001/XMLSchema" xmlns:gx="http://www.google.com/kml/ext/2.2" xmlns:atom="http://www.w3.org/2005/Atom" xmlns="http://www.opengis.net/kml/2.2">
<Document>
<name>cb_2023_40_sldl_500k</name>
<visibility>1</visibility>
<Style id="KMLStyler">
<IconStyle>
<scale>0.8</scale>
</IconStyle>
<LabelStyle>
<scale>1.0</scale>
</LabelStyle>
<LineStyle>
<color>ffbc822f</color>
<width>2</width>
<gx:labelVisibility>0</gx:labelVisibility>
</LineStyle>
<PolyStyle>
<color>7fe1ca9e</color>
</PolyStyle>
</Style>
<Schema name="cb_2023_40_sldl_500k" id="kml_schema_ft_cb_2023_40_sldl_500k">
<SimpleField type="xsd:string" name="STATEFP">
<displayName>STATEFP</displayName>
</SimpleField>
<SimpleField type="xsd:string" name="SLDLST">
<displayName>SLDLST</displayName>
</SimpleField>
<SimpleField type="xsd:string" name="GEOIDFQ">
<displayName>GEOIDFQ</displayName>
</SimpleField>
<SimpleField type="xsd:string" name="GEOID">
<displayName>GEOID</displayName>
</SimpleField>
<SimpleField type="xsd:string" name="NAME">
<displayName>NAME</displayName>
</SimpleField>
<SimpleField type="xsd:string" name="NAMELSAD">
<displayName>NAMELSAD</displayName>
</SimpleField>
<SimpleField type="xsd:string" name="STUSPS">
<displayName>STUSPS</displayName>
</SimpleField>
<SimpleField type="xsd:string" name="STATE_NAME">
<displayName>STATE_NAME</displayName>
</SimpleField>
<SimpleField type="xsd:string" name="LSAD">
<displayName>LSAD</displayName>
</SimpleField>
<SimpleField type="xsd:string" name="LSY">
<displayName>LSY</displayName>
</SimpleField>
<SimpleField type="xsd:double" name="ALAND">
<displayName>ALAND</displayName>
</SimpleField>
<SimpleField type="xsd:double" name="AWATER">
<displayName>AWATER</displayName>
</SimpleField>
</Schema>
<Folder id="kml_ft_cb_2023_40_sldl_500k">
<name>cb_2023_40_sldl_500k</name>
<Placemark id="cb_2023_40_sldl_500k">
<name>&lt;at&gt;&lt;openparen&gt;40001&lt;closeparen&gt;</name>
<visibility>1</visibility>
<description><![CDATA[<center><table><tr><th colspan='2' align='center'><em>Attributes</em></th></tr><tr bgcolor="#E3E3F3">
<th>STATEFP</th>
<td>40</td>
</tr><tr bgcolor="">
<th>SLDLST</th>
<td>001</td>
</tr><tr bgcolor="#E3E3F3">
<th>GEOIDFQ</th>
<td>620L800US40001</td>
</tr><tr bgcolor="">
<th>GEOID</th>
<td>40001</td>
</tr><tr bgcolor="#E3E3F3">
<th>NAME</th>
<td>1</td>
</tr><tr bgcolor="">
<th>NAMELSAD</th>
<td>State House District 1</td>
</tr><tr bgcolor="#E3E3F3">
<th>STUSPS</th>
<td>OK</td>
</tr><tr bgcolor="">
<th>STATE_NAME</th>
<td>Oklahoma</td>
</tr><tr bgcolor="#E3E3F3">
<th>LSAD</th>
<td>LL</td>
</tr><tr bgcolor="">
<th>LSY</th>
<td>2022</td>
</tr><tr bgcolor="#E3E3F3">
<th>ALAND</th>
<td>7013311713</td>
</tr><tr bgcolor="">
<th>AWATER</th>
<td>154789286</td>
</tr></table></center>]]></description>
<LookAt>
<longitude>-102</longitude>
<latitude>38.5</latitude>
<range>7000000</range>
<tilt>10</tilt>
<heading>0</heading>
</LookAt>
<styleUrl>#KMLStyler</styleUrl>
<ExtendedData>
<SchemaData schemaUrl="#kml_schema_ft_cb_2023_40_sldl_500k">
<SimpleData name="STATEFP">40</SimpleData>
<SimpleData name="SLDLST">001</SimpleData>
<SimpleData name="GEOIDFQ">620L800US40001</SimpleData>
<SimpleData name="GEOID">40001</SimpleData>
<SimpleData name="NAME">1</SimpleData>
<SimpleData name="NAMELSAD">State House District 1</SimpleData>
<SimpleData name="STUSPS">OK</SimpleData>
<SimpleData name="STATE_NAME">Oklahoma</SimpleData>
<SimpleData name="LSAD">LL</SimpleData>
<SimpleData name="LSY">2022</SimpleData>
<SimpleData name="ALAND">7013311713</SimpleData>
<SimpleData name="AWATER">154789286</SimpleData>
</SchemaData>
</ExtendedData>
<Polygon>
<extrude>0</extrude>
<tessellate>1</tessellate>
<altitudeMode>clampToGround</altitudeMode>
<outerBoundaryIs>
<LinearRing>
<coordinates>-95.156488,33.975303,0.0 -95.156736,33.942918,0.0 -95.155919,33.93932,0.0 -95.1558864704409,33.9368927541364,0.0 -95.154978,33.936654,0.0 -95.147909,33.935566,0.0 -95.140069,33.934782,0.0 -95.135953,33.93537,0.0 -95.131056,33.936925,0.0 -95.1247,33.934675,0.0 -95.121184,33.931307,0.0 -95.120862,33.928118,0.0 -95.122795,33.924696,0.0 -95.12733,33.920278,0.0 -95.131642,33.916027,0.0 -95.131249,33.912243,0.0 -95.126442,33.90708,0.0 -95.122038,33.904795,0.0 -95.117138,33.903619,0.0 -95.112575,33.904603,0.0 -95.104789,33.909595,0.0 -95.092668,33.912831,0.0 -95.089111,33.914203,0.0 -95.085975,33.916946,0.0 -95.083819,33.921062,0.0 -95.082387,33.921758,0.0 -95.07795,33.918696,0.0 -95.076372,33.915378,0.0 -95.078528,33.910283,0.0 -95.080488,33.907735,0.0 -95.086759,33.903815,0.0 -95.091636,33.902104,0.0 -95.096755,33.899699,0.0 -95.100168,33.896101,0.0 -95.098911,33.89088,0.0 -95.095833,33.88843,0.0 -95.0955800164211,33.8880245743835,0.0 -95.093815,33.885196,0.0 -95.089607,33.880857,0.0 -95.082408,33.879882,0.0 -95.080586,33.882256,0.0 -95.079834,33.887479,0.0 -95.079369,33.894626,0.0 -95.078822,33.903031,0.0 -95.077058,33.906559,0.0 -95.075098,33.908911,0.0 -95.074902,33.910479,0.0 -95.074052,33.915349,0.0 -95.068729,33.917601,0.0 -95.06569,33.915966,0.0 -95.063248,33.913262,0.0 -95.063338,33.910871,0.0 -95.0642611440143,33.9100967732213,0.0 -95.065923,33.908703,0.0 -95.070498,33.908402,0.0 -95.072158,33.905579,0.0 -95.072413,33.902699,0.0 -95.070198,33.902443,0.0 -95.065581,33.903559,0.0 -95.062554,33.903031,0.0 -95.060105,33.901873,0.0 -95.058243,33.887548,0.0 -95.050572,33.877497,0.0 -95.050821,33.86944,0.0 -95.049423,33.864813,0.0 -95.046568,33.862565,0.0 -95.037207,33.86025,0.0 -95.03144126158,33.8598478807179,0.0 -95.023944,33.859325,0.0 -95.01728,33.857953,0.0 -95.012353,33.858012,0.0 -95.007873,33.859521,0.0 -95.004737,33.861677,0.0 -95.001993,33.863049,0.0 -95.000223,33.862505,0.0 -94.997485,33.860501,0.0 -94.995524,33.857438,0.0 -94.992671,33.852455,0.0 -94.988487,33.851,0.0 -94.983303,33.851354,0.0 -94.98165,33.852284,0.0 -94.976208,33.859847,0.0 -94.973411,33.861731,0.0 -94.971435,33.862123,0.0 -94.968895,33.860916,0.0 -94.9684727933635,33.8591617433602,0.0 -94.965888,33.848422,0.0 -94.964401,33.837021,0.0 -94.957676,33.835004,0.0 -94.949481,33.833534,0.0 -94.943831,33.8293,0.0 -94.953518,33.816475,0.0 -94.947874,33.808356,0.0 -94.939992,33.805679,0.0 -94.929211,33.807754,0.0 -94.925215,33.808678,0.0 -94.923071,33.811357,0.0 -94.923099,33.815456,0.0 -94.924411,33.81886,0.0 -94.926287,33.822612,0.0 -94.926822,33.826631,0.0 -94.926072,33.828533,0.0 -94.921999,33.828775,0.0 -94.918599,33.82682,0.0 -94.914764,33.824487,0.0 -94.912085,33.820468,0.0 -94.910882,33.815915,0.0 -94.910209,33.812429,0.0 -94.912621,33.808678,0.0 -94.917029,33.808321,0.0 -94.91863,33.802944,0.0 -94.921667,33.795919,0.0 -94.921955,33.791599,0.0 -94.9217865330701,33.7914056791626,0.0 -94.917522,33.786512,0.0 -94.914496,33.78215,0.0 -94.911427,33.778383,0.0 -94.906243,33.77819,0.0 -94.904172,33.777198,0.0 -94.904198,33.773249,0.0 -94.897718,33.768839,0.0 -94.887748,33.769016,0.0 -94.883847,33.763243,0.0 -94.8778145626702,33.7584469535433,0.0 -94.876504,33.757405,0.0 -94.8748,33.757894,0.0 -94.873944,33.76057,0.0 -94.874571,33.762857,0.0 -94.87493,33.767432,0.0 -94.873837,33.770315,0.0 -94.871274,33.770323,0.0 -94.868144,33.768874,0.0 -94.866064,33.766156,0.0 -94.866736,33.76183,0.0 -94.86914,33.759045,0.0 -94.875376,33.75492,0.0 -94.87708,33.75222,0.0 -94.874668,33.749164,0.0 -94.8693,33.745871,0.0 -94.860687,33.741945,0.0 -94.849296,33.739585,0.0 -94.842574,33.739445,0.0 -94.830717,33.7405,0.0 -94.828037,33.73916,0.0 -94.828321,33.734947,0.0 -94.822473,33.732716,0.0 -94.820089,33.734826,0.0 -94.823042,33.747525,0.0 -94.830844,33.758079,0.0 -94.83009,33.763661,0.0 -94.825294,33.768525,0.0 -94.821783,33.768752,0.0 -94.818574,33.767704,0.0 -94.816158,33.763403,0.0 -94.816663,33.755265,0.0 -94.814282,33.7519,0.0 -94.812155,33.750936,0.0 -94.812912,33.745447,0.0 -94.816208,33.741931,0.0 -94.816065,33.739215,0.0 -94.811101,33.734825,0.0 -94.802252,33.732788,0.0 -94.795844,33.737588,0.0 -94.786762,33.741532,0.0 -94.780966,33.744804,0.0 -94.778202,33.749739,0.0 -94.777841,33.753006,0.0 -94.7760174461645,33.756198781544,0.0 -94.774923,33.758115,0.0 -94.770499,33.760942,0.0 -94.76444,33.760178,0.0 -94.760058,33.758291,0.0 -94.757205,33.754818,0.0 -94.757813,33.750109,0.0 -94.761751,33.746795,0.0 -94.769435,33.746265,0.0 -94.773819,33.746512,0.0 -94.777393,33.745196,0.0 -94.788251,33.735316,0.0 -94.782636,33.730247,0.0 -94.773126,33.727187,0.0 -94.760604,33.727054,0.0 -94.7547364038521,33.7330425775117,0.0 -94.754396,33.73339,0.0 -94.752512,33.734468,0.0 -94.751371,33.733727,0.0 -94.747998,33.725539,0.0 -94.748236,33.724712,0.0 -94.757313,33.718168,0.0 -94.757611,33.717164,0.0 -94.755905,33.715073,0.0 -94.752129,33.713835,0.0 -94.747149,33.715293,0.0 -94.745108,33.717908,0.0 -94.744805,33.722189,0.0 -94.743976,33.725001,0.0 -94.741775,33.72687,0.0 -94.738251,33.727168,0.0 -94.735178,33.726616,0.0 -94.73263,33.723917,0.0 -94.732786,33.720035,0.0 -94.738572,33.714501,0.0 -94.747564,33.711682,0.0 -94.75327,33.710277,0.0 -94.753801,33.707729,0.0 -94.752023,33.704939,0.0 -94.746096,33.7027682201853,0.0 -94.741877,33.701223,0.0 -94.735856,33.691625,0.0 -94.725593,33.690459,0.0 -94.720742,33.689056,0.0 -94.719814,33.689739,0.0 -94.716594,33.695164,0.0 -94.717788,33.701846,0.0 -94.721447,33.704559,0.0 -94.72695,33.705247,0.0 -94.731306,33.707081,0.0 -94.73309,33.710147,0.0 -94.734831,33.713924,0.0 -94.732309,33.715987,0.0 -94.727867,33.715565,0.0 -94.711359,33.708916,0.0 -94.706024,33.706293,0.0 -94.701729,33.703413,0.0 -94.701055,33.700053,0.0 -94.702187,33.697452,0.0 -94.706336,33.696726,0.0 -94.712845,33.697551,0.0 -94.713935,33.696835,0.0 -94.714344,33.694074,0.0 -94.717344,33.688994,0.0 -94.716188,33.687902,0.0 -94.712067,33.687935,0.0 -94.705449,33.688038,0.0 -94.684792,33.684353,0.0 -94.677883,33.687822,0.0 -94.671773,33.693307,0.0 -94.667852,33.694607,0.0 -94.661701,33.693136,0.0 -94.652995,33.687224,0.0 -94.650961,33.686558,0.0 -94.649007,33.68735,0.0 -94.647241,33.692654,0.0 -94.648641,33.697988,0.0 -94.647389,33.70112,0.0 -94.644322,33.701666,0.0 -94.639003,33.697681,0.0 -94.638646,33.695804,0.0 -94.643132,33.690323,0.0 -94.64547,33.685344,0.0 -94.648902,33.684024,0.0 -94.648478,33.682125,0.0 -94.645579,33.6755,0.0 -94.645535,33.673531,0.0 -94.651296,33.670419,0.0 -94.653996,33.671147,0.0 -94.657916,33.674186,0.0 -94.661806,33.675133,0.0 -94.668848,33.671878,0.0 -94.671048,33.668388,0.0 -94.669311,33.664362,0.0 -94.663195,33.661084,0.0 -94.655891,33.660166,0.0 -94.637996,33.664578,0.0 -94.635573,33.667527,0.0 -94.630919,33.673442,0.0 -94.63045,33.677123,0.0 -94.628191,33.681073,0.0 -94.622379,33.682428,0.0 -94.617625,33.681242,0.0 -94.613317,33.67567,0.0 -94.6128302526765,33.6740011087097,0.0 -94.611712,33.670167,0.0 -94.607683,33.665569,0.0 -94.602999,33.663059,0.0 -94.59797,33.663381,0.0 -94.59312,33.665429,0.0 -94.591435,33.668914,0.0 -94.591953,33.672863,0.0 -94.590027,33.67585,0.0 -94.59314,33.683236,0.0 -94.590544,33.686222,0.0 -94.587072,33.68582,0.0 -94.582997,33.681167,0.0 -94.580292,33.678819,0.0 -94.579864,33.666167,0.0 -94.577876,33.665682,0.0 -94.569065,33.668562,0.0 -94.562166,33.668965,0.0 -94.560339,33.666591,0.0 -94.563251,33.662684,0.0 -94.57557,33.659409,0.0 -94.586986,33.65018,0.0 -94.59083,33.645563,0.0 -94.588632,33.644183,0.0 -94.583273,33.643793,0.0 -94.577838,33.645557,0.0 -94.570566,33.652226,0.0 -94.560198,33.656967,0.0 -94.549636,33.660676,0.0 -94.546366,33.659161,0.0 -94.543332,33.655686,0.0 -94.542593,33.651411,0.0 -94.545436,33.646228,0.0 -94.559042,33.641971,0.0 -94.568386,33.637203,0.0 -94.570447,33.629947,0.0 -94.569523,33.627832,0.0 -94.564076,33.626265,0.0 -94.555747,33.62709,0.0 -94.551405,33.628491,0.0 -94.541095,33.636529,0.0 -94.534818,33.639277,0.0 -94.527491,33.641344,0.0 -94.521837,33.640728,0.0 -94.519133,33.638298,0.0 -94.518932,33.637164,0.0 -94.524573,33.632609,0.0 -94.531992,33.627833,0.0 -94.535065,33.625115,0.0 -94.535169,33.621919,0.0 -94.531871,33.618648,0.0 -94.527376,33.615833,0.0 -94.523004,33.616077,0.0 -94.519838,33.618077,0.0 -94.518057,33.622978,0.0 -94.520245,33.629805,0.0 -94.51726,33.632729,0.0 -94.511514,33.623105,0.0 -94.504615,33.620682,0.0 -94.497801,33.624013,0.0 -94.491503,33.625115,0.0 -94.487514,33.628939,0.0 -94.488434,33.632367,0.0 -94.491109,33.636233,0.0 -94.485875,33.637867,0.0 -94.485577,33.65331,0.0 -94.485528,33.663388,0.0 -94.48452,33.687909,0.0 -94.484616,33.691592,0.0 -94.48384,33.711332,0.0 -94.483874,33.716733,0.0 -94.4836528495159,33.7241849342885,0.0 -94.483574094426,33.7268386827408,0.0 -94.4833025467398,33.735988811995,0.0 -94.4833022351874,33.7359993101336,0.0 -94.48287,33.750564,0.0 -94.482862,33.75078,0.0 -94.4828532911324,33.7510728228643,0.0 -94.482777,33.753638,0.0 -94.482682,33.756286,0.0 -94.4824593259722,33.7649602137344,0.0 -94.481842,33.789008,0.0 -94.4818414166684,33.7890210927706,0.0 -94.481543,33.795719,0.0 -94.4815346322382,33.7960376186244,0.0 -94.481361,33.802649,0.0 -94.481355,33.802887,0.0 -94.4807750925827,33.8231421785369,0.0 -94.480574,33.830166,0.0 -94.479954,33.85133,0.0 -94.47978111686,33.8567086466061,0.0 -94.478994,33.881197,0.0 -94.478842,33.881485,0.0 -94.477387,33.937759,0.0 -94.4773197138202,33.9408589841988,0.0 -94.4773177317554,33.9409503011619,0.0 -94.477038,33.953838,0.0 -94.476957,33.957365,0.0 -94.4750193436354,34.0158987608879,0.0 -94.474895,34.019655,0.0 -94.474896,34.021838,0.0 -94.474896,34.021877,0.0 -94.4738659911863,34.0594617928208,0.0 -94.4726734005021,34.102979161983,0.0 -94.4711327575236,34.1591968820544,0.0 -94.4702836220645,34.1901816463447,0.0 -94.4686660864144,34.2492051629228,0.0 -94.4664318657452,34.3307313788693,0.0 -94.465847,34.352073,0.0 -94.4654374209984,34.3593279834998,0.0 -94.465425,34.359548,0.0 -94.4648940685785,34.3778968028879,0.0 -94.464176,34.402713,0.0 -94.463816,34.414465,0.0 -94.463671,34.419585,0.0 -94.4636642212177,34.4198211876128,0.0 -94.4632950100883,34.4326853114694,0.0 -94.4628707066503,34.4474689719384,0.0 -94.4624269636125,34.4629299506126,0.0 -94.461149,34.507457,0.0 -94.4610827807396,34.5097517310505,0.0 -94.460363325772,34.534683384543,0.0 -94.460058,34.545264,0.0 -94.460052,34.547869,0.0 -94.4586993561652,34.5940221405,0.0 -94.4575,34.634945,0.0 -94.45753,34.642961,0.0 -94.4575117588871,34.6434920896136,0.0 -94.4562642038509,34.6798146279936,0.0 -94.4562563395033,34.6800435983062,0.0 -94.4562041041542,34.6815644293862,0.0 -94.4560193410089,34.6869438044374,0.0 -94.4557938240506,34.6935097258868,0.0 -94.4553402653971,34.7067150764506,0.0 -94.4547469400015,34.723989732741,0.0 -94.4545765776714,34.7289498283625,0.0 -94.4533001508935,34.766112966887,0.0 -94.4511884490086,34.8275951224108,0.0 -94.457714,34.82811,0.0 -94.462494,34.828961,0.0 -94.465664,34.828191,0.0 -94.472126,34.82807,0.0 -94.481187,34.826383,0.0 -94.486207,34.826066,0.0 -94.487461,34.826335,0.0 -94.491946,34.825293,0.0 -94.496525,34.823321,0.0 -94.501496,34.820012,0.0 -94.503565,34.819042,0.0 -94.505409,34.817524,0.0 -94.507058,34.817613,0.0 -94.508985,34.818483,0.0 -94.511709,34.818357,0.0 -94.516222,34.817645,0.0 -94.519602,34.816132,0.0 -94.522904,34.816127,0.0 -94.526134,34.816518,0.0 -94.52856,34.816426,0.0 -94.533072,34.81557,0.0 -94.537716,34.814061,0.0 -94.539066,34.811618,0.0 -94.540973,34.811888,0.0 -94.543446,34.813098,0.0 -94.545991,34.811891,0.0 -94.549822,34.811859,0.0 -94.55178,34.80853,0.0 -94.557302,34.80791,0.0 -94.563974,34.807471,0.0 -94.566063,34.806924,0.0 -94.574717,34.805423,0.0 -94.577746,34.804726,0.0 -94.581634,34.802886,0.0 -94.585545,34.801856,0.0 -94.590508,34.80132,0.0 -94.597107,34.800152,0.0 -94.596984,34.798046,0.0 -94.601787,34.794085,0.0 -94.60437,34.793524,0.0 -94.607327,34.792116,0.0 -94.607511,34.791041,0.0 -94.604621,34.788481,0.0 -94.605765,34.784625,0.0 -94.605714,34.777825,0.0 -94.606643,34.776319,0.0 -94.610113,34.77468,0.0 -94.610856,34.771723,0.0 -94.613859,34.772119,0.0 -94.614758,34.771682,0.0 -94.614969,34.773778,0.0 -94.617453,34.776103,0.0 -94.618566,34.777943,0.0 -94.618519,34.781258,0.0 -94.61585,34.784047,0.0 -94.613736,34.787315,0.0 -94.614023,34.792391,0.0 -94.615707,34.794062,0.0 -94.616774,34.792982,0.0 -94.619412,34.79256,0.0 -94.621028,34.79346,0.0 -94.619887,34.795511,0.0 -94.61951,34.798161,0.0 -94.620857,34.800954,0.0 -94.620942,34.803,0.0 -94.621857,34.804538,0.0 -94.623178,34.805247,0.0 -94.623562,34.803766,0.0 -94.622605,34.802236,0.0 -94.62397,34.797609,0.0 -94.62534,34.796552,0.0 -94.627111,34.79724,0.0 -94.629597,34.797133,0.0 -94.63024,34.799467,0.0 -94.632847,34.800295,0.0 -94.6336,34.801592,0.0 -94.63411,34.804305,0.0 -94.638175,34.808295,0.0 -94.638883,34.809566,0.0 -94.642448,34.810283,0.0 -94.644511,34.811232,0.0 -94.64465,34.820988,0.0 -94.644471,34.822429,0.0 -94.650623,34.822485,0.0 -94.655626,34.822106,0.0 -94.657554,34.822266,0.0 -94.657406,34.811097,0.0 -94.659906,34.811493,0.0 -94.661261,34.810292,0.0 -94.665913,34.809901,0.0 -94.670132,34.810782,0.0 -94.672143,34.810241,0.0 -94.673597,34.811715,0.0 -94.676184,34.812098,0.0 -94.680373,34.811076,0.0 -94.682785,34.812845,0.0 -94.684451,34.815036,0.0 -94.68725,34.815904,0.0 -94.688565,34.817113,0.0 -94.690652,34.817753,0.0 -94.693367,34.817704,0.0 -94.695768,34.818204,0.0 -94.696244,34.818763,0.0 -94.695741,34.821492,0.0 -94.693931,34.825349,0.0 -94.694818,34.828196,0.0 -94.694271,34.829896,0.0 -94.695645,34.832133,0.0 -94.693639,34.832766,0.0 -94.693206,34.833539,0.0 -94.693096,34.839215,0.0 -94.693264,34.841605,0.0 -94.691594,34.841409,0.0 -94.692549,34.842852,0.0 -94.693268,34.846187,0.0 -94.694007,34.846807,0.0 -94.702035,34.849629,0.0 -94.713217,34.854917,0.0 -94.713312,34.854961,0.0 -94.720046,34.858042,0.0 -94.721071,34.858303,0.0 -94.721126,34.859744,0.0 -94.718923,34.860558,0.0 -94.7159,34.860706,0.0 -94.715104,34.861238,0.0 -94.708911,34.863433,0.0 -94.70808,34.864112,0.0 -94.707886,34.865683,0.0 -94.706853,34.866577,0.0 -94.703652,34.867232,0.0 -94.705749,34.870294,0.0 -94.708603,34.870897,0.0 -94.710715,34.870515,0.0 -94.71211,34.870845,0.0 -94.716541,34.873513,0.0 -94.719355,34.876501,0.0 -94.722349,34.878094,0.0 -94.725297,34.878148,0.0 -94.726803,34.877323,0.0 -94.729558,34.878075,0.0 -94.73262,34.879805,0.0 -94.736408,34.881309,0.0 -94.737523,34.882254,0.0 -94.737051,34.885694,0.0 -94.739981,34.888496,0.0 -94.739962,34.889809,0.0 -94.741222,34.890529,0.0 -94.744544,34.890681,0.0 -94.745766,34.892181,0.0 -94.744598,34.891643,0.0 -94.747021,34.89445,0.0 -94.746729,34.895692,0.0 -94.744528,34.896099,0.0 -94.741023,34.898077,0.0 -94.740902,34.899684,0.0 -94.742223,34.900975,0.0 -94.745766,34.901853,0.0 -94.748641,34.901851,0.0 -94.751918,34.903181,0.0 -94.754239,34.90325,0.0 -94.756846,34.905353,0.0 -94.756188,34.907255,0.0 -94.756526,34.912506,0.0 -94.75756,34.913217,0.0 -94.751886,34.912931,0.0 -94.730761,34.913125,0.0 -94.731696,34.916772,0.0 -94.731066,34.91758,0.0 -94.73091,34.920423,0.0 -94.732247,34.921298,0.0 -94.732236,34.923844,0.0 -94.726619,34.924183,0.0 -94.724986,34.926431,0.0 -94.727816,34.92794,0.0 -94.734253,34.927886,0.0 -94.734339,34.939454,0.0 -94.734473,34.950949,0.0 -94.7211,34.951185,0.0 -94.708647,34.95052,0.0 -94.70875,34.950593,0.0 -94.708234,34.971221,0.0 -94.707817,34.971627,0.0 -94.699342,34.97946,0.0 -94.69928,34.981061,0.0 -94.705641,34.985538,0.0 -94.71681,34.985654,0.0 -94.716828,34.988,0.0 -94.716861,35.00021,0.0 -94.72566,35.000164,0.0 -94.725694,35.014582,0.0 -94.730025,35.014723,0.0 -94.730151,35.016486,0.0 -94.734358,35.016611,0.0 -94.734537,35.023236,0.0 -94.735206,35.02441,0.0 -94.734473,35.02646,0.0 -94.734268,35.029451,0.0 -94.734422,35.034462,0.0 -94.734373,35.056034,0.0 -94.738711,35.056051,0.0 -94.742497,35.056634,0.0 -94.74857,35.056324,0.0 -94.752941,35.05719,0.0 -94.75542,35.056403,0.0 -94.765437,35.047775,0.0 -94.781777,35.033744,0.0 -94.785209,35.03207,0.0 -94.78962,35.030764,0.0 -94.795942,35.02936,0.0 -94.802678,35.029065,0.0 -94.807783,35.029439,0.0 -94.810685,35.030652,0.0 -94.818871,35.036835,0.0 -94.820893,35.038536,0.0 -94.822024,35.040107,0.0 -94.824051,35.042936,0.0 -94.831085,35.050846,0.0 -94.839346,35.061035,0.0 -94.840833,35.062488,0.0 -94.841906,35.062081,0.0 -94.843829,35.062471,0.0 -94.843838,35.061014,0.0 -94.844939,35.059655,0.0 -94.846386,35.056652,0.0 -94.845746,35.053556,0.0 -94.848781,35.050165,0.0 -94.848921,35.031291,0.0 -94.848452,35.029175,0.0 -94.857612,35.029119,0.0 -94.879638,35.029257,0.0 -94.886851,35.023185,0.0 -94.896327,35.017791,0.0 -94.90264,35.014957,0.0 -94.906876,35.0127,0.0 -94.917431,35.008518,0.0 -94.923214,35.006557,0.0 -94.927756,35.005219,0.0 -94.927678,34.973187,0.0 -94.927673,34.970923,0.0 -94.927664,34.942025,0.0 -94.936324,34.942023,0.0 -94.945132,34.942016,0.0 -94.980329,34.941965,0.0 -94.998125,34.941964,0.0 -94.997961,34.930762,0.0 -94.997957,34.925776,0.0 -94.99786,34.876395,0.0 -94.997843,34.865614,0.0 -94.997563,34.863046,0.0 -94.99783,34.859395,0.0 -94.997832,34.854915,0.0 -95.059512,34.855019,0.0 -95.059654,34.835179,0.0 -95.059828,34.796459,0.0 -95.059929,34.767829,0.0 -95.059957,34.753929,0.0 -95.059957,34.753632,0.0 -95.059957,34.753208,0.0 -95.059958,34.738926,0.0 -95.059732,34.695561,0.0 -95.059616,34.680736,0.0 -95.025139,34.680804,0.0 -94.937555,34.680792,0.0 -94.937511,34.666676,0.0 -94.937489,34.666196,0.0 -94.937502,34.625104,0.0 -94.937559,34.59433,0.0 -94.937562,34.593591,0.0 -94.937484,34.538461,0.0 -94.937569,34.53794,0.0 -94.937604,34.507296,0.0 -94.990057,34.507289,0.0 -95.046746,34.507276,0.0 -95.046753,34.477546,0.0 -95.046772,34.419364,0.0 -95.046767,34.417547,0.0 -95.046628,34.396453,0.0 -95.046521,34.39587,0.0 -95.046621,34.395483,0.0 -95.046608,34.297993,0.0 -95.0466,34.287261,0.0 -95.046585,34.243776,0.0 -95.135144,34.243747,0.0 -95.135597,34.243743,0.0 -95.151323,34.243737,0.0 -95.151337,34.182684,0.0 -95.151344,34.156841,0.0 -95.156521,34.156965,0.0 -95.156533,34.113301,0.0 -95.156504,34.083544,0.0 -95.156497,34.083525,0.0 -95.156466,34.01449,0.0 -95.15646,34.00449,0.0 -95.156488,33.975303,0.0</coordinates>
</LinearRing>
</outerBoundaryIs>
</Polygon>
</Placemark>
<Placemark id="cb_2023_40_sldl_500k">
<name>&lt;at&gt;&lt;openparen&gt;40002&lt;closeparen&gt;</name>
<visibility>1</visibility>
<description><![CDATA[<center><table><tr><th colspan='2' align='center'><em>Attributes</em></th></tr><tr bgcolor="#E3E3F3">
<th>STATEFP</th>
<td>40</td>
</tr><tr bgcolor="">
<th>SLDLST</th>
<td>002</td>
</tr><tr bgcolor="#E3E3F3">
<th>GEOIDFQ</th>
<td>620L800US40002</td>
</tr><tr bgcolor="">
<th>GEOID</th>
<td>40002</td>
</tr><tr bgcolor="#E3E3F3">
<th>NAME</th>
<td>2</td>
</tr><tr bgcolor="">
<th>NAMELSAD</th>
<td>State House District 2</td>
</tr><tr bgcolor="#E3E3F3">
<th>STUSPS</th>
<td>OK</td>
</tr><tr bgcolor="">
<th>STATE_NAME</th>
<td>Oklahoma</td>
</tr><tr bgcolor="#E3E3F3">
<th>LSAD</th>
<td>LL</td>
</tr><tr bgcolor="">
<th>LSY</th>
<td>2022</td>
</tr><tr bgcolor="#E3E3F3">
<th>ALAND</th>
<td>1744553526</td>
</tr><tr bgcolor="">
<th>AWATER</th>
<td>105073391</td>
</tr></table></center>]]></description>
<LookAt>
<longitude>-102</longitude>
<latitude>38.5</latitude>
<range>7000000</range>
<tilt>10</tilt>
<heading>0</heading>
</LookAt>
<styleUrl>#KMLStyler</styleUrl>
<ExtendedData>
<SchemaData schemaUrl="#kml_schema_ft_cb_2023_40_sldl_500k">
<SimpleData name="STATEFP">40</SimpleData>
<SimpleData name="SLDLST">002</SimpleData>
<SimpleData name="GEOIDFQ">620L800US40002</SimpleData>
<SimpleData name="GEOID">40002</SimpleData>
<SimpleData name="NAME">2</SimpleData>
<SimpleData name="NAMELSAD">State House District 2</SimpleData>
<SimpleData name="STUSPS">OK</SimpleData>
<SimpleData name="STATE_NAME">Oklahoma</SimpleData>
<SimpleData name="LSAD">LL</SimpleData>
<SimpleData name="LSY">2022</SimpleData>
<SimpleData name="ALAND">1744553526</SimpleData>
<SimpleData name="AWATER">105073391</SimpleData>
</SchemaData>
</ExtendedData>
<Polygon>
<extrude>0</extrude>
<tessellate>1</tessellate>
<altitudeMode>clampToGround</altitudeMode>
<outerBoundaryIs>
<LinearRing>
<coordinates>-95.13229,35.547764,0.0 -95.132311,35.543821,0.0 -95.132271,35.526055,0.0 -95.127537,35.521296,0.0 -95.126569,35.519231,0.0 -95.126488,35.519056,0.0 -95.125237,35.515996,0.0 -95.124669,35.512023,0.0 -95.120836,35.505696,0.0 -95.115135,35.500296,0.0 -95.114628,35.499329,0.0 -95.107636,35.493095,0.0 -95.103836,35.490495,0.0 -95.100936,35.489395,0.0 -95.097484,35.487044,0.0 -95.09705,35.48661,0.0 -95.096136,35.485696,0.0 -95.092436,35.479696,0.0 -95.091035,35.475896,0.0 -95.089635,35.469396,0.0 -95.088335,35.464796,0.0 -95.086835,35.462496,0.0 -95.084035,35.460396,0.0 -95.080835,35.459096,0.0 -95.077235,35.458796,0.0 -95.073835,35.459995,0.0 -95.071535,35.461695,0.0 -95.065534,35.464795,0.0 -95.062319,35.465095,0.0 -95.061442,35.465095,0.0 -95.049933,35.458894,0.0 -95.046234,35.457495,0.0 -95.043433,35.456995,0.0 -95.035933,35.456995,0.0 -95.032033,35.456295,0.0 -95.027733,35.454795,0.0 -95.024933,35.453095,0.0 -95.023532,35.450795,0.0 -95.023332,35.448495,0.0 -95.024433,35.442195,0.0 -95.024633,35.435195,0.0 -95.024433,35.432395,0.0 -95.023733,35.430295,0.0 -95.021533,35.426795,0.0 -95.019932,35.424995,0.0 -95.014432,35.420995,0.0 -95.011756,35.418423,0.0 -95.00651,35.4146,0.0 -95.004348,35.413471,0.0 -95.000232,35.412025,0.0 -94.996336,35.411147,0.0 -94.991955,35.409497,0.0 -94.986829,35.40838,0.0 -94.978971,35.40826,0.0 -94.974958,35.407962,0.0 -94.971475,35.407099,0.0 -94.965956,35.406716,0.0 -94.959155,35.40827,0.0 -94.955164,35.408689,0.0 -94.951328,35.408334,0.0 -94.948857,35.407266,0.0 -94.946243,35.404538,0.0 -94.945218,35.403089,0.0 -94.944608,35.402457,0.0 -94.940654,35.39826,0.0 -94.938516,35.396595,0.0 -94.934239,35.395509,0.0 -94.928892,35.39342,0.0 -94.925745,35.392845,0.0 -94.920495,35.393104,0.0 -94.917045,35.393763,0.0 -94.911143,35.397183,0.0 -94.908155,35.398381,0.0 -94.904685,35.398838,0.0 -94.901832,35.39794,0.0 -94.899477,35.395605,0.0 -94.896275,35.391773,0.0 -94.893928,35.388099,0.0 -94.8923,35.384345,0.0 -94.892302,35.379676,0.0 -94.893517,35.375148,0.0 -94.894739,35.373088,0.0 -94.902444,35.367187,0.0 -94.908688,35.362891,0.0 -94.913234,35.360349,0.0 -94.915314,35.35865,0.0 -94.919266,35.354141,0.0 -94.919579,35.353317,0.0 -94.918707,35.350414,0.0 -94.914454,35.347525,0.0 -94.911917,35.346651,0.0 -94.904692,35.346422,0.0 -94.90198,35.346709,0.0 -94.895516,35.349189,0.0 -94.886713,35.351585,0.0 -94.884542,35.351927,0.0 -94.876908,35.354134,0.0 -94.872418,35.354526,0.0 -94.865894,35.356599,0.0 -94.862371,35.358274,0.0 -94.859515,35.360019,0.0 -94.85406,35.364117,0.0 -94.849677,35.368574,0.0 -94.845184,35.370785,0.0 -94.842143,35.371086,0.0 -94.837067,35.369451,0.0 -94.834949,35.368368,0.0 -94.831227,35.365549,0.0 -94.82918,35.361915,0.0 -94.828947,35.356117,0.0 -94.829152,35.351428,0.0 -94.829013,35.346798,0.0 -94.82746,35.337412,0.0 -94.825912,35.333399,0.0 -94.823785,35.329388,0.0 -94.820681,35.325889,0.0 -94.817259,35.323867,0.0 -94.813629,35.323344,0.0 -94.811716,35.32307,0.0 -94.806051,35.323855,0.0 -94.800908,35.324952,0.0 -94.796291,35.32646,0.0 -94.794374,35.327086,0.0 -94.792713,35.32835,0.0 -94.790528,35.331334,0.0 -94.790095,35.333384,0.0 -94.788584,35.335567,0.0 -94.785001,35.342186,0.0 -94.781615,35.347153,0.0 -94.778444,35.350895,0.0 -94.777758,35.351366,0.0 -94.777657,35.351436,0.0 -94.775247,35.35318,0.0 -94.769727,35.355317,0.0 -94.763835,35.355688,0.0 -94.756413,35.356807,0.0 -94.750224,35.356969,0.0 -94.743382,35.356009,0.0 -94.73782,35.354648,0.0 -94.730013,35.35195,0.0 -94.725697,35.349702,0.0 -94.720559,35.34593,0.0 -94.714589,35.339689,0.0 -94.709581,35.335988,0.0 -94.703995,35.332475,0.0 -94.702276,35.332011,0.0 -94.695228,35.330987,0.0 -94.69086,35.329869,0.0 -94.684885,35.32729,0.0 -94.683459,35.326252,0.0 -94.680435,35.322659,0.0 -94.678889,35.318409,0.0 -94.678379,35.315569,0.0 -94.67819,35.311888,0.0 -94.678556,35.3071,0.0 -94.678342,35.3048,0.0 -94.675601,35.300527,0.0 -94.6738,35.298756,0.0 -94.668796,35.295029,0.0 -94.66313,35.292563,0.0 -94.65743,35.291582,0.0 -94.65182,35.291214,0.0 -94.647967,35.29123,0.0 -94.643506,35.29178,0.0 -94.633432,35.293769,0.0 -94.629504,35.29527,0.0 -94.625221,35.297522,0.0 -94.621156,35.300749,0.0 -94.615879,35.304111,0.0 -94.612975,35.307628,0.0 -94.60997,35.312993,0.0 -94.603862,35.321683,0.0 -94.59882,35.326445,0.0 -94.594801,35.327974,0.0 -94.588959,35.328526,0.0 -94.583178,35.328294,0.0 -94.579056,35.328783,0.0 -94.576472,35.328867,0.0 -94.569148,35.325641,0.0 -94.565201,35.322632,0.0 -94.563551,35.319864,0.0 -94.558996,35.315031,0.0 -94.55463,35.310219,0.0 -94.547647,35.306352,0.0 -94.542732,35.304961,0.0 -94.538461,35.30435,0.0 -94.533528,35.304331,0.0 -94.52865,35.3052,0.0 -94.519129,35.308193,0.0 -94.516956,35.309517,0.0 -94.515201,35.308692,0.0 -94.515224,35.306574,0.0 -94.511175,35.30452,0.0 -94.505696,35.304939,0.0 -94.504128,35.305924,0.0 -94.501091,35.305835,0.0 -94.498307,35.304545,0.0 -94.496241,35.301844,0.0 -94.494555,35.301126,0.0 -94.491437,35.302228,0.0 -94.490178,35.303183,0.0 -94.485328,35.304792,0.0 -94.482368,35.307248,0.0 -94.481147,35.309507,0.0 -94.482063,35.315374,0.0 -94.483299,35.318105,0.0 -94.48774,35.322507,0.0 -94.492005,35.325406,0.0 -94.494797,35.329809,0.0 -94.494738,35.332276,0.0 -94.494379,35.337144,0.0 -94.494771,35.342566,0.0 -94.492349,35.344283,0.0 -94.489051,35.345127,0.0 -94.486369,35.346834,0.0 -94.482458,35.349072,0.0 -94.481543,35.349987,0.0 -94.480521,35.352291,0.0 -94.483267,35.355076,0.0 -94.485861,35.360363,0.0 -94.486688,35.36488,0.0 -94.486224,35.366057,0.0 -94.483603,35.369419,0.0 -94.481783,35.37012,0.0 -94.480034,35.372162,0.0 -94.476914,35.374119,0.0 -94.472803,35.375781,0.0 -94.466842,35.376998,0.0 -94.468258,35.376399,0.0 -94.460616,35.378637,0.0 -94.454785,35.378495,0.0 -94.448749,35.379374,0.0 -94.446008,35.380101,0.0 -94.441136,35.382146,0.0 -94.43559,35.386122,0.0 -94.4314575536191,35.391451916639,0.0 -94.430662,35.392478,0.0 -94.430840561531,35.393455904411,0.0 -94.4356009830589,35.4195266777895,0.0 -94.43894546638,35.4378429689462,0.0 -94.4411434410877,35.4498803274367,0.0 -94.4411931979068,35.4501528240523,0.0 -94.4412280132363,35.4503434925802,0.0 -94.4414483033739,35.4515499265527,0.0 -94.4432631734887,35.4614891865947,0.0 -94.449696,35.496719,0.0 -94.449896095392,35.4979813989198,0.0 -94.4522344123109,35.512733806373,0.0 -94.4547183519755,35.5284049456122,0.0 -94.4565848485739,35.5401806455211,0.0 -94.4600015957716,35.5617368539277,0.0 -94.4628980373272,35.5800104616019,0.0 -94.463318,35.58266,0.0 -94.464097,35.587265,0.0 -94.4642121588794,35.5877908922162,0.0 -94.464457,35.588909,0.0 -94.465272,35.594037,0.0 -94.466196543767,35.5996179849439,0.0 -94.472647,35.638556,0.0 -94.50273,35.638353,0.0 -94.52061,35.638354,0.0 -94.533755,35.63835,0.0 -94.594993,35.638328,0.0 -94.629908,35.638352,0.0 -94.630719,35.638352,0.0 -94.647747,35.638362,0.0 -94.675188,35.638373,0.0 -94.701178,35.638378,0.0 -94.753685,35.638471,0.0 -94.76877,35.638495,0.0 -94.772266,35.638504,0.0 -94.807757,35.638546,0.0 -94.828984,35.638564,0.0 -94.85416,35.638587,0.0 -94.860477,35.638592,0.0 -94.951916,35.638632,0.0 -94.95258,35.638464,0.0 -94.960442,35.638636,0.0 -94.970904,35.638564,0.0 -94.991709,35.638629,0.0 -95.000107,35.638623,0.0 -95.007004,35.638623,0.0 -95.012518,35.63862,0.0 -95.127213,35.638788,0.0 -95.127462,35.638624,0.0 -95.127354,35.625096,0.0 -95.127611,35.620236,0.0 -95.127267,35.602446,0.0 -95.127242,35.595845,0.0 -95.127311,35.554289,0.0 -95.12731,35.55182,0.0 -95.131268,35.551721,0.0 -95.132291,35.551808,0.0 -95.13229,35.547764,0.0</coordinates>
</LinearRing>
</outerBoundaryIs>
</Polygon>
</Placemark>
<Placemark id="cb_2023_40_sldl_500k">
<name>&lt;at&gt;&lt;openparen&gt;40003&lt;closeparen&gt;</name>
<visibility>1</visibility>
<description><![CDATA[<center><table><tr><th colspan='2' align='center'><em>Attributes</em></th></tr><tr bgcolor="#E3E3F3">
<th>STATEFP</th>
<td>40</td>
</tr><tr bgcolor="">
<th>SLDLST</th>
<td>003</td>
</tr><tr bgcolor="#E3E3F3">
<th>GEOIDFQ</th>
<td>620L800US40003</td>
</tr><tr bgcolor="">
<th>GEOID</th>
<td>40003</td>
</tr><tr bgcolor="#E3E3F3">
<th>NAME</th>
<td>3</td>
</tr><tr bgcolor="">
<th>NAMELSAD</th>
<td>State House District 3</td>
</tr><tr bgcolor="#E3E3F3">
<th>STUSPS</th>
<td>OK</td>
</tr><tr bgcolor="">
<th>STATE_NAME</th>
<td>Oklahoma</td>
</tr><tr bgcolor="#E3E3F3">
<th>LSAD</th>
<td>LL</td>
</tr><tr bgcolor="">
<th>LSY</th>
<td>2022</td>
</tr><tr bgcolor="#E3E3F3">
<th>ALAND</th>
<td>1600076033</td>
</tr><tr bgcolor="">
<th>AWATER</th>
<td>28175858</td>
</tr></table></center>]]></description>
<LookAt>
<longitude>-102</longitude>
<latitude>38.5</latitude>
<range>7000000</range>
<tilt>10</tilt>
<heading>0</heading>
</LookAt>
<styleUrl>#KMLStyler</styleUrl>
<ExtendedData>
<SchemaData schemaUrl="#kml_schema_ft_cb_2023_40_sldl_500k">
<SimpleData name="STATEFP">40</SimpleData>
<SimpleData name="SLDLST">003</SimpleData>
<SimpleData name="GEOIDFQ">620L800US40003</SimpleData>
<SimpleData name="GEOID">40003</SimpleData>
<SimpleData name="NAME">3</SimpleData>
<SimpleData name="NAMELSAD">State House District 3</SimpleData>
<SimpleData name="STUSPS">OK</SimpleData>
<SimpleData name="STATE_NAME">Oklahoma</SimpleData>
<SimpleData name="LSAD">LL</SimpleData>
<SimpleData name="LSY">2022</SimpleData>
<SimpleData name="ALAND">1600076033</SimpleData>
<SimpleData name="AWATER">28175858</SimpleData>
</SchemaData>
</ExtendedData>
<Polygon>
<extrude>0</extrude>
<tessellate>1</tessellate>
<altitudeMode>clampToGround</altitudeMode>
<outerBoundaryIs>
<LinearRing>
<coordinates>-94.814236,35.24572,0.0 -94.814273,35.21477,0.0 -94.812186,35.213611,0.0 -94.808166,35.213361,0.0 -94.805323,35.212725,0.0 -94.801202,35.212723,0.0 -94.796657,35.213241,0.0 -94.796619,35.216901,0.0 -94.761241,35.216805,0.0 -94.761258,35.209577,0.0 -94.761312,35.202339,0.0 -94.76774,35.202248,0.0 -94.769362,35.199051,0.0 -94.770305,35.193899,0.0 -94.770355,35.189386,0.0 -94.770023,35.188715,0.0 -94.772491,35.188707,0.0 -94.772448,35.181528,0.0 -94.770269,35.181527,0.0 -94.770129,35.157113,0.0 -94.772989,35.155579,0.0 -94.767912,35.153363,0.0 -94.771767,35.150945,0.0 -94.771572,35.149971,0.0 -94.769432,35.146704,0.0 -94.769684,35.145522,0.0 -94.771354,35.143657,0.0 -94.77021,35.142552,0.0 -94.770228,35.139758,0.0 -94.769285,35.138818,0.0 -94.769179,35.138489,0.0 -94.770168,35.137118,0.0 -94.770183,35.130798,0.0 -94.781558,35.13073,0.0 -94.783217,35.129779,0.0 -94.782155,35.127556,0.0 -94.780878,35.126801,0.0 -94.780239,35.124839,0.0 -94.778581,35.123075,0.0 -94.777318,35.120003,0.0 -94.775078,35.1187,0.0 -94.771473,35.118809,0.0 -94.770148,35.11843,0.0 -94.770127,35.116242,0.0 -94.75271,35.116273,0.0 -94.752543,35.114524,0.0 -94.749132,35.114428,0.0 -94.746492,35.110151,0.0 -94.744204,35.108993,0.0 -94.743504,35.107926,0.0 -94.740763,35.106629,0.0 -94.739839,35.104703,0.0 -94.743656,35.103169,0.0 -94.743453,35.10181,0.0 -94.746542,35.101849,0.0 -94.748455,35.095968,0.0 -94.747829,35.094642,0.0 -94.751068,35.092114,0.0 -94.752007,35.090753,0.0 -94.751789,35.08565,0.0 -94.747674,35.084449,0.0 -94.744115,35.083022,0.0 -94.741076,35.081203,0.0 -94.739512,35.077161,0.0 -94.740227,35.073124,0.0 -94.73955,35.071553,0.0 -94.73732,35.069767,0.0 -94.737165,35.064886,0.0 -94.738189,35.064582,0.0 -94.734195,35.060364,0.0 -94.734249,35.058283,0.0 -94.734373,35.056034,0.0 -94.734422,35.034462,0.0 -94.734268,35.029451,0.0 -94.734473,35.02646,0.0 -94.735206,35.02441,0.0 -94.734537,35.023236,0.0 -94.734358,35.016611,0.0 -94.730151,35.016486,0.0 -94.730025,35.014723,0.0 -94.725694,35.014582,0.0 -94.72566,35.000164,0.0 -94.716861,35.00021,0.0 -94.716828,34.988,0.0 -94.71681,34.985654,0.0 -94.705641,34.985538,0.0 -94.69928,34.981061,0.0 -94.699342,34.97946,0.0 -94.707817,34.971627,0.0 -94.708234,34.971221,0.0 -94.70875,34.950593,0.0 -94.708647,34.95052,0.0 -94.7211,34.951185,0.0 -94.734473,34.950949,0.0 -94.734339,34.939454,0.0 -94.734253,34.927886,0.0 -94.727816,34.92794,0.0 -94.724986,34.926431,0.0 -94.726619,34.924183,0.0 -94.732236,34.923844,0.0 -94.732247,34.921298,0.0 -94.73091,34.920423,0.0 -94.731066,34.91758,0.0 -94.731696,34.916772,0.0 -94.730761,34.913125,0.0 -94.751886,34.912931,0.0 -94.75756,34.913217,0.0 -94.756526,34.912506,0.0 -94.756188,34.907255,0.0 -94.756846,34.905353,0.0 -94.754239,34.90325,0.0 -94.751918,34.903181,0.0 -94.748641,34.901851,0.0 -94.745766,34.901853,0.0 -94.742223,34.900975,0.0 -94.740902,34.899684,0.0 -94.741023,34.898077,0.0 -94.744528,34.896099,0.0 -94.746729,34.895692,0.0 -94.747021,34.89445,0.0 -94.744598,34.891643,0.0 -94.745766,34.892181,0.0 -94.744544,34.890681,0.0 -94.741222,34.890529,0.0 -94.739962,34.889809,0.0 -94.739981,34.888496,0.0 -94.737051,34.885694,0.0 -94.737523,34.882254,0.0 -94.736408,34.881309,0.0 -94.73262,34.879805,0.0 -94.729558,34.878075,0.0 -94.726803,34.877323,0.0 -94.725297,34.878148,0.0 -94.722349,34.878094,0.0 -94.719355,34.876501,0.0 -94.716541,34.873513,0.0 -94.71211,34.870845,0.0 -94.710715,34.870515,0.0 -94.708603,34.870897,0.0 -94.705749,34.870294,0.0 -94.703652,34.867232,0.0 -94.706853,34.866577,0.0 -94.707886,34.865683,0.0 -94.70808,34.864112,0.0 -94.708911,34.863433,0.0 -94.715104,34.861238,0.0 -94.7159,34.860706,0.0 -94.718923,34.860558,0.0 -94.721126,34.859744,0.0 -94.721071,34.858303,0.0 -94.720046,34.858042,0.0 -94.713312,34.854961,0.0 -94.713217,34.854917,0.0 -94.702035,34.849629,0.0 -94.694007,34.846807,0.0 -94.693268,34.846187,0.0 -94.692549,34.842852,0.0 -94.691594,34.841409,0.0 -94.693264,34.841605,0.0 -94.693096,34.839215,0.0 -94.693206,34.833539,0.0 -94.693639,34.832766,0.0 -94.695645,34.832133,0.0 -94.694271,34.829896,0.0 -94.694818,34.828196,0.0 -94.693931,34.825349,0.0 -94.695741,34.821492,0.0 -94.696244,34.818763,0.0 -94.695768,34.818204,0.0 -94.693367,34.817704,0.0 -94.690652,34.817753,0.0 -94.688565,34.817113,0.0 -94.68725,34.815904,0.0 -94.684451,34.815036,0.0 -94.682785,34.812845,0.0 -94.680373,34.811076,0.0 -94.676184,34.812098,0.0 -94.673597,34.811715,0.0 -94.672143,34.810241,0.0 -94.670132,34.810782,0.0 -94.665913,34.809901,0.0 -94.661261,34.810292,0.0 -94.659906,34.811493,0.0 -94.657406,34.811097,0.0 -94.657554,34.822266,0.0 -94.655626,34.822106,0.0 -94.650623,34.822485,0.0 -94.644471,34.822429,0.0 -94.64465,34.820988,0.0 -94.644511,34.811232,0.0 -94.642448,34.810283,0.0 -94.638883,34.809566,0.0 -94.638175,34.808295,0.0 -94.63411,34.804305,0.0 -94.6336,34.801592,0.0 -94.632847,34.800295,0.0 -94.63024,34.799467,0.0 -94.629597,34.797133,0.0 -94.627111,34.79724,0.0 -94.62534,34.796552,0.0 -94.62397,34.797609,0.0 -94.622605,34.802236,0.0 -94.623562,34.803766,0.0 -94.623178,34.805247,0.0 -94.621857,34.804538,0.0 -94.620942,34.803,0.0 -94.620857,34.800954,0.0 -94.61951,34.798161,0.0 -94.619887,34.795511,0.0 -94.621028,34.79346,0.0 -94.619412,34.79256,0.0 -94.616774,34.792982,0.0 -94.615707,34.794062,0.0 -94.614023,34.792391,0.0 -94.613736,34.787315,0.0 -94.61585,34.784047,0.0 -94.618519,34.781258,0.0 -94.618566,34.777943,0.0 -94.617453,34.776103,0.0 -94.614969,34.773778,0.0 -94.614758,34.771682,0.0 -94.613859,34.772119,0.0 -94.610856,34.771723,0.0 -94.610113,34.77468,0.0 -94.606643,34.776319,0.0 -94.605714,34.777825,0.0 -94.605765,34.784625,0.0 -94.604621,34.788481,0.0 -94.607511,34.791041,0.0 -94.607327,34.792116,0.0 -94.60437,34.793524,0.0 -94.601787,34.794085,0.0 -94.596984,34.798046,0.0 -94.597107,34.800152,0.0 -94.590508,34.80132,0.0 -94.585545,34.801856,0.0 -94.581634,34.802886,0.0 -94.577746,34.804726,0.0 -94.574717,34.805423,0.0 -94.566063,34.806924,0.0 -94.563974,34.807471,0.0 -94.557302,34.80791,0.0 -94.55178,34.80853,0.0 -94.549822,34.811859,0.0 -94.545991,34.811891,0.0 -94.543446,34.813098,0.0 -94.540973,34.811888,0.0 -94.539066,34.811618,0.0 -94.537716,34.814061,0.0 -94.533072,34.81557,0.0 -94.52856,34.816426,0.0 -94.526134,34.816518,0.0 -94.522904,34.816127,0.0 -94.519602,34.816132,0.0 -94.516222,34.817645,0.0 -94.511709,34.818357,0.0 -94.508985,34.818483,0.0 -94.507058,34.817613,0.0 -94.505409,34.817524,0.0 -94.503565,34.819042,0.0 -94.501496,34.820012,0.0 -94.496525,34.823321,0.0 -94.491946,34.825293,0.0 -94.487461,34.826335,0.0 -94.486207,34.826066,0.0 -94.481187,34.826383,0.0 -94.472126,34.82807,0.0 -94.465664,34.828191,0.0 -94.462494,34.828961,0.0 -94.457714,34.82811,0.0 -94.4511884490086,34.8275951224108,0.0 -94.451081948725,34.8306958759053,0.0 -94.4507578062899,34.8401332760176,0.0 -94.4503230102843,34.8527923524853,0.0 -94.450233,34.855413,0.0 -94.45014,34.858694,0.0 -94.450065,34.861335,0.0 -94.44963,34.875253,0.0 -94.4496260315601,34.8753591696434,0.0 -94.4491082159722,34.8892125471621,0.0 -94.449058,34.890556,0.0 -94.449086,34.894152,0.0 -94.449253,34.895869,0.0 -94.4478837250623,34.9340835669104,0.0 -94.4476029001944,34.941921,0.0 -94.4463019423841,34.9782289305087,0.0 -94.4455986087128,34.9978579990775,0.0 -94.4454691933468,35.0014698026883,0.0 -94.4444947678289,35.0286646691999,0.0 -94.4432827507,35.0624903884852,0.0 -94.4426479196819,35.0802076428869,0.0 -94.4415374478223,35.1111993743583,0.0 -94.4415373136765,35.1112031181818,0.0 -94.441232,35.119724,0.0 -94.440754,35.128806,0.0 -94.439717441608,35.1634420304557,0.0 -94.4397173405717,35.1634454065285,0.0 -94.43955,35.169037,0.0 -94.439509,35.171807,0.0 -94.4389249638177,35.1856438880409,0.0 -94.43886,35.187183,0.0 -94.439056,35.193588,0.0 -94.439084,35.197298,0.0 -94.4388323943956,35.2019240190031,0.0 -94.43847,35.208587,0.0 -94.438247,35.210992,0.0 -94.4378954790434,35.2214714229583,0.0 -94.437832901149,35.2233369738201,0.0 -94.437578,35.230936,0.0 -94.437774,35.239271,0.0 -94.4377613407812,35.2394603069918,0.0 -94.437578,35.242202,0.0 -94.4374650725653,35.2431086361292,0.0 -94.4370118276822,35.2467475055261,0.0 -94.436595,35.250094,0.0 -94.4362979446268,35.258139154845,0.0 -94.435812,35.2713,0.0 -94.435793020746,35.2718312400612,0.0 -94.435706,35.274267,0.0 -94.4354761037734,35.2752254904214,0.0 -94.435316,35.275893,0.0 -94.4353071098533,35.2787556272262,0.0 -94.4353022862065,35.280308841525,0.0 -94.43528,35.287485,0.0 -94.43517,35.291494,0.0 -94.4351390099158,35.2919345879366,0.0 -94.4344325938489,35.3019777486835,0.0 -94.434115,35.306493,0.0 -94.4340213312718,35.3093518497298,0.0 -94.4339209412965,35.3124158376704,0.0 -94.4338686837462,35.3140107828189,0.0 -94.4338618685357,35.3142187888734,0.0 -94.4337576680391,35.3173990771846,0.0 -94.4336738039734,35.3199586802259,0.0 -94.4333946476263,35.3284787707881,0.0 -94.4330362300113,35.3394179830659,0.0 -94.4328059644109,35.3464458862082,0.0 -94.4326195725702,35.3521347246674,0.0 -94.4325648003149,35.3538064207623,0.0 -94.432245,35.363567,0.0 -94.4330203146629,35.3656608830632,0.0 -94.433117,35.365922,0.0 -94.431596,35.369538,0.0 -94.433415,35.376291,0.0 -94.433091,35.378296,0.0 -94.43559,35.386122,0.0 -94.441136,35.382146,0.0 -94.446008,35.380101,0.0 -94.448749,35.379374,0.0 -94.454785,35.378495,0.0 -94.460616,35.378637,0.0 -94.468258,35.376399,0.0 -94.466842,35.376998,0.0 -94.472803,35.375781,0.0 -94.476914,35.374119,0.0 -94.480034,35.372162,0.0 -94.481783,35.37012,0.0 -94.483603,35.369419,0.0 -94.486224,35.366057,0.0 -94.486688,35.36488,0.0 -94.485861,35.360363,0.0 -94.483267,35.355076,0.0 -94.480521,35.352291,0.0 -94.481543,35.349987,0.0 -94.482458,35.349072,0.0 -94.486369,35.346834,0.0 -94.489051,35.345127,0.0 -94.492349,35.344283,0.0 -94.494771,35.342566,0.0 -94.494379,35.337144,0.0 -94.494738,35.332276,0.0 -94.494797,35.329809,0.0 -94.492005,35.325406,0.0 -94.48774,35.322507,0.0 -94.483299,35.318105,0.0 -94.482063,35.315374,0.0 -94.481147,35.309507,0.0 -94.482368,35.307248,0.0 -94.485328,35.304792,0.0 -94.490178,35.303183,0.0 -94.491437,35.302228,0.0 -94.494555,35.301126,0.0 -94.496241,35.301844,0.0 -94.498307,35.304545,0.0 -94.501091,35.305835,0.0 -94.504128,35.305924,0.0 -94.505696,35.304939,0.0 -94.511175,35.30452,0.0 -94.515224,35.306574,0.0 -94.515201,35.308692,0.0 -94.516956,35.309517,0.0 -94.519129,35.308193,0.0 -94.52865,35.3052,0.0 -94.533528,35.304331,0.0 -94.538461,35.30435,0.0 -94.542732,35.304961,0.0 -94.547647,35.306352,0.0 -94.55463,35.310219,0.0 -94.558996,35.315031,0.0 -94.563551,35.319864,0.0 -94.565201,35.322632,0.0 -94.569148,35.325641,0.0 -94.576472,35.328867,0.0 -94.579056,35.328783,0.0 -94.583178,35.328294,0.0 -94.588959,35.328526,0.0 -94.594801,35.327974,0.0 -94.59882,35.326445,0.0 -94.603862,35.321683,0.0 -94.60997,35.312993,0.0 -94.612975,35.307628,0.0 -94.615879,35.304111,0.0 -94.621156,35.300749,0.0 -94.625221,35.297522,0.0 -94.629504,35.29527,0.0 -94.633432,35.293769,0.0 -94.643506,35.29178,0.0 -94.647967,35.29123,0.0 -94.65182,35.291214,0.0 -94.65743,35.291582,0.0 -94.66313,35.292563,0.0 -94.668796,35.295029,0.0 -94.6738,35.298756,0.0 -94.675601,35.300527,0.0 -94.678342,35.3048,0.0 -94.678556,35.3071,0.0 -94.67819,35.311888,0.0 -94.678379,35.315569,0.0 -94.678889,35.318409,0.0 -94.680435,35.322659,0.0 -94.683459,35.326252,0.0 -94.684885,35.32729,0.0 -94.69086,35.329869,0.0 -94.695228,35.330987,0.0 -94.702276,35.332011,0.0 -94.703995,35.332475,0.0 -94.709581,35.335988,0.0 -94.714589,35.339689,0.0 -94.720559,35.34593,0.0 -94.725697,35.349702,0.0 -94.730013,35.35195,0.0 -94.73782,35.354648,0.0 -94.743382,35.356009,0.0 -94.750224,35.356969,0.0 -94.756413,35.356807,0.0 -94.763835,35.355688,0.0 -94.769727,35.355317,0.0 -94.775247,35.35318,0.0 -94.777657,35.351436,0.0 -94.777758,35.351366,0.0 -94.778444,35.350895,0.0 -94.781615,35.347153,0.0 -94.785001,35.342186,0.0 -94.788584,35.335567,0.0 -94.790095,35.333384,0.0 -94.790528,35.331334,0.0 -94.792713,35.32835,0.0 -94.794374,35.327086,0.0 -94.796291,35.32646,0.0 -94.800908,35.324952,0.0 -94.806051,35.323855,0.0 -94.811716,35.32307,0.0 -94.813629,35.323344,0.0 -94.813987,35.318613,0.0 -94.814162,35.260388,0.0 -94.814236,35.24572,0.0</coordinates>
</LinearRing>
</outerBoundaryIs>
</Polygon>
</Placemark>
<Placemark id="cb_2023_40_sldl_500k">
<name>&lt;at&gt;&lt;openparen&gt;40004&lt;closeparen&gt;</name>
<visibility>1</visibility>
<description><![CDATA[<center><table><tr><th colspan='2' align='center'><em>Attributes</em></th></tr><tr bgcolor="#E3E3F3">
<th>STATEFP</th>
<td>40</td>
</tr><tr bgcolor="">
<th>SLDLST</th>
<td>004</td>
</tr><tr bgcolor="#E3E3F3">
<th>GEOIDFQ</th>
<td>620L800US40004</td>
</tr><tr bgcolor="">
<th>GEOID</th>
<td>40004</td>
</tr><tr bgcolor="#E3E3F3">
<th>NAME</th>
<td>4</td>
</tr><tr bgcolor="">
<th>NAMELSAD</th>
<td>State House District 4</td>
</tr><tr bgcolor="#E3E3F3">
<th>STUSPS</th>
<td>OK</td>
</tr><tr bgcolor="">
<th>STATE_NAME</th>
<td>Oklahoma</td>
</tr><tr bgcolor="#E3E3F3">
<th>LSAD</th>
<td>LL</td>
</tr><tr bgcolor="">
<th>LSY</th>
<td>2022</td>
</tr><tr bgcolor="#E3E3F3">
<th>ALAND</th>
<td>1221425426</td>
</tr><tr bgcolor="">
<th>AWATER</th>
<td>59325032</td>
</tr></table></center>]]></description>
<LookAt>
<longitude>-102</longitude>
<latitude>38.5</latitude>
<range>7000000</range>
<tilt>10</tilt>
<heading>0</heading>
</LookAt>
<styleUrl>#KMLStyler</styleUrl>
<ExtendedData>
<SchemaData schemaUrl="#kml_schema_ft_cb_2023_40_sldl_500k">
<SimpleData name="STATEFP">40</SimpleData>
<SimpleData name="SLDLST">004</SimpleData>
<SimpleData name="GEOIDFQ">620L800US40004</SimpleData>
<SimpleData name="GEOID">40004</SimpleData>
<SimpleData name="NAME">4</SimpleData>
<SimpleData name="NAMELSAD">State House District 4</SimpleData>
<SimpleData name="STUSPS">OK</SimpleData>
<SimpleData name="STATE_NAME">Oklahoma</SimpleData>
<SimpleData name="LSAD">LL</SimpleData>
<SimpleData name="LSY">2022</SimpleData>
<SimpleData name="ALAND">1221425426</SimpleData>
<SimpleData name="AWATER">59325032</SimpleData>
</SchemaData>
</ExtendedData>
<Polygon>
<extrude>0</extrude>
<tessellate>1</tessellate>
<altitudeMode>clampToGround</altitudeMode>
<outerBoundaryIs>
<LinearRing>
<coordinates>-95.332726,36.034358,0.0 -95.332724,36.017168,0.0 -95.329081,36.017152,0.0 -95.323569,36.007261,0.0 -95.318586,36.002651,0.0 -95.316962,36.002567,0.0 -95.315371,36.002564,0.0 -95.315278,35.987513,0.0 -95.314996,35.986094,0.0 -95.315672,35.983164,0.0 -95.315246,35.980284,0.0 -95.313919,35.979449,0.0 -95.312158,35.977883,0.0 -95.303586,35.974656,0.0 -95.300812,35.972322,0.0 -95.299879,35.969538,0.0 -95.299637,35.967588,0.0 -95.284598,35.968921,0.0 -95.276519,35.968189,0.0 -95.274747,35.970819,0.0 -95.272205,35.97361,0.0 -95.271127,35.974524,0.0 -95.262573,35.979561,0.0 -95.254985,35.98493,0.0 -95.252188,35.987845,0.0 -95.239349,35.98773,0.0 -95.238676,35.985045,0.0 -95.240315,35.984455,0.0 -95.24179,35.982798,0.0 -95.243223,35.982225,0.0 -95.242831,35.972038,0.0 -95.240115,35.972361,0.0 -95.237654,35.97321,0.0 -95.207815,35.973225,0.0 -95.207797,35.958709,0.0 -95.182761,35.958706,0.0 -95.179014,35.958664,0.0 -95.177221,35.957228,0.0 -95.171943,35.956451,0.0 -95.172083,35.944206,0.0 -95.154095,35.944165,0.0 -95.154132,35.937755,0.0 -95.154624,35.935236,0.0 -95.160742,35.935292,0.0 -95.160726,35.933319,0.0 -95.161198,35.933251,0.0 -95.161821,35.932949,0.0 -95.16195,35.932787,0.0 -95.162497,35.931402,0.0 -95.162861,35.930589,0.0 -95.15855,35.930594,0.0 -95.154073,35.930156,0.0 -95.154048,35.927151,0.0 -95.150162,35.929654,0.0 -95.149595,35.929669,0.0 -95.141349,35.929706,0.0 -95.140671,35.923716,0.0 -95.136259,35.9237,0.0 -95.136331,35.921157,0.0 -95.13788,35.91956,0.0 -95.13798,35.916697,0.0 -95.136854,35.91493,0.0 -95.136253,35.913604,0.0 -95.136248,35.906936,0.0 -95.133181,35.905417,0.0 -95.132593,35.901617,0.0 -95.132055,35.900623,0.0 -95.126867,35.900583,0.0 -95.126864,35.894552,0.0 -95.126784,35.847817,0.0 -95.127236,35.841787,0.0 -95.127166,35.841799,0.0 -95.12713,35.827285,0.0 -95.127163,35.812755,0.0 -95.127118,35.798458,0.0 -95.127134,35.798268,0.0 -95.127121,35.776339,0.0 -95.127118,35.768849,0.0 -95.127131,35.765502,0.0 -95.127126,35.734389,0.0 -95.127306,35.732988,0.0 -95.127202,35.715367,0.0 -95.127365,35.712903,0.0 -95.127157,35.695781,0.0 -95.12718,35.673104,0.0 -95.127198,35.645571,0.0 -95.127213,35.638788,0.0 -95.012518,35.63862,0.0 -95.007004,35.638623,0.0 -95.000107,35.638623,0.0 -94.991709,35.638629,0.0 -94.970904,35.638564,0.0 -94.960442,35.638636,0.0 -94.95258,35.638464,0.0 -94.951916,35.638632,0.0 -94.860477,35.638592,0.0 -94.85416,35.638587,0.0 -94.828984,35.638564,0.0 -94.807757,35.638546,0.0 -94.807736,35.660232,0.0 -94.807721,35.674347,0.0 -94.807714,35.682199,0.0 -94.807608,35.750745,0.0 -94.807577,35.761424,0.0 -94.807436,35.768181,0.0 -94.807422,35.769208,0.0 -94.80748,35.799588,0.0 -94.807475,35.800687,0.0 -94.807444,35.81271,0.0 -94.807447,35.836316,0.0 -94.80745,35.855403,0.0 -94.807452,35.870513,0.0 -94.807398,35.877945,0.0 -94.807456,35.900319,0.0 -94.823073,35.903216,0.0 -94.826862,35.904386,0.0 -94.829926,35.906904,0.0 -94.833219,35.911823,0.0 -94.836872,35.920597,0.0 -94.837452,35.921546,0.0 -94.83753,35.921484,0.0 -94.838094,35.920845,0.0 -94.840363,35.918901,0.0 -94.840775,35.918846,0.0 -94.841842,35.918308,0.0 -94.843655,35.917382,0.0 -94.846043,35.914497,0.0 -94.846511,35.911763,0.0 -94.846768,35.910906,0.0 -94.846384,35.907939,0.0 -94.849361,35.907088,0.0 -94.851231,35.907445,0.0 -94.855505,35.903909,0.0 -94.856339,35.903958,0.0 -94.855795,35.905158,0.0 -94.856147,35.905169,0.0 -94.856782,35.905506,0.0 -94.857692,35.905686,0.0 -94.858452,35.905517,0.0 -94.85981,35.902844,0.0 -94.863341,35.904079,0.0 -94.866866,35.902657,0.0 -94.864416,35.901533,0.0 -94.866089,35.899812,0.0 -94.866185,35.89843,0.0 -94.864164,35.895544,0.0 -94.865139,35.89257,0.0 -94.864643,35.889445,0.0 -94.865406,35.892298,0.0 -94.867199,35.892502,0.0 -94.869881,35.894611,0.0 -94.869884,35.899145,0.0 -94.871301,35.900858,0.0 -94.87886,35.90092,0.0 -94.892096,35.900923,0.0 -94.896574,35.900932,0.0 -94.903524,35.900924,0.0 -94.904414,35.901763,0.0 -94.905322,35.900975,0.0 -94.915981,35.912558,0.0 -94.924463,35.920898,0.0 -94.926789,35.923678,0.0 -94.928648,35.925156,0.0 -94.929472,35.925986,0.0 -94.933672,35.930279,0.0 -94.939884,35.936715,0.0 -94.940277,35.93712,0.0 -94.943597,35.940542,0.0 -94.94879,35.945895,0.0 -94.94955,35.946997,0.0 -94.956755,35.954128,0.0 -94.957882,35.955072,0.0 -94.957962,35.955187,0.0 -94.959951,35.956691,0.0 -94.965289,35.96058,0.0 -94.966788,35.960592,0.0 -94.966797,35.961642,0.0 -94.971786,35.96602,0.0 -94.975646,35.967986,0.0 -94.978295,35.969777,0.0 -94.980141,35.973373,0.0 -94.993451,35.973369,0.0 -94.993425,35.975222,0.0 -94.993372,35.98424,0.0 -94.993343,35.987832,0.0 -94.993328,35.991412,0.0 -94.993664,35.996035,0.0 -94.993397,36.002347,0.0 -95.011422,36.002328,0.0 -95.013048,36.002335,0.0 -95.01735,36.005908,0.0 -95.020469,36.009462,0.0 -95.029178,36.019406,0.0 -95.044732,36.036936,0.0 -95.045464,36.037759,0.0 -95.064923,36.060155,0.0 -95.064924,36.060366,0.0 -95.06517,36.060365,0.0 -95.077609,36.074697,0.0 -95.100635,36.074587,0.0 -95.118377,36.074544,0.0 -95.134165,36.074577,0.0 -95.171975,36.074644,0.0 -95.189947,36.074677,0.0 -95.207943,36.074772,0.0 -95.23582,36.074833,0.0 -95.23855,36.074716,0.0 -95.255429,36.074838,0.0 -95.258173,36.07134,0.0 -95.263117,36.065592,0.0 -95.264596,36.064374,0.0 -95.268374,36.062562,0.0 -95.271186,36.059677,0.0 -95.27339,36.056506,0.0 -95.275242,36.052943,0.0 -95.27905,36.048343,0.0 -95.281843,36.046322,0.0 -95.284968,36.044572,0.0 -95.288855,36.043542,0.0 -95.294831,36.042451,0.0 -95.297333,36.042217,0.0 -95.302274,36.040813,0.0 -95.30849,36.037895,0.0 -95.312257,36.035322,0.0 -95.314874,36.036953,0.0 -95.316511,36.037123,0.0 -95.323488,36.035544,0.0 -95.330672,36.035829,0.0 -95.332726,36.034358,0.0</coordinates>
</LinearRing>
</outerBoundaryIs>
</Polygon>
</Placemark>
<Placemark id="cb_2023_40_sldl_500k">
<name>&lt;at&gt;&lt;openparen&gt;40005&lt;closeparen&gt;</name>
<visibility>1</visibility>
<description><![CDATA[<center><table><tr><th colspan='2' align='center'><em>Attributes</em></th></tr><tr bgcolor="#E3E3F3">
<th>STATEFP</th>
<td>40</td>
</tr><tr bgcolor="">
<th>SLDLST</th>
<td>005</td>
</tr><tr bgcolor="#E3E3F3">
<th>GEOIDFQ</th>
<td>620L800US40005</td>
</tr><tr bgcolor="">
<th>GEOID</th>
<td>40005</td>
</tr><tr bgcolor="#E3E3F3">
<th>NAME</th>
<td>5</td>
</tr><tr bgcolor="">
<th>NAMELSAD</th>
<td>State House District 5</td>
</tr><tr bgcolor="#E3E3F3">
<th>STUSPS</th>
<td>OK</td>
</tr><tr bgcolor="">
<th>STATE_NAME</th>
<td>Oklahoma</td>
</tr><tr bgcolor="#E3E3F3">
<th>LSAD</th>
<td>LL</td>
</tr><tr bgcolor="">
<th>LSY</th>
<td>2022</td>
</tr><tr bgcolor="#E3E3F3">
<th>ALAND</th>
<td>1680499043</td>
</tr><tr bgcolor="">
<th>AWATER</th>
<td>180651178</td>
</tr></table></center>]]></description>
<LookAt>
<longitude>-102</longitude>
<latitude>38.5</latitude>
<range>7000000</range>
<tilt>10</tilt>
<heading>0</heading>
</LookAt>
<styleUrl>#KMLStyler</styleUrl>
<ExtendedData>
<SchemaData schemaUrl="#kml_schema_ft_cb_2023_40_sldl_500k">
<SimpleData name="STATEFP">40</SimpleData>
<SimpleData name="SLDLST">005</SimpleData>
<SimpleData name="GEOIDFQ">620L800US40005</SimpleData>
<SimpleData name="GEOID">40005</SimpleData>
<SimpleData name="NAME">5</SimpleData>
<SimpleData name="NAMELSAD">State House District 5</SimpleData>
<SimpleData name="STUSPS">OK</SimpleData>
<SimpleData name="STATE_NAME">Oklahoma</SimpleData>
<SimpleData name="LSAD">LL</SimpleData>
<SimpleData name="LSY">2022</SimpleData>
<SimpleData name="ALAND">1680499043</SimpleData>
<SimpleData name="AWATER">180651178</SimpleData>
</SchemaData>
</ExtendedData>
<Polygon>
<extrude>0</extrude>
<tessellate>1</tessellate>
<altitudeMode>clampToGround</altitudeMode>
<outerBoundaryIs>
<LinearRing>
<coordinates>-95.25612,36.29283,0.0 -95.25612,36.24937,0.0 -95.253115,36.249369,0.0 -95.252156,36.24936,0.0 -95.249989,36.24937,0.0 -95.22927,36.24937,0.0 -95.22763,36.24885,0.0 -95.22688,36.2479,0.0 -95.22674,36.24074,0.0 -95.225878,36.238073,0.0 -95.22499,36.23537,0.0 -95.22526,36.23188,0.0 -95.22521,36.22015,0.0 -95.22528,36.20559,0.0 -95.22524,36.19103,0.0 -95.2253,36.18085,0.0 -95.2253,36.18065,0.0 -95.204652,36.183675,0.0 -95.19956,36.18401,0.0 -95.19107,36.18392,0.0 -95.18838,36.18408,0.0 -95.18188,36.18509,0.0 -95.17784,36.18548,0.0 -95.17226,36.18553,0.0 -95.16925,36.1857,0.0 -95.15933,36.18812,0.0 -95.15609,36.18843,0.0 -95.15343,36.18829,0.0 -95.14546,36.18688,0.0 -95.13657,36.18679,0.0 -95.13284,36.18732,0.0 -95.13111,36.18805,0.0 -95.12822,36.19038,0.0 -95.125306,36.195536,0.0 -95.123539,36.197437,0.0 -95.11857,36.2008,0.0 -95.11858,36.20664,0.0 -95.11857,36.2112,0.0 -95.11871,36.22531,0.0 -95.118702,36.234241,0.0 -95.09163,36.234125,0.0 -95.08282,36.2341,0.0 -95.065,36.23411,0.0 -95.010734,36.234356,0.0 -95.010733,36.234372,0.0 -95.010173,36.248822,0.0 -95.005538,36.248706,0.0 -95.005654,36.263855,0.0 -95.005663,36.264847,0.0 -95.004395,36.265615,0.0 -95.002317,36.263858,0.0 -94.995574,36.263707,0.0 -94.993554,36.263248,0.0 -94.991389,36.26543,0.0 -94.987117,36.265661,0.0 -94.984635,36.264718,0.0 -94.983604,36.26382,0.0 -94.972446,36.263855,0.0 -94.96873,36.264598,0.0 -94.966434,36.265561,0.0 -94.96564,36.263881,0.0 -94.95431,36.263904,0.0 -94.951432,36.263171,0.0 -94.948137,36.26399,0.0 -94.945023,36.263992,0.0 -94.941961,36.265203,0.0 -94.939185,36.263927,0.0 -94.938798,36.259953,0.0 -94.93608,36.257938,0.0 -94.934472,36.255347,0.0 -94.933444,36.252957,0.0 -94.930137,36.249257,0.0 -94.92659,36.246345,0.0 -94.926858,36.244379,0.0 -94.926392,36.242724,0.0 -94.923389,36.243244,0.0 -94.921734,36.243936,0.0 -94.918089,36.250518,0.0 -94.916022,36.252657,0.0 -94.916689,36.256266,0.0 -94.915266,36.25838,0.0 -94.918279,36.261192,0.0 -94.92116,36.26296,0.0 -94.923811,36.265625,0.0 -94.924042,36.267404,0.0 -94.922956,36.268972,0.0 -94.921239,36.269771,0.0 -94.920328,36.271114,0.0 -94.917107,36.271893,0.0 -94.915467,36.27368,0.0 -94.91448,36.276333,0.0 -94.914673,36.277552,0.0 -94.913154,36.28183,0.0 -94.911372,36.284515,0.0 -94.910476,36.284923,0.0 -94.905481,36.285201,0.0 -94.901237,36.285015,0.0 -94.89726,36.283506,0.0 -94.894616,36.28342,0.0 -94.892711,36.287609,0.0 -94.888996,36.292501,0.0 -94.888147,36.295477,0.0 -94.885397,36.298127,0.0 -94.883845,36.300342,0.0 -94.882766,36.30285,0.0 -94.881591,36.303443,0.0 -94.876892,36.304184,0.0 -94.875651,36.304027,0.0 -94.873342,36.301691,0.0 -94.871456,36.301622,0.0 -94.868916,36.304404,0.0 -94.868382,36.307772,0.0 -94.866863,36.308778,0.0 -94.862707,36.309149,0.0 -94.862546,36.309621,0.0 -94.862708,36.309659,0.0 -94.86277,36.329169,0.0 -94.853836,36.329139,0.0 -94.853928,36.340926,0.0 -94.845829,36.342853,0.0 -94.839085,36.344711,0.0 -94.833063,36.346073,0.0 -94.830376,36.347169,0.0 -94.826068,36.349971,0.0 -94.822464,36.350653,0.0 -94.818713,36.35074,0.0 -94.815077,36.350153,0.0 -94.808523,36.350105,0.0 -94.804957,36.352654,0.0 -94.800209,36.355076,0.0 -94.79866,36.354959,0.0 -94.797425,36.353906,0.0 -94.795668,36.353375,0.0 -94.793512,36.351989,0.0 -94.791928,36.352124,0.0 -94.789421,36.350854,0.0 -94.786556,36.350131,0.0 -94.784146,36.349969,0.0 -94.782525,36.348213,0.0 -94.780363,36.348543,0.0 -94.777912,36.348257,0.0 -94.775149,36.345388,0.0 -94.772188,36.343844,0.0 -94.770728,36.343986,0.0 -94.769044,36.342469,0.0 -94.765638,36.342443,0.0 -94.762792,36.344953,0.0 -94.760523,36.345492,0.0 -94.758117,36.344135,0.0 -94.757798,36.342888,0.0 -94.756107,36.341923,0.0 -94.753261,36.341776,0.0 -94.753088,36.339034,0.0 -94.751567,36.338605,0.0 -94.750502,36.337292,0.0 -94.747865,36.338158,0.0 -94.744522,36.336456,0.0 -94.743232,36.336704,0.0 -94.74141,36.33376,0.0 -94.741612,36.332089,0.0 -94.739075,36.331845,0.0 -94.737842,36.330602,0.0 -94.738752,36.328811,0.0 -94.734956,36.329296,0.0 -94.73268,36.328497,0.0 -94.726769,36.328546,0.0 -94.726127,36.32513,0.0 -94.724789,36.324125,0.0 -94.723249,36.325861,0.0 -94.72094,36.325362,0.0 -94.719182,36.325669,0.0 -94.718441,36.325638,0.0 -94.717504,36.323957,0.0 -94.714791,36.32193,0.0 -94.713646,36.321947,0.0 -94.712621,36.322958,0.0 -94.711732,36.321392,0.0 -94.708968,36.322074,0.0 -94.707244,36.323618,0.0 -94.704882,36.324333,0.0 -94.703754,36.323778,0.0 -94.699348,36.32423,0.0 -94.695519,36.326395,0.0 -94.693828,36.326713,0.0 -94.690392,36.325802,0.0 -94.685102,36.323154,0.0 -94.685411,36.322455,0.0 -94.68394,36.320535,0.0 -94.679546,36.320322,0.0 -94.678493,36.320668,0.0 -94.677538,36.32273,0.0 -94.675238,36.322843,0.0 -94.674178,36.321125,0.0 -94.667848,36.321824,0.0 -94.664952,36.321729,0.0 -94.662549,36.322852,0.0 -94.659523,36.322074,0.0 -94.658952,36.322856,0.0 -94.656893,36.322494,0.0 -94.657141,36.329848,0.0 -94.654144,36.33105,0.0 -94.651363,36.334268,0.0 -94.645053,36.335596,0.0 -94.643821,36.335458,0.0 -94.638261,36.336979,0.0 -94.633834,36.337632,0.0 -94.632897,36.338377,0.0 -94.632263,36.337033,0.0 -94.632408,36.334674,0.0 -94.628901,36.333295,0.0 -94.626342,36.333419,0.0 -94.625787,36.331665,0.0 -94.624071,36.330652,0.0 -94.622217,36.330337,0.0 -94.621275,36.330272,0.0 -94.621229,36.327496,0.0 -94.620476,36.327226,0.0 -94.613073,36.327743,0.0 -94.610857,36.328252,0.0 -94.608811,36.328001,0.0 -94.606383,36.329882,0.0 -94.606521,36.331474,0.0 -94.604022,36.33218,0.0 -94.601957,36.33374,0.0 -94.598489,36.33482,0.0 -94.596024,36.336492,0.0 -94.593528,36.335356,0.0 -94.592511,36.333349,0.0 -94.5913192812009,36.3325276853428,0.0 -94.5916863182051,36.3348620447691,0.0 -94.5931029431401,36.3438717951024,0.0 -94.593397,36.345742,0.0 -94.599723,36.387587,0.0 -94.6005140218853,36.3926714409814,0.0 -94.6008144214039,36.3946023150214,0.0 -94.601984,36.40212,0.0 -94.6024647937519,36.4044998914511,0.0 -94.602623,36.405283,0.0 -94.6040184314189,36.4136335421999,0.0 -94.605408,36.421949,0.0 -94.611609,36.461528,0.0 -94.612686104975,36.468666669623,0.0 -94.61383,36.476248,0.0 -94.615311,36.484992,0.0 -94.6177220302144,36.4983247752114,0.0 -94.617919,36.499414,0.0 -94.617918681554,36.4995321662255,0.0 -94.6178997995452,36.506538740172,0.0 -94.6178971439618,36.5075241513023,0.0 -94.6178943897588,36.5085461573545,0.0 -94.617877,36.514999,0.0 -94.617883,36.517799,0.0 -94.6179945953513,36.5339323595128,0.0 -94.617997,36.53428,0.0 -94.617868,36.53609,0.0 -94.6178694098761,36.5361334144609,0.0 -94.617897,36.536983,0.0 -94.6178756702379,36.5474548852642,0.0 -94.617814,36.577732,0.0 -94.6178246473891,36.5835711374019,0.0 -94.6178509614003,36.5980020110111,0.0 -94.665653,36.597941,0.0 -94.711337,36.597942,0.0 -94.729471,36.59795,0.0 -94.729471,36.601604,0.0 -94.729469,36.60221,0.0 -94.729473,36.608855,0.0 -94.729462,36.625192,0.0 -94.751519,36.625214,0.0 -94.783491,36.625259,0.0 -94.803725,36.625383,0.0 -94.809264,36.625282,0.0 -94.809642,36.631178,0.0 -94.812314,36.632431,0.0 -94.813807,36.631805,0.0 -94.81164,36.634639,0.0 -94.810229,36.635002,0.0 -94.811537,36.63698,0.0 -94.814094,36.636721,0.0 -94.814487,36.638817,0.0 -94.814435,36.640575,0.0 -94.814569,36.640567,0.0 -94.814316,36.645852,0.0 -94.814178,36.647564,0.0 -94.815549,36.650086,0.0 -94.816654,36.650998,0.0 -94.81941,36.652287,0.0 -94.826804,36.655681,0.0 -94.828694,36.657586,0.0 -94.835673,36.667243,0.0 -94.837402,36.668464,0.0 -94.840798,36.670557,0.0 -94.85546,36.670507,0.0 -94.864507,36.670517,0.0 -94.886524,36.67045,0.0 -94.90456,36.67046,0.0 -94.94528,36.670525,0.0 -94.999403,36.670631,0.0 -94.99939,36.64162,0.0 -94.99943,36.62706,0.0 -94.99944,36.61256,0.0 -94.99945,36.59803,0.0 -95.00534,36.59801,0.0 -95.00569,36.59766,0.0 -95.005672,36.589892,0.0 -95.00564,36.58268,0.0 -95.005729,36.567674,0.0 -95.00566,36.56705,0.0 -95.00568,36.55358,0.0 -95.00569,36.539923,0.0 -95.00569,36.53907,0.0 -95.005747,36.524721,0.0 -95.00573,36.50989,0.0 -95.006026,36.509822,0.0 -95.021104,36.509957,0.0 -95.023625,36.51006,0.0 -95.023153,36.508512,0.0 -95.024336,36.508187,0.0 -95.029166,36.50907,0.0 -95.028414,36.508343,0.0 -95.028139,36.508078,0.0 -95.028032,36.508078,0.0 -95.027719,36.507985,0.0 -95.027608,36.507887,0.0 -95.027569,36.50771,0.0 -95.027678,36.507479,0.0 -95.027914,36.507327,0.0 -95.029499,36.506936,0.0 -95.026725,36.506556,0.0 -95.02676,36.506503,0.0 -95.026496,36.506504,0.0 -95.022146,36.506797,0.0 -95.020119,36.504335,0.0 -95.02191,36.50227,0.0 -95.024639,36.501774,0.0 -95.026918,36.502782,0.0 -95.027816,36.502085,0.0 -95.029517,36.502393,0.0 -95.032818,36.500229,0.0 -95.037001,36.499431,0.0 -95.038827,36.499995,0.0 -95.038499,36.503494,0.0 -95.040242,36.501187,0.0 -95.039716,36.49858,0.0 -95.041977,36.500363,0.0 -95.042691,36.503127,0.0 -95.043222,36.500193,0.0 -95.042628,36.498828,0.0 -95.044379,36.499996,0.0 -95.045602,36.49919,0.0 -95.048024,36.499092,0.0 -95.050002,36.499709,0.0 -95.050802,36.500197,0.0 -95.050511,36.499318,0.0 -95.042377,36.497262,0.0 -95.043725,36.495054,0.0 -95.04582,36.493054,0.0 -95.049039,36.487072,0.0 -95.049536,36.484979,0.0 -95.049459,36.481149,0.0 -95.054439,36.481177,0.0 -95.055168,36.481182,0.0 -95.056139,36.481188,0.0 -95.05875,36.48118,0.0 -95.06031,36.48114,0.0 -95.061887,36.481226,0.0 -95.063247,36.48124,0.0 -95.07048,36.481266,0.0 -95.07756,36.48128,0.0 -95.077641,36.48128,0.0 -95.08271,36.48129,0.0 -95.08534,36.48086,0.0 -95.0876,36.47995,0.0 -95.121758,36.456834,0.0 -95.12412,36.45535,0.0 -95.126458,36.454719,0.0 -95.126454,36.459968,0.0 -95.121928,36.463822,0.0 -95.121928,36.466847,0.0 -95.126291,36.466858,0.0 -95.126344,36.464459,0.0 -95.130897,36.462061,0.0 -95.13091,36.45598,0.0 -95.13092,36.45468,0.0 -95.13203,36.45467,0.0 -95.132519,36.454707,0.0 -95.136423,36.454681,0.0 -95.145643,36.453249,0.0 -95.150776,36.452471,0.0 -95.17489,36.45237,0.0 -95.17803,36.45163,0.0 -95.1797,36.45079,0.0 -95.19662,36.43939,0.0 -95.19954,36.43794,0.0 -95.198938,36.437849,0.0 -95.210205,36.408995,0.0 -95.23817,36.40883,0.0 -95.2382,36.37989,0.0 -95.23812,36.33905,0.0 -95.23821,36.33639,0.0 -95.236345,36.33639,0.0 -95.24479,36.30018,0.0 -95.24674,36.292776,0.0 -95.25612,36.29283,0.0</coordinates>
</LinearRing>
</outerBoundaryIs>
</Polygon>
</Placemark>
<Placemark id="cb_2023_40_sldl_500k">
<name>&lt;at&gt;&lt;openparen&gt;40006&lt;closeparen&gt;</name>
<visibility>1</visibility>
<description><![CDATA[<center><table><tr><th colspan='2' align='center'><em>Attributes</em></th></tr><tr bgcolor="#E3E3F3">
<th>STATEFP</th>
<td>40</td>
</tr><tr bgcolor="">
<th>SLDLST</th>
<td>006</td>
</tr><tr bgcolor="#E3E3F3">
<th>GEOIDFQ</th>
<td>620L800US40006</td>
</tr><tr bgcolor="">
<th>GEOID</th>
<td>40006</td>
</tr><tr bgcolor="#E3E3F3">
<th>NAME</th>
<td>6</td>
</tr><tr bgcolor="">
<th>NAMELSAD</th>
<td>State House District 6</td>
</tr><tr bgcolor="#E3E3F3">
<th>STUSPS</th>
<td>OK</td>
</tr><tr bgcolor="">
<th>STATE_NAME</th>
<td>Oklahoma</td>
</tr><tr bgcolor="#E3E3F3">
<th>LSAD</th>
<td>LL</td>
</tr><tr bgcolor="">
<th>LSY</th>
<td>2022</td>
</tr><tr bgcolor="#E3E3F3">
<th>ALAND</th>
<td>2191564151</td>
</tr><tr bgcolor="">
<th>AWATER</th>
<td>120986403</td>
</tr></table></center>]]></description>
<LookAt>
<longitude>-102</longitude>
<latitude>38.5</latitude>
<range>7000000</range>
<tilt>10</tilt>
<heading>0</heading>
</LookAt>
<styleUrl>#KMLStyler</styleUrl>
<ExtendedData>
<SchemaData schemaUrl="#kml_schema_ft_cb_2023_40_sldl_500k">
<SimpleData name="STATEFP">40</SimpleData>
<SimpleData name="SLDLST">006</SimpleData>
<SimpleData name="GEOIDFQ">620L800US40006</SimpleData>
<SimpleData name="GEOID">40006</SimpleData>
<SimpleData name="NAME">6</SimpleData>
<SimpleData name="NAMELSAD">State House District 6</SimpleData>
<SimpleData name="STUSPS">OK</SimpleData>
<SimpleData name="STATE_NAME">Oklahoma</SimpleData>
<SimpleData name="LSAD">LL</SimpleData>
<SimpleData name="LSY">2022</SimpleData>
<SimpleData name="ALAND">2191564151</SimpleData>
<SimpleData name="AWATER">120986403</SimpleData>
</SchemaData>
</ExtendedData>
<Polygon>
<extrude>0</extrude>
<tessellate>1</tessellate>
<altitudeMode>clampToGround</altitudeMode>
<outerBoundaryIs>
<LinearRing>
<coordinates>-95.812451,36.494203,0.0 -95.81236,36.45254,0.0 -95.812342,36.42358,0.0 -95.79437,36.42358,0.0 -95.79425,36.39577,0.0 -95.79425,36.394505,0.0 -95.811076,36.394569,0.0 -95.812256,36.394575,0.0 -95.81218,36.39417,0.0 -95.812178,36.380116,0.0 -95.812176,36.380007,0.0 -95.812176,36.379986,0.0 -95.812179,36.378288,0.0 -95.812188,36.365654,0.0 -95.812176,36.365543,0.0 -95.812176,36.365486,0.0 -95.812205,36.359246,0.0 -95.81227,36.35833,0.0 -95.81225,36.35655,0.0 -95.81221,36.35101,0.0 -95.812256,36.336709,0.0 -95.812246,36.336642,0.0 -95.81222,36.33652,0.0 -95.79427,36.33646,0.0 -95.77632,36.33641,0.0 -95.77632,36.336513,0.0 -95.776172,36.336376,0.0 -95.757984,36.336404,0.0 -95.74015,36.33646,0.0 -95.704396,36.336364,0.0 -95.699292,36.336363,0.0 -95.683165,36.33685,0.0 -95.67782,36.33633,0.0 -95.689362,36.361428,0.0 -95.68312,36.364525,0.0 -95.678464,36.365343,0.0 -95.67481,36.367953,0.0 -95.674768,36.370274,0.0 -95.664749,36.36531,0.0 -95.65068,36.36527,0.0 -95.65077,36.36887,0.0 -95.65322,36.3713,0.0 -95.652963,36.371459,0.0 -95.646077,36.36528,0.0 -95.63279,36.36532,0.0 -95.63275,36.391232,0.0 -95.631925,36.392817,0.0 -95.629581,36.394162,0.0 -95.626286,36.394281,0.0 -95.59813,36.39435,0.0 -95.59038,36.39355,0.0 -95.5889,36.3942,0.0 -95.57891,36.39434,0.0 -95.56678,36.39422,0.0 -95.56564,36.39361,0.0 -95.56255,36.39281,0.0 -95.56103,36.39114,0.0 -95.561002,36.39436,0.0 -95.55716,36.39433,0.0 -95.54909,36.39433,0.0 -95.541983,36.394359,0.0 -95.52335,36.39433,0.0 -95.51959,36.39351,0.0 -95.51715,36.39433,0.0 -95.48941,36.39437,0.0 -95.47604,36.39437,0.0 -95.474923,36.394264,0.0 -95.473676,36.394334,0.0 -95.47146,36.39434,0.0 -95.46017,36.39419,0.0 -95.457382,36.39431,0.0 -95.44011,36.39426,0.0 -95.43789,36.39431,0.0 -95.435557,36.394208,0.0 -95.43562,36.39059,0.0 -95.43289,36.39143,0.0 -95.42908,36.39415,0.0 -95.424435,36.394312,0.0 -95.42194,36.39494,0.0 -95.419139,36.39434,0.0 -95.3848,36.39445,0.0 -95.3827,36.39501,0.0 -95.3815,36.39444,0.0 -95.34584,36.39439,0.0 -95.34583,36.40775,0.0 -95.34288,36.40886,0.0 -95.29204,36.40886,0.0 -95.287747,36.408873,0.0 -95.28331,36.408888,0.0 -95.23817,36.40883,0.0 -95.210205,36.408995,0.0 -95.198938,36.437849,0.0 -95.19954,36.43794,0.0 -95.19662,36.43939,0.0 -95.1797,36.45079,0.0 -95.17803,36.45163,0.0 -95.17489,36.45237,0.0 -95.150776,36.452471,0.0 -95.145643,36.453249,0.0 -95.136423,36.454681,0.0 -95.132519,36.454707,0.0 -95.13203,36.45467,0.0 -95.13092,36.45468,0.0 -95.13091,36.45598,0.0 -95.130897,36.462061,0.0 -95.126344,36.464459,0.0 -95.126291,36.466858,0.0 -95.121928,36.466847,0.0 -95.121928,36.463822,0.0 -95.126454,36.459968,0.0 -95.126458,36.454719,0.0 -95.12412,36.45535,0.0 -95.121758,36.456834,0.0 -95.0876,36.47995,0.0 -95.08534,36.48086,0.0 -95.08271,36.48129,0.0 -95.077641,36.48128,0.0 -95.07756,36.48128,0.0 -95.07048,36.481266,0.0 -95.063247,36.48124,0.0 -95.061887,36.481226,0.0 -95.06031,36.48114,0.0 -95.05875,36.48118,0.0 -95.056139,36.481188,0.0 -95.055168,36.481182,0.0 -95.054439,36.481177,0.0 -95.049459,36.481149,0.0 -95.049536,36.484979,0.0 -95.049039,36.487072,0.0 -95.04582,36.493054,0.0 -95.043725,36.495054,0.0 -95.042377,36.497262,0.0 -95.050511,36.499318,0.0 -95.050802,36.500197,0.0 -95.050002,36.499709,0.0 -95.048024,36.499092,0.0 -95.045602,36.49919,0.0 -95.044379,36.499996,0.0 -95.042628,36.498828,0.0 -95.043222,36.500193,0.0 -95.042691,36.503127,0.0 -95.041977,36.500363,0.0 -95.039716,36.49858,0.0 -95.040242,36.501187,0.0 -95.038499,36.503494,0.0 -95.038827,36.499995,0.0 -95.037001,36.499431,0.0 -95.032818,36.500229,0.0 -95.029517,36.502393,0.0 -95.027816,36.502085,0.0 -95.026918,36.502782,0.0 -95.024639,36.501774,0.0 -95.02191,36.50227,0.0 -95.020119,36.504335,0.0 -95.022146,36.506797,0.0 -95.026496,36.506504,0.0 -95.02676,36.506503,0.0 -95.026725,36.506556,0.0 -95.029499,36.506936,0.0 -95.027914,36.507327,0.0 -95.027678,36.507479,0.0 -95.027569,36.50771,0.0 -95.027608,36.507887,0.0 -95.027719,36.507985,0.0 -95.028032,36.508078,0.0 -95.028139,36.508078,0.0 -95.028414,36.508343,0.0 -95.029166,36.50907,0.0 -95.024336,36.508187,0.0 -95.023153,36.508512,0.0 -95.023625,36.51006,0.0 -95.021104,36.509957,0.0 -95.006026,36.509822,0.0 -95.00573,36.50989,0.0 -95.005747,36.524721,0.0 -95.00569,36.53907,0.0 -95.00569,36.539923,0.0 -95.00568,36.55358,0.0 -95.00566,36.56705,0.0 -95.005729,36.567674,0.0 -95.00564,36.58268,0.0 -95.005672,36.589892,0.0 -95.00569,36.59766,0.0 -95.00534,36.59801,0.0 -94.99945,36.59803,0.0 -94.99944,36.61256,0.0 -94.99943,36.62706,0.0 -94.99939,36.64162,0.0 -94.999403,36.670631,0.0 -94.999385,36.698369,0.0 -94.999356,36.69972,0.0 -95.03589,36.69961,0.0 -95.03727,36.69944,0.0 -95.03819,36.69971,0.0 -95.066891,36.699647,0.0 -95.10756,36.69962,0.0 -95.10757,36.67057,0.0 -95.133454,36.67048,0.0 -95.17958,36.67038,0.0 -95.17953,36.6559,0.0 -95.214999,36.655811,0.0 -95.215516,36.65581,0.0 -95.23351,36.65578,0.0 -95.247082,36.655755,0.0 -95.2516,36.65576,0.0 -95.251612,36.662923,0.0 -95.251421,36.670267,0.0 -95.2515,36.67054,0.0 -95.25157,36.68478,0.0 -95.33242,36.68463,0.0 -95.33398,36.68453,0.0 -95.3416,36.68461,0.0 -95.34162,36.68256,0.0 -95.3482,36.6848,0.0 -95.3956,36.68456,0.0 -95.41364,36.68455,0.0 -95.41861,36.68498,0.0 -95.41904,36.68463,0.0 -95.42886,36.68467,0.0 -95.431674,36.684397,0.0 -95.4317,36.69902,0.0 -95.53894,36.69927,0.0 -95.559447,36.699307,0.0 -95.565951,36.699275,0.0 -95.57554,36.69926,0.0 -95.57853,36.69912,0.0 -95.61161,36.69909,0.0 -95.61161,36.699131,0.0 -95.6116,36.71359,0.0 -95.629329,36.71357,0.0 -95.629389,36.71357,0.0 -95.629569,36.71357,0.0 -95.62963,36.71357,0.0 -95.635439,36.71357,0.0 -95.64765,36.71356,0.0 -95.654488,36.713559,0.0 -95.68367,36.71354,0.0 -95.77199,36.71356,0.0 -95.77382,36.71412,0.0 -95.78181,36.71903,0.0 -95.79195,36.72739,0.0 -95.79363,36.72802,0.0 -95.809668,36.728017,0.0 -95.809481,36.669867,0.0 -95.80951,36.655585,0.0 -95.809557,36.622898,0.0 -95.809527,36.623358,0.0 -95.80954,36.59754,0.0 -95.812336,36.59754,0.0 -95.812336,36.583066,0.0 -95.81232,36.51057,0.0 -95.812295,36.49606,0.0 -95.812451,36.494203,0.0</coordinates>
</LinearRing>
</outerBoundaryIs>
</Polygon>
</Placemark>
<Placemark id="cb_2023_40_sldl_500k">
<name>&lt;at&gt;&lt;openparen&gt;40007&lt;closeparen&gt;</name>
<visibility>1</visibility>
<description><![CDATA[<center><table><tr><th colspan='2' align='center'><em>Attributes</em></th></tr><tr bgcolor="#E3E3F3">
<th>STATEFP</th>
<td>40</td>
</tr><tr bgcolor="">
<th>SLDLST</th>
<td>007</td>
</tr><tr bgcolor="#E3E3F3">
<th>GEOIDFQ</th>
<td>620L800US40007</td>
</tr><tr bgcolor="">
<th>GEOID</th>
<td>40007</td>
</tr><tr bgcolor="#E3E3F3">
<th>NAME</th>
<td>7</td>
</tr><tr bgcolor="">
<th>NAMELSAD</th>
<td>State House District 7</td>
</tr><tr bgcolor="#E3E3F3">
<th>STUSPS</th>
<td>OK</td>
</tr><tr bgcolor="">
<th>STATE_NAME</th>
<td>Oklahoma</td>
</tr><tr bgcolor="#E3E3F3">
<th>LSAD</th>
<td>LL</td>
</tr><tr bgcolor="">
<th>LSY</th>
<td>2022</td>
</tr><tr bgcolor="#E3E3F3">
<th>ALAND</th>
<td>2649754330</td>
</tr><tr bgcolor="">
<th>AWATER</th>
<td>59105497</td>
</tr></table></center>]]></description>
<LookAt>
<longitude>-102</longitude>
<latitude>38.5</latitude>
<range>7000000</range>
<tilt>10</tilt>
<heading>0</heading>
</LookAt>
<styleUrl>#KMLStyler</styleUrl>
<ExtendedData>
<SchemaData schemaUrl="#kml_schema_ft_cb_2023_40_sldl_500k">
<SimpleData name="STATEFP">40</SimpleData>
<SimpleData name="SLDLST">007</SimpleData>
<SimpleData name="GEOIDFQ">620L800US40007</SimpleData>
<SimpleData name="GEOID">40007</SimpleData>
<SimpleData name="NAME">7</SimpleData>
<SimpleData name="NAMELSAD">State House District 7</SimpleData>
<SimpleData name="STUSPS">OK</SimpleData>
<SimpleData name="STATE_NAME">Oklahoma</SimpleData>
<SimpleData name="LSAD">LL</SimpleData>
<SimpleData name="LSY">2022</SimpleData>
<SimpleData name="ALAND">2649754330</SimpleData>
<SimpleData name="AWATER">59105497</SimpleData>
</SchemaData>
</ExtendedData>
<Polygon>
<extrude>0</extrude>
<tessellate>1</tessellate>
<altitudeMode>clampToGround</altitudeMode>
<outerBoundaryIs>
<LinearRing>
<coordinates>-95.431769,36.902261,0.0 -95.431766,36.843925,0.0 -95.431746,36.825846,0.0 -95.431696,36.771601,0.0 -95.43169,36.757042,0.0 -95.4317,36.69902,0.0 -95.431674,36.684397,0.0 -95.42886,36.68467,0.0 -95.41904,36.68463,0.0 -95.41861,36.68498,0.0 -95.41364,36.68455,0.0 -95.3956,36.68456,0.0 -95.3482,36.6848,0.0 -95.34162,36.68256,0.0 -95.3416,36.68461,0.0 -95.33398,36.68453,0.0 -95.33242,36.68463,0.0 -95.25157,36.68478,0.0 -95.2515,36.67054,0.0 -95.251421,36.670267,0.0 -95.251612,36.662923,0.0 -95.2516,36.65576,0.0 -95.247082,36.655755,0.0 -95.23351,36.65578,0.0 -95.215516,36.65581,0.0 -95.214999,36.655811,0.0 -95.17953,36.6559,0.0 -95.17958,36.67038,0.0 -95.133454,36.67048,0.0 -95.10757,36.67057,0.0 -95.10756,36.69962,0.0 -95.066891,36.699647,0.0 -95.03819,36.69971,0.0 -95.03727,36.69944,0.0 -95.03589,36.69961,0.0 -94.999356,36.69972,0.0 -94.999385,36.698369,0.0 -94.999403,36.670631,0.0 -94.94528,36.670525,0.0 -94.90456,36.67046,0.0 -94.886524,36.67045,0.0 -94.864507,36.670517,0.0 -94.85546,36.670507,0.0 -94.840798,36.670557,0.0 -94.837402,36.668464,0.0 -94.835673,36.667243,0.0 -94.828694,36.657586,0.0 -94.826804,36.655681,0.0 -94.81941,36.652287,0.0 -94.816654,36.650998,0.0 -94.815549,36.650086,0.0 -94.814178,36.647564,0.0 -94.814316,36.645852,0.0 -94.814569,36.640567,0.0 -94.814435,36.640575,0.0 -94.814487,36.638817,0.0 -94.814094,36.636721,0.0 -94.811537,36.63698,0.0 -94.810229,36.635002,0.0 -94.81164,36.634639,0.0 -94.813807,36.631805,0.0 -94.812314,36.632431,0.0 -94.809642,36.631178,0.0 -94.809264,36.625282,0.0 -94.803725,36.625383,0.0 -94.783491,36.625259,0.0 -94.751519,36.625214,0.0 -94.729462,36.625192,0.0 -94.729473,36.608855,0.0 -94.729469,36.60221,0.0 -94.729471,36.601604,0.0 -94.729471,36.59795,0.0 -94.711337,36.597942,0.0 -94.665653,36.597941,0.0 -94.6178509614003,36.5980020110111,0.0 -94.617853,36.59912,0.0 -94.6178649770366,36.6068362058566,0.0 -94.617865,36.606851,0.0 -94.617815,36.612604,0.0 -94.617859761994,36.6247165955664,0.0 -94.617859864902,36.62474444248,0.0 -94.6178624381614,36.6254407664784,0.0 -94.6180194242896,36.6679212127705,0.0 -94.6180195161587,36.6679460725462,0.0 -94.618025,36.66943,0.0 -94.61813,36.701423,0.0 -94.6181494527718,36.7085817299202,0.0 -94.6181714627047,36.7166815095954,0.0 -94.6182161130955,36.7331131056693,0.0 -94.6182804305353,36.7567822868691,0.0 -94.618307,36.76656,0.0 -94.6183113127372,36.771331187038,0.0 -94.6183570081378,36.8218840714017,0.0 -94.6183593608661,36.824486897881,0.0 -94.6183594243048,36.8245570802282,0.0 -94.6183677591808,36.8337779649651,0.0 -94.6183767694196,36.8437460045089,0.0 -94.61838,36.84732,0.0 -94.6185591311002,36.8684188084398,0.0 -94.6185617374467,36.8687257948018,0.0 -94.6185632491531,36.8689038498881,0.0 -94.6185632706081,36.8689063769445,0.0 -94.6186573555193,36.8799880903727,0.0 -94.618658,36.880064,0.0 -94.6183258141771,36.8936419954538,0.0 -94.618243,36.897027,0.0 -94.6182431417668,36.8970795082361,0.0 -94.618282,36.911472,0.0 -94.6182388566404,36.9199649141566,0.0 -94.6182075266432,36.9261323285355,0.0 -94.618207,36.926236,0.0 -94.618295,36.929647,0.0 -94.618166,36.937584,0.0 -94.618109,36.946564,0.0 -94.618026,36.950158,0.0 -94.6180265754327,36.9552846450416,0.0 -94.618031,36.994704,0.0 -94.6180452921031,36.995898184609,0.0 -94.618045313212,36.9958999483791,0.0 -94.618049,36.996208,0.0 -94.617964,36.998905,0.0 -94.625224,36.998672,0.0 -94.699735,36.998805,0.0 -94.701797,36.998814,0.0 -94.7112698230604,36.9987967343059,0.0 -94.71277,36.998794,0.0 -94.7224195869069,36.9987430109077,0.0 -94.731507,36.9986949923811,0.0 -94.737183,36.998665,0.0 -94.739324,36.998687,0.0 -94.7406979566896,36.9986897889875,0.0 -94.7449870812319,36.9986984954592,0.0 -94.7496806255393,36.9987080228605,0.0 -94.7770423004622,36.9987635641825,0.0 -94.777257,36.998764,0.0 -94.8089699358697,36.9987921772749,0.0 -94.83128,36.998812,0.0 -94.8315429216352,36.9988125723983,0.0 -94.840926,36.998833,0.0 -94.8443678174579,36.998849675848,0.0 -94.849801,36.998876,0.0 -94.853197,36.998874,0.0 -94.8668896445243,36.9989371170629,0.0 -94.9043821552165,36.9991099410305,0.0 -94.9406118246384,36.9992769438558,0.0 -94.995293,36.999529,0.0 -95.00762,36.999514,0.0 -95.011433,36.999535,0.0 -95.030324,36.999517,0.0 -95.0349534669929,36.9995047088358,0.0 -95.037857,36.999497,0.0 -95.049499,36.99958,0.0 -95.073509,36.999509,0.0 -95.1404610155766,36.9995335912053,0.0 -95.155187,36.999539,0.0 -95.155372,36.99954,0.0 -95.1589689477582,36.9995367194603,0.0 -95.177301,36.99952,0.0 -95.195307,36.999565,0.0 -95.267875873056,36.9994469582523,0.0 -95.2860798086243,36.999417347425,0.0 -95.322565,36.999358,0.0 -95.328058,36.999365,0.0 -95.328327,36.999366,0.0 -95.33121,36.99938,0.0 -95.3772578842198,36.9992963017548,0.0 -95.407683,36.999241,0.0 -95.4077330426944,36.99924099711,0.0 -95.407751,36.964407,0.0 -95.407844,36.94271,0.0 -95.42483,36.94268,0.0 -95.431758,36.942593,0.0 -95.431769,36.902261,0.0</coordinates>
</LinearRing>
</outerBoundaryIs>
</Polygon>
</Placemark>
<Placemark id="cb_2023_40_sldl_500k">
<name>&lt;at&gt;&lt;openparen&gt;40008&lt;closeparen&gt;</name>
<visibility>1</visibility>
<description><![CDATA[<center><table><tr><th colspan='2' align='center'><em>Attributes</em></th></tr><tr bgcolor="#E3E3F3">
<th>STATEFP</th>
<td>40</td>
</tr><tr bgcolor="">
<th>SLDLST</th>
<td>008</td>
</tr><tr bgcolor="#E3E3F3">
<th>GEOIDFQ</th>
<td>620L800US40008</td>
</tr><tr bgcolor="">
<th>GEOID</th>
<td>40008</td>
</tr><tr bgcolor="#E3E3F3">
<th>NAME</th>
<td>8</td>
</tr><tr bgcolor="">
<th>NAMELSAD</th>
<td>State House District 8</td>
</tr><tr bgcolor="#E3E3F3">
<th>STUSPS</th>
<td>OK</td>
</tr><tr bgcolor="">
<th>STATE_NAME</th>
<td>Oklahoma</td>
</tr><tr bgcolor="#E3E3F3">
<th>LSAD</th>
<td>LL</td>
</tr><tr bgcolor="">
<th>LSY</th>
<td>2022</td>
</tr><tr bgcolor="#E3E3F3">
<th>ALAND</th>
<td>1197361304</td>
</tr><tr bgcolor="">
<th>AWATER</th>
<td>14446486</td>
</tr></table></center>]]></description>
<LookAt>
<longitude>-102</longitude>
<latitude>38.5</latitude>
<range>7000000</range>
<tilt>10</tilt>
<heading>0</heading>
</LookAt>
<styleUrl>#KMLStyler</styleUrl>
<ExtendedData>
<SchemaData schemaUrl="#kml_schema_ft_cb_2023_40_sldl_500k">
<SimpleData name="STATEFP">40</SimpleData>
<SimpleData name="SLDLST">008</SimpleData>
<SimpleData name="GEOIDFQ">620L800US40008</SimpleData>
<SimpleData name="GEOID">40008</SimpleData>
<SimpleData name="NAME">8</SimpleData>
<SimpleData name="NAMELSAD">State House District 8</SimpleData>
<SimpleData name="STUSPS">OK</SimpleData>
<SimpleData name="STATE_NAME">Oklahoma</SimpleData>
<SimpleData name="LSAD">LL</SimpleData>
<SimpleData name="LSY">2022</SimpleData>
<SimpleData name="ALAND">1197361304</SimpleData>
<SimpleData name="AWATER">14446486</SimpleData>
</SchemaData>
</ExtendedData>
<Polygon>
<extrude>0</extrude>
<tessellate>1</tessellate>
<altitudeMode>clampToGround</altitudeMode>
<outerBoundaryIs>
<LinearRing>
<coordinates>-95.672684,36.162333,0.0 -95.672685,36.160392,0.0 -95.672665,36.15789,0.0 -95.672658,36.156661,0.0 -95.672617,36.150822,0.0 -95.67261,36.147973,0.0 -95.67256,36.140707,0.0 -95.67256,36.140586,0.0 -95.672529,36.1333,0.0 -95.672467,36.104295,0.0 -95.672472,36.095967,0.0 -95.671297,36.093965,0.0 -95.670187,36.094602,0.0 -95.670972,36.095514,0.0 -95.670281,36.096497,0.0 -95.66842,36.096129,0.0 -95.669049,36.098018,0.0 -95.668508,36.098782,0.0 -95.665814,36.098457,0.0 -95.664549,36.099039,0.0 -95.662634,36.098171,0.0 -95.662004,36.099544,0.0 -95.66107,36.098973,0.0 -95.662011,36.097496,0.0 -95.664204,36.097046,0.0 -95.663399,36.095766,0.0 -95.663913,36.095101,0.0 -95.662905,36.094893,0.0 -95.661991,36.095941,0.0 -95.660469,36.093568,0.0 -95.657045,36.094018,0.0 -95.656091,36.09521,0.0 -95.656342,36.093002,0.0 -95.657289,36.092277,0.0 -95.654528,36.092473,0.0 -95.654034,36.093265,0.0 -95.652106,36.091024,0.0 -95.650671,36.091628,0.0 -95.649301,36.09004,0.0 -95.649128,36.089704,0.0 -95.646087,36.089982,0.0 -95.646449,36.090517,0.0 -95.647911,36.090726,0.0 -95.648039,36.091045,0.0 -95.647099,36.091292,0.0 -95.646023,36.090978,0.0 -95.644514,36.091154,0.0 -95.643877,36.09201,0.0 -95.642747,36.091625,0.0 -95.642876,36.090576,0.0 -95.642503,36.090014,0.0 -95.639334,36.089744,0.0 -95.636543,36.08959,0.0 -95.636547,36.089115,0.0 -95.634122,36.087519,0.0 -95.629113,36.089412,0.0 -95.627599,36.088249,0.0 -95.62659,36.088856,0.0 -95.625622,36.088241,0.0 -95.621439,36.088012,0.0 -95.620879,36.089138,0.0 -95.618923,36.089123,0.0 -95.617126,36.088008,0.0 -95.614168,36.088854,0.0 -95.613002,36.087845,0.0 -95.609345,36.089769,0.0 -95.608931,36.089799,0.0 -95.608889,36.089793,0.0 -95.608772,36.089741,0.0 -95.608701,36.089689,0.0 -95.608221,36.088945,0.0 -95.607543,36.088819,0.0 -95.605877,36.089284,0.0 -95.604936,36.08888,0.0 -95.604876,36.0877,0.0 -95.603085,36.086868,0.0 -95.602666,36.08705,0.0 -95.602186,36.089673,0.0 -95.592884,36.089664,0.0 -95.591608,36.089345,0.0 -95.592967,36.088463,0.0 -95.591396,36.087627,0.0 -95.591305,36.084516,0.0 -95.587674,36.084076,0.0 -95.586552,36.083519,0.0 -95.585162,36.080901,0.0 -95.583763,36.079632,0.0 -95.584503,36.0787,0.0 -95.586782,36.079014,0.0 -95.590352,36.080163,0.0 -95.586644,36.078601,0.0 -95.585416,36.077152,0.0 -95.58733,36.077326,0.0 -95.588578,36.076307,0.0 -95.584742,36.076735,0.0 -95.584763,36.077719,0.0 -95.581195,36.078261,0.0 -95.580815,36.076971,0.0 -95.578068,36.077092,0.0 -95.574462,36.076521,0.0 -95.566667,36.072062,0.0 -95.563643,36.071579,0.0 -95.560443,36.07036,0.0 -95.554943,36.067328,0.0 -95.551091,36.065793,0.0 -95.55762,36.069452,0.0 -95.562219,36.071444,0.0 -95.567556,36.072826,0.0 -95.571525,36.075282,0.0 -95.529502,36.075288,0.0 -95.493629,36.075283,0.0 -95.43997,36.075268,0.0 -95.430667,36.075286,0.0 -95.3875,36.075375,0.0 -95.386481,36.075284,0.0 -95.364483,36.075289,0.0 -95.332823,36.07533,0.0 -95.30375,36.07518,0.0 -95.30045,36.07557,0.0 -95.29758,36.07513,0.0 -95.29479,36.07514,0.0 -95.2936,36.07562,0.0 -95.29007,36.07507,0.0 -95.255429,36.074838,0.0 -95.253304,36.079499,0.0 -95.252414,36.08285,0.0 -95.252838,36.084455,0.0 -95.255713,36.08887,0.0 -95.256265,36.090435,0.0 -95.25655,36.094599,0.0 -95.258698,36.098314,0.0 -95.262081,36.102663,0.0 -95.264,36.105661,0.0 -95.264469,36.108613,0.0 -95.26208,36.111863,0.0 -95.259658,36.114508,0.0 -95.25827,36.117497,0.0 -95.257507,36.125007,0.0 -95.256853,36.125006,0.0 -95.256684,36.127344,0.0 -95.259153,36.129784,0.0 -95.262484,36.130944,0.0 -95.262186,36.131883,0.0 -95.263736,36.133257,0.0 -95.262306,36.13379,0.0 -95.259051,36.130536,0.0 -95.256313,36.134243,0.0 -95.259599,36.132421,0.0 -95.260777,36.132905,0.0 -95.259727,36.132981,0.0 -95.257293,36.137501,0.0 -95.25463,36.139856,0.0 -95.254668,36.142487,0.0 -95.251816,36.144123,0.0 -95.250746,36.143947,0.0 -95.249938,36.145481,0.0 -95.247393,36.147702,0.0 -95.244826,36.148274,0.0 -95.244631,36.149345,0.0 -95.241117,36.151451,0.0 -95.241679,36.152044,0.0 -95.238808,36.152908,0.0 -95.237209,36.152359,0.0 -95.235916,36.153354,0.0 -95.235165,36.155354,0.0 -95.235931,36.156178,0.0 -95.233467,36.157816,0.0 -95.233555,36.158782,0.0 -95.231572,36.161409,0.0 -95.23017,36.162063,0.0 -95.228083,36.161262,0.0 -95.226451,36.161636,0.0 -95.225344,36.162788,0.0 -95.2253,36.18065,0.0 -95.2253,36.18085,0.0 -95.22524,36.19103,0.0 -95.22528,36.20559,0.0 -95.22521,36.22015,0.0 -95.22526,36.23188,0.0 -95.22499,36.23537,0.0 -95.225878,36.238073,0.0 -95.22674,36.24074,0.0 -95.22688,36.2479,0.0 -95.22763,36.24885,0.0 -95.22927,36.24937,0.0 -95.249989,36.24937,0.0 -95.252156,36.24936,0.0 -95.253115,36.249369,0.0 -95.25612,36.24937,0.0 -95.25612,36.29283,0.0 -95.24674,36.292776,0.0 -95.24479,36.30018,0.0 -95.236345,36.33639,0.0 -95.23821,36.33639,0.0 -95.23812,36.33905,0.0 -95.2382,36.37989,0.0 -95.23817,36.40883,0.0 -95.28331,36.408888,0.0 -95.287747,36.408873,0.0 -95.29204,36.40886,0.0 -95.34288,36.40886,0.0 -95.34583,36.40775,0.0 -95.34584,36.39439,0.0 -95.3815,36.39444,0.0 -95.3827,36.39501,0.0 -95.3848,36.39445,0.0 -95.419139,36.39434,0.0 -95.42194,36.39494,0.0 -95.424435,36.394312,0.0 -95.42908,36.39415,0.0 -95.43289,36.39143,0.0 -95.43562,36.39059,0.0 -95.435557,36.394208,0.0 -95.43789,36.39431,0.0 -95.44011,36.39426,0.0 -95.457382,36.39431,0.0 -95.46017,36.39419,0.0 -95.47146,36.39434,0.0 -95.473676,36.394334,0.0 -95.474923,36.394264,0.0 -95.47604,36.39437,0.0 -95.48941,36.39437,0.0 -95.51715,36.39433,0.0 -95.51959,36.39351,0.0 -95.52335,36.39433,0.0 -95.541983,36.394359,0.0 -95.54909,36.39433,0.0 -95.55716,36.39433,0.0 -95.561002,36.39436,0.0 -95.56103,36.39114,0.0 -95.56255,36.39281,0.0 -95.56564,36.39361,0.0 -95.56678,36.39422,0.0 -95.57891,36.39434,0.0 -95.5889,36.3942,0.0 -95.59038,36.39355,0.0 -95.59813,36.39435,0.0 -95.626286,36.394281,0.0 -95.629581,36.394162,0.0 -95.631925,36.392817,0.0 -95.63275,36.391232,0.0 -95.63279,36.36532,0.0 -95.605822,36.365304,0.0 -95.57891,36.36534,0.0 -95.578915,36.363093,0.0 -95.578913,36.361334,0.0 -95.57886,36.360483,0.0 -95.57854,36.36029,0.0 -95.57891,36.3593,0.0 -95.578875,36.350961,0.0 -95.58235,36.3508,0.0 -95.58076,36.35081,0.0 -95.57893,36.34719,0.0 -95.57884,36.336254,0.0 -95.578659,36.336254,0.0 -95.578672,36.334925,0.0 -95.578845,36.323548,0.0 -95.578791,36.321879,0.0 -95.57856,36.32171,0.0 -95.5791,36.3186,0.0 -95.57899,36.307217,0.0 -95.57899,36.30718,0.0 -95.577791,36.307177,0.0 -95.601123,36.296894,0.0 -95.601104,36.296841,0.0 -95.602404,36.296288,0.0 -95.60295,36.29603,0.0 -95.60695,36.29403,0.0 -95.6107,36.29158,0.0 -95.6167,36.28612,0.0 -95.62402,36.27903,0.0 -95.62175,36.27846,0.0 -95.611573,36.2784,0.0 -95.608325,36.277882,0.0 -95.608825,36.275898,0.0 -95.607176,36.273776,0.0 -95.608619,36.273637,0.0 -95.607835,36.271847,0.0 -95.606411,36.272052,0.0 -95.607318,36.270817,0.0 -95.608777,36.270366,0.0 -95.607333,36.269989,0.0 -95.609962,36.2669,0.0 -95.609295,36.264386,0.0 -95.606558,36.264535,0.0 -95.605444,36.263702,0.0 -95.606367,36.262994,0.0 -95.60485,36.262569,0.0 -95.603328,36.260536,0.0 -95.601176,36.261183,0.0 -95.598595,36.260583,0.0 -95.597659,36.259755,0.0 -95.596885,36.257562,0.0 -95.599023,36.255863,0.0 -95.597129,36.254971,0.0 -95.596804,36.253334,0.0 -95.599519,36.253982,0.0 -95.599237,36.254998,0.0 -95.6016,36.254959,0.0 -95.60121,36.253478,0.0 -95.599795,36.253228,0.0 -95.601589,36.251316,0.0 -95.600278,36.25123,0.0 -95.600607,36.249705,0.0 -95.598229,36.250763,0.0 -95.597348,36.2501,0.0 -95.598513,36.248025,0.0 -95.5964,36.247158,0.0 -95.598935,36.246375,0.0 -95.598693,36.243897,0.0 -95.600184,36.242544,0.0 -95.601431,36.243871,0.0 -95.602047,36.24314,0.0 -95.600854,36.242156,0.0 -95.603034,36.241481,0.0 -95.602977,36.24082,0.0 -95.601758,36.240225,0.0 -95.600166,36.240456,0.0 -95.599629,36.238754,0.0 -95.597469,36.238267,0.0 -95.596964,36.237507,0.0 -95.594856,36.237195,0.0 -95.597091,36.23644,0.0 -95.599459,36.237805,0.0 -95.600265,36.237166,0.0 -95.598984,36.236122,0.0 -95.600283,36.234789,0.0 -95.602596,36.234712,0.0 -95.602014,36.233626,0.0 -95.60026,36.23358,0.0 -95.597928,36.234548,0.0 -95.59721,36.233804,0.0 -95.596793,36.231783,0.0 -95.594341,36.231546,0.0 -95.595656,36.23002,0.0 -95.597514,36.229965,0.0 -95.598175,36.231312,0.0 -95.600839,36.23014,0.0 -95.597102,36.227791,0.0 -95.598501,36.226608,0.0 -95.599622,36.227764,0.0 -95.601772,36.228695,0.0 -95.604242,36.226154,0.0 -95.602604,36.225345,0.0 -95.600753,36.224215,0.0 -95.600715,36.223244,0.0 -95.602016,36.224247,0.0 -95.605015,36.225672,0.0 -95.606604,36.225826,0.0 -95.607446,36.226298,0.0 -95.609696,36.226303,0.0 -95.61925,36.225025,0.0 -95.625254,36.223883,0.0 -95.625259,36.223377,0.0 -95.622227,36.224094,0.0 -95.616167,36.224696,0.0 -95.609125,36.225962,0.0 -95.606864,36.22536,0.0 -95.604283,36.221373,0.0 -95.600696,36.219648,0.0 -95.598398,36.219288,0.0 -95.598078,36.216004,0.0 -95.599878,36.211307,0.0 -95.602959,36.206523,0.0 -95.603403,36.20125,0.0 -95.604621,36.197267,0.0 -95.606984,36.194306,0.0 -95.609042,36.1928,0.0 -95.613201,36.190618,0.0 -95.615458,36.19188,0.0 -95.617809,36.191802,0.0 -95.619699,36.191065,0.0 -95.620345,36.188497,0.0 -95.618591,36.185579,0.0 -95.619754,36.182569,0.0 -95.619804,36.177895,0.0 -95.622276,36.176252,0.0 -95.622233,36.174192,0.0 -95.619887,36.171546,0.0 -95.619728,36.166285,0.0 -95.619378,36.164734,0.0 -95.619157,36.163621,0.0 -95.619185,36.162602,0.0 -95.619832,36.162694,0.0 -95.63685,36.16245,0.0 -95.672684,36.162333,0.0</coordinates>
</LinearRing>
</outerBoundaryIs>
</Polygon>
</Placemark>
<Placemark id="cb_2023_40_sldl_500k">
<name>&lt;at&gt;&lt;openparen&gt;40009&lt;closeparen&gt;</name>
<visibility>1</visibility>
<description><![CDATA[<center><table><tr><th colspan='2' align='center'><em>Attributes</em></th></tr><tr bgcolor="#E3E3F3">
<th>STATEFP</th>
<td>40</td>
</tr><tr bgcolor="">
<th>SLDLST</th>
<td>009</td>
</tr><tr bgcolor="#E3E3F3">
<th>GEOIDFQ</th>
<td>620L800US40009</td>
</tr><tr bgcolor="">
<th>GEOID</th>
<td>40009</td>
</tr><tr bgcolor="#E3E3F3">
<th>NAME</th>
<td>9</td>
</tr><tr bgcolor="">
<th>NAMELSAD</th>
<td>State House District 9</td>
</tr><tr bgcolor="#E3E3F3">
<th>STUSPS</th>
<td>OK</td>
</tr><tr bgcolor="">
<th>STATE_NAME</th>
<td>Oklahoma</td>
</tr><tr bgcolor="#E3E3F3">
<th>LSAD</th>
<td>LL</td>
</tr><tr bgcolor="">
<th>LSY</th>
<td>2022</td>
</tr><tr bgcolor="#E3E3F3">
<th>ALAND</th>
<td>167803290</td>
</tr><tr bgcolor="">
<th>AWATER</th>
<td>1070442</td>
</tr></table></center>]]></description>
<LookAt>
<longitude>-102</longitude>
<latitude>38.5</latitude>
<range>7000000</range>
<tilt>10</tilt>
<heading>0</heading>
</LookAt>
<styleUrl>#KMLStyler</styleUrl>
<ExtendedData>
<SchemaData schemaUrl="#kml_schema_ft_cb_2023_40_sldl_500k">
<SimpleData name="STATEFP">40</SimpleData>
<SimpleData name="SLDLST">009</SimpleData>
<SimpleData name="GEOIDFQ">620L800US40009</SimpleData>
<SimpleData name="GEOID">40009</SimpleData>
<SimpleData name="NAME">9</SimpleData>
<SimpleData name="NAMELSAD">State House District 9</SimpleData>
<SimpleData name="STUSPS">OK</SimpleData>
<SimpleData name="STATE_NAME">Oklahoma</SimpleData>
<SimpleData name="LSAD">LL</SimpleData>
<SimpleData name="LSY">2022</SimpleData>
<SimpleData name="ALAND">167803290</SimpleData>
<SimpleData name="AWATER">1070442</SimpleData>
</SchemaData>
</ExtendedData>
<Polygon>
<extrude>0</extrude>
<tessellate>1</tessellate>
<altitudeMode>clampToGround</altitudeMode>
<outerBoundaryIs>
<LinearRing>
<coordinates>-95.866283,36.336671,0.0 -95.866339,36.336458,0.0 -95.866245,36.334187,0.0 -95.866292,36.322298,0.0 -95.866292,36.322112,0.0 -95.860592,36.322051,0.0 -95.848162,36.322072,0.0 -95.847038,36.322072,0.0 -95.845255,36.322058,0.0 -95.842394,36.322033,0.0 -95.84141,36.322025,0.0 -95.840284,36.322035,0.0 -95.839166,36.322045,0.0 -95.833108,36.322036,0.0 -95.832525,36.322045,0.0 -95.831595,36.322061,0.0 -95.830073,36.322037,0.0 -95.81676,36.322059,0.0 -95.813402,36.322061,0.0 -95.8122,36.32205,0.0 -95.8122,36.320803,0.0 -95.812184,36.319723,0.0 -95.81218,36.31935,0.0 -95.812203,36.314797,0.0 -95.812192,36.312421,0.0 -95.81218,36.30754,0.0 -95.794297,36.30754,0.0 -95.776507,36.307442,0.0 -95.776585,36.292962,0.0 -95.77633,36.29296,0.0 -95.776174,36.292958,0.0 -95.776073,36.263982,0.0 -95.7586,36.26398,0.0 -95.75834,36.26326,0.0 -95.75836,36.258523,0.0 -95.75838,36.249731,0.0 -95.75838,36.24949,0.0 -95.74955,36.24946,0.0 -95.74511,36.249698,0.0 -95.733939,36.249713,0.0 -95.733629,36.254598,0.0 -95.73403,36.256316,0.0 -95.736045,36.258529,0.0 -95.738663,36.25995,0.0 -95.744471,36.264599,0.0 -95.744465,36.264978,0.0 -95.743957,36.265527,0.0 -95.742676,36.266604,0.0 -95.741042,36.267347,0.0 -95.735826,36.266544,0.0 -95.732538,36.266323,0.0 -95.731471,36.266711,0.0 -95.729534,36.268745,0.0 -95.727525,36.270201,0.0 -95.723749,36.270895,0.0 -95.721678,36.270407,0.0 -95.720074,36.270708,0.0 -95.71713,36.272936,0.0 -95.71575,36.273395,0.0 -95.712886,36.273782,0.0 -95.709189,36.273025,0.0 -95.703146,36.272449,0.0 -95.700562,36.27017,0.0 -95.698574,36.266853,0.0 -95.697184,36.266095,0.0 -95.694552,36.265678,0.0 -95.693128,36.263531,0.0 -95.68992,36.262845,0.0 -95.688232,36.263992,0.0 -95.686808,36.266766,0.0 -95.683681,36.269446,0.0 -95.682263,36.271516,0.0 -95.681232,36.274367,0.0 -95.679351,36.27842,0.0 -95.679106,36.278418,0.0 -95.679073,36.278581,0.0 -95.670637,36.27838,0.0 -95.669726,36.278402,0.0 -95.66871,36.27838,0.0 -95.66376,36.27839,0.0 -95.65958,36.278393,0.0 -95.651029,36.2784,0.0 -95.65076,36.2784,0.0 -95.640844,36.278412,0.0 -95.6328,36.27844,0.0 -95.628355,36.27844,0.0 -95.62806,36.278441,0.0 -95.62518,36.27924,0.0 -95.62402,36.27903,0.0 -95.6167,36.28612,0.0 -95.6107,36.29158,0.0 -95.60695,36.29403,0.0 -95.60295,36.29603,0.0 -95.602404,36.296288,0.0 -95.601104,36.296841,0.0 -95.601123,36.296894,0.0 -95.577791,36.307177,0.0 -95.57899,36.30718,0.0 -95.57899,36.307217,0.0 -95.5791,36.3186,0.0 -95.57856,36.32171,0.0 -95.578791,36.321879,0.0 -95.578845,36.323548,0.0 -95.578672,36.334925,0.0 -95.578659,36.336254,0.0 -95.57884,36.336254,0.0 -95.57893,36.34719,0.0 -95.58076,36.35081,0.0 -95.58235,36.3508,0.0 -95.578875,36.350961,0.0 -95.57891,36.3593,0.0 -95.57854,36.36029,0.0 -95.57886,36.360483,0.0 -95.578913,36.361334,0.0 -95.578915,36.363093,0.0 -95.57891,36.36534,0.0 -95.605822,36.365304,0.0 -95.63279,36.36532,0.0 -95.646077,36.36528,0.0 -95.652963,36.371459,0.0 -95.65322,36.3713,0.0 -95.65077,36.36887,0.0 -95.65068,36.36527,0.0 -95.664749,36.36531,0.0 -95.674768,36.370274,0.0 -95.67481,36.367953,0.0 -95.678464,36.365343,0.0 -95.68312,36.364525,0.0 -95.689362,36.361428,0.0 -95.67782,36.33633,0.0 -95.683165,36.33685,0.0 -95.699292,36.336363,0.0 -95.704396,36.336364,0.0 -95.74015,36.33646,0.0 -95.757984,36.336404,0.0 -95.776172,36.336376,0.0 -95.77632,36.336513,0.0 -95.77632,36.33641,0.0 -95.79427,36.33646,0.0 -95.81222,36.33652,0.0 -95.848195,36.336614,0.0 -95.851901,36.336562,0.0 -95.866283,36.336671,0.0</coordinates>
</LinearRing>
</outerBoundaryIs>
</Polygon>
</Placemark>
<Placemark id="cb_2023_40_sldl_500k">
<name>&lt;at&gt;&lt;openparen&gt;40010&lt;closeparen&gt;</name>
<visibility>1</visibility>
<description><![CDATA[<center><table><tr><th colspan='2' align='center'><em>Attributes</em></th></tr><tr bgcolor="#E3E3F3">
<th>STATEFP</th>
<td>40</td>
</tr><tr bgcolor="">
<th>SLDLST</th>
<td>010</td>
</tr><tr bgcolor="#E3E3F3">
<th>GEOIDFQ</th>
<td>620L800US40010</td>
</tr><tr bgcolor="">
<th>GEOID</th>
<td>40010</td>
</tr><tr bgcolor="#E3E3F3">
<th>NAME</th>
<td>10</td>
</tr><tr bgcolor="">
<th>NAMELSAD</th>
<td>State House District 10</td>
</tr><tr bgcolor="#E3E3F3">
<th>STUSPS</th>
<td>OK</td>
</tr><tr bgcolor="">
<th>STATE_NAME</th>
<td>Oklahoma</td>
</tr><tr bgcolor="#E3E3F3">
<th>LSAD</th>
<td>LL</td>
</tr><tr bgcolor="">
<th>LSY</th>
<td>2022</td>
</tr><tr bgcolor="#E3E3F3">
<th>ALAND</th>
<td>3477441007</td>
</tr><tr bgcolor="">
<th>AWATER</th>
<td>66308571</td>
</tr></table></center>]]></description>
<LookAt>
<longitude>-102</longitude>
<latitude>38.5</latitude>
<range>7000000</range>
<tilt>10</tilt>
<heading>0</heading>
</LookAt>
<styleUrl>#KMLStyler</styleUrl>
<ExtendedData>
<SchemaData schemaUrl="#kml_schema_ft_cb_2023_40_sldl_500k">
<SimpleData name="STATEFP">40</SimpleData>
<SimpleData name="SLDLST">010</SimpleData>
<SimpleData name="GEOIDFQ">620L800US40010</SimpleData>
<SimpleData name="GEOID">40010</SimpleData>
<SimpleData name="NAME">10</SimpleData>
<SimpleData name="NAMELSAD">State House District 10</SimpleData>
<SimpleData name="STUSPS">OK</SimpleData>
<SimpleData name="STATE_NAME">Oklahoma</SimpleData>
<SimpleData name="LSAD">LL</SimpleData>
<SimpleData name="LSY">2022</SimpleData>
<SimpleData name="ALAND">3477441007</SimpleData>
<SimpleData name="AWATER">66308571</SimpleData>
</SchemaData>
</ExtendedData>
<Polygon>
<extrude>0</extrude>
<tessellate>1</tessellate>
<altitudeMode>clampToGround</altitudeMode>
<outerBoundaryIs>
<LinearRing>
<coordinates>-96.389509,36.455389,0.0 -96.389648,36.448597,0.0 -96.382338,36.45005,0.0 -96.376198,36.450261,0.0 -96.371771,36.449342,0.0 -96.371489,36.448847,0.0 -96.371494,36.423197,0.0 -96.367006,36.423202,0.0 -96.367005,36.419605,0.0 -96.36751,36.419499,0.0 -96.385057,36.419363,0.0 -96.385029,36.418467,0.0 -96.384702,36.418067,0.0 -96.384375,36.418144,0.0 -96.384063,36.418479,0.0 -96.383818,36.418478,0.0 -96.383479,36.418006,0.0 -96.383452,36.417171,0.0 -96.383133,36.417171,0.0 -96.382827,36.417478,0.0 -96.382419,36.417374,0.0 -96.382242,36.417132,0.0 -96.382322,36.415864,0.0 -96.381299,36.415858,0.0 -96.38051,36.416209,0.0 -96.378527,36.414802,0.0 -96.379364,36.413731,0.0 -96.381726,36.413443,0.0 -96.376964,36.410567,0.0 -96.372705,36.405174,0.0 -96.371001,36.403798,0.0 -96.366742,36.402028,0.0 -96.310144,36.382215,0.0 -96.309212,36.381838,0.0 -96.305234,36.379921,0.0 -96.30067,36.377195,0.0 -96.299706,36.376883,0.0 -96.299473,36.376807,0.0 -96.297311,36.376415,0.0 -96.281824,36.3764,0.0 -96.273614,36.376442,0.0 -96.272823,36.376343,0.0 -96.269649,36.375668,0.0 -96.262365,36.372285,0.0 -96.256651,36.370742,0.0 -96.251722,36.370029,0.0 -96.246723,36.370504,0.0 -96.238438,36.373263,0.0 -96.236088,36.373573,0.0 -96.234459,36.37359,0.0 -96.232835,36.373415,0.0 -96.230631,36.37278,0.0 -96.228391,36.371685,0.0 -96.228152,36.371543,0.0 -96.224054,36.369488,0.0 -96.220511,36.368504,0.0 -96.216352,36.368058,0.0 -96.20944,36.368103,0.0 -96.20633,36.368622,0.0 -96.204772,36.369143,0.0 -96.194512,36.373924,0.0 -96.189183,36.376217,0.0 -96.17435,36.381461,0.0 -96.170997,36.382517,0.0 -96.164833,36.384092,0.0 -96.159874,36.385893,0.0 -96.15515,36.388183,0.0 -96.15171,36.389352,0.0 -96.147965,36.390142,0.0 -96.145952,36.390329,0.0 -96.129548,36.390251,0.0 -96.123411,36.390208,0.0 -96.103063,36.390309,0.0 -96.103025,36.397409,0.0 -96.102799,36.419391,0.0 -96.066941,36.419322,0.0 -96.066893,36.433922,0.0 -96.041627,36.433909,0.0 -96.041526,36.433802,0.0 -96.041353,36.433607,0.0 -96.03082,36.43355,0.0 -96.030821,36.433841,0.0 -96.030906,36.448227,0.0 -96.0302,36.44823,0.0 -96.012841,36.448328,0.0 -96.011653,36.448321,0.0 -96.001397,36.448208,0.0 -96.001441,36.440003,0.0 -96.001145,36.439763,0.0 -96.001171,36.423686,0.0 -95.938015,36.4237,0.0 -95.937772,36.423697,0.0 -95.920983,36.423702,0.0 -95.920636,36.423702,0.0 -95.920323,36.423703,0.0 -95.920321,36.424049,0.0 -95.92032,36.424227,0.0 -95.92035,36.438194,0.0 -95.920377,36.452516,0.0 -95.92041,36.481651,0.0 -95.920432,36.506984,0.0 -95.920973,36.510662,0.0 -95.921496,36.512732,0.0 -95.926413,36.525134,0.0 -95.929169,36.525149,0.0 -95.937519,36.525149,0.0 -95.938151,36.525177,0.0 -95.938156,36.532238,0.0 -95.938151,36.53235,0.0 -95.938154,36.533232,0.0 -95.938171,36.536076,0.0 -95.938155,36.539636,0.0 -95.929135,36.539565,0.0 -95.928626,36.539706,0.0 -95.929097,36.554171,0.0 -95.929179,36.573571,0.0 -95.929317,36.575962,0.0 -95.930757,36.583168,0.0 -95.935154,36.600629,0.0 -95.935303,36.603001,0.0 -95.93529,36.604813,0.0 -95.935257,36.640807,0.0 -95.93514,36.670012,0.0 -95.93511,36.699029,0.0 -95.935281,36.699031,0.0 -95.938499,36.699054,0.0 -95.938946,36.699053,0.0 -95.944293,36.699024,0.0 -95.95105,36.699035,0.0 -95.953281,36.699022,0.0 -95.95885,36.699038,0.0 -95.960773,36.698982,0.0 -95.959944,36.701765,0.0 -95.961229,36.702485,0.0 -95.964069,36.702213,0.0 -95.967158,36.705104,0.0 -95.967769,36.708557,0.0 -95.966646,36.71055,0.0 -95.967997,36.713381,0.0 -95.96834,36.713626,0.0 -95.971666,36.713526,0.0 -95.975585,36.713518,0.0 -95.977291,36.716221,0.0 -95.978468,36.718359,0.0 -95.979211,36.720955,0.0 -95.979823,36.723196,0.0 -95.981036,36.72784,0.0 -95.982869,36.734781,0.0 -95.983942,36.738912,0.0 -95.98945,36.73889,0.0 -95.989458,36.743103,0.0 -95.98947,36.744558,0.0 -95.98949,36.747277,0.0 -95.983989,36.747356,0.0 -95.983969,36.747357,0.0 -95.975498,36.746269,0.0 -95.972887,36.746266,0.0 -95.972226,36.746188,0.0 -95.966257,36.74614,0.0 -95.9639,36.746183,0.0 -95.961868,36.745758,0.0 -95.961946,36.745684,0.0 -95.960012,36.744868,0.0 -95.956881,36.743278,0.0 -95.95336,36.742573,0.0 -95.935416,36.742535,0.0 -95.922208,36.742494,0.0 -95.917247,36.742483,0.0 -95.903109,36.742497,0.0 -95.899242,36.742484,0.0 -95.899277,36.727966,0.0 -95.894775,36.727943,0.0 -95.890284,36.72794,0.0 -95.824344,36.727932,0.0 -95.818911,36.728124,0.0 -95.809668,36.728017,0.0 -95.79363,36.72802,0.0 -95.79195,36.72739,0.0 -95.78181,36.71903,0.0 -95.77382,36.71412,0.0 -95.77199,36.71356,0.0 -95.68367,36.71354,0.0 -95.654488,36.713559,0.0 -95.64765,36.71356,0.0 -95.635439,36.71357,0.0 -95.62963,36.71357,0.0 -95.629569,36.71357,0.0 -95.629389,36.71357,0.0 -95.629329,36.71357,0.0 -95.6116,36.71359,0.0 -95.61161,36.699131,0.0 -95.61161,36.69909,0.0 -95.57853,36.69912,0.0 -95.57554,36.69926,0.0 -95.565951,36.699275,0.0 -95.559447,36.699307,0.0 -95.53894,36.69927,0.0 -95.4317,36.69902,0.0 -95.43169,36.757042,0.0 -95.431696,36.771601,0.0 -95.431746,36.825846,0.0 -95.431766,36.843925,0.0 -95.431769,36.902261,0.0 -95.431758,36.942593,0.0 -95.42483,36.94268,0.0 -95.407844,36.94271,0.0 -95.407751,36.964407,0.0 -95.4077330426944,36.99924099711,0.0 -95.511578,36.999235,0.0 -95.5224149880945,36.9992810582678,0.0 -95.534401,36.999332,0.0 -95.573598,36.99931,0.0 -95.5889899910403,36.9993143929195,0.0 -95.601517061574,36.9993179681822,0.0 -95.61214,36.999321,0.0 -95.6157410865682,36.999362762733,0.0 -95.615934,36.999365,0.0 -95.6210117300348,36.9993619832878,0.0 -95.62435,36.99936,0.0 -95.6287496081096,36.9993292818425,0.0 -95.630079,36.99932,0.0 -95.6379840038302,36.9993204619837,0.0 -95.6423696517221,36.9993207182895,0.0 -95.6604199997795,36.9993217731868,0.0 -95.664301,36.999322,0.0 -95.6740419235188,36.9993338732759,0.0 -95.686452,36.999349,0.0 -95.696659,36.999215,0.0 -95.71038,36.999371,0.0 -95.7105065437006,36.9993684169025,0.0 -95.714887,36.999279,0.0 -95.718054,36.999255,0.0 -95.741908,36.999244,0.0 -95.7464701516561,36.9992508443682,0.0 -95.754790411229,36.999263326838,0.0 -95.759905,36.999271,0.0 -95.768719,36.999205,0.0 -95.786762,36.99931,0.0 -95.80798,36.999124,0.0 -95.8193660360989,36.999150475109,0.0 -95.866899,36.999261,0.0 -95.873882523589,36.9992996596764,0.0 -95.873944,36.9993,0.0 -95.875257,36.999302,0.0 -95.877151,36.999304,0.0 -95.91018,36.999336,0.0 -95.928122,36.999245,0.0 -95.936992,36.999268,0.0 -95.9642699335572,36.9990936072442,0.0 -96.00081,36.99886,0.0 -96.0357720634707,36.9988881389827,0.0 -96.0912791627285,36.9989328134999,0.0 -96.14121,36.998973,0.0 -96.143207,36.999134,0.0 -96.147143,36.999022,0.0 -96.149709,36.99904,0.0 -96.152384,36.999051,0.0 -96.154017,36.999161,0.0 -96.1847082066554,36.9992109027782,0.0 -96.1847130166869,36.9992109105991,0.0 -96.185085,36.996505,0.0 -96.186053,36.994589,0.0 -96.1906,36.988706,0.0 -96.191356,36.987305,0.0 -96.191768,36.985751,0.0 -96.19195,36.981198,0.0 -96.192851,36.978639,0.0 -96.19467,36.975949,0.0 -96.195563,36.972423,0.0 -96.195186,36.967084,0.0 -96.195936,36.963797,0.0 -96.200165,36.95739,0.0 -96.201478,36.953997,0.0 -96.206418,36.931427,0.0 -96.206577,36.930161,0.0 -96.205523,36.922322,0.0 -96.204231,36.894132,0.0 -96.204496,36.891961,0.0 -96.213366,36.871481,0.0 -96.21439,36.870176,0.0 -96.220295,36.865801,0.0 -96.250972,36.843745,0.0 -96.252107,36.842587,0.0 -96.253269,36.84044,0.0 -96.253631,36.837683,0.0 -96.252739,36.828794,0.0 -96.253688,36.823205,0.0 -96.255879,36.820203,0.0 -96.259977,36.81562,0.0 -96.262526,36.812675,0.0 -96.265639,36.805517,0.0 -96.269434,36.799673,0.0 -96.270198,36.795497,0.0 -96.2763,36.780898,0.0 -96.278909,36.773819,0.0 -96.282429,36.768101,0.0 -96.283834,36.76432,0.0 -96.297882,36.745323,0.0 -96.299047,36.743469,0.0 -96.299845,36.739965,0.0 -96.307517,36.719084,0.0 -96.309571,36.715037,0.0 -96.31199,36.708326,0.0 -96.313435,36.703641,0.0 -96.313779,36.701649,0.0 -96.313956,36.694645,0.0 -96.312749,36.694644,0.0 -96.312525,36.678035,0.0 -96.312464,36.674861,0.0 -96.307448,36.674866,0.0 -96.308321,36.674098,0.0 -96.308395,36.673559,0.0 -96.307882,36.673233,0.0 -96.307519,36.673126,0.0 -96.306533,36.672982,0.0 -96.309507,36.673027,0.0 -96.309554,36.67089,0.0 -96.312508,36.670869,0.0 -96.312581,36.665948,0.0 -96.313957,36.666502,0.0 -96.313928,36.658916,0.0 -96.313462,36.655912,0.0 -96.311646,36.651261,0.0 -96.311622,36.65121,0.0 -96.309776,36.64677,0.0 -96.309065,36.643082,0.0 -96.308992,36.629828,0.0 -96.307996,36.624264,0.0 -96.305737,36.61849,0.0 -96.304945,36.614997,0.0 -96.304841,36.607753,0.0 -96.305004,36.592174,0.0 -96.30536,36.590274,0.0 -96.307806,36.580842,0.0 -96.308692,36.578918,0.0 -96.314661,36.568595,0.0 -96.317667,36.562028,0.0 -96.3189,36.560011,0.0 -96.320159,36.558524,0.0 -96.325426,36.553585,0.0 -96.326827,36.551288,0.0 -96.326856,36.550064,0.0 -96.335353,36.550066,0.0 -96.335274,36.542831,0.0 -96.32682,36.5428,0.0 -96.326757,36.540819,0.0 -96.327175,36.538571,0.0 -96.328883,36.53459,0.0 -96.331636,36.531265,0.0 -96.365594,36.500145,0.0 -96.366825,36.498709,0.0 -96.368424,36.496053,0.0 -96.36999,36.491936,0.0 -96.374303,36.480572,0.0 -96.387401,36.45968,0.0 -96.389509,36.455389,0.0</coordinates>
</LinearRing>
</outerBoundaryIs>
</Polygon>
</Placemark>
<Placemark id="cb_2023_40_sldl_500k">
<name>&lt;at&gt;&lt;openparen&gt;40011&lt;closeparen&gt;</name>
<visibility>1</visibility>
<description><![CDATA[<center><table><tr><th colspan='2' align='center'><em>Attributes</em></th></tr><tr bgcolor="#E3E3F3">
<th>STATEFP</th>
<td>40</td>
</tr><tr bgcolor="">
<th>SLDLST</th>
<td>011</td>
</tr><tr bgcolor="#E3E3F3">
<th>GEOIDFQ</th>
<td>620L800US40011</td>
</tr><tr bgcolor="">
<th>GEOID</th>
<td>40011</td>
</tr><tr bgcolor="#E3E3F3">
<th>NAME</th>
<td>11</td>
</tr><tr bgcolor="">
<th>NAMELSAD</th>
<td>State House District 11</td>
</tr><tr bgcolor="#E3E3F3">
<th>STUSPS</th>
<td>OK</td>
</tr><tr bgcolor="">
<th>STATE_NAME</th>
<td>Oklahoma</td>
</tr><tr bgcolor="#E3E3F3">
<th>LSAD</th>
<td>LL</td>
</tr><tr bgcolor="">
<th>LSY</th>
<td>2022</td>
</tr><tr bgcolor="#E3E3F3">
<th>ALAND</th>
<td>567106627</td>
</tr><tr bgcolor="">
<th>AWATER</th>
<td>2437123</td>
</tr></table></center>]]></description>
<LookAt>
<longitude>-102</longitude>
<latitude>38.5</latitude>
<range>7000000</range>
<tilt>10</tilt>
<heading>0</heading>
</LookAt>
<styleUrl>#KMLStyler</styleUrl>
<ExtendedData>
<SchemaData schemaUrl="#kml_schema_ft_cb_2023_40_sldl_500k">
<SimpleData name="STATEFP">40</SimpleData>
<SimpleData name="SLDLST">011</SimpleData>
<SimpleData name="GEOIDFQ">620L800US40011</SimpleData>
<SimpleData name="GEOID">40011</SimpleData>
<SimpleData name="NAME">11</SimpleData>
<SimpleData name="NAMELSAD">State House District 11</SimpleData>
<SimpleData name="STUSPS">OK</SimpleData>
<SimpleData name="STATE_NAME">Oklahoma</SimpleData>
<SimpleData name="LSAD">LL</SimpleData>
<SimpleData name="LSY">2022</SimpleData>
<SimpleData name="ALAND">567106627</SimpleData>
<SimpleData name="AWATER">2437123</SimpleData>
</SchemaData>
</ExtendedData>
<Polygon>
<extrude>0</extrude>
<tessellate>1</tessellate>
<altitudeMode>clampToGround</altitudeMode>
<outerBoundaryIs>
<LinearRing>
<coordinates>-96.001213,36.398427,0.0 -96.001258,36.373977,0.0 -96.001189,36.372174,0.0 -96.00119,36.372074,0.0 -95.995827,36.371658,0.0 -95.995793,36.369327,0.0 -95.991363,36.369285,0.0 -95.991372,36.367477,0.0 -95.991348,36.365644,0.0 -95.985958,36.36564,0.0 -95.98228,36.365867,0.0 -95.980123,36.365747,0.0 -95.956078,36.365737,0.0 -95.956078,36.365549,0.0 -95.956075,36.358258,0.0 -95.95604,36.357852,0.0 -95.956034,36.351146,0.0 -95.956065,36.336659,0.0 -95.956042,36.33666,0.0 -95.955844,36.322239,0.0 -95.955841,36.322053,0.0 -95.955809,36.307604,0.0 -95.951356,36.307389,0.0 -95.937677,36.307537,0.0 -95.937633,36.286033,0.0 -95.937299,36.286031,0.0 -95.924058,36.286187,0.0 -95.88461,36.286161,0.0 -95.884276,36.286158,0.0 -95.884093,36.286125,0.0 -95.884117,36.293027,0.0 -95.883871,36.293027,0.0 -95.884211,36.307483,0.0 -95.884217,36.309733,0.0 -95.884223,36.311417,0.0 -95.884218,36.314752,0.0 -95.884241,36.322045,0.0 -95.884217,36.336644,0.0 -95.866283,36.336671,0.0 -95.851901,36.336562,0.0 -95.848195,36.336614,0.0 -95.81222,36.33652,0.0 -95.812246,36.336642,0.0 -95.812256,36.336709,0.0 -95.81221,36.35101,0.0 -95.81225,36.35655,0.0 -95.81227,36.35833,0.0 -95.812205,36.359246,0.0 -95.812176,36.365486,0.0 -95.812176,36.365543,0.0 -95.812188,36.365654,0.0 -95.812179,36.378288,0.0 -95.812176,36.379986,0.0 -95.812176,36.380007,0.0 -95.812178,36.380116,0.0 -95.81218,36.39417,0.0 -95.812256,36.394575,0.0 -95.811076,36.394569,0.0 -95.79425,36.394505,0.0 -95.79425,36.39577,0.0 -95.79437,36.42358,0.0 -95.812342,36.42358,0.0 -95.81236,36.45254,0.0 -95.812451,36.494203,0.0 -95.812295,36.49606,0.0 -95.81232,36.51057,0.0 -95.812336,36.583066,0.0 -95.812336,36.59754,0.0 -95.80954,36.59754,0.0 -95.809527,36.623358,0.0 -95.809557,36.622898,0.0 -95.80951,36.655585,0.0 -95.809481,36.669867,0.0 -95.809668,36.728017,0.0 -95.818911,36.728124,0.0 -95.824344,36.727932,0.0 -95.890284,36.72794,0.0 -95.894775,36.727943,0.0 -95.899277,36.727966,0.0 -95.899242,36.742484,0.0 -95.903109,36.742497,0.0 -95.917247,36.742483,0.0 -95.922208,36.742494,0.0 -95.935416,36.742535,0.0 -95.95336,36.742573,0.0 -95.956881,36.743278,0.0 -95.960012,36.744868,0.0 -95.961946,36.745684,0.0 -95.961868,36.745758,0.0 -95.9639,36.746183,0.0 -95.966257,36.74614,0.0 -95.972226,36.746188,0.0 -95.972887,36.746266,0.0 -95.975498,36.746269,0.0 -95.983969,36.747357,0.0 -95.983989,36.747356,0.0 -95.98949,36.747277,0.0 -95.98947,36.744558,0.0 -95.989458,36.743103,0.0 -95.98945,36.73889,0.0 -95.983942,36.738912,0.0 -95.982869,36.734781,0.0 -95.981036,36.72784,0.0 -95.979823,36.723196,0.0 -95.979211,36.720955,0.0 -95.978468,36.718359,0.0 -95.977291,36.716221,0.0 -95.975585,36.713518,0.0 -95.971666,36.713526,0.0 -95.96834,36.713626,0.0 -95.967997,36.713381,0.0 -95.966646,36.71055,0.0 -95.967769,36.708557,0.0 -95.967158,36.705104,0.0 -95.964069,36.702213,0.0 -95.961229,36.702485,0.0 -95.959944,36.701765,0.0 -95.960773,36.698982,0.0 -95.95885,36.699038,0.0 -95.953281,36.699022,0.0 -95.95105,36.699035,0.0 -95.944293,36.699024,0.0 -95.938946,36.699053,0.0 -95.938499,36.699054,0.0 -95.935281,36.699031,0.0 -95.93511,36.699029,0.0 -95.93514,36.670012,0.0 -95.935257,36.640807,0.0 -95.93529,36.604813,0.0 -95.935303,36.603001,0.0 -95.935154,36.600629,0.0 -95.930757,36.583168,0.0 -95.929317,36.575962,0.0 -95.929179,36.573571,0.0 -95.929097,36.554171,0.0 -95.928626,36.539706,0.0 -95.929135,36.539565,0.0 -95.938155,36.539636,0.0 -95.938171,36.536076,0.0 -95.938154,36.533232,0.0 -95.938151,36.53235,0.0 -95.938156,36.532238,0.0 -95.938151,36.525177,0.0 -95.937519,36.525149,0.0 -95.929169,36.525149,0.0 -95.926413,36.525134,0.0 -95.921496,36.512732,0.0 -95.920973,36.510662,0.0 -95.920432,36.506984,0.0 -95.92041,36.481651,0.0 -95.920377,36.452516,0.0 -95.92035,36.438194,0.0 -95.92032,36.424227,0.0 -95.920321,36.424049,0.0 -95.920323,36.423703,0.0 -95.920636,36.423702,0.0 -95.920983,36.423702,0.0 -95.937772,36.423697,0.0 -95.938015,36.4237,0.0 -96.001171,36.423686,0.0 -96.001168,36.423477,0.0 -96.001205,36.402451,0.0 -96.001213,36.398427,0.0</coordinates>
</LinearRing>
</outerBoundaryIs>
</Polygon>
</Placemark>
<Placemark id="cb_2023_40_sldl_500k">
<name>&lt;at&gt;&lt;openparen&gt;40012&lt;closeparen&gt;</name>
<visibility>1</visibility>
<description><![CDATA[<center><table><tr><th colspan='2' align='center'><em>Attributes</em></th></tr><tr bgcolor="#E3E3F3">
<th>STATEFP</th>
<td>40</td>
</tr><tr bgcolor="">
<th>SLDLST</th>
<td>012</td>
</tr><tr bgcolor="#E3E3F3">
<th>GEOIDFQ</th>
<td>620L800US40012</td>
</tr><tr bgcolor="">
<th>GEOID</th>
<td>40012</td>
</tr><tr bgcolor="#E3E3F3">
<th>NAME</th>
<td>12</td>
</tr><tr bgcolor="">
<th>NAMELSAD</th>
<td>State House District 12</td>
</tr><tr bgcolor="#E3E3F3">
<th>STUSPS</th>
<td>OK</td>
</tr><tr bgcolor="">
<th>STATE_NAME</th>
<td>Oklahoma</td>
</tr><tr bgcolor="#E3E3F3">
<th>LSAD</th>
<td>LL</td>
</tr><tr bgcolor="">
<th>LSY</th>
<td>2022</td>
</tr><tr bgcolor="#E3E3F3">
<th>ALAND</th>
<td>1009153854</td>
</tr><tr bgcolor="">
<th>AWATER</th>
<td>27048787</td>
</tr></table></center>]]></description>
<LookAt>
<longitude>-102</longitude>
<latitude>38.5</latitude>
<range>7000000</range>
<tilt>10</tilt>
<heading>0</heading>
</LookAt>
<styleUrl>#KMLStyler</styleUrl>
<ExtendedData>
<SchemaData schemaUrl="#kml_schema_ft_cb_2023_40_sldl_500k">
<SimpleData name="STATEFP">40</SimpleData>
<SimpleData name="SLDLST">012</SimpleData>
<SimpleData name="GEOIDFQ">620L800US40012</SimpleData>
<SimpleData name="GEOID">40012</SimpleData>
<SimpleData name="NAME">12</SimpleData>
<SimpleData name="NAMELSAD">State House District 12</SimpleData>
<SimpleData name="STUSPS">OK</SimpleData>
<SimpleData name="STATE_NAME">Oklahoma</SimpleData>
<SimpleData name="LSAD">LL</SimpleData>
<SimpleData name="LSY">2022</SimpleData>
<SimpleData name="ALAND">1009153854</SimpleData>
<SimpleData name="AWATER">27048787</SimpleData>
</SchemaData>
</ExtendedData>
<Polygon>
<extrude>0</extrude>
<tessellate>1</tessellate>
<altitudeMode>clampToGround</altitudeMode>
<outerBoundaryIs>
<LinearRing>
<coordinates>-95.819477,35.900949,0.0 -95.819477,35.900919,0.0 -95.819457,35.884984,0.0 -95.819453,35.877785,0.0 -95.819405,35.87109,0.0 -95.819453,35.868665,0.0 -95.819459,35.856255,0.0 -95.819405,35.856255,0.0 -95.801744,35.856266,0.0 -95.766114,35.856284,0.0 -95.732854,35.856404,0.0 -95.731038,35.856495,0.0 -95.660225,35.856674,0.0 -95.658968,35.856645,0.0 -95.650419,35.856644,0.0 -95.651096,35.853717,0.0 -95.64803,35.847404,0.0 -95.649135,35.842141,0.0 -95.647697,35.841071,0.0 -95.647016,35.83924,0.0 -95.64356,35.837295,0.0 -95.642532,35.835737,0.0 -95.640455,35.834945,0.0 -95.639767,35.835895,0.0 -95.641391,35.838307,0.0 -95.641322,35.840026,0.0 -95.641093,35.840279,0.0 -95.639082,35.837228,0.0 -95.638683,35.835489,0.0 -95.639088,35.832876,0.0 -95.639169,35.827175,0.0 -95.640185,35.824598,0.0 -95.638892,35.822346,0.0 -95.639658,35.821657,0.0 -95.641516,35.815421,0.0 -95.639003,35.809079,0.0 -95.639177,35.807098,0.0 -95.637547,35.805065,0.0 -95.638086,35.802146,0.0 -95.636858,35.801881,0.0 -95.63632,35.800538,0.0 -95.63713,35.79912,0.0 -95.638923,35.798795,0.0 -95.638167,35.79622,0.0 -95.639548,35.792416,0.0 -95.639791,35.790986,0.0 -95.638313,35.787596,0.0 -95.635139,35.785275,0.0 -95.63302,35.784436,0.0 -95.631604,35.782445,0.0 -95.625258,35.780073,0.0 -95.624423,35.778705,0.0 -95.621518,35.777641,0.0 -95.615383,35.776702,0.0 -95.611816,35.777359,0.0 -95.609372,35.77646,0.0 -95.605272,35.77753,0.0 -95.604484,35.778127,0.0 -95.60195,35.778087,0.0 -95.600513,35.77689,0.0 -95.600351,35.775476,0.0 -95.596409,35.771494,0.0 -95.593546,35.767617,0.0 -95.590149,35.765428,0.0 -95.584647,35.765556,0.0 -95.583618,35.766441,0.0 -95.581968,35.768278,0.0 -95.579872,35.769743,0.0 -95.577285,35.771553,0.0 -95.576636,35.772706,0.0 -95.57257,35.777296,0.0 -95.568261,35.782945,0.0 -95.566521,35.783716,0.0 -95.56435,35.785638,0.0 -95.563091,35.787908,0.0 -95.561045,35.787852,0.0 -95.556307,35.78875,0.0 -95.553538,35.787178,0.0 -95.54788,35.789014,0.0 -95.544599,35.788263,0.0 -95.541926,35.788803,0.0 -95.540888,35.790209,0.0 -95.538539,35.790637,0.0 -95.531514,35.790592,0.0 -95.527346,35.791177,0.0 -95.525985,35.792699,0.0 -95.52401,35.792902,0.0 -95.520728,35.792249,0.0 -95.514477,35.793944,0.0 -95.500086,35.798699,0.0 -95.497553,35.799499,0.0 -95.490994,35.801086,0.0 -95.483852,35.802999,0.0 -95.477552,35.804199,0.0 -95.471651,35.804499,0.0 -95.468551,35.803999,0.0 -95.463541,35.804691,0.0 -95.458345,35.803174,0.0 -95.453189,35.802394,0.0 -95.451819,35.801432,0.0 -95.446322,35.799937,0.0 -95.44055,35.799699,0.0 -95.434427,35.799193,0.0 -95.431184,35.798645,0.0 -95.426308,35.798379,0.0 -95.420248,35.799599,0.0 -95.414448,35.801999,0.0 -95.408048,35.804299,0.0 -95.402214,35.806633,0.0 -95.402244,35.807098,0.0 -95.402273,35.8076,0.0 -95.402857,35.832382,0.0 -95.403217,35.839437,0.0 -95.402901,35.845996,0.0 -95.402949,35.885552,0.0 -95.402533,35.886031,0.0 -95.402533,35.886605,0.0 -95.402535,35.891141,0.0 -95.40264,35.901299,0.0 -95.40255,35.908742,0.0 -95.403205,35.909224,0.0 -95.403195,35.909752,0.0 -95.404162,35.9153,0.0 -95.404159,35.915549,0.0 -95.404074,35.929952,0.0 -95.404074,35.940873,0.0 -95.404085,35.944447,0.0 -95.421768,35.944489,0.0 -95.422018,35.973522,0.0 -95.404223,35.973497,0.0 -95.404219,35.985933,0.0 -95.405869,35.987989,0.0 -95.405354,35.987982,0.0 -95.405473,35.988115,0.0 -95.395003,35.988104,0.0 -95.386392,35.988103,0.0 -95.386357,36.0172,0.0 -95.377107,36.017171,0.0 -95.368592,36.017177,0.0 -95.332724,36.017168,0.0 -95.332726,36.034358,0.0 -95.330672,36.035829,0.0 -95.323488,36.035544,0.0 -95.316511,36.037123,0.0 -95.314874,36.036953,0.0 -95.312257,36.035322,0.0 -95.30849,36.037895,0.0 -95.302274,36.040813,0.0 -95.297333,36.042217,0.0 -95.294831,36.042451,0.0 -95.288855,36.043542,0.0 -95.284968,36.044572,0.0 -95.281843,36.046322,0.0 -95.27905,36.048343,0.0 -95.275242,36.052943,0.0 -95.27339,36.056506,0.0 -95.271186,36.059677,0.0 -95.268374,36.062562,0.0 -95.264596,36.064374,0.0 -95.263117,36.065592,0.0 -95.258173,36.07134,0.0 -95.255429,36.074838,0.0 -95.29007,36.07507,0.0 -95.2936,36.07562,0.0 -95.29479,36.07514,0.0 -95.29758,36.07513,0.0 -95.30045,36.07557,0.0 -95.30375,36.07518,0.0 -95.332823,36.07533,0.0 -95.364483,36.075289,0.0 -95.386481,36.075284,0.0 -95.3875,36.075375,0.0 -95.430667,36.075286,0.0 -95.43997,36.075268,0.0 -95.493629,36.075283,0.0 -95.529502,36.075288,0.0 -95.571525,36.075282,0.0 -95.567556,36.072826,0.0 -95.562219,36.071444,0.0 -95.55762,36.069452,0.0 -95.551091,36.065793,0.0 -95.554943,36.067328,0.0 -95.560443,36.07036,0.0 -95.563643,36.071579,0.0 -95.566667,36.072062,0.0 -95.574462,36.076521,0.0 -95.578068,36.077092,0.0 -95.580815,36.076971,0.0 -95.581195,36.078261,0.0 -95.584763,36.077719,0.0 -95.584742,36.076735,0.0 -95.588578,36.076307,0.0 -95.58733,36.077326,0.0 -95.585416,36.077152,0.0 -95.586644,36.078601,0.0 -95.590352,36.080163,0.0 -95.586782,36.079014,0.0 -95.584503,36.0787,0.0 -95.583763,36.079632,0.0 -95.585162,36.080901,0.0 -95.586552,36.083519,0.0 -95.587674,36.084076,0.0 -95.591305,36.084516,0.0 -95.591396,36.087627,0.0 -95.592967,36.088463,0.0 -95.591608,36.089345,0.0 -95.592884,36.089664,0.0 -95.602186,36.089673,0.0 -95.602666,36.08705,0.0 -95.603085,36.086868,0.0 -95.604876,36.0877,0.0 -95.604936,36.08888,0.0 -95.605877,36.089284,0.0 -95.607543,36.088819,0.0 -95.608221,36.088945,0.0 -95.608701,36.089689,0.0 -95.608772,36.089741,0.0 -95.608889,36.089793,0.0 -95.608931,36.089799,0.0 -95.609345,36.089769,0.0 -95.613002,36.087845,0.0 -95.614168,36.088854,0.0 -95.617126,36.088008,0.0 -95.618923,36.089123,0.0 -95.620879,36.089138,0.0 -95.621439,36.088012,0.0 -95.625622,36.088241,0.0 -95.62659,36.088856,0.0 -95.627599,36.088249,0.0 -95.629113,36.089412,0.0 -95.634122,36.087519,0.0 -95.636547,36.089115,0.0 -95.636543,36.08959,0.0 -95.639334,36.089744,0.0 -95.642503,36.090014,0.0 -95.642876,36.090576,0.0 -95.642747,36.091625,0.0 -95.643877,36.09201,0.0 -95.644514,36.091154,0.0 -95.646023,36.090978,0.0 -95.647099,36.091292,0.0 -95.648039,36.091045,0.0 -95.647911,36.090726,0.0 -95.646449,36.090517,0.0 -95.646087,36.089982,0.0 -95.649128,36.089704,0.0 -95.649301,36.09004,0.0 -95.650671,36.091628,0.0 -95.652106,36.091024,0.0 -95.654034,36.093265,0.0 -95.654528,36.092473,0.0 -95.657289,36.092277,0.0 -95.656342,36.093002,0.0 -95.656091,36.09521,0.0 -95.657045,36.094018,0.0 -95.660469,36.093568,0.0 -95.661991,36.095941,0.0 -95.662905,36.094893,0.0 -95.663913,36.095101,0.0 -95.663399,36.095766,0.0 -95.664204,36.097046,0.0 -95.662011,36.097496,0.0 -95.66107,36.098973,0.0 -95.662004,36.099544,0.0 -95.662634,36.098171,0.0 -95.664549,36.099039,0.0 -95.665814,36.098457,0.0 -95.668508,36.098782,0.0 -95.669049,36.098018,0.0 -95.66842,36.096129,0.0 -95.670281,36.096497,0.0 -95.670972,36.095514,0.0 -95.670187,36.094602,0.0 -95.671297,36.093965,0.0 -95.672472,36.095967,0.0 -95.672467,36.104295,0.0 -95.681485,36.104369,0.0 -95.690315,36.104349,0.0 -95.690358,36.104708,0.0 -95.690781,36.104342,0.0 -95.694827,36.104341,0.0 -95.708236,36.104401,0.0 -95.72612,36.10444,0.0 -95.726069,36.089884,0.0 -95.726024,36.075409,0.0 -95.726028,36.068089,0.0 -95.726168,36.065556,0.0 -95.725998,36.060881,0.0 -95.723785,36.060878,0.0 -95.72159,36.060865,0.0 -95.71259,36.060805,0.0 -95.708092,36.060768,0.0 -95.708084,36.059361,0.0 -95.708073,36.057185,0.0 -95.708068,36.053545,0.0 -95.708045,36.046254,0.0 -95.703536,36.046245,0.0 -95.694699,36.046221,0.0 -95.690214,36.046202,0.0 -95.690247,36.031741,0.0 -95.699234,36.031761,0.0 -95.703267,36.031811,0.0 -95.705457,36.032866,0.0 -95.706337,36.032071,0.0 -95.708112,36.031783,0.0 -95.725985,36.031867,0.0 -95.734906,36.031875,0.0 -95.735374,36.031504,0.0 -95.741176,36.036691,0.0 -95.743315,36.030661,0.0 -95.748873,36.032552,0.0 -95.74823,36.031892,0.0 -95.761629,36.031919,0.0 -95.761649,36.024702,0.0 -95.76165,36.017439,0.0 -95.761638,36.006569,0.0 -95.761632,36.002901,0.0 -95.761656,35.988387,0.0 -95.761623,35.973795,0.0 -95.761554,35.933297,0.0 -95.761703,35.918031,0.0 -95.761699,35.915474,0.0 -95.761706,35.912904,0.0 -95.761698,35.909297,0.0 -95.762029,35.901151,0.0 -95.792459,35.901115,0.0 -95.793361,35.901098,0.0 -95.797318,35.901104,0.0 -95.798568,35.901102,0.0 -95.810471,35.90112,0.0 -95.819477,35.901094,0.0 -95.819477,35.900949,0.0</coordinates>
</LinearRing>
</outerBoundaryIs>
</Polygon>
</Placemark>
<Placemark id="cb_2023_40_sldl_500k">
<name>&lt;at&gt;&lt;openparen&gt;40013&lt;closeparen&gt;</name>
<visibility>1</visibility>
<description><![CDATA[<center><table><tr><th colspan='2' align='center'><em>Attributes</em></th></tr><tr bgcolor="#E3E3F3">
<th>STATEFP</th>
<td>40</td>
</tr><tr bgcolor="">
<th>SLDLST</th>
<td>013</td>
</tr><tr bgcolor="#E3E3F3">
<th>GEOIDFQ</th>
<td>620L800US40013</td>
</tr><tr bgcolor="">
<th>GEOID</th>
<td>40013</td>
</tr><tr bgcolor="#E3E3F3">
<th>NAME</th>
<td>13</td>
</tr><tr bgcolor="">
<th>NAMELSAD</th>
<td>State House District 13</td>
</tr><tr bgcolor="#E3E3F3">
<th>STUSPS</th>
<td>OK</td>
</tr><tr bgcolor="">
<th>STATE_NAME</th>
<td>Oklahoma</td>
</tr><tr bgcolor="#E3E3F3">
<th>LSAD</th>
<td>LL</td>
</tr><tr bgcolor="">
<th>LSY</th>
<td>2022</td>
</tr><tr bgcolor="#E3E3F3">
<th>ALAND</th>
<td>1231817229</td>
</tr><tr bgcolor="">
<th>AWATER</th>
<td>24357814</td>
</tr></table></center>]]></description>
<LookAt>
<longitude>-102</longitude>
<latitude>38.5</latitude>
<range>7000000</range>
<tilt>10</tilt>
<heading>0</heading>
</LookAt>
<styleUrl>#KMLStyler</styleUrl>
<ExtendedData>
<SchemaData schemaUrl="#kml_schema_ft_cb_2023_40_sldl_500k">
<SimpleData name="STATEFP">40</SimpleData>
<SimpleData name="SLDLST">013</SimpleData>
<SimpleData name="GEOIDFQ">620L800US40013</SimpleData>
<SimpleData name="GEOID">40013</SimpleData>
<SimpleData name="NAME">13</SimpleData>
<SimpleData name="NAMELSAD">State House District 13</SimpleData>
<SimpleData name="STUSPS">OK</SimpleData>
<SimpleData name="STATE_NAME">Oklahoma</SimpleData>
<SimpleData name="LSAD">LL</SimpleData>
<SimpleData name="LSY">2022</SimpleData>
<SimpleData name="ALAND">1231817229</SimpleData>
<SimpleData name="AWATER">24357814</SimpleData>
</SchemaData>
</ExtendedData>
<Polygon>
<extrude>0</extrude>
<tessellate>1</tessellate>
<altitudeMode>clampToGround</altitudeMode>
<outerBoundaryIs>
<LinearRing>
<coordinates>-95.766197,35.748022,0.0 -95.766265,35.72575,0.0 -95.713081,35.725807,0.0 -95.642204,35.725951,0.0 -95.642242,35.720447,0.0 -95.64222,35.696782,0.0 -95.642207,35.682232,0.0 -95.6421,35.647814,0.0 -95.642271,35.647159,0.0 -95.642008,35.645908,0.0 -95.642084,35.645332,0.0 -95.641942,35.638682,0.0 -95.624369,35.638675,0.0 -95.624334,35.638601,0.0 -95.624367,35.602515,0.0 -95.624471,35.55172,0.0 -95.646018,35.551717,0.0 -95.646018,35.541609,0.0 -95.64594,35.523405,0.0 -95.645593,35.520396,0.0 -95.644693,35.518596,0.0 -95.639366,35.51259,0.0 -95.634871,35.507531,0.0 -95.609025,35.48014,0.0 -95.607354,35.478933,0.0 -95.605832,35.478479,0.0 -95.592553,35.478458,0.0 -95.557151,35.478461,0.0 -95.557164,35.458343,0.0 -95.549962,35.458703,0.0 -95.54408,35.45873,0.0 -95.544257,35.458365,0.0 -95.543742,35.458722,0.0 -95.540212,35.458634,0.0 -95.54027,35.449503,0.0 -95.504771,35.44967,0.0 -95.504607,35.457654,0.0 -95.504617,35.464181,0.0 -95.486874,35.464226,0.0 -95.45139,35.464377,0.0 -95.433561,35.464337,0.0 -95.380316,35.464289,0.0 -95.380213,35.464288,0.0 -95.353645,35.464229,0.0 -95.349766,35.466027,0.0 -95.344837,35.467919,0.0 -95.344859,35.491403,0.0 -95.344762,35.492321,0.0 -95.344815,35.522245,0.0 -95.344796,35.550393,0.0 -95.344799,35.551751,0.0 -95.349135,35.551764,0.0 -95.358098,35.551807,0.0 -95.357989,35.573662,0.0 -95.357958,35.580735,0.0 -95.360116,35.580731,0.0 -95.360001,35.584318,0.0 -95.358211,35.584312,0.0 -95.358008,35.60918,0.0 -95.358093,35.609818,0.0 -95.358332,35.611454,0.0 -95.358054,35.624312,0.0 -95.358058,35.638961,0.0 -95.340268,35.638963,0.0 -95.334493,35.638971,0.0 -95.304993,35.63892,0.0 -95.3044,35.637567,0.0 -95.301709,35.638901,0.0 -95.287038,35.638874,0.0 -95.287089,35.64601,0.0 -95.279045,35.645959,0.0 -95.27923,35.646889,0.0 -95.279336,35.651108,0.0 -95.276549,35.649377,0.0 -95.276391,35.649728,0.0 -95.25024,35.676467,0.0 -95.25024,35.677916,0.0 -95.238256,35.692126,0.0 -95.228867,35.701809,0.0 -95.22419,35.711037,0.0 -95.233714,35.713129,0.0 -95.251592,35.716047,0.0 -95.251595,35.711358,0.0 -95.282769,35.711432,0.0 -95.282987,35.711433,0.0 -95.300776,35.711477,0.0 -95.309804,35.711501,0.0 -95.309595,35.726033,0.0 -95.320544,35.726056,0.0 -95.322761,35.726048,0.0 -95.331545,35.72608,0.0 -95.33278,35.726083,0.0 -95.333185,35.726084,0.0 -95.333232,35.726084,0.0 -95.337355,35.726096,0.0 -95.33779,35.726097,0.0 -95.338297,35.726099,0.0 -95.340371,35.726128,0.0 -95.349235,35.72611,0.0 -95.358167,35.72606,0.0 -95.366252,35.726042,0.0 -95.375985,35.726057,0.0 -95.375977,35.725389,0.0 -95.377963,35.725392,0.0 -95.3792,35.727895,0.0 -95.372152,35.7404,0.0 -95.372464,35.740517,0.0 -95.374201,35.738066,0.0 -95.38592,35.742299,0.0 -95.389413,35.743268,0.0 -95.389427,35.745929,0.0 -95.387137,35.74506,0.0 -95.385088,35.748925,0.0 -95.383571,35.751816,0.0 -95.382997,35.75281,0.0 -95.369408,35.747868,0.0 -95.365925,35.754045,0.0 -95.364528,35.753283,0.0 -95.363618,35.752883,0.0 -95.361938,35.753375,0.0 -95.355748,35.751719,0.0 -95.354777,35.755037,0.0 -95.349227,35.755092,0.0 -95.340359,35.755166,0.0 -95.322776,35.755132,0.0 -95.322823,35.758833,0.0 -95.322861,35.767365,0.0 -95.322849,35.770011,0.0 -95.322836,35.771953,0.0 -95.326081,35.772823,0.0 -95.325727,35.774186,0.0 -95.325488,35.780242,0.0 -95.325482,35.78426,0.0 -95.336218,35.784216,0.0 -95.336914,35.784439,0.0 -95.334921,35.788721,0.0 -95.334441,35.791476,0.0 -95.334078,35.794081,0.0 -95.332451,35.806105,0.0 -95.331423,35.813295,0.0 -95.324591,35.813325,0.0 -95.324002,35.813394,0.0 -95.322443,35.81346,0.0 -95.317894,35.81343,0.0 -95.31115,35.813192,0.0 -95.305138,35.8132,0.0 -95.305169,35.827735,0.0 -95.30543,35.827728,0.0 -95.305176,35.829399,0.0 -95.305061,35.855847,0.0 -95.305056,35.8568,0.0 -95.30497,35.85734,0.0 -95.3051,35.868284,0.0 -95.305087,35.885806,0.0 -95.333566,35.885879,0.0 -95.340548,35.885892,0.0 -95.390861,35.885775,0.0 -95.392966,35.882878,0.0 -95.393213,35.883323,0.0 -95.393638,35.882343,0.0 -95.398623,35.885357,0.0 -95.401709,35.886422,0.0 -95.402533,35.886605,0.0 -95.402533,35.886031,0.0 -95.402949,35.885552,0.0 -95.402901,35.845996,0.0 -95.403217,35.839437,0.0 -95.402857,35.832382,0.0 -95.402273,35.8076,0.0 -95.402244,35.807098,0.0 -95.402214,35.806633,0.0 -95.408048,35.804299,0.0 -95.414448,35.801999,0.0 -95.420248,35.799599,0.0 -95.426308,35.798379,0.0 -95.431184,35.798645,0.0 -95.434427,35.799193,0.0 -95.44055,35.799699,0.0 -95.446322,35.799937,0.0 -95.451819,35.801432,0.0 -95.453189,35.802394,0.0 -95.458345,35.803174,0.0 -95.463541,35.804691,0.0 -95.468551,35.803999,0.0 -95.471651,35.804499,0.0 -95.477552,35.804199,0.0 -95.483852,35.802999,0.0 -95.490994,35.801086,0.0 -95.497553,35.799499,0.0 -95.500086,35.798699,0.0 -95.514477,35.793944,0.0 -95.520728,35.792249,0.0 -95.52401,35.792902,0.0 -95.525985,35.792699,0.0 -95.527346,35.791177,0.0 -95.531514,35.790592,0.0 -95.538539,35.790637,0.0 -95.540888,35.790209,0.0 -95.541926,35.788803,0.0 -95.544599,35.788263,0.0 -95.54788,35.789014,0.0 -95.553538,35.787178,0.0 -95.556307,35.78875,0.0 -95.561045,35.787852,0.0 -95.563091,35.787908,0.0 -95.56435,35.785638,0.0 -95.566521,35.783716,0.0 -95.568261,35.782945,0.0 -95.57257,35.777296,0.0 -95.576636,35.772706,0.0 -95.577285,35.771553,0.0 -95.579872,35.769743,0.0 -95.581968,35.768278,0.0 -95.583618,35.766441,0.0 -95.584647,35.765556,0.0 -95.590149,35.765428,0.0 -95.593546,35.767617,0.0 -95.596409,35.771494,0.0 -95.600351,35.775476,0.0 -95.600513,35.77689,0.0 -95.60195,35.778087,0.0 -95.604484,35.778127,0.0 -95.605272,35.77753,0.0 -95.609372,35.77646,0.0 -95.611816,35.777359,0.0 -95.615383,35.776702,0.0 -95.621518,35.777641,0.0 -95.624423,35.778705,0.0 -95.625258,35.780073,0.0 -95.631604,35.782445,0.0 -95.63302,35.784436,0.0 -95.635139,35.785275,0.0 -95.638313,35.787596,0.0 -95.639791,35.790986,0.0 -95.639548,35.792416,0.0 -95.638167,35.79622,0.0 -95.638923,35.798795,0.0 -95.63713,35.79912,0.0 -95.63632,35.800538,0.0 -95.636858,35.801881,0.0 -95.638086,35.802146,0.0 -95.637547,35.805065,0.0 -95.639177,35.807098,0.0 -95.639003,35.809079,0.0 -95.641516,35.815421,0.0 -95.639658,35.821657,0.0 -95.638892,35.822346,0.0 -95.640185,35.824598,0.0 -95.639169,35.827175,0.0 -95.639088,35.832876,0.0 -95.638683,35.835489,0.0 -95.639082,35.837228,0.0 -95.641093,35.840279,0.0 -95.641322,35.840026,0.0 -95.641391,35.838307,0.0 -95.639767,35.835895,0.0 -95.640455,35.834945,0.0 -95.642532,35.835737,0.0 -95.64356,35.837295,0.0 -95.647016,35.83924,0.0 -95.647697,35.841071,0.0 -95.649135,35.842141,0.0 -95.64803,35.847404,0.0 -95.651096,35.853717,0.0 -95.650419,35.856644,0.0 -95.658968,35.856645,0.0 -95.660225,35.856674,0.0 -95.731038,35.856495,0.0 -95.732854,35.856404,0.0 -95.766114,35.856284,0.0 -95.766129,35.812768,0.0 -95.766197,35.748022,0.0</coordinates>
</LinearRing>
</outerBoundaryIs>
</Polygon>
</Placemark>
<Placemark id="cb_2023_40_sldl_500k">
<name>&lt;at&gt;&lt;openparen&gt;40014&lt;closeparen&gt;</name>
<visibility>1</visibility>
<description><![CDATA[<center><table><tr><th colspan='2' align='center'><em>Attributes</em></th></tr><tr bgcolor="#E3E3F3">
<th>STATEFP</th>
<td>40</td>
</tr><tr bgcolor="">
<th>SLDLST</th>
<td>014</td>
</tr><tr bgcolor="#E3E3F3">
<th>GEOIDFQ</th>
<td>620L800US40014</td>
</tr><tr bgcolor="">
<th>GEOID</th>
<td>40014</td>
</tr><tr bgcolor="#E3E3F3">
<th>NAME</th>
<td>14</td>
</tr><tr bgcolor="">
<th>NAMELSAD</th>
<td>State House District 14</td>
</tr><tr bgcolor="#E3E3F3">
<th>STUSPS</th>
<td>OK</td>
</tr><tr bgcolor="">
<th>STATE_NAME</th>
<td>Oklahoma</td>
</tr><tr bgcolor="#E3E3F3">
<th>LSAD</th>
<td>LL</td>
</tr><tr bgcolor="">
<th>LSY</th>
<td>2022</td>
</tr><tr bgcolor="#E3E3F3">
<th>ALAND</th>
<td>590408466</td>
</tr><tr bgcolor="">
<th>AWATER</th>
<td>56874832</td>
</tr></table></center>]]></description>
<LookAt>
<longitude>-102</longitude>
<latitude>38.5</latitude>
<range>7000000</range>
<tilt>10</tilt>
<heading>0</heading>
</LookAt>
<styleUrl>#KMLStyler</styleUrl>
<ExtendedData>
<SchemaData schemaUrl="#kml_schema_ft_cb_2023_40_sldl_500k">
<SimpleData name="STATEFP">40</SimpleData>
<SimpleData name="SLDLST">014</SimpleData>
<SimpleData name="GEOIDFQ">620L800US40014</SimpleData>
<SimpleData name="GEOID">40014</SimpleData>
<SimpleData name="NAME">14</SimpleData>
<SimpleData name="NAMELSAD">State House District 14</SimpleData>
<SimpleData name="STUSPS">OK</SimpleData>
<SimpleData name="STATE_NAME">Oklahoma</SimpleData>
<SimpleData name="LSAD">LL</SimpleData>
<SimpleData name="LSY">2022</SimpleData>
<SimpleData name="ALAND">590408466</SimpleData>
<SimpleData name="AWATER">56874832</SimpleData>
</SchemaData>
</ExtendedData>
<Polygon>
<extrude>0</extrude>
<tessellate>1</tessellate>
<altitudeMode>clampToGround</altitudeMode>
<outerBoundaryIs>
<LinearRing>
<coordinates>-95.422018,35.973522,0.0 -95.421768,35.944489,0.0 -95.404085,35.944447,0.0 -95.404074,35.940873,0.0 -95.404074,35.929952,0.0 -95.404159,35.915549,0.0 -95.404162,35.9153,0.0 -95.403195,35.909752,0.0 -95.403205,35.909224,0.0 -95.40255,35.908742,0.0 -95.40264,35.901299,0.0 -95.402535,35.891141,0.0 -95.402533,35.886605,0.0 -95.401709,35.886422,0.0 -95.398623,35.885357,0.0 -95.393638,35.882343,0.0 -95.393213,35.883323,0.0 -95.392966,35.882878,0.0 -95.390861,35.885775,0.0 -95.340548,35.885892,0.0 -95.333566,35.885879,0.0 -95.305087,35.885806,0.0 -95.3051,35.868284,0.0 -95.30497,35.85734,0.0 -95.305056,35.8568,0.0 -95.305061,35.855847,0.0 -95.305176,35.829399,0.0 -95.30543,35.827728,0.0 -95.305169,35.827735,0.0 -95.305138,35.8132,0.0 -95.31115,35.813192,0.0 -95.317894,35.81343,0.0 -95.322443,35.81346,0.0 -95.324002,35.813394,0.0 -95.324591,35.813325,0.0 -95.331423,35.813295,0.0 -95.332451,35.806105,0.0 -95.334078,35.794081,0.0 -95.334441,35.791476,0.0 -95.334921,35.788721,0.0 -95.336914,35.784439,0.0 -95.336218,35.784216,0.0 -95.325482,35.78426,0.0 -95.325488,35.780242,0.0 -95.325727,35.774186,0.0 -95.326081,35.772823,0.0 -95.322836,35.771953,0.0 -95.322849,35.770011,0.0 -95.322861,35.767365,0.0 -95.322823,35.758833,0.0 -95.322776,35.755132,0.0 -95.340359,35.755166,0.0 -95.349227,35.755092,0.0 -95.354777,35.755037,0.0 -95.355748,35.751719,0.0 -95.361938,35.753375,0.0 -95.363618,35.752883,0.0 -95.364528,35.753283,0.0 -95.365925,35.754045,0.0 -95.369408,35.747868,0.0 -95.382997,35.75281,0.0 -95.383571,35.751816,0.0 -95.385088,35.748925,0.0 -95.387137,35.74506,0.0 -95.389427,35.745929,0.0 -95.389413,35.743268,0.0 -95.38592,35.742299,0.0 -95.374201,35.738066,0.0 -95.372464,35.740517,0.0 -95.372152,35.7404,0.0 -95.3792,35.727895,0.0 -95.377963,35.725392,0.0 -95.375977,35.725389,0.0 -95.375985,35.726057,0.0 -95.366252,35.726042,0.0 -95.358167,35.72606,0.0 -95.349235,35.72611,0.0 -95.340371,35.726128,0.0 -95.338297,35.726099,0.0 -95.33779,35.726097,0.0 -95.337355,35.726096,0.0 -95.333232,35.726084,0.0 -95.333185,35.726084,0.0 -95.33278,35.726083,0.0 -95.331545,35.72608,0.0 -95.322761,35.726048,0.0 -95.320544,35.726056,0.0 -95.309595,35.726033,0.0 -95.309804,35.711501,0.0 -95.300776,35.711477,0.0 -95.282987,35.711433,0.0 -95.282769,35.711432,0.0 -95.251595,35.711358,0.0 -95.251592,35.716047,0.0 -95.233714,35.713129,0.0 -95.22419,35.711037,0.0 -95.221624,35.71054,0.0 -95.224101,35.701823,0.0 -95.224002,35.697895,0.0 -95.22438,35.695511,0.0 -95.226288,35.688825,0.0 -95.226009,35.686908,0.0 -95.224542,35.685252,0.0 -95.219074,35.681707,0.0 -95.216323,35.679277,0.0 -95.203489,35.667761,0.0 -95.202911,35.667781,0.0 -95.193972,35.667895,0.0 -95.193891,35.664804,0.0 -95.193957,35.664644,0.0 -95.193834,35.659275,0.0 -95.187189,35.653294,0.0 -95.174994,35.653293,0.0 -95.171523,35.653807,0.0 -95.17052,35.653211,0.0 -95.162658,35.653283,0.0 -95.162809,35.66779,0.0 -95.137487,35.667708,0.0 -95.136511,35.668105,0.0 -95.133545,35.672561,0.0 -95.131886,35.673172,0.0 -95.12718,35.673104,0.0 -95.127157,35.695781,0.0 -95.127365,35.712903,0.0 -95.127202,35.715367,0.0 -95.127306,35.732988,0.0 -95.127126,35.734389,0.0 -95.127131,35.765502,0.0 -95.127118,35.768849,0.0 -95.127121,35.776339,0.0 -95.127134,35.798268,0.0 -95.127118,35.798458,0.0 -95.127163,35.812755,0.0 -95.12713,35.827285,0.0 -95.127166,35.841799,0.0 -95.127236,35.841787,0.0 -95.126784,35.847817,0.0 -95.126864,35.894552,0.0 -95.126867,35.900583,0.0 -95.132055,35.900623,0.0 -95.132593,35.901617,0.0 -95.133181,35.905417,0.0 -95.136248,35.906936,0.0 -95.136253,35.913604,0.0 -95.136854,35.91493,0.0 -95.13798,35.916697,0.0 -95.13788,35.91956,0.0 -95.136331,35.921157,0.0 -95.136259,35.9237,0.0 -95.140671,35.923716,0.0 -95.141349,35.929706,0.0 -95.149595,35.929669,0.0 -95.150162,35.929654,0.0 -95.154048,35.927151,0.0 -95.154073,35.930156,0.0 -95.15855,35.930594,0.0 -95.162861,35.930589,0.0 -95.162497,35.931402,0.0 -95.16195,35.932787,0.0 -95.161821,35.932949,0.0 -95.161198,35.933251,0.0 -95.160726,35.933319,0.0 -95.160742,35.935292,0.0 -95.154624,35.935236,0.0 -95.154132,35.937755,0.0 -95.154095,35.944165,0.0 -95.172083,35.944206,0.0 -95.171943,35.956451,0.0 -95.177221,35.957228,0.0 -95.179014,35.958664,0.0 -95.182761,35.958706,0.0 -95.207797,35.958709,0.0 -95.207815,35.973225,0.0 -95.237654,35.97321,0.0 -95.240115,35.972361,0.0 -95.242831,35.972038,0.0 -95.243223,35.982225,0.0 -95.24179,35.982798,0.0 -95.240315,35.984455,0.0 -95.238676,35.985045,0.0 -95.239349,35.98773,0.0 -95.252188,35.987845,0.0 -95.254985,35.98493,0.0 -95.262573,35.979561,0.0 -95.271127,35.974524,0.0 -95.272205,35.97361,0.0 -95.274747,35.970819,0.0 -95.276519,35.968189,0.0 -95.284598,35.968921,0.0 -95.299637,35.967588,0.0 -95.299879,35.969538,0.0 -95.300812,35.972322,0.0 -95.303586,35.974656,0.0 -95.312158,35.977883,0.0 -95.313919,35.979449,0.0 -95.315246,35.980284,0.0 -95.315672,35.983164,0.0 -95.314996,35.986094,0.0 -95.315278,35.987513,0.0 -95.315371,36.002564,0.0 -95.316962,36.002567,0.0 -95.318586,36.002651,0.0 -95.323569,36.007261,0.0 -95.329081,36.017152,0.0 -95.332724,36.017168,0.0 -95.368592,36.017177,0.0 -95.377107,36.017171,0.0 -95.386357,36.0172,0.0 -95.386392,35.988103,0.0 -95.395003,35.988104,0.0 -95.405473,35.988115,0.0 -95.405354,35.987982,0.0 -95.405869,35.987989,0.0 -95.404219,35.985933,0.0 -95.404223,35.973497,0.0 -95.422018,35.973522,0.0</coordinates>
</LinearRing>
</outerBoundaryIs>
</Polygon>
</Placemark>
<Placemark id="cb_2023_40_sldl_500k">
<name>&lt;at&gt;&lt;openparen&gt;40015&lt;closeparen&gt;</name>
<visibility>1</visibility>
<description><![CDATA[<center><table><tr><th colspan='2' align='center'><em>Attributes</em></th></tr><tr bgcolor="#E3E3F3">
<th>STATEFP</th>
<td>40</td>
</tr><tr bgcolor="">
<th>SLDLST</th>
<td>015</td>
</tr><tr bgcolor="#E3E3F3">
<th>GEOIDFQ</th>
<td>620L800US40015</td>
</tr><tr bgcolor="">
<th>GEOID</th>
<td>40015</td>
</tr><tr bgcolor="#E3E3F3">
<th>NAME</th>
<td>15</td>
</tr><tr bgcolor="">
<th>NAMELSAD</th>
<td>State House District 15</td>
</tr><tr bgcolor="#E3E3F3">
<th>STUSPS</th>
<td>OK</td>
</tr><tr bgcolor="">
<th>STATE_NAME</th>
<td>Oklahoma</td>
</tr><tr bgcolor="#E3E3F3">
<th>LSAD</th>
<td>LL</td>
</tr><tr bgcolor="">
<th>LSY</th>
<td>2022</td>
</tr><tr bgcolor="#E3E3F3">
<th>ALAND</th>
<td>4017563483</td>
</tr><tr bgcolor="">
<th>AWATER</th>
<td>439504435</td>
</tr></table></center>]]></description>
<LookAt>
<longitude>-102</longitude>
<latitude>38.5</latitude>
<range>7000000</range>
<tilt>10</tilt>
<heading>0</heading>
</LookAt>
<styleUrl>#KMLStyler</styleUrl>
<ExtendedData>
<SchemaData schemaUrl="#kml_schema_ft_cb_2023_40_sldl_500k">
<SimpleData name="STATEFP">40</SimpleData>
<SimpleData name="SLDLST">015</SimpleData>
<SimpleData name="GEOIDFQ">620L800US40015</SimpleData>
<SimpleData name="GEOID">40015</SimpleData>
<SimpleData name="NAME">15</SimpleData>
<SimpleData name="NAMELSAD">State House District 15</SimpleData>
<SimpleData name="STUSPS">OK</SimpleData>
<SimpleData name="STATE_NAME">Oklahoma</SimpleData>
<SimpleData name="LSAD">LL</SimpleData>
<SimpleData name="LSY">2022</SimpleData>
<SimpleData name="ALAND">4017563483</SimpleData>
<SimpleData name="AWATER">439504435</SimpleData>
</SchemaData>
</ExtendedData>
<Polygon>
<extrude>0</extrude>
<tessellate>1</tessellate>
<altitudeMode>clampToGround</altitudeMode>
<outerBoundaryIs>
<LinearRing>
<coordinates>-95.98313,35.202744,0.0 -95.983105,35.188946,0.0 -95.983077,35.151695,0.0 -95.971777,35.152496,0.0 -95.965551,35.152496,0.0 -95.959377,35.152096,0.0 -95.957376,35.151696,0.0 -95.952776,35.151396,0.0 -95.946576,35.149996,0.0 -95.942576,35.148396,0.0 -95.937876,35.146996,0.0 -95.928458,35.143594,0.0 -95.925578,35.142896,0.0 -95.917786,35.142501,0.0 -95.907966,35.143494,0.0 -95.905867,35.143987,0.0 -95.900658,35.146551,0.0 -95.899975,35.146896,0.0 -95.896541,35.149048,0.0 -95.892174,35.152096,0.0 -95.888374,35.155696,0.0 -95.885274,35.159696,0.0 -95.883574,35.162597,0.0 -95.876374,35.176897,0.0 -95.874511,35.180272,0.0 -95.870663,35.185986,0.0 -95.869174,35.186897,0.0 -95.866674,35.187297,0.0 -95.862574,35.186797,0.0 -95.856773,35.186597,0.0 -95.849473,35.188297,0.0 -95.847773,35.188397,0.0 -95.844573,35.187197,0.0 -95.839673,35.184397,0.0 -95.838873,35.184297,0.0 -95.828272,35.186197,0.0 -95.824272,35.187497,0.0 -95.816872,35.191197,0.0 -95.813272,35.193497,0.0 -95.808372,35.195398,0.0 -95.804172,35.196298,0.0 -95.797572,35.197098,0.0 -95.793271,35.197298,0.0 -95.787571,35.196398,0.0 -95.784771,35.195298,0.0 -95.781971,35.193498,0.0 -95.779471,35.190798,0.0 -95.777071,35.188698,0.0 -95.772171,35.183698,0.0 -95.770525,35.181766,0.0 -95.768471,35.178998,0.0 -95.76707,35.178098,0.0 -95.76397,35.177098,0.0 -95.75797,35.176698,0.0 -95.75597,35.177198,0.0 -95.751871,35.180968,0.0 -95.749568,35.183709,0.0 -95.748019,35.187716,0.0 -95.745818,35.190472,0.0 -95.743894,35.191882,0.0 -95.739993,35.192805,0.0 -95.735171,35.192815,0.0 -95.729767,35.192045,0.0 -95.727788,35.191379,0.0 -95.727534,35.191293,0.0 -95.722143,35.189455,0.0 -95.71896,35.188847,0.0 -95.716157,35.189352,0.0 -95.71478,35.19131,0.0 -95.712382,35.19713,0.0 -95.709825,35.200466,0.0 -95.708263,35.201819,0.0 -95.707153,35.202301,0.0 -95.703768,35.202398,0.0 -95.697168,35.202998,0.0 -95.691205,35.204668,0.0 -95.686824,35.204993,0.0 -95.67998,35.203459,0.0 -95.679107,35.203869,0.0 -95.677461,35.206721,0.0 -95.674189,35.20891,0.0 -95.675274,35.210162,0.0 -95.679101,35.211281,0.0 -95.680489,35.212339,0.0 -95.682332,35.215012,0.0 -95.682767,35.216398,0.0 -95.680967,35.220998,0.0 -95.676867,35.224798,0.0 -95.672066,35.227298,0.0 -95.665066,35.228898,0.0 -95.657466,35.231398,0.0 -95.643265,35.238198,0.0 -95.635867,35.241318,0.0 -95.634965,35.241698,0.0 -95.628064,35.246798,0.0 -95.624264,35.247998,0.0 -95.615664,35.249698,0.0 -95.610264,35.249698,0.0 -95.609163,35.249298,0.0 -95.606063,35.247098,0.0 -95.603663,35.242998,0.0 -95.603463,35.239398,0.0 -95.604563,35.236998,0.0 -95.606763,35.235098,0.0 -95.611764,35.233698,0.0 -95.619864,35.230398,0.0 -95.622664,35.228398,0.0 -95.622964,35.227598,0.0 -95.622464,35.224698,0.0 -95.619464,35.222198,0.0 -95.616864,35.221398,0.0 -95.612864,35.221098,0.0 -95.608136,35.220404,0.0 -95.608848,35.21958,0.0 -95.611009,35.21645,0.0 -95.607504,35.2155,0.0 -95.60591,35.215489,0.0 -95.605036,35.215627,0.0 -95.59492,35.218873,0.0 -95.584307,35.222381,0.0 -95.580786,35.223785,0.0 -95.568331,35.229287,0.0 -95.568332,35.226603,0.0 -95.5661,35.226586,0.0 -95.566122,35.224797,0.0 -95.561645,35.22475,0.0 -95.561636,35.221106,0.0 -95.55717,35.221074,0.0 -95.55721,35.217402,0.0 -95.575004,35.217533,0.0 -95.575101,35.210276,0.0 -95.571371,35.210217,0.0 -95.568692,35.208992,0.0 -95.568169,35.206584,0.0 -95.570226,35.203849,0.0 -95.574333,35.202022,0.0 -95.547615,35.202214,0.0 -95.545946,35.2013,0.0 -95.543158,35.200934,0.0 -95.541596,35.201323,0.0 -95.541612,35.202254,0.0 -95.540174,35.201918,0.0 -95.535322,35.201596,0.0 -95.532617,35.202283,0.0 -95.511025,35.202371,0.0 -95.507842,35.202657,0.0 -95.4749,35.202715,0.0 -95.47431,35.202827,0.0 -95.472683,35.20297,0.0 -95.45519,35.202681,0.0 -95.455053,35.18962,0.0 -95.455018,35.160381,0.0 -95.453618,35.160376,0.0 -95.452464,35.160513,0.0 -95.393676,35.160182,0.0 -95.393781,35.151301,0.0 -95.393483,35.149434,0.0 -95.390627,35.14294,0.0 -95.386883,35.138381,0.0 -95.385362,35.135639,0.0 -95.383149,35.133574,0.0 -95.378563,35.130892,0.0 -95.376139,35.128712,0.0 -95.373695,35.128293,0.0 -95.372636,35.128014,0.0 -95.371885,35.125556,0.0 -95.37111,35.122635,0.0 -95.360346,35.124581,0.0 -95.358285,35.124736,0.0 -95.349504,35.126037,0.0 -95.349474,35.102912,0.0 -95.349409,35.05852,0.0 -95.348536,35.058467,0.0 -95.323363,35.058244,0.0 -95.2439,35.057847,0.0 -95.20846,35.057784,0.0 -95.178983,35.057728,0.0 -95.059566,35.057658,0.0 -94.927863,35.058246,0.0 -94.927863,35.058212,0.0 -94.927673,35.02058,0.0 -94.92771,35.01479,0.0 -94.927756,35.005219,0.0 -94.923214,35.006557,0.0 -94.917431,35.008518,0.0 -94.906876,35.0127,0.0 -94.90264,35.014957,0.0 -94.896327,35.017791,0.0 -94.886851,35.023185,0.0 -94.879638,35.029257,0.0 -94.857612,35.029119,0.0 -94.848452,35.029175,0.0 -94.848921,35.031291,0.0 -94.848781,35.050165,0.0 -94.845746,35.053556,0.0 -94.846386,35.056652,0.0 -94.844939,35.059655,0.0 -94.843838,35.061014,0.0 -94.843829,35.062471,0.0 -94.841906,35.062081,0.0 -94.840833,35.062488,0.0 -94.839346,35.061035,0.0 -94.831085,35.050846,0.0 -94.824051,35.042936,0.0 -94.822024,35.040107,0.0 -94.820893,35.038536,0.0 -94.818871,35.036835,0.0 -94.810685,35.030652,0.0 -94.807783,35.029439,0.0 -94.802678,35.029065,0.0 -94.795942,35.02936,0.0 -94.78962,35.030764,0.0 -94.785209,35.03207,0.0 -94.781777,35.033744,0.0 -94.765437,35.047775,0.0 -94.75542,35.056403,0.0 -94.752941,35.05719,0.0 -94.74857,35.056324,0.0 -94.742497,35.056634,0.0 -94.738711,35.056051,0.0 -94.734373,35.056034,0.0 -94.734249,35.058283,0.0 -94.734195,35.060364,0.0 -94.738189,35.064582,0.0 -94.737165,35.064886,0.0 -94.73732,35.069767,0.0 -94.73955,35.071553,0.0 -94.740227,35.073124,0.0 -94.739512,35.077161,0.0 -94.741076,35.081203,0.0 -94.744115,35.083022,0.0 -94.747674,35.084449,0.0 -94.751789,35.08565,0.0 -94.752007,35.090753,0.0 -94.751068,35.092114,0.0 -94.747829,35.094642,0.0 -94.748455,35.095968,0.0 -94.746542,35.101849,0.0 -94.743453,35.10181,0.0 -94.743656,35.103169,0.0 -94.739839,35.104703,0.0 -94.740763,35.106629,0.0 -94.743504,35.107926,0.0 -94.744204,35.108993,0.0 -94.746492,35.110151,0.0 -94.749132,35.114428,0.0 -94.752543,35.114524,0.0 -94.75271,35.116273,0.0 -94.770127,35.116242,0.0 -94.770148,35.11843,0.0 -94.771473,35.118809,0.0 -94.775078,35.1187,0.0 -94.777318,35.120003,0.0 -94.778581,35.123075,0.0 -94.780239,35.124839,0.0 -94.780878,35.126801,0.0 -94.782155,35.127556,0.0 -94.783217,35.129779,0.0 -94.781558,35.13073,0.0 -94.770183,35.130798,0.0 -94.770168,35.137118,0.0 -94.769179,35.138489,0.0 -94.769285,35.138818,0.0 -94.770228,35.139758,0.0 -94.77021,35.142552,0.0 -94.771354,35.143657,0.0 -94.769684,35.145522,0.0 -94.769432,35.146704,0.0 -94.771572,35.149971,0.0 -94.771767,35.150945,0.0 -94.767912,35.153363,0.0 -94.772989,35.155579,0.0 -94.770129,35.157113,0.0 -94.770269,35.181527,0.0 -94.772448,35.181528,0.0 -94.772491,35.188707,0.0 -94.770023,35.188715,0.0 -94.770355,35.189386,0.0 -94.770305,35.193899,0.0 -94.769362,35.199051,0.0 -94.76774,35.202248,0.0 -94.761312,35.202339,0.0 -94.761258,35.209577,0.0 -94.761241,35.216805,0.0 -94.796619,35.216901,0.0 -94.796657,35.213241,0.0 -94.801202,35.212723,0.0 -94.805323,35.212725,0.0 -94.808166,35.213361,0.0 -94.812186,35.213611,0.0 -94.814273,35.21477,0.0 -94.814236,35.24572,0.0 -94.814162,35.260388,0.0 -94.813987,35.318613,0.0 -94.813629,35.323344,0.0 -94.817259,35.323867,0.0 -94.820681,35.325889,0.0 -94.823785,35.329388,0.0 -94.825912,35.333399,0.0 -94.82746,35.337412,0.0 -94.829013,35.346798,0.0 -94.829152,35.351428,0.0 -94.828947,35.356117,0.0 -94.82918,35.361915,0.0 -94.831227,35.365549,0.0 -94.834949,35.368368,0.0 -94.837067,35.369451,0.0 -94.842143,35.371086,0.0 -94.845184,35.370785,0.0 -94.849677,35.368574,0.0 -94.85406,35.364117,0.0 -94.859515,35.360019,0.0 -94.862371,35.358274,0.0 -94.865894,35.356599,0.0 -94.872418,35.354526,0.0 -94.876908,35.354134,0.0 -94.884542,35.351927,0.0 -94.886713,35.351585,0.0 -94.895516,35.349189,0.0 -94.90198,35.346709,0.0 -94.904692,35.346422,0.0 -94.911917,35.346651,0.0 -94.914454,35.347525,0.0 -94.918707,35.350414,0.0 -94.919579,35.353317,0.0 -94.919266,35.354141,0.0 -94.915314,35.35865,0.0 -94.913234,35.360349,0.0 -94.908688,35.362891,0.0 -94.902444,35.367187,0.0 -94.894739,35.373088,0.0 -94.893517,35.375148,0.0 -94.892302,35.379676,0.0 -94.8923,35.384345,0.0 -94.893928,35.388099,0.0 -94.896275,35.391773,0.0 -94.899477,35.395605,0.0 -94.901832,35.39794,0.0 -94.904685,35.398838,0.0 -94.908155,35.398381,0.0 -94.911143,35.397183,0.0 -94.917045,35.393763,0.0 -94.920495,35.393104,0.0 -94.925745,35.392845,0.0 -94.928892,35.39342,0.0 -94.934239,35.395509,0.0 -94.938516,35.396595,0.0 -94.940654,35.39826,0.0 -94.944608,35.402457,0.0 -94.945218,35.403089,0.0 -94.946243,35.404538,0.0 -94.948857,35.407266,0.0 -94.951328,35.408334,0.0 -94.955164,35.408689,0.0 -94.959155,35.40827,0.0 -94.965956,35.406716,0.0 -94.971475,35.407099,0.0 -94.974958,35.407962,0.0 -94.978971,35.40826,0.0 -94.986829,35.40838,0.0 -94.991955,35.409497,0.0 -94.996336,35.411147,0.0 -95.000232,35.412025,0.0 -95.004348,35.413471,0.0 -95.00651,35.4146,0.0 -95.011756,35.418423,0.0 -95.014432,35.420995,0.0 -95.019932,35.424995,0.0 -95.021533,35.426795,0.0 -95.023733,35.430295,0.0 -95.024433,35.432395,0.0 -95.024633,35.435195,0.0 -95.024433,35.442195,0.0 -95.023332,35.448495,0.0 -95.023532,35.450795,0.0 -95.024933,35.453095,0.0 -95.027733,35.454795,0.0 -95.032033,35.456295,0.0 -95.035933,35.456995,0.0 -95.043433,35.456995,0.0 -95.046234,35.457495,0.0 -95.049933,35.458894,0.0 -95.061442,35.465095,0.0 -95.062319,35.465095,0.0 -95.065534,35.464795,0.0 -95.071535,35.461695,0.0 -95.073835,35.459995,0.0 -95.077235,35.458796,0.0 -95.080835,35.459096,0.0 -95.084035,35.460396,0.0 -95.086835,35.462496,0.0 -95.088335,35.464796,0.0 -95.089635,35.469396,0.0 -95.091035,35.475896,0.0 -95.092436,35.479696,0.0 -95.096136,35.485696,0.0 -95.09705,35.48661,0.0 -95.097484,35.487044,0.0 -95.100936,35.489395,0.0 -95.103836,35.490495,0.0 -95.107636,35.493095,0.0 -95.114628,35.499329,0.0 -95.115135,35.500296,0.0 -95.120836,35.505696,0.0 -95.124669,35.512023,0.0 -95.125237,35.515996,0.0 -95.126488,35.519056,0.0 -95.126569,35.519231,0.0 -95.127537,35.521296,0.0 -95.132271,35.526055,0.0 -95.132311,35.543821,0.0 -95.13229,35.547764,0.0 -95.132291,35.551808,0.0 -95.131268,35.551721,0.0 -95.12731,35.55182,0.0 -95.127311,35.554289,0.0 -95.127242,35.595845,0.0 -95.127267,35.602446,0.0 -95.127611,35.620236,0.0 -95.127354,35.625096,0.0 -95.127462,35.638624,0.0 -95.127213,35.638788,0.0 -95.127198,35.645571,0.0 -95.12718,35.673104,0.0 -95.131886,35.673172,0.0 -95.133545,35.672561,0.0 -95.136511,35.668105,0.0 -95.137487,35.667708,0.0 -95.162809,35.66779,0.0 -95.162658,35.653283,0.0 -95.17052,35.653211,0.0 -95.171523,35.653807,0.0 -95.174994,35.653293,0.0 -95.187189,35.653294,0.0 -95.193834,35.659275,0.0 -95.193957,35.664644,0.0 -95.193891,35.664804,0.0 -95.193972,35.667895,0.0 -95.202911,35.667781,0.0 -95.203489,35.667761,0.0 -95.216323,35.679277,0.0 -95.219074,35.681707,0.0 -95.224542,35.685252,0.0 -95.226009,35.686908,0.0 -95.226288,35.688825,0.0 -95.22438,35.695511,0.0 -95.224002,35.697895,0.0 -95.224101,35.701823,0.0 -95.221624,35.71054,0.0 -95.22419,35.711037,0.0 -95.228867,35.701809,0.0 -95.238256,35.692126,0.0 -95.25024,35.677916,0.0 -95.25024,35.676467,0.0 -95.276391,35.649728,0.0 -95.276549,35.649377,0.0 -95.279336,35.651108,0.0 -95.27923,35.646889,0.0 -95.279045,35.645959,0.0 -95.287089,35.64601,0.0 -95.287038,35.638874,0.0 -95.301709,35.638901,0.0 -95.3044,35.637567,0.0 -95.304993,35.63892,0.0 -95.334493,35.638971,0.0 -95.340268,35.638963,0.0 -95.358058,35.638961,0.0 -95.358054,35.624312,0.0 -95.358332,35.611454,0.0 -95.358093,35.609818,0.0 -95.358008,35.60918,0.0 -95.358211,35.584312,0.0 -95.360001,35.584318,0.0 -95.360116,35.580731,0.0 -95.357958,35.580735,0.0 -95.357989,35.573662,0.0 -95.358098,35.551807,0.0 -95.349135,35.551764,0.0 -95.344799,35.551751,0.0 -95.344796,35.550393,0.0 -95.344815,35.522245,0.0 -95.344762,35.492321,0.0 -95.344859,35.491403,0.0 -95.344837,35.467919,0.0 -95.349766,35.466027,0.0 -95.353645,35.464229,0.0 -95.380213,35.464288,0.0 -95.380316,35.464289,0.0 -95.433561,35.464337,0.0 -95.45139,35.464377,0.0 -95.486874,35.464226,0.0 -95.504617,35.464181,0.0 -95.504607,35.457654,0.0 -95.504771,35.44967,0.0 -95.54027,35.449503,0.0 -95.540212,35.458634,0.0 -95.543742,35.458722,0.0 -95.544257,35.458365,0.0 -95.54408,35.45873,0.0 -95.549962,35.458703,0.0 -95.557164,35.458343,0.0 -95.557151,35.478461,0.0 -95.592553,35.478458,0.0 -95.605832,35.478479,0.0 -95.607354,35.478933,0.0 -95.609025,35.48014,0.0 -95.634871,35.507531,0.0 -95.639366,35.51259,0.0 -95.644693,35.518596,0.0 -95.645593,35.520396,0.0 -95.64594,35.523405,0.0 -95.646018,35.541609,0.0 -95.646018,35.551717,0.0 -95.646572,35.551717,0.0 -95.651453,35.551714,0.0 -95.653931,35.551713,0.0 -95.712953,35.551738,0.0 -95.73138,35.551734,0.0 -95.799132,35.551731,0.0 -95.800765,35.551727,0.0 -95.822361,35.551693,0.0 -95.822456,35.514519,0.0 -95.822529,35.506328,0.0 -95.822373,35.504559,0.0 -95.822412,35.487697,0.0 -95.82243,35.463776,0.0 -95.822429,35.463685,0.0 -95.875347,35.463623,0.0 -95.875346,35.456173,0.0 -95.875402,35.420213,0.0 -95.875365,35.412782,0.0 -95.875368,35.409511,0.0 -95.875372,35.405674,0.0 -95.875402,35.390441,0.0 -95.875405,35.37669,0.0 -95.893694,35.376678,0.0 -95.942918,35.376764,0.0 -95.944532,35.376844,0.0 -95.945958,35.37677,0.0 -95.960786,35.376807,0.0 -95.981465,35.376788,0.0 -95.981505,35.303396,0.0 -95.981511,35.28978,0.0 -95.98149,35.224327,0.0 -95.9812,35.216065,0.0 -95.981416,35.213866,0.0 -95.981401,35.204789,0.0 -95.981399,35.202853,0.0 -95.98313,35.202744,0.0</coordinates>
</LinearRing>
</outerBoundaryIs>
</Polygon>
</Placemark>
<Placemark id="cb_2023_40_sldl_500k">
<name>&lt;at&gt;&lt;openparen&gt;40016&lt;closeparen&gt;</name>
<visibility>1</visibility>
<description><![CDATA[<center><table><tr><th colspan='2' align='center'><em>Attributes</em></th></tr><tr bgcolor="#E3E3F3">
<th>STATEFP</th>
<td>40</td>
</tr><tr bgcolor="">
<th>SLDLST</th>
<td>016</td>
</tr><tr bgcolor="#E3E3F3">
<th>GEOIDFQ</th>
<td>620L800US40016</td>
</tr><tr bgcolor="">
<th>GEOID</th>
<td>40016</td>
</tr><tr bgcolor="#E3E3F3">
<th>NAME</th>
<td>16</td>
</tr><tr bgcolor="">
<th>NAMELSAD</th>
<td>State House District 16</td>
</tr><tr bgcolor="#E3E3F3">
<th>STUSPS</th>
<td>OK</td>
</tr><tr bgcolor="">
<th>STATE_NAME</th>
<td>Oklahoma</td>
</tr><tr bgcolor="#E3E3F3">
<th>LSAD</th>
<td>LL</td>
</tr><tr bgcolor="">
<th>LSY</th>
<td>2022</td>
</tr><tr bgcolor="#E3E3F3">
<th>ALAND</th>
<td>1753054298</td>
</tr><tr bgcolor="">
<th>AWATER</th>
<td>24702421</td>
</tr></table></center>]]></description>
<LookAt>
<longitude>-102</longitude>
<latitude>38.5</latitude>
<range>7000000</range>
<tilt>10</tilt>
<heading>0</heading>
</LookAt>
<styleUrl>#KMLStyler</styleUrl>
<ExtendedData>
<SchemaData schemaUrl="#kml_schema_ft_cb_2023_40_sldl_500k">
<SimpleData name="STATEFP">40</SimpleData>
<SimpleData name="SLDLST">016</SimpleData>
<SimpleData name="GEOIDFQ">620L800US40016</SimpleData>
<SimpleData name="GEOID">40016</SimpleData>
<SimpleData name="NAME">16</SimpleData>
<SimpleData name="NAMELSAD">State House District 16</SimpleData>
<SimpleData name="STUSPS">OK</SimpleData>
<SimpleData name="STATE_NAME">Oklahoma</SimpleData>
<SimpleData name="LSAD">LL</SimpleData>
<SimpleData name="LSY">2022</SimpleData>
<SimpleData name="ALAND">1753054298</SimpleData>
<SimpleData name="AWATER">24702421</SimpleData>
</SchemaData>
</ExtendedData>
<Polygon>
<extrude>0</extrude>
<tessellate>1</tessellate>
<altitudeMode>clampToGround</altitudeMode>
<outerBoundaryIs>
<LinearRing>
<coordinates>-96.192689,35.558894,0.0 -96.1927,35.551968,0.0 -96.150134,35.551978,0.0 -96.148625,35.552066,0.0 -96.141097,35.552019,0.0 -96.139712,35.55202,0.0 -96.134445,35.552021,0.0 -96.132235,35.552021,0.0 -96.121491,35.552022,0.0 -96.105599,35.552074,0.0 -96.104024,35.552066,0.0 -96.087801,35.552003,0.0 -96.087736,35.520007,0.0 -96.087719,35.463981,0.0 -96.087621,35.434939,0.0 -96.08765,35.420433,0.0 -96.087716,35.418516,0.0 -96.08753,35.376877,0.0 -96.025609,35.376831,0.0 -95.981465,35.376788,0.0 -95.960786,35.376807,0.0 -95.945958,35.37677,0.0 -95.944532,35.376844,0.0 -95.942918,35.376764,0.0 -95.893694,35.376678,0.0 -95.875405,35.37669,0.0 -95.875402,35.390441,0.0 -95.875372,35.405674,0.0 -95.875368,35.409511,0.0 -95.875365,35.412782,0.0 -95.875402,35.420213,0.0 -95.875346,35.456173,0.0 -95.875347,35.463623,0.0 -95.822429,35.463685,0.0 -95.82243,35.463776,0.0 -95.822412,35.487697,0.0 -95.822373,35.504559,0.0 -95.822529,35.506328,0.0 -95.822456,35.514519,0.0 -95.822361,35.551693,0.0 -95.800765,35.551727,0.0 -95.799132,35.551731,0.0 -95.73138,35.551734,0.0 -95.712953,35.551738,0.0 -95.653931,35.551713,0.0 -95.651453,35.551714,0.0 -95.646572,35.551717,0.0 -95.646018,35.551717,0.0 -95.624471,35.55172,0.0 -95.624367,35.602515,0.0 -95.624334,35.638601,0.0 -95.624369,35.638675,0.0 -95.641942,35.638682,0.0 -95.642084,35.645332,0.0 -95.642008,35.645908,0.0 -95.642271,35.647159,0.0 -95.6421,35.647814,0.0 -95.642207,35.682232,0.0 -95.64222,35.696782,0.0 -95.642242,35.720447,0.0 -95.642204,35.725951,0.0 -95.713081,35.725807,0.0 -95.766265,35.72575,0.0 -95.766197,35.748022,0.0 -95.766129,35.812768,0.0 -95.766114,35.856284,0.0 -95.801744,35.856266,0.0 -95.819405,35.856255,0.0 -95.819459,35.856255,0.0 -95.819453,35.868665,0.0 -95.819405,35.87109,0.0 -95.819453,35.877785,0.0 -95.819457,35.884984,0.0 -95.819477,35.900919,0.0 -95.819477,35.900949,0.0 -95.819477,35.901094,0.0 -95.810471,35.90112,0.0 -95.798568,35.901102,0.0 -95.797318,35.901104,0.0 -95.793361,35.901098,0.0 -95.792459,35.901115,0.0 -95.762029,35.901151,0.0 -95.761698,35.909297,0.0 -95.761706,35.912904,0.0 -95.761699,35.915474,0.0 -95.761703,35.918031,0.0 -95.761554,35.933297,0.0 -95.761623,35.973795,0.0 -95.779117,35.97379,0.0 -95.778967,35.9727,0.0 -95.775935,35.971164,0.0 -95.777655,35.969976,0.0 -95.776591,35.96936,0.0 -95.775831,35.966856,0.0 -95.774591,35.965896,0.0 -95.776807,35.965896,0.0 -95.774999,35.96466,0.0 -95.776159,35.96366,0.0 -95.778215,35.963964,0.0 -95.777895,35.961452,0.0 -95.778551,35.959784,0.0 -95.78108,35.958755,0.0 -95.782537,35.959392,0.0 -95.782758,35.959498,0.0 -95.789304,35.96112,0.0 -95.792908,35.962889,0.0 -95.796309,35.963722,0.0 -95.799349,35.963699,0.0 -95.805902,35.962687,0.0 -95.809431,35.961911,0.0 -95.815051,35.962782,0.0 -95.815087,35.966208,0.0 -95.815142,35.973853,0.0 -95.824065,35.973849,0.0 -95.830764,35.973817,0.0 -95.833003,35.973841,0.0 -95.835107,35.97389,0.0 -95.850566,35.973825,0.0 -95.850816,35.973822,0.0 -95.851275,35.973819,0.0 -95.859745,35.973768,0.0 -95.866503,35.9737,0.0 -95.868673,35.973767,0.0 -95.86871,35.969165,0.0 -95.868744,35.951863,0.0 -95.868816,35.948826,0.0 -95.868757,35.944744,0.0 -95.868722,35.932578,0.0 -95.868761,35.931127,0.0 -95.868786,35.930228,0.0 -95.877601,35.930141,0.0 -95.886585,35.930153,0.0 -95.904395,35.930115,0.0 -95.904453,35.915618,0.0 -95.904526,35.901149,0.0 -95.908143,35.901137,0.0 -95.908405,35.871194,0.0 -95.908405,35.870886,0.0 -95.908403,35.870337,0.0 -95.90837,35.856399,0.0 -95.908474,35.827355,0.0 -95.908481,35.812885,0.0 -95.908526,35.769384,0.0 -95.911698,35.769596,0.0 -95.944044,35.769473,0.0 -95.944063,35.761379,0.0 -95.944237,35.760437,0.0 -95.94403,35.759271,0.0 -95.943985,35.740526,0.0 -95.979741,35.740674,0.0 -95.979815,35.740674,0.0 -95.997286,35.740718,0.0 -96.007044,35.74081,0.0 -96.007464,35.740813,0.0 -96.008169,35.740735,0.0 -96.046536,35.740824,0.0 -96.047449,35.740827,0.0 -96.049822,35.740831,0.0 -96.050871,35.740833,0.0 -96.050871,35.742607,0.0 -96.050872,35.74286,0.0 -96.050878,35.748045,0.0 -96.050879,35.755244,0.0 -96.050881,35.755354,0.0 -96.059767,35.755395,0.0 -96.068615,35.755437,0.0 -96.07094,35.755452,0.0 -96.086222,35.755439,0.0 -96.108214,35.755384,0.0 -96.111196,35.755514,0.0 -96.121679,35.755243,0.0 -96.124157,35.755368,0.0 -96.157498,35.755303,0.0 -96.157545,35.74079,0.0 -96.192531,35.740788,0.0 -96.192554,35.726243,0.0 -96.192574,35.700962,0.0 -96.192611,35.700572,0.0 -96.19252,35.678274,0.0 -96.192628,35.677699,0.0 -96.192563,35.639087,0.0 -96.192689,35.558894,0.0</coordinates>
</LinearRing>
</outerBoundaryIs>
</Polygon>
</Placemark>
<Placemark id="cb_2023_40_sldl_500k">
<name>&lt;at&gt;&lt;openparen&gt;40017&lt;closeparen&gt;</name>
<visibility>1</visibility>
<description><![CDATA[<center><table><tr><th colspan='2' align='center'><em>Attributes</em></th></tr><tr bgcolor="#E3E3F3">
<th>STATEFP</th>
<td>40</td>
</tr><tr bgcolor="">
<th>SLDLST</th>
<td>017</td>
</tr><tr bgcolor="#E3E3F3">
<th>GEOIDFQ</th>
<td>620L800US40017</td>
</tr><tr bgcolor="">
<th>GEOID</th>
<td>40017</td>
</tr><tr bgcolor="#E3E3F3">
<th>NAME</th>
<td>17</td>
</tr><tr bgcolor="">
<th>NAMELSAD</th>
<td>State House District 17</td>
</tr><tr bgcolor="#E3E3F3">
<th>STUSPS</th>
<td>OK</td>
</tr><tr bgcolor="">
<th>STATE_NAME</th>
<td>Oklahoma</td>
</tr><tr bgcolor="#E3E3F3">
<th>LSAD</th>
<td>LL</td>
</tr><tr bgcolor="">
<th>LSY</th>
<td>2022</td>
</tr><tr bgcolor="#E3E3F3">
<th>ALAND</th>
<td>3921590175</td>
</tr><tr bgcolor="">
<th>AWATER</th>
<td>164752115</td>
</tr></table></center>]]></description>
<LookAt>
<longitude>-102</longitude>
<latitude>38.5</latitude>
<range>7000000</range>
<tilt>10</tilt>
<heading>0</heading>
</LookAt>
<styleUrl>#KMLStyler</styleUrl>
<ExtendedData>
<SchemaData schemaUrl="#kml_schema_ft_cb_2023_40_sldl_500k">
<SimpleData name="STATEFP">40</SimpleData>
<SimpleData name="SLDLST">017</SimpleData>
<SimpleData name="GEOIDFQ">620L800US40017</SimpleData>
<SimpleData name="GEOID">40017</SimpleData>
<SimpleData name="NAME">17</SimpleData>
<SimpleData name="NAMELSAD">State House District 17</SimpleData>
<SimpleData name="STUSPS">OK</SimpleData>
<SimpleData name="STATE_NAME">Oklahoma</SimpleData>
<SimpleData name="LSAD">LL</SimpleData>
<SimpleData name="LSY">2022</SimpleData>
<SimpleData name="ALAND">3921590175</SimpleData>
<SimpleData name="AWATER">164752115</SimpleData>
</SchemaData>
</ExtendedData>
<Polygon>
<extrude>0</extrude>
<tessellate>1</tessellate>
<altitudeMode>clampToGround</altitudeMode>
<outerBoundaryIs>
<LinearRing>
<coordinates>-95.913844,34.689937,0.0 -95.92965,34.680544,0.0 -95.901754,34.680551,0.0 -95.882198,34.680475,0.0 -95.88212,34.651618,0.0 -95.882057,34.622354,0.0 -95.881987,34.593528,0.0 -95.829033,34.593622,0.0 -95.806648,34.593658,0.0 -95.753119,34.593701,0.0 -95.697914,34.593698,0.0 -95.689539,34.593722,0.0 -95.67181,34.593732,0.0 -95.670879,34.593851,0.0 -95.570479,34.594133,0.0 -95.567156,34.594067,0.0 -95.56652,34.594159,0.0 -95.514511,34.594153,0.0 -95.51448,34.625,0.0 -95.514494,34.637446,0.0 -95.514481,34.666527,0.0 -95.514475,34.680718,0.0 -95.444805,34.680833,0.0 -95.315164,34.680926,0.0 -95.314067,34.680981,0.0 -95.305658,34.680924,0.0 -95.30466,34.680861,0.0 -95.2001,34.680537,0.0 -95.182083,34.680542,0.0 -95.132088,34.680585,0.0 -95.101397,34.680656,0.0 -95.099692,34.680776,0.0 -95.059616,34.680736,0.0 -95.059732,34.695561,0.0 -95.059958,34.738926,0.0 -95.059957,34.753208,0.0 -95.059957,34.753632,0.0 -95.059957,34.753929,0.0 -95.059929,34.767829,0.0 -95.059828,34.796459,0.0 -95.059654,34.835179,0.0 -95.059512,34.855019,0.0 -94.997832,34.854915,0.0 -94.99783,34.859395,0.0 -94.997563,34.863046,0.0 -94.997843,34.865614,0.0 -94.99786,34.876395,0.0 -94.997957,34.925776,0.0 -94.997961,34.930762,0.0 -94.998125,34.941964,0.0 -94.980329,34.941965,0.0 -94.945132,34.942016,0.0 -94.936324,34.942023,0.0 -94.927664,34.942025,0.0 -94.927673,34.970923,0.0 -94.927678,34.973187,0.0 -94.927756,35.005219,0.0 -94.92771,35.01479,0.0 -94.927673,35.02058,0.0 -94.927863,35.058212,0.0 -94.927863,35.058246,0.0 -95.059566,35.057658,0.0 -95.178983,35.057728,0.0 -95.20846,35.057784,0.0 -95.2439,35.057847,0.0 -95.323363,35.058244,0.0 -95.348536,35.058467,0.0 -95.349409,35.05852,0.0 -95.349474,35.102912,0.0 -95.349504,35.126037,0.0 -95.358285,35.124736,0.0 -95.360346,35.124581,0.0 -95.37111,35.122635,0.0 -95.371885,35.125556,0.0 -95.372636,35.128014,0.0 -95.373695,35.128293,0.0 -95.376139,35.128712,0.0 -95.378563,35.130892,0.0 -95.383149,35.133574,0.0 -95.385362,35.135639,0.0 -95.386883,35.138381,0.0 -95.390627,35.14294,0.0 -95.393483,35.149434,0.0 -95.393781,35.151301,0.0 -95.393676,35.160182,0.0 -95.452464,35.160513,0.0 -95.453618,35.160376,0.0 -95.455018,35.160381,0.0 -95.455053,35.18962,0.0 -95.45519,35.202681,0.0 -95.472683,35.20297,0.0 -95.47431,35.202827,0.0 -95.4749,35.202715,0.0 -95.507842,35.202657,0.0 -95.511025,35.202371,0.0 -95.532617,35.202283,0.0 -95.535322,35.201596,0.0 -95.540174,35.201918,0.0 -95.541612,35.202254,0.0 -95.541596,35.201323,0.0 -95.543158,35.200934,0.0 -95.545946,35.2013,0.0 -95.547615,35.202214,0.0 -95.574333,35.202022,0.0 -95.570226,35.203849,0.0 -95.568169,35.206584,0.0 -95.568692,35.208992,0.0 -95.571371,35.210217,0.0 -95.575101,35.210276,0.0 -95.575004,35.217533,0.0 -95.55721,35.217402,0.0 -95.55717,35.221074,0.0 -95.561636,35.221106,0.0 -95.561645,35.22475,0.0 -95.566122,35.224797,0.0 -95.5661,35.226586,0.0 -95.568332,35.226603,0.0 -95.568331,35.229287,0.0 -95.580786,35.223785,0.0 -95.584307,35.222381,0.0 -95.59492,35.218873,0.0 -95.605036,35.215627,0.0 -95.60591,35.215489,0.0 -95.607504,35.2155,0.0 -95.611009,35.21645,0.0 -95.608848,35.21958,0.0 -95.608136,35.220404,0.0 -95.612864,35.221098,0.0 -95.616864,35.221398,0.0 -95.619464,35.222198,0.0 -95.622464,35.224698,0.0 -95.622964,35.227598,0.0 -95.622664,35.228398,0.0 -95.619864,35.230398,0.0 -95.611764,35.233698,0.0 -95.606763,35.235098,0.0 -95.604563,35.236998,0.0 -95.603463,35.239398,0.0 -95.603663,35.242998,0.0 -95.606063,35.247098,0.0 -95.609163,35.249298,0.0 -95.610264,35.249698,0.0 -95.615664,35.249698,0.0 -95.624264,35.247998,0.0 -95.628064,35.246798,0.0 -95.634965,35.241698,0.0 -95.635867,35.241318,0.0 -95.643265,35.238198,0.0 -95.657466,35.231398,0.0 -95.665066,35.228898,0.0 -95.672066,35.227298,0.0 -95.676867,35.224798,0.0 -95.680967,35.220998,0.0 -95.682767,35.216398,0.0 -95.682332,35.215012,0.0 -95.680489,35.212339,0.0 -95.679101,35.211281,0.0 -95.675274,35.210162,0.0 -95.674189,35.20891,0.0 -95.677461,35.206721,0.0 -95.679107,35.203869,0.0 -95.67998,35.203459,0.0 -95.686824,35.204993,0.0 -95.691205,35.204668,0.0 -95.697168,35.202998,0.0 -95.703768,35.202398,0.0 -95.707153,35.202301,0.0 -95.708263,35.201819,0.0 -95.709825,35.200466,0.0 -95.712382,35.19713,0.0 -95.71478,35.19131,0.0 -95.716157,35.189352,0.0 -95.71896,35.188847,0.0 -95.722143,35.189455,0.0 -95.727534,35.191293,0.0 -95.727788,35.191379,0.0 -95.729767,35.192045,0.0 -95.735171,35.192815,0.0 -95.739993,35.192805,0.0 -95.743894,35.191882,0.0 -95.745818,35.190472,0.0 -95.748019,35.187716,0.0 -95.749568,35.183709,0.0 -95.751871,35.180968,0.0 -95.75597,35.177198,0.0 -95.75797,35.176698,0.0 -95.76397,35.177098,0.0 -95.76707,35.178098,0.0 -95.768471,35.178998,0.0 -95.770525,35.181766,0.0 -95.772171,35.183698,0.0 -95.777071,35.188698,0.0 -95.779471,35.190798,0.0 -95.781971,35.193498,0.0 -95.784771,35.195298,0.0 -95.787571,35.196398,0.0 -95.793271,35.197298,0.0 -95.797572,35.197098,0.0 -95.804172,35.196298,0.0 -95.808372,35.195398,0.0 -95.813272,35.193497,0.0 -95.816872,35.191197,0.0 -95.824272,35.187497,0.0 -95.828272,35.186197,0.0 -95.838873,35.184297,0.0 -95.839673,35.184397,0.0 -95.844573,35.187197,0.0 -95.847773,35.188397,0.0 -95.849473,35.188297,0.0 -95.856773,35.186597,0.0 -95.862574,35.186797,0.0 -95.866674,35.187297,0.0 -95.869174,35.186897,0.0 -95.870663,35.185986,0.0 -95.874511,35.180272,0.0 -95.876374,35.176897,0.0 -95.883574,35.162597,0.0 -95.885274,35.159696,0.0 -95.888374,35.155696,0.0 -95.892174,35.152096,0.0 -95.896541,35.149048,0.0 -95.889066,35.141617,0.0 -95.886104,35.141592,0.0 -95.885586,35.141383,0.0 -95.884777,35.144727,0.0 -95.884173,35.145138,0.0 -95.8516,35.145156,0.0 -95.850263,35.144488,0.0 -95.84829,35.145163,0.0 -95.771966,35.145102,0.0 -95.771814,35.142347,0.0 -95.771824,35.131033,0.0 -95.771743,35.112595,0.0 -95.771118,35.10575,0.0 -95.7717,35.098342,0.0 -95.771826,35.074123,0.0 -95.771678,35.071273,0.0 -95.770917,35.068692,0.0 -95.769125,35.065744,0.0 -95.768733,35.063802,0.0 -95.769356,35.062207,0.0 -95.771338,35.060006,0.0 -95.771741,35.058965,0.0 -95.771829,35.05847,0.0 -95.771901,35.037234,0.0 -95.77234,35.035418,0.0 -95.774218,35.0315,0.0 -95.77485,35.027948,0.0 -95.774089,35.024193,0.0 -95.77104,35.013573,0.0 -95.769832,35.010173,0.0 -95.768217,35.007766,0.0 -95.765103,35.004967,0.0 -95.759008,35.001231,0.0 -95.754826,35.000135,0.0 -95.74306,35.000084,0.0 -95.740876,34.998752,0.0 -95.74455,34.996405,0.0 -95.754906,34.97997,0.0 -95.756008,34.9783,0.0 -95.758366,34.974149,0.0 -95.758593,34.971071,0.0 -95.758496,34.963781,0.0 -95.759511,34.958921,0.0 -95.761296,34.955231,0.0 -95.76215,34.953512,0.0 -95.762514,34.952473,0.0 -95.761296,34.952459,0.0 -95.761391,34.947073,0.0 -95.762874,34.943278,0.0 -95.766557,34.933759,0.0 -95.769959,34.925157,0.0 -95.77028,34.92356,0.0 -95.771294,34.923758,0.0 -95.772397,34.91666,0.0 -95.77353,34.909363,0.0 -95.774106,34.905883,0.0 -95.776155,34.899927,0.0 -95.776674,34.898602,0.0 -95.778841,34.894926,0.0 -95.779352,34.894275,0.0 -95.783142,34.890635,0.0 -95.786331,34.887513,0.0 -95.789396,34.885031,0.0 -95.789267,34.884867,0.0 -95.790756,34.883801,0.0 -95.808599,34.866798,0.0 -95.813271,34.862425,0.0 -95.815075,34.864627,0.0 -95.816232,34.863804,0.0 -95.825062,34.85483,0.0 -95.827033,34.852814,0.0 -95.83909,34.837203,0.0 -95.841142,34.834625,0.0 -95.841629,34.834448,0.0 -95.847687,34.834409,0.0 -95.847714,34.831207,0.0 -95.847167,34.831233,0.0 -95.84915,34.828243,0.0 -95.849073,34.823277,0.0 -95.849892,34.822665,0.0 -95.850622,34.822062,0.0 -95.857077,34.814145,0.0 -95.876846,34.78976,0.0 -95.877475,34.788914,0.0 -95.881738,34.782053,0.0 -95.881974,34.781608,0.0 -95.89339,34.753104,0.0 -95.898859,34.738627,0.0 -95.899774,34.738627,0.0 -95.902428,34.731438,0.0 -95.908474,34.731455,0.0 -95.908443,34.72781,0.0 -95.912882,34.72785,0.0 -95.912828,34.724533,0.0 -95.915137,34.724444,0.0 -95.915141,34.72149,0.0 -95.910899,34.721496,0.0 -95.910619,34.717048,0.0 -95.908517,34.717019,0.0 -95.908508,34.71314,0.0 -95.904192,34.713164,0.0 -95.904132,34.709776,0.0 -95.911238,34.692998,0.0 -95.912428,34.691222,0.0 -95.913844,34.689937,0.0</coordinates>
</LinearRing>
</outerBoundaryIs>
</Polygon>
</Placemark>
<Placemark id="cb_2023_40_sldl_500k">
<name>&lt;at&gt;&lt;openparen&gt;40018&lt;closeparen&gt;</name>
<visibility>1</visibility>
<description><![CDATA[<center><table><tr><th colspan='2' align='center'><em>Attributes</em></th></tr><tr bgcolor="#E3E3F3">
<th>STATEFP</th>
<td>40</td>
</tr><tr bgcolor="">
<th>SLDLST</th>
<td>018</td>
</tr><tr bgcolor="#E3E3F3">
<th>GEOIDFQ</th>
<td>620L800US40018</td>
</tr><tr bgcolor="">
<th>GEOID</th>
<td>40018</td>
</tr><tr bgcolor="#E3E3F3">
<th>NAME</th>
<td>18</td>
</tr><tr bgcolor="">
<th>NAMELSAD</th>
<td>State House District 18</td>
</tr><tr bgcolor="#E3E3F3">
<th>STUSPS</th>
<td>OK</td>
</tr><tr bgcolor="">
<th>STATE_NAME</th>
<td>Oklahoma</td>
</tr><tr bgcolor="#E3E3F3">
<th>LSAD</th>
<td>LL</td>
</tr><tr bgcolor="">
<th>LSY</th>
<td>2022</td>
</tr><tr bgcolor="#E3E3F3">
<th>ALAND</th>
<td>5882076556</td>
</tr><tr bgcolor="">
<th>AWATER</th>
<td>76866292</td>
</tr></table></center>]]></description>
<LookAt>
<longitude>-102</longitude>
<latitude>38.5</latitude>
<range>7000000</range>
<tilt>10</tilt>
<heading>0</heading>
</LookAt>
<styleUrl>#KMLStyler</styleUrl>
<ExtendedData>
<SchemaData schemaUrl="#kml_schema_ft_cb_2023_40_sldl_500k">
<SimpleData name="STATEFP">40</SimpleData>
<SimpleData name="SLDLST">018</SimpleData>
<SimpleData name="GEOIDFQ">620L800US40018</SimpleData>
<SimpleData name="GEOID">40018</SimpleData>
<SimpleData name="NAME">18</SimpleData>
<SimpleData name="NAMELSAD">State House District 18</SimpleData>
<SimpleData name="STUSPS">OK</SimpleData>
<SimpleData name="STATE_NAME">Oklahoma</SimpleData>
<SimpleData name="LSAD">LL</SimpleData>
<SimpleData name="LSY">2022</SimpleData>
<SimpleData name="ALAND">5882076556</SimpleData>
<SimpleData name="AWATER">76866292</SimpleData>
</SchemaData>
</ExtendedData>
<Polygon>
<extrude>0</extrude>
<tessellate>1</tessellate>
<altitudeMode>clampToGround</altitudeMode>
<outerBoundaryIs>
<LinearRing>
<coordinates>-96.624681,35.462707,0.0 -96.624289,35.404669,0.0 -96.623717,35.401889,0.0 -96.623699,35.400722,0.0 -96.622639,35.400256,0.0 -96.621297,35.398089,0.0 -96.617305,35.395825,0.0 -96.616029,35.395698,0.0 -96.613776,35.396816,0.0 -96.612608,35.396574,0.0 -96.611392,35.394227,0.0 -96.610198,35.394258,0.0 -96.606764,35.395876,0.0 -96.606372,35.397978,0.0 -96.606708,35.399368,0.0 -96.604829,35.399381,0.0 -96.599717,35.396955,0.0 -96.597282,35.398835,0.0 -96.596254,35.400204,0.0 -96.595,35.403153,0.0 -96.594004,35.404278,0.0 -96.591698,35.408784,0.0 -96.589102,35.411575,0.0 -96.585654,35.411474,0.0 -96.581367,35.409527,0.0 -96.578682,35.407178,0.0 -96.57745,35.404787,0.0 -96.577325,35.402658,0.0 -96.576671,35.401934,0.0 -96.574218,35.40194,0.0 -96.569848,35.40108,0.0 -96.566948,35.399383,0.0 -96.565418,35.399367,0.0 -96.561114,35.400187,0.0 -96.556862,35.402401,0.0 -96.555566,35.402437,0.0 -96.554935,35.401692,0.0 -96.55651,35.399021,0.0 -96.55673,35.394974,0.0 -96.554396,35.39366,0.0 -96.550001,35.392178,0.0 -96.546585,35.392608,0.0 -96.541906,35.39256,0.0 -96.539402,35.391827,0.0 -96.538291,35.390932,0.0 -96.536718,35.390772,0.0 -96.535146,35.391371,0.0 -96.535096,35.391455,0.0 -96.534393,35.393893,0.0 -96.534576,35.394978,0.0 -96.533768,35.397152,0.0 -96.5317,35.399812,0.0 -96.531879,35.400906,0.0 -96.534551,35.402708,0.0 -96.537415,35.403535,0.0 -96.538133,35.405235,0.0 -96.536919,35.409689,0.0 -96.537163,35.41094,0.0 -96.54051,35.412041,0.0 -96.544049,35.411842,0.0 -96.546913,35.412963,0.0 -96.549996,35.414942,0.0 -96.550009,35.415739,0.0 -96.548104,35.417534,0.0 -96.547775,35.418546,0.0 -96.549188,35.4196,0.0 -96.551099,35.420131,0.0 -96.551714,35.422251,0.0 -96.552633,35.422987,0.0 -96.554804,35.422835,0.0 -96.555618,35.422001,0.0 -96.555485,35.41984,0.0 -96.556844,35.418816,0.0 -96.560102,35.421559,0.0 -96.56082,35.422691,0.0 -96.560671,35.424427,0.0 -96.559065,35.429198,0.0 -96.556313,35.43262,0.0 -96.555722,35.434566,0.0 -96.564634,35.436057,0.0 -96.568476,35.438165,0.0 -96.569602,35.439564,0.0 -96.569126,35.44168,0.0 -96.568159,35.442218,0.0 -96.565367,35.442267,0.0 -96.563054,35.443276,0.0 -96.562339,35.444178,0.0 -96.561234,35.447466,0.0 -96.560295,35.448753,0.0 -96.558695,35.448915,0.0 -96.556485,35.447356,0.0 -96.554093,35.447831,0.0 -96.553286,35.449907,0.0 -96.554661,35.45345,0.0 -96.553641,35.454309,0.0 -96.548918,35.453543,0.0 -96.54564,35.452677,0.0 -96.544469,35.452733,0.0 -96.543684,35.454141,0.0 -96.54612,35.456419,0.0 -96.546184,35.457474,0.0 -96.544121,35.457827,0.0 -96.543213,35.457323,0.0 -96.540327,35.45339,0.0 -96.539282,35.449769,0.0 -96.536492,35.447165,0.0 -96.53461,35.446867,0.0 -96.532335,35.446371,0.0 -96.529665,35.444458,0.0 -96.52548,35.441137,0.0 -96.521552,35.438493,0.0 -96.519714,35.435809,0.0 -96.520412,35.4326,0.0 -96.518633,35.431205,0.0 -96.511413,35.429642,0.0 -96.505701,35.430001,0.0 -96.501573,35.428723,0.0 -96.496594,35.428896,0.0 -96.491756,35.430425,0.0 -96.49012,35.430944,0.0 -96.487522,35.432521,0.0 -96.484402,35.436548,0.0 -96.483016,35.439842,0.0 -96.48306,35.44249,0.0 -96.484285,35.44453,0.0 -96.487965,35.445829,0.0 -96.488281,35.448229,0.0 -96.487735,35.449159,0.0 -96.485502,35.450775,0.0 -96.484193,35.451197,0.0 -96.481062,35.453883,0.0 -96.476734,35.458874,0.0 -96.476692,35.460907,0.0 -96.475754,35.463421,0.0 -96.473097,35.463958,0.0 -96.471513,35.462988,0.0 -96.470414,35.46058,0.0 -96.4693,35.459567,0.0 -96.465588,35.45811,0.0 -96.463825,35.458727,0.0 -96.462239,35.460914,0.0 -96.459052,35.46151,0.0 -96.45651,35.461263,0.0 -96.454562,35.460149,0.0 -96.45399,35.458813,0.0 -96.452554,35.458209,0.0 -96.449236,35.45943,0.0 -96.446202,35.458444,0.0 -96.443483,35.461144,0.0 -96.442219,35.46556,0.0 -96.44129,35.467712,0.0 -96.441216,35.435425,0.0 -96.44115,35.43494,0.0 -96.441248,35.39182,0.0 -96.441275,35.348138,0.0 -96.441277,35.333715,0.0 -96.441382,35.311731,0.0 -96.441368,35.290122,0.0 -96.441339,35.2319,0.0 -96.441252,35.202885,0.0 -96.441192,35.173922,0.0 -96.441228,35.159282,0.0 -96.441277,35.135308,0.0 -96.441305,35.115771,0.0 -96.472242,35.115794,0.0 -96.490434,35.115857,0.0 -96.490468,35.094062,0.0 -96.490477,35.086814,0.0 -96.490495,35.07233,0.0 -96.490521,35.061405,0.0 -96.490529,35.057734,0.0 -96.490535,35.049896,0.0 -96.490577,35.021293,0.0 -96.490653,34.966094,0.0 -96.490786,34.910585,0.0 -96.486483,34.912986,0.0 -96.478095,34.916352,0.0 -96.475939,34.916375,0.0 -96.465716,34.915223,0.0 -96.463893,34.915898,0.0 -96.46108,34.915636,0.0 -96.460367,34.916499,0.0 -96.45663,34.915262,0.0 -96.452101,34.91212,0.0 -96.449677,34.910678,0.0 -96.444865,34.909086,0.0 -96.444728,34.907632,0.0 -96.442593,34.906398,0.0 -96.437214,34.904774,0.0 -96.437203,34.903049,0.0 -96.435587,34.90228,0.0 -96.431551,34.90258,0.0 -96.431013,34.903468,0.0 -96.426871,34.903128,0.0 -96.424701,34.903687,0.0 -96.420933,34.907441,0.0 -96.418412,34.907851,0.0 -96.417475,34.909652,0.0 -96.417798,34.911726,0.0 -96.413781,34.915619,0.0 -96.413669,34.916382,0.0 -96.410689,34.92214,0.0 -96.410831,34.923692,0.0 -96.409285,34.925081,0.0 -96.40976,34.926093,0.0 -96.409568,34.92945,0.0 -96.406135,34.934191,0.0 -96.406163,34.900446,0.0 -96.406255,34.898868,0.0 -96.406171,34.898103,0.0 -96.406167,34.883603,0.0 -96.406168,34.879995,0.0 -96.406189,34.877936,0.0 -96.406212,34.876404,0.0 -96.406203,34.872721,0.0 -96.406184,34.869116,0.0 -96.40619,34.852958,0.0 -96.406256,34.852424,0.0 -96.406483,34.767328,0.0 -96.406522,34.747443,0.0 -96.406515,34.745524,0.0 -96.406489,34.737995,0.0 -96.406501,34.695904,0.0 -96.406229,34.694665,0.0 -96.40645,34.684263,0.0 -96.406357,34.680023,0.0 -96.425625,34.680045,0.0 -96.427559,34.680204,0.0 -96.452769,34.680077,0.0 -96.512171,34.680065,0.0 -96.512183,34.642321,0.0 -96.512165,34.610586,0.0 -96.512087,34.592825,0.0 -96.512133,34.545333,0.0 -96.512208,34.544942,0.0 -96.512057,34.540132,0.0 -96.512085,34.512686,0.0 -96.512099,34.505562,0.0 -96.513787,34.505396,0.0 -96.513773,34.463188,0.0 -96.465946,34.463246,0.0 -96.462416,34.463122,0.0 -96.46239,34.463211,0.0 -96.453997,34.463237,0.0 -96.453371,34.463085,0.0 -96.453371,34.462312,0.0 -96.452606,34.462047,0.0 -96.409828,34.461982,0.0 -96.409226,34.4634,0.0 -96.409974,34.464226,0.0 -96.410194,34.467042,0.0 -96.407986,34.473027,0.0 -96.408356,34.476421,0.0 -96.406943,34.476425,0.0 -96.364094,34.47653,0.0 -96.363731,34.472848,0.0 -96.350631,34.473242,0.0 -96.350367,34.475111,0.0 -96.346942,34.477363,0.0 -96.344783,34.478173,0.0 -96.339661,34.478143,0.0 -96.337105,34.476423,0.0 -96.311151,34.476412,0.0 -96.311169,34.49727,0.0 -96.310047,34.498156,0.0 -96.303222,34.498156,0.0 -96.302393,34.498545,0.0 -96.302388,34.505809,0.0 -96.294085,34.509824,0.0 -96.262867,34.530087,0.0 -96.262093,34.530503,0.0 -96.256117,34.531602,0.0 -96.245106,34.534914,0.0 -96.249422,34.534893,0.0 -96.24932,34.539514,0.0 -96.248712,34.543445,0.0 -96.247122,34.542109,0.0 -96.245505,34.542727,0.0 -96.245738,34.541361,0.0 -96.242402,34.541481,0.0 -96.241607,34.542616,0.0 -96.240567,34.542393,0.0 -96.239413,34.543598,0.0 -96.2383,34.543441,0.0 -96.237243,34.544568,0.0 -96.234821,34.545175,0.0 -96.233337,34.544344,0.0 -96.231017,34.54408,0.0 -96.228146,34.545441,0.0 -96.226104,34.545917,0.0 -96.226764,34.547087,0.0 -96.22571,34.547039,0.0 -96.225254,34.548193,0.0 -96.223642,34.546533,0.0 -96.222104,34.548597,0.0 -96.220416,34.54854,0.0 -96.21871,34.547725,0.0 -96.214307,34.548102,0.0 -96.214318,34.55497,0.0 -96.214372,34.592807,0.0 -96.214371,34.592929,0.0 -96.196854,34.592949,0.0 -96.18332,34.592999,0.0 -96.179962,34.595162,0.0 -96.179431,34.606655,0.0 -96.176302,34.606247,0.0 -96.174595,34.604266,0.0 -96.170186,34.603894,0.0 -96.169903,34.601228,0.0 -96.169249,34.599678,0.0 -96.166821,34.599357,0.0 -96.165385,34.601099,0.0 -96.163384,34.601396,0.0 -96.162299,34.602637,0.0 -96.163968,34.60325,0.0 -96.164255,34.604315,0.0 -96.163247,34.604975,0.0 -96.162303,34.604024,0.0 -96.16157,34.605117,0.0 -96.159994,34.604956,0.0 -96.161091,34.607176,0.0 -96.104791,34.607498,0.0 -96.103914,34.607573,0.0 -96.092112,34.60754,0.0 -96.092238,34.61312,0.0 -96.09209,34.614027,0.0 -96.092106,34.668001,0.0 -96.091885,34.673085,0.0 -96.09211,34.675017,0.0 -96.092043,34.680556,0.0 -96.088517,34.680378,0.0 -96.039627,34.680464,0.0 -95.92965,34.680544,0.0 -95.913844,34.689937,0.0 -95.912428,34.691222,0.0 -95.911238,34.692998,0.0 -95.904132,34.709776,0.0 -95.904192,34.713164,0.0 -95.908508,34.71314,0.0 -95.908517,34.717019,0.0 -95.910619,34.717048,0.0 -95.910899,34.721496,0.0 -95.915141,34.72149,0.0 -95.915137,34.724444,0.0 -95.912828,34.724533,0.0 -95.912882,34.72785,0.0 -95.908443,34.72781,0.0 -95.908474,34.731455,0.0 -95.902428,34.731438,0.0 -95.899774,34.738627,0.0 -95.898859,34.738627,0.0 -95.89339,34.753104,0.0 -95.881974,34.781608,0.0 -95.881738,34.782053,0.0 -95.877475,34.788914,0.0 -95.876846,34.78976,0.0 -95.857077,34.814145,0.0 -95.850622,34.822062,0.0 -95.849892,34.822665,0.0 -95.849073,34.823277,0.0 -95.84915,34.828243,0.0 -95.847167,34.831233,0.0 -95.847714,34.831207,0.0 -95.847687,34.834409,0.0 -95.841629,34.834448,0.0 -95.841142,34.834625,0.0 -95.83909,34.837203,0.0 -95.827033,34.852814,0.0 -95.825062,34.85483,0.0 -95.816232,34.863804,0.0 -95.815075,34.864627,0.0 -95.813271,34.862425,0.0 -95.808599,34.866798,0.0 -95.790756,34.883801,0.0 -95.789267,34.884867,0.0 -95.789396,34.885031,0.0 -95.786331,34.887513,0.0 -95.783142,34.890635,0.0 -95.779352,34.894275,0.0 -95.778841,34.894926,0.0 -95.776674,34.898602,0.0 -95.776155,34.899927,0.0 -95.774106,34.905883,0.0 -95.77353,34.909363,0.0 -95.772397,34.91666,0.0 -95.771294,34.923758,0.0 -95.77028,34.92356,0.0 -95.769959,34.925157,0.0 -95.766557,34.933759,0.0 -95.762874,34.943278,0.0 -95.761391,34.947073,0.0 -95.761296,34.952459,0.0 -95.762514,34.952473,0.0 -95.76215,34.953512,0.0 -95.761296,34.955231,0.0 -95.759511,34.958921,0.0 -95.758496,34.963781,0.0 -95.758593,34.971071,0.0 -95.758366,34.974149,0.0 -95.756008,34.9783,0.0 -95.754906,34.97997,0.0 -95.74455,34.996405,0.0 -95.740876,34.998752,0.0 -95.74306,35.000084,0.0 -95.754826,35.000135,0.0 -95.759008,35.001231,0.0 -95.765103,35.004967,0.0 -95.768217,35.007766,0.0 -95.769832,35.010173,0.0 -95.77104,35.013573,0.0 -95.774089,35.024193,0.0 -95.77485,35.027948,0.0 -95.774218,35.0315,0.0 -95.77234,35.035418,0.0 -95.771901,35.037234,0.0 -95.771829,35.05847,0.0 -95.771741,35.058965,0.0 -95.771338,35.060006,0.0 -95.769356,35.062207,0.0 -95.768733,35.063802,0.0 -95.769125,35.065744,0.0 -95.770917,35.068692,0.0 -95.771678,35.071273,0.0 -95.771826,35.074123,0.0 -95.7717,35.098342,0.0 -95.771118,35.10575,0.0 -95.771743,35.112595,0.0 -95.771824,35.131033,0.0 -95.771814,35.142347,0.0 -95.771966,35.145102,0.0 -95.84829,35.145163,0.0 -95.850263,35.144488,0.0 -95.8516,35.145156,0.0 -95.884173,35.145138,0.0 -95.884777,35.144727,0.0 -95.885586,35.141383,0.0 -95.886104,35.141592,0.0 -95.889066,35.141617,0.0 -95.896541,35.149048,0.0 -95.899975,35.146896,0.0 -95.900658,35.146551,0.0 -95.905867,35.143987,0.0 -95.907966,35.143494,0.0 -95.917786,35.142501,0.0 -95.925578,35.142896,0.0 -95.928458,35.143594,0.0 -95.937876,35.146996,0.0 -95.942576,35.148396,0.0 -95.946576,35.149996,0.0 -95.952776,35.151396,0.0 -95.957376,35.151696,0.0 -95.959377,35.152096,0.0 -95.965551,35.152496,0.0 -95.971777,35.152496,0.0 -95.983077,35.151695,0.0 -95.983105,35.188946,0.0 -95.98313,35.202744,0.0 -95.981399,35.202853,0.0 -95.981401,35.204789,0.0 -95.981416,35.213866,0.0 -95.9812,35.216065,0.0 -95.98149,35.224327,0.0 -95.981511,35.28978,0.0 -95.981505,35.303396,0.0 -95.981465,35.376788,0.0 -96.025609,35.376831,0.0 -96.08753,35.376877,0.0 -96.087716,35.418516,0.0 -96.08765,35.420433,0.0 -96.087621,35.434939,0.0 -96.087719,35.463981,0.0 -96.087736,35.520007,0.0 -96.087801,35.552003,0.0 -96.104024,35.552066,0.0 -96.105599,35.552074,0.0 -96.121491,35.552022,0.0 -96.132235,35.552021,0.0 -96.134445,35.552021,0.0 -96.139712,35.55202,0.0 -96.141097,35.552019,0.0 -96.148625,35.552066,0.0 -96.150134,35.551978,0.0 -96.1927,35.551968,0.0 -96.192689,35.558894,0.0 -96.192563,35.639087,0.0 -96.280629,35.638898,0.0 -96.281488,35.638818,0.0 -96.38697,35.63911,0.0 -96.387625,35.639291,0.0 -96.389568,35.639312,0.0 -96.394361,35.639126,0.0 -96.419152,35.639306,0.0 -96.432448,35.639286,0.0 -96.433507,35.639124,0.0 -96.436758,35.63912,0.0 -96.467928,35.639072,0.0 -96.476563,35.63904,0.0 -96.49686,35.639032,0.0 -96.529481,35.639002,0.0 -96.55647,35.63901,0.0 -96.576542,35.638975,0.0 -96.620828,35.639005,0.0 -96.621068,35.615085,0.0 -96.621693,35.551767,0.0 -96.62188,35.550025,0.0 -96.621666,35.54945,0.0 -96.621976,35.542687,0.0 -96.622778,35.520674,0.0 -96.623727,35.491658,0.0 -96.624681,35.462707,0.0</coordinates>
</LinearRing>
</outerBoundaryIs>
</Polygon>
</Placemark>
<Placemark id="cb_2023_40_sldl_500k">
<name>&lt;at&gt;&lt;openparen&gt;40019&lt;closeparen&gt;</name>
<visibility>1</visibility>
<description><![CDATA[<center><table><tr><th colspan='2' align='center'><em>Attributes</em></th></tr><tr bgcolor="#E3E3F3">
<th>STATEFP</th>
<td>40</td>
</tr><tr bgcolor="">
<th>SLDLST</th>
<td>019</td>
</tr><tr bgcolor="#E3E3F3">
<th>GEOIDFQ</th>
<td>620L800US40019</td>
</tr><tr bgcolor="">
<th>GEOID</th>
<td>40019</td>
</tr><tr bgcolor="#E3E3F3">
<th>NAME</th>
<td>19</td>
</tr><tr bgcolor="">
<th>NAMELSAD</th>
<td>State House District 19</td>
</tr><tr bgcolor="#E3E3F3">
<th>STUSPS</th>
<td>OK</td>
</tr><tr bgcolor="">
<th>STATE_NAME</th>
<td>Oklahoma</td>
</tr><tr bgcolor="#E3E3F3">
<th>LSAD</th>
<td>LL</td>
</tr><tr bgcolor="">
<th>LSY</th>
<td>2022</td>
</tr><tr bgcolor="#E3E3F3">
<th>ALAND</th>
<td>7839852366</td>
</tr><tr bgcolor="">
<th>AWATER</th>
<td>182133333</td>
</tr></table></center>]]></description>
<LookAt>
<longitude>-102</longitude>
<latitude>38.5</latitude>
<range>7000000</range>
<tilt>10</tilt>
<heading>0</heading>
</LookAt>
<styleUrl>#KMLStyler</styleUrl>
<ExtendedData>
<SchemaData schemaUrl="#kml_schema_ft_cb_2023_40_sldl_500k">
<SimpleData name="STATEFP">40</SimpleData>
<SimpleData name="SLDLST">019</SimpleData>
<SimpleData name="GEOIDFQ">620L800US40019</SimpleData>
<SimpleData name="GEOID">40019</SimpleData>
<SimpleData name="NAME">19</SimpleData>
<SimpleData name="NAMELSAD">State House District 19</SimpleData>
<SimpleData name="STUSPS">OK</SimpleData>
<SimpleData name="STATE_NAME">Oklahoma</SimpleData>
<SimpleData name="LSAD">LL</SimpleData>
<SimpleData name="LSY">2022</SimpleData>
<SimpleData name="ALAND">7839852366</SimpleData>
<SimpleData name="AWATER">182133333</SimpleData>
</SchemaData>
</ExtendedData>
<Polygon>
<extrude>0</extrude>
<tessellate>1</tessellate>
<altitudeMode>clampToGround</altitudeMode>
<outerBoundaryIs>
<LinearRing>
<coordinates>-96.5322256788429,33.8228504078832,0.0 -96.5320921136834,33.8228181109374,0.0 -96.529234,33.822127,0.0 -96.526655,33.820891,0.0 -96.523863,33.818114,0.0 -96.519911,33.811347,0.0 -96.516584,33.803168,0.0 -96.515959,33.798934,0.0 -96.5159450940336,33.7956382859546,0.0 -96.5159324371729,33.7926386099697,0.0 -96.5159148630408,33.7884735406623,0.0 -96.515912,33.787795,0.0 -96.511914,33.781478,0.0 -96.502286,33.77346,0.0 -96.500268,33.772583,0.0 -96.48606,33.77301,0.0 -96.473092,33.775445,0.0 -96.467872,33.775795,0.0 -96.459154,33.775232,0.0 -96.4571133726479,33.7757970426771,0.0 -96.456254,33.776035,0.0 -96.45051,33.780588,0.0 -96.4486706614633,33.7809185586092,0.0 -96.448045,33.781031,0.0 -96.441206,33.780327,0.0 -96.436714,33.779329,0.0 -96.430214,33.778654,0.0 -96.422643,33.776041,0.0 -96.419961,33.773034,0.0 -96.419205722102,33.7717759381074,0.0 -96.417562,33.769038,0.0 -96.416146,33.766099,0.0 -96.413408,33.757714,0.0 -96.4118730854082,33.7556871295874,0.0 -96.408469,33.751192,0.0 -96.403507,33.746289,0.0 -96.384116,33.730141,0.0 -96.3794039922769,33.7258163072446,0.0 -96.36959,33.716809,0.0 -96.366945,33.711222,0.0 -96.363253,33.70105,0.0 -96.363135,33.694215,0.0 -96.362198,33.691818,0.0 -96.355946,33.687155,0.0 -96.348306,33.686379,0.0 -96.342665,33.686975,0.0 -96.338013,33.688728,0.0 -96.334932,33.69208,0.0 -96.331874,33.693449,0.0 -96.321103,33.6951,0.0 -96.31876,33.696753,0.0 -96.316925,33.698997,0.0 -96.309964,33.710489,0.0 -96.3083403378994,33.7157541221002,0.0 -96.3078409391777,33.7173735447901,0.0 -96.307035,33.719987,0.0 -96.306596,33.726786,0.0 -96.307389,33.735005,0.0 -96.3061,33.741002,0.0 -96.303009,33.750878,0.0 -96.301706,33.753756,0.0 -96.29653,33.765789,0.0 -96.293708,33.769409,0.0 -96.288254,33.771221,0.0 -96.277847,33.770477,0.0 -96.269896,33.768405,0.0 -96.267876,33.76777,0.0 -96.263593,33.767467,0.0 -96.257511,33.763948,0.0 -96.255565,33.762079,0.0 -96.248232,33.758986,0.0 -96.229023,33.748021,0.0 -96.220521,33.74739,0.0 -96.1999,33.752117,0.0 -96.1963803242589,33.7532399416533,0.0 -96.1963749095337,33.7532416692046,0.0 -96.186554,33.756375,0.0 -96.1862574503319,33.7565196268717,0.0 -96.178059,33.760518,0.0 -96.174633,33.763699,0.0 -96.169452,33.770131,0.0 -96.162757,33.788769,0.0 -96.161249,33.795715,0.0 -96.161114,33.805767,0.0 -96.159182,33.810184,0.0 -96.156355,33.813349,0.0 -96.161939,33.81317,0.0 -96.166991,33.811103,0.0 -96.168829,33.807658,0.0 -96.169748,33.804902,0.0 -96.168829,33.802605,0.0 -96.170373,33.799382,0.0 -96.17515,33.801951,0.0 -96.17734,33.805117,0.0 -96.178964,33.810553,0.0 -96.17589,33.814627,0.0 -96.164808,33.817797,0.0 -96.156656,33.818223,0.0 -96.150765,33.816987,0.0 -96.148792,33.819197,0.0 -96.15163,33.831946,0.0 -96.150147,33.835856,0.0 -96.14807,33.837799,0.0 -96.138905,33.839159,0.0 -96.122951,33.839964,0.0 -96.118169,33.837884,0.0 -96.109993,33.832396,0.0 -96.104075,33.83073,0.0 -96.09936,33.83047,0.0 -96.097448,33.832725,0.0 -96.097638,33.837935,0.0 -96.099153,33.842409,0.0 -96.100785,33.84423,0.0 -96.101349,33.845721,0.0 -96.101473,33.846709,0.0 -96.1001850746561,33.8478885078258,0.0 -96.100095,33.847971,0.0 -96.0951210947664,33.8475481746472,0.0 -96.084626,33.846656,0.0 -96.063924,33.841523,0.0 -96.0592032603593,33.8397258564128,0.0 -96.055358,33.838262,0.0 -96.048834,33.836468,0.0 -96.037191,33.841245,0.0 -96.031372,33.847249,0.0 -96.031158,33.852584,0.0 -96.029438,33.856348,0.0 -96.02694,33.856803,0.0 -96.023907,33.857067,0.0 -96.021168,33.855471,0.0 -96.019542,33.853497,0.0 -96.021783,33.846927,0.0 -96.023241,33.842479,0.0 -96.02139,33.841039,0.0 -96.019599,33.840566,0.0 -96.005296,33.845505,0.0 -96.00163,33.8477,0.0 -95.998351,33.851049,0.0 -95.997709,33.852182,0.0 -95.995857,33.855693,0.0 -95.995191,33.858135,0.0 -95.994525,33.861465,0.0 -95.998077,33.861687,0.0 -96.001336,33.863496,0.0 -96.002962,33.866794,0.0 -96.00444,33.869742,0.0 -96.003406,33.872344,0.0 -96.001186,33.872344,0.0 -95.998617,33.87223,0.0 -95.989191,33.86859,0.0 -95.984254,33.864403,0.0 -95.983735,33.861687,0.0 -95.983957,33.858579,0.0 -95.985511,33.855693,0.0 -95.9842807839486,33.8527308979177,0.0 -95.984253,33.852664,0.0 -95.972156,33.856371,0.0 -95.952652,33.858357,0.0 -95.944284,33.859811,0.0 -95.941267,33.861619,0.0 -95.936631,33.870615,0.0 -95.935325,33.875099,0.0 -95.933558,33.879449,0.0 -95.932448,33.883223,0.0 -95.9319804940729,33.8835107582378,0.0 -95.929561,33.885,0.0 -95.925787,33.885,0.0 -95.922712,33.883758,0.0 -95.918583,33.880838,0.0 -95.905828,33.874053,0.0 -95.894556,33.86741,0.0 -95.886688,33.864814,0.0 -95.883542,33.862715,0.0 -95.881292,33.860627,0.0 -95.8749,33.855915,0.0 -95.866907,33.851474,0.0 -95.860912,33.84992,0.0 -95.858808,33.850668,0.0 -95.855521,33.849258,0.0 -95.849367,33.842593,0.0 -95.8463781777365,33.8400397456755,0.0 -95.845243,33.83907,0.0 -95.840012,33.836486,0.0 -95.837516,33.83564,0.0 -95.831948,33.835161,0.0 -95.828245,33.836054,0.0 -95.822787,33.838756,0.0 -95.820784,33.840564,0.0 -95.819358,33.842785,0.0 -95.818976,33.844456,0.0 -95.819525,33.848439,0.0 -95.820677,33.850751,0.0 -95.821666,33.855443,0.0 -95.821666,33.856633,0.0 -95.817618,33.859023,0.0 -95.805149,33.861304,0.0 -95.800842,33.861212,0.0 -95.789867,33.857686,0.0 -95.787891,33.856336,0.0 -95.782395,33.85105,0.0 -95.779884,33.851331,0.0 -95.775902,33.847311,0.0 -95.770556,33.845269,0.0 -95.763586,33.846824,0.0 -95.757465,33.850039,0.0 -95.75373,33.853179,0.0 -95.751746,33.855557,0.0 -95.75129,33.858881,0.0 -95.751644,33.8611,0.0 -95.75321,33.863656,0.0 -95.756796,33.868228,0.0 -95.7614490359398,33.8731846176704,0.0 -95.762559,33.874367,0.0 -95.761916,33.883402,0.0 -95.756367,33.892625,0.0 -95.745905,33.896323,0.0 -95.73769,33.896545,0.0 -95.732961,33.895879,0.0 -95.7290757033093,33.8940061009969,0.0 -95.728449,33.893704,0.0 -95.718308,33.889662,0.0 -95.714089,33.885888,0.0 -95.710537,33.885,0.0 -95.697882,33.88611,0.0 -95.684831,33.890232,0.0 -95.676925,33.897237,0.0 -95.669978,33.905844,0.0 -95.665466,33.908978,0.0 -95.660138,33.910088,0.0 -95.656364,33.910088,0.0 -95.651701,33.9092,0.0 -95.649703,33.907424,0.0 -95.645262,33.906536,0.0 -95.640156,33.904982,0.0 -95.635938,33.905204,0.0 -95.632163,33.904982,0.0 -95.629055,33.90587,0.0 -95.626835,33.907868,0.0 -95.625947,33.91031,0.0 -95.625058,33.913196,0.0 -95.622394,33.918303,0.0 -95.619286,33.922743,0.0 -95.616422,33.927406,0.0 -95.611981,33.928738,0.0 -95.608207,33.928738,0.0 -95.603767,33.929182,0.0 -95.600695,33.931268,0.0 -95.59866,33.934066,0.0 -95.598524,33.938103,0.0 -95.5970477783238,33.9412393764507,0.0 -95.596662,33.942059,0.0 -95.593827,33.943031,0.0 -95.589557,33.941615,0.0 -95.586449,33.939395,0.0 -95.584369,33.936311,0.0 -95.580898,33.933844,0.0 -95.578012,33.933178,0.0 -95.573766,33.933525,0.0 -95.569353,33.933178,0.0 -95.563803,33.932956,0.0 -95.561007,33.931552,0.0 -95.557364,33.930514,0.0 -95.554478,33.928072,0.0 -95.553146,33.925408,0.0 -95.55248,33.922965,0.0 -95.55248,33.919857,0.0 -95.550481,33.915195,0.0 -95.548483,33.908534,0.0 -95.548039,33.901207,0.0 -95.548483,33.896767,0.0 -95.550925,33.892992,0.0 -95.550259,33.88833,0.0 -95.548325,33.882744,0.0 -95.545197,33.880294,0.0 -95.53979,33.879904,0.0 -95.533283,33.881162,0.0 -95.525322,33.885487,0.0 -95.5213340987801,33.8884425394457,0.0 -95.520138,33.889329,0.0 -95.514955,33.894735,0.0 -95.512732,33.896392,0.0 -95.510739,33.897877,0.0 -95.507556,33.897216,0.0 -95.505189,33.894991,0.0 -95.504944,33.889143,0.0 -95.504523,33.883668,0.0 -95.505633,33.877229,0.0 -95.5026354334394,33.8749896043748,0.0 -95.5025825052733,33.8749500632667,0.0 -95.502304,33.874742,0.0 -95.497418,33.874343,0.0 -95.492028,33.874822,0.0 -95.484541,33.875897,0.0 -95.478102,33.878561,0.0 -95.472552,33.880337,0.0 -95.469265,33.882511,0.0 -95.467609,33.884635,0.0 -95.466113,33.886554,0.0 -95.463785,33.887232,0.0 -95.461673,33.886998,0.0 -95.459452,33.886332,0.0 -95.459452,33.884112,0.0 -95.461229,33.882557,0.0 -95.464115,33.876119,0.0 -95.464211,33.873372,0.0 -95.462339,33.871678,0.0 -95.458564,33.871678,0.0 -95.453458,33.870346,0.0 -95.440928,33.866429,0.0 -95.427313,33.870446,0.0 -95.402055,33.864188,0.0 -95.392804,33.867108,0.0 -95.384639,33.868425,0.0 -95.375233,33.868243,0.0 -95.369628,33.866844,0.0 -95.3656395923795,33.866696488932,0.0 -95.362517,33.866581,0.0 -95.356541,33.869382,0.0 -95.343423,33.872542,0.0 -95.334854,33.876831,0.0 -95.331967,33.879749,0.0 -95.3319380081905,33.8798287240363,0.0 -95.32986,33.885543,0.0 -95.326436,33.88607,0.0 -95.322222,33.884753,0.0 -95.314428,33.881632,0.0 -95.310898,33.877642,0.0 -95.3104056193911,33.8773685301904,0.0 -95.30579,33.874805,0.0 -95.289302,33.873103,0.0 -95.280922,33.875403,0.0 -95.278767,33.877906,0.0 -95.278318,33.881677,0.0 -95.27794,33.887508,0.0 -95.280351,33.896751,0.0 -95.284298,33.899238,0.0 -95.285591,33.903357,0.0 -95.282981,33.907402,0.0 -95.278577,33.910191,0.0 -95.270674,33.91151,0.0 -95.266126,33.909773,0.0 -95.265227,33.905566,0.0 -95.265891,33.895378,0.0 -95.264019,33.889757,0.0 -95.260595,33.88765,0.0 -95.252694,33.894234,0.0 -95.249743,33.902755,0.0 -95.248273,33.92019,0.0 -95.250171,33.938497,0.0 -95.245847,33.943747,0.0 -95.239748,33.947543,0.0 -95.235707,33.948259,0.0 -95.232879,33.949736,0.0 -95.231644,33.953294,0.0 -95.230377,33.955768,0.0 -95.230637,33.959799,0.0 -95.229521,33.960451,0.0 -95.227574,33.960798,0.0 -95.226393,33.961954,0.0 -95.22401,33.962161,0.0 -95.220488,33.961997,0.0 -95.217633,33.962646,0.0 -95.214137,33.962142,0.0 -95.211908,33.961241,0.0 -95.206882,33.959088,0.0 -95.202615,33.956907,0.0 -95.19935,33.953973,0.0 -95.197029,33.953105,0.0 -95.189758,33.951361,0.0 -95.184968,33.949529,0.0 -95.182232,33.948941,0.0 -95.179686,33.948688,0.0 -95.174794,33.947457,0.0 -95.171154,33.946506,0.0 -95.167527,33.944738,0.0 -95.163392,33.940857,0.0 -95.158296,33.937526,0.0 -95.1558864704409,33.9368927541364,0.0 -95.155919,33.93932,0.0 -95.156736,33.942918,0.0 -95.156488,33.975303,0.0 -95.15646,34.00449,0.0 -95.156466,34.01449,0.0 -95.156497,34.083525,0.0 -95.156504,34.083544,0.0 -95.156533,34.113301,0.0 -95.156521,34.156965,0.0 -95.151344,34.156841,0.0 -95.151337,34.182684,0.0 -95.151323,34.243737,0.0 -95.135597,34.243743,0.0 -95.135144,34.243747,0.0 -95.046585,34.243776,0.0 -95.0466,34.287261,0.0 -95.046608,34.297993,0.0 -95.046621,34.395483,0.0 -95.046521,34.39587,0.0 -95.046628,34.396453,0.0 -95.046767,34.417547,0.0 -95.046772,34.419364,0.0 -95.046753,34.477546,0.0 -95.046746,34.507276,0.0 -94.990057,34.507289,0.0 -94.937604,34.507296,0.0 -94.937569,34.53794,0.0 -94.937484,34.538461,0.0 -94.937562,34.593591,0.0 -94.937559,34.59433,0.0 -94.937502,34.625104,0.0 -94.937489,34.666196,0.0 -94.937511,34.666676,0.0 -94.937555,34.680792,0.0 -95.025139,34.680804,0.0 -95.059616,34.680736,0.0 -95.099692,34.680776,0.0 -95.101397,34.680656,0.0 -95.132088,34.680585,0.0 -95.182083,34.680542,0.0 -95.2001,34.680537,0.0 -95.30466,34.680861,0.0 -95.305658,34.680924,0.0 -95.314067,34.680981,0.0 -95.315164,34.680926,0.0 -95.444805,34.680833,0.0 -95.514475,34.680718,0.0 -95.514481,34.666527,0.0 -95.514494,34.637446,0.0 -95.51448,34.625,0.0 -95.514511,34.594153,0.0 -95.56652,34.594159,0.0 -95.567156,34.594067,0.0 -95.570479,34.594133,0.0 -95.670879,34.593851,0.0 -95.67181,34.593732,0.0 -95.671784,34.554014,0.0 -95.671777,34.543412,0.0 -95.67175,34.506794,0.0 -95.674334,34.506792,0.0 -95.679451,34.506786,0.0 -95.706644,34.50675,0.0 -95.726913,34.506724,0.0 -95.729138,34.506721,0.0 -95.73172,34.506719,0.0 -95.779134,34.506644,0.0 -95.779244,34.417569,0.0 -95.866356,34.417339,0.0 -95.866901,34.403198,0.0 -95.866853,34.388605,0.0 -95.883297,34.38847,0.0 -95.89934,34.388512,0.0 -95.900819,34.388497,0.0 -95.90078,34.373962,0.0 -95.960219,34.374237,0.0 -95.967804,34.374488,0.0 -95.968646,34.374397,0.0 -95.988182,34.374439,0.0 -95.987548,34.362202,0.0 -95.987975,34.3617,0.0 -95.988108,34.356185,0.0 -95.988148,34.345351,0.0 -95.989498,34.346095,0.0 -95.99059,34.347942,0.0 -95.992881,34.348779,0.0 -95.994965,34.347555,0.0 -95.996863,34.345472,0.0 -96.001224,34.345575,0.0 -96.005083,34.343833,0.0 -96.005109,34.334962,0.0 -96.005411,34.331029,0.0 -96.005361,34.316488,0.0 -96.014528,34.31648,0.0 -96.014609,34.310973,0.0 -96.015628,34.312787,0.0 -96.017503,34.313954,0.0 -96.016834,34.315661,0.0 -96.022932,34.316588,0.0 -96.023079,34.31326,0.0 -96.022921,34.312491,0.0 -96.022898,34.309394,0.0 -96.022993,34.302041,0.0 -96.040476,34.302045,0.0 -96.040501,34.273024,0.0 -96.005486,34.272833,0.0 -96.005451,34.258472,0.0 -95.993025,34.258325,0.0 -95.988057,34.258428,0.0 -95.988111,34.236594,0.0 -95.987356,34.234386,0.0 -95.987254,34.229311,0.0 -95.939116,34.229717,0.0 -95.937307,34.231867,0.0 -95.935818,34.232266,0.0 -95.932849,34.229196,0.0 -95.929746,34.226939,0.0 -95.928354,34.22343,0.0 -95.928967,34.220453,0.0 -95.92902,34.216332,0.0 -95.927106,34.211961,0.0 -95.925414,34.209684,0.0 -95.923602,34.205774,0.0 -95.922093,34.200948,0.0 -95.919298,34.199194,0.0 -95.918751,34.19782,0.0 -95.918642,34.168702,0.0 -95.918437,34.165057,0.0 -95.919298,34.16349,0.0 -95.919018,34.156734,0.0 -95.987767,34.156795,0.0 -95.991538,34.156805,0.0 -95.991578,34.156805,0.0 -95.998535,34.156818,0.0 -96.051847,34.156863,0.0 -96.068649,34.156906,0.0 -96.071094,34.156906,0.0 -96.085925,34.156926,0.0 -96.102549,34.156942,0.0 -96.147633,34.156966,0.0 -96.221561,34.15701,0.0 -96.22305,34.15714,0.0 -96.233953,34.157172,0.0 -96.235491,34.15703,0.0 -96.268274,34.157088,0.0 -96.279867,34.15709,0.0 -96.284894,34.157083,0.0 -96.320709,34.157179,0.0 -96.355669,34.157186,0.0 -96.372653,34.157177,0.0 -96.388745,34.157165,0.0 -96.407517,34.157188,0.0 -96.407517,34.157317,0.0 -96.410577,34.157326,0.0 -96.411197,34.156326,0.0 -96.413266,34.155855,0.0 -96.411532,34.153473,0.0 -96.410348,34.15361,0.0 -96.410624,34.151642,0.0 -96.411533,34.151253,0.0 -96.408477,34.15013,0.0 -96.408036,34.151275,0.0 -96.407045,34.150313,0.0 -96.408422,34.149558,0.0 -96.407322,34.147064,0.0 -96.405202,34.147223,0.0 -96.403992,34.145598,0.0 -96.40212,34.145825,0.0 -96.400579,34.143994,0.0 -96.400883,34.141591,0.0 -96.399121,34.141407,0.0 -96.398323,34.140148,0.0 -96.392182,34.140762,0.0 -96.393587,34.13907,0.0 -96.391936,34.136803,0.0 -96.393534,34.133622,0.0 -96.3926,34.131561,0.0 -96.394473,34.1287,0.0 -96.391198,34.126639,0.0 -96.388969,34.12602,0.0 -96.389432,34.124649,0.0 -96.387644,34.123262,0.0 -96.389103,34.122004,0.0 -96.388994,34.120516,0.0 -96.390371,34.119028,0.0 -96.388226,34.117585,0.0 -96.383358,34.111883,0.0 -96.380057,34.110095,0.0 -96.37813,34.110804,0.0 -96.376865,34.109911,0.0 -96.37728,34.107553,0.0 -96.374863,34.107808,0.0 -96.376428,34.106477,0.0 -96.374379,34.105015,0.0 -96.375769,34.10318,0.0 -96.373661,34.101262,0.0 -96.371212,34.100851,0.0 -96.370138,34.099752,0.0 -96.371237,34.097234,0.0 -96.369282,34.09593,0.0 -96.369584,34.094648,0.0 -96.372253,34.09428,0.0 -96.371894,34.092701,0.0 -96.370573,34.091145,0.0 -96.371535,34.089496,0.0 -96.369369,34.089491,0.0 -96.368308,34.089832,0.0 -96.368263,34.089917,0.0 -96.366653,34.090125,0.0 -96.36675,34.091419,0.0 -96.366657,34.091734,0.0 -96.36651,34.091874,0.0 -96.366202,34.091935,0.0 -96.36585,34.091811,0.0 -96.363704,34.088926,0.0 -96.361878,34.087576,0.0 -96.361396,34.086977,0.0 -96.360718,34.08523,0.0 -96.358341,34.084415,0.0 -96.358174,34.08389,0.0 -96.358339,34.083537,0.0 -96.358932,34.08334,0.0 -96.359539,34.083226,0.0 -96.360448,34.080737,0.0 -96.360192,34.079494,0.0 -96.361219,34.077902,0.0 -96.360897,34.07728,0.0 -96.359662,34.077164,0.0 -96.358805,34.076842,0.0 -96.35865,34.075581,0.0 -96.358817,34.074728,0.0 -96.359601,34.073683,0.0 -96.359217,34.073367,0.0 -96.355493,34.07277,0.0 -96.353042,34.071223,0.0 -96.352399,34.070208,0.0 -96.351787,34.067871,0.0 -96.352597,34.065846,0.0 -96.352227,34.064409,0.0 -96.347437,34.063149,0.0 -96.343983,34.063788,0.0 -96.342749,34.063869,0.0 -96.342161,34.063431,0.0 -96.342688,34.062564,0.0 -96.343812,34.061627,0.0 -96.345505,34.060759,0.0 -96.344777,34.058648,0.0 -96.342884,34.057426,0.0 -96.34367,34.056649,0.0 -96.344672,34.056978,0.0 -96.343674,34.055796,0.0 -96.343633,34.055758,0.0 -96.342934,34.054819,0.0 -96.341591,34.053929,0.0 -96.340434,34.053298,0.0 -96.342603,34.051449,0.0 -96.344868,34.049531,0.0 -96.346697,34.049529,0.0 -96.346831,34.048352,0.0 -96.346721,34.047945,0.0 -96.3472,34.042811,0.0 -96.346535,34.04096,0.0 -96.344944,34.04068,0.0 -96.343471,34.04105,0.0 -96.338069,34.040959,0.0 -96.338036,33.998153,0.0 -96.338038,33.997616,0.0 -96.337906,33.997615,0.0 -96.337335,33.997396,0.0 -96.336825,33.997043,0.0 -96.336284,33.996509,0.0 -96.335938,33.996041,0.0 -96.338065,33.994076,0.0 -96.338825,33.992896,0.0 -96.339525,33.990736,0.0 -96.33958,33.98669,0.0 -96.339705,33.976779,0.0 -96.340532,33.973679,0.0 -96.342305,33.970779,0.0 -96.344378,33.968795,0.0 -96.346152,33.967566,0.0 -96.350632,33.965779,0.0 -96.353646,33.965319,0.0 -96.359588,33.965291,0.0 -96.365289,33.965546,0.0 -96.371367,33.965551,0.0 -96.373127,33.965562,0.0 -96.37318,33.961391,0.0 -96.373255,33.954142,0.0 -96.373209,33.939442,0.0 -96.373206,33.925085,0.0 -96.373152,33.910591,0.0 -96.373148,33.867138,0.0 -96.373336,33.864719,0.0 -96.37478,33.859956,0.0 -96.37866,33.8477,0.0 -96.379636,33.845631,0.0 -96.381112,33.843907,0.0 -96.384182,33.84171,0.0 -96.384967,33.840923,0.0 -96.386544,33.838315,0.0 -96.396541,33.838374,0.0 -96.396444,33.835431,0.0 -96.39952,33.837585,0.0 -96.400712,33.838154,0.0 -96.402113,33.838342,0.0 -96.410193,33.838343,0.0 -96.412725,33.839232,0.0 -96.413698,33.840646,0.0 -96.413903,33.850376,0.0 -96.413751,33.852779,0.0 -96.416527,33.852703,0.0 -96.416581,33.852677,0.0 -96.4174,33.852768,0.0 -96.448593,33.852897,0.0 -96.456684,33.8529,0.0 -96.495095,33.85295,0.0 -96.495991,33.85288,0.0 -96.496294,33.857029,0.0 -96.494167,33.86017,0.0 -96.503804,33.860141,0.0 -96.503799,33.854353,0.0 -96.50501,33.85334,0.0 -96.511519,33.852945,0.0 -96.51166,33.849859,0.0 -96.513009,33.845528,0.0 -96.514993,33.842539,0.0 -96.516737,33.840715,0.0 -96.52116,33.837269,0.0 -96.524927,33.833577,0.0 -96.529786,33.826924,0.0 -96.531355,33.824652,0.0 -96.5322256788429,33.8228504078832,0.0</coordinates>
</LinearRing>
</outerBoundaryIs>
</Polygon>
</Placemark>
<Placemark id="cb_2023_40_sldl_500k">
<name>&lt;at&gt;&lt;openparen&gt;40020&lt;closeparen&gt;</name>
<visibility>1</visibility>
<description><![CDATA[<center><table><tr><th colspan='2' align='center'><em>Attributes</em></th></tr><tr bgcolor="#E3E3F3">
<th>STATEFP</th>
<td>40</td>
</tr><tr bgcolor="">
<th>SLDLST</th>
<td>020</td>
</tr><tr bgcolor="#E3E3F3">
<th>GEOIDFQ</th>
<td>620L800US40020</td>
</tr><tr bgcolor="">
<th>GEOID</th>
<td>40020</td>
</tr><tr bgcolor="#E3E3F3">
<th>NAME</th>
<td>20</td>
</tr><tr bgcolor="">
<th>NAMELSAD</th>
<td>State House District 20</td>
</tr><tr bgcolor="#E3E3F3">
<th>STUSPS</th>
<td>OK</td>
</tr><tr bgcolor="">
<th>STATE_NAME</th>
<td>Oklahoma</td>
</tr><tr bgcolor="#E3E3F3">
<th>LSAD</th>
<td>LL</td>
</tr><tr bgcolor="">
<th>LSY</th>
<td>2022</td>
</tr><tr bgcolor="#E3E3F3">
<th>ALAND</th>
<td>651482538</td>
</tr><tr bgcolor="">
<th>AWATER</th>
<td>8611603</td>
</tr></table></center>]]></description>
<LookAt>
<longitude>-102</longitude>
<latitude>38.5</latitude>
<range>7000000</range>
<tilt>10</tilt>
<heading>0</heading>
</LookAt>
<styleUrl>#KMLStyler</styleUrl>
<ExtendedData>
<SchemaData schemaUrl="#kml_schema_ft_cb_2023_40_sldl_500k">
<SimpleData name="STATEFP">40</SimpleData>
<SimpleData name="SLDLST">020</SimpleData>
<SimpleData name="GEOIDFQ">620L800US40020</SimpleData>
<SimpleData name="GEOID">40020</SimpleData>
<SimpleData name="NAME">20</SimpleData>
<SimpleData name="NAMELSAD">State House District 20</SimpleData>
<SimpleData name="STUSPS">OK</SimpleData>
<SimpleData name="STATE_NAME">Oklahoma</SimpleData>
<SimpleData name="LSAD">LL</SimpleData>
<SimpleData name="LSY">2022</SimpleData>
<SimpleData name="ALAND">651482538</SimpleData>
<SimpleData name="AWATER">8611603</SimpleData>
</SchemaData>
</ExtendedData>
<Polygon>
<extrude>0</extrude>
<tessellate>1</tessellate>
<altitudeMode>clampToGround</altitudeMode>
<outerBoundaryIs>
<LinearRing>
<coordinates>-97.671415,35.337465,0.0 -97.671414,35.335946,0.0 -97.670815,35.332378,0.0 -97.670865,35.32011,0.0 -97.670798,35.305531,0.0 -97.670833,35.291009,0.0 -97.670817,35.283699,0.0 -97.670824,35.282925,0.0 -97.670841,35.276475,0.0 -97.670851,35.247423,0.0 -97.670894,35.241287,0.0 -97.670896,35.235893,0.0 -97.670888,35.232842,0.0 -97.670882,35.225566,0.0 -97.670881,35.218329,0.0 -97.670913,35.213926,0.0 -97.670887,35.203775,0.0 -97.670389,35.203776,0.0 -97.670417,35.196692,0.0 -97.67044,35.190094,0.0 -97.670438,35.182313,0.0 -97.670438,35.182081,0.0 -97.670465,35.160337,0.0 -97.670437,35.145826,0.0 -97.670567,35.144564,0.0 -97.670471,35.131265,0.0 -97.670519,35.126936,0.0 -97.67051,35.116695,0.0 -97.670528,35.10279,0.0 -97.669514,35.103009,0.0 -97.669498,35.10245,0.0 -97.653062,35.102281,0.0 -97.65281,35.102284,0.0 -97.617736,35.102411,0.0 -97.609507,35.102408,0.0 -97.59997,35.102375,0.0 -97.59989,35.101571,0.0 -97.599997,35.09506,0.0 -97.600127,35.087798,0.0 -97.599941,35.073296,0.0 -97.600261,35.071599,0.0 -97.600108,35.070967,0.0 -97.600087,35.058786,0.0 -97.591039,35.058791,0.0 -97.58241,35.058803,0.0 -97.565575,35.05869,0.0 -97.564675,35.058524,0.0 -97.563591,35.05881,0.0 -97.547529,35.058817,0.0 -97.5298,35.058858,0.0 -97.507713,35.058869,0.0 -97.501854,35.058839,0.0 -97.501781,35.055713,0.0 -97.50269,35.050534,0.0 -97.494493,35.050607,0.0 -97.494487,35.048661,0.0 -97.493476,35.048662,0.0 -97.493475,35.050615,0.0 -97.485326,35.050541,0.0 -97.4812,35.050047,0.0 -97.48111,35.052925,0.0 -97.476879,35.052923,0.0 -97.476886,35.054495,0.0 -97.475164,35.056757,0.0 -97.476863,35.057091,0.0 -97.476855,35.058003,0.0 -97.476861,35.058901,0.0 -97.476823,35.060289,0.0 -97.47679,35.073416,0.0 -97.441692,35.073276,0.0 -97.4417,35.066222,0.0 -97.424099,35.066093,0.0 -97.424172,35.068431,0.0 -97.424108,35.080674,0.0 -97.41519,35.080666,0.0 -97.415197,35.086291,0.0 -97.41552,35.086944,0.0 -97.415741,35.087835,0.0 -97.41084,35.087828,0.0 -97.40314,35.087801,0.0 -97.402076,35.08637,0.0 -97.395459,35.084273,0.0 -97.391666,35.082589,0.0 -97.38868,35.082103,0.0 -97.385477,35.082229,0.0 -97.380346,35.083259,0.0 -97.373405,35.085048,0.0 -97.370992,35.085206,0.0 -97.368319,35.08524,0.0 -97.364128,35.084556,0.0 -97.360311,35.082652,0.0 -97.357763,35.080269,0.0 -97.354192,35.076656,0.0 -97.353418,35.075251,0.0 -97.352717,35.072305,0.0 -97.354219,35.07038,0.0 -97.354706,35.068107,0.0 -97.354394,35.065283,0.0 -97.353029,35.062175,0.0 -97.349886,35.05705,0.0 -97.349632,35.055532,0.0 -97.350475,35.051174,0.0 -97.352554,35.04541,0.0 -97.353515,35.043963,0.0 -97.355789,35.040543,0.0 -97.357393,35.036802,0.0 -97.357772,35.035361,0.0 -97.358009,35.033715,0.0 -97.356703,35.02886,0.0 -97.355108,35.028675,0.0 -97.353126,35.029547,0.0 -97.35275,35.029411,0.0 -97.335596,35.029346,0.0 -97.331226,35.029356,0.0 -97.317956,35.029346,0.0 -97.300424,35.029429,0.0 -97.300622,35.014795,0.0 -97.265294,35.01475,0.0 -97.229752,35.014916,0.0 -97.2125,35.014924,0.0 -97.17737,35.014992,0.0 -97.142084,35.014818,0.0 -97.142067,35.018795,0.0 -97.142314,35.021853,0.0 -97.142185,35.072672,0.0 -97.142185,35.072791,0.0 -97.142136,35.087289,0.0 -97.142091,35.101716,0.0 -97.230094,35.102061,0.0 -97.265207,35.10191,0.0 -97.3355,35.101892,0.0 -97.33552,35.102874,0.0 -97.34643,35.100288,0.0 -97.346461,35.101082,0.0 -97.353155,35.10116,0.0 -97.35324,35.097389,0.0 -97.370938,35.107486,0.0 -97.370973,35.117,0.0 -97.370814,35.131392,0.0 -97.373242,35.131395,0.0 -97.373164,35.132701,0.0 -97.370839,35.136573,0.0 -97.370764,35.136877,0.0 -97.370715,35.14598,0.0 -97.370648,35.160462,0.0 -97.370477,35.174972,0.0 -97.388196,35.175015,0.0 -97.388252,35.175018,0.0 -97.397097,35.175091,0.0 -97.414729,35.175128,0.0 -97.42364,35.175064,0.0 -97.423661,35.171651,0.0 -97.423679,35.161112,0.0 -97.423725,35.160668,0.0 -97.431788,35.160637,0.0 -97.443785,35.160615,0.0 -97.444974,35.160797,0.0 -97.447492,35.161182,0.0 -97.451124,35.162606,0.0 -97.453417,35.163743,0.0 -97.456839,35.167354,0.0 -97.457806,35.170318,0.0 -97.458677,35.170164,0.0 -97.480402,35.182955,0.0 -97.488055,35.18781,0.0 -97.489315,35.188353,0.0 -97.489471,35.18842,0.0 -97.489959,35.188754,0.0 -97.503336,35.19637,0.0 -97.512795,35.201399,0.0 -97.516901,35.203707,0.0 -97.517245,35.20391,0.0 -97.521005,35.206321,0.0 -97.529442,35.212663,0.0 -97.529996,35.21269,0.0 -97.530089,35.212695,0.0 -97.534513,35.212934,0.0 -97.54146,35.214165,0.0 -97.551969,35.221751,0.0 -97.55479,35.224329,0.0 -97.555003,35.227409,0.0 -97.559405,35.230909,0.0 -97.562218,35.23463,0.0 -97.558296,35.236585,0.0 -97.556633,35.238932,0.0 -97.556692,35.240201,0.0 -97.558442,35.242094,0.0 -97.563402,35.24339,0.0 -97.566482,35.247436,0.0 -97.564845,35.248719,0.0 -97.558865,35.248108,0.0 -97.558187,35.249824,0.0 -97.563919,35.250074,0.0 -97.564275,35.251772,0.0 -97.563581,35.254016,0.0 -97.561013,35.256328,0.0 -97.557708,35.25853,0.0 -97.554779,35.261978,0.0 -97.556071,35.276332,0.0 -97.556382,35.28276,0.0 -97.556987,35.28844,0.0 -97.559322,35.290727,0.0 -97.560699,35.292074,0.0 -97.576641,35.300892,0.0 -97.579004,35.30182,0.0 -97.581359,35.30246,0.0 -97.598831,35.303349,0.0 -97.599013,35.303351,0.0 -97.602908,35.303521,0.0 -97.617799,35.305211,0.0 -97.619978,35.306947,0.0 -97.624067,35.311946,0.0 -97.625289,35.312504,0.0 -97.627406,35.314627,0.0 -97.631517,35.316929,0.0 -97.638105,35.321127,0.0 -97.642359,35.325994,0.0 -97.646815,35.329383,0.0 -97.649978,35.331322,0.0 -97.652537,35.333381,0.0 -97.654725,35.334447,0.0 -97.656526,35.335148,0.0 -97.662965,35.336617,0.0 -97.669408,35.336736,0.0 -97.671415,35.337465,0.0</coordinates>
</LinearRing>
</outerBoundaryIs>
</Polygon>
</Placemark>
<Placemark id="cb_2023_40_sldl_500k">
<name>&lt;at&gt;&lt;openparen&gt;40021&lt;closeparen&gt;</name>
<visibility>1</visibility>
<description><![CDATA[<center><table><tr><th colspan='2' align='center'><em>Attributes</em></th></tr><tr bgcolor="#E3E3F3">
<th>STATEFP</th>
<td>40</td>
</tr><tr bgcolor="">
<th>SLDLST</th>
<td>021</td>
</tr><tr bgcolor="#E3E3F3">
<th>GEOIDFQ</th>
<td>620L800US40021</td>
</tr><tr bgcolor="">
<th>GEOID</th>
<td>40021</td>
</tr><tr bgcolor="#E3E3F3">
<th>NAME</th>
<td>21</td>
</tr><tr bgcolor="">
<th>NAMELSAD</th>
<td>State House District 21</td>
</tr><tr bgcolor="#E3E3F3">
<th>STUSPS</th>
<td>OK</td>
</tr><tr bgcolor="">
<th>STATE_NAME</th>
<td>Oklahoma</td>
</tr><tr bgcolor="#E3E3F3">
<th>LSAD</th>
<td>LL</td>
</tr><tr bgcolor="">
<th>LSY</th>
<td>2022</td>
</tr><tr bgcolor="#E3E3F3">
<th>ALAND</th>
<td>851178662</td>
</tr><tr bgcolor="">
<th>AWATER</th>
<td>133155167</td>
</tr></table></center>]]></description>
<LookAt>
<longitude>-102</longitude>
<latitude>38.5</latitude>
<range>7000000</range>
<tilt>10</tilt>
<heading>0</heading>
</LookAt>
<styleUrl>#KMLStyler</styleUrl>
<ExtendedData>
<SchemaData schemaUrl="#kml_schema_ft_cb_2023_40_sldl_500k">
<SimpleData name="STATEFP">40</SimpleData>
<SimpleData name="SLDLST">021</SimpleData>
<SimpleData name="GEOIDFQ">620L800US40021</SimpleData>
<SimpleData name="GEOID">40021</SimpleData>
<SimpleData name="NAME">21</SimpleData>
<SimpleData name="NAMELSAD">State House District 21</SimpleData>
<SimpleData name="STUSPS">OK</SimpleData>
<SimpleData name="STATE_NAME">Oklahoma</SimpleData>
<SimpleData name="LSAD">LL</SimpleData>
<SimpleData name="LSY">2022</SimpleData>
<SimpleData name="ALAND">851178662</SimpleData>
<SimpleData name="AWATER">133155167</SimpleData>
</SchemaData>
</ExtendedData>
<Polygon>
<extrude>0</extrude>
<tessellate>1</tessellate>
<altitudeMode>clampToGround</altitudeMode>
<outerBoundaryIs>
<LinearRing>
<coordinates>-96.726298,34.050098,0.0 -96.726228,34.019848,0.0 -96.726234,34.012791,0.0 -96.726225,34.009891,0.0 -96.718736,34.009588,0.0 -96.718662,34.007927,0.0 -96.716722,34.007873,0.0 -96.716723,34.004899,0.0 -96.714284,34.005558,0.0 -96.714287,34.003744,0.0 -96.711023,34.003714,0.0 -96.71104,34.001986,0.0 -96.691529,34.002013,0.0 -96.691603,33.998266,0.0 -96.6872,33.998258,0.0 -96.674816,33.998239,0.0 -96.674835,33.998101,0.0 -96.674229,33.99508,0.0 -96.674329,33.969263,0.0 -96.691654,33.969241,0.0 -96.691725,33.929922,0.0 -96.693863,33.929914,0.0 -96.693487,33.931787,0.0 -96.692303,33.9322,0.0 -96.694821,33.932833,0.0 -96.695974,33.930772,0.0 -96.694943,33.930932,0.0 -96.696102,33.92703,0.0 -96.694883,33.925268,0.0 -96.695613,33.924539,0.0 -96.697994,33.924676,0.0 -96.697445,33.921614,0.0 -96.69694,33.918791,0.0 -96.693619,33.912085,0.0 -96.687647,33.903354,0.0 -96.6782986558143,33.9022650039775,0.0 -96.675306,33.909114,0.0 -96.673449,33.912278,0.0 -96.670618,33.914914,0.0 -96.667187,33.91694,0.0 -96.66441,33.917267,0.0 -96.659896,33.916666,0.0 -96.645951221609,33.9072462784364,0.0 -96.64405,33.905962,0.0 -96.6394636540167,33.902492532788,0.0 -96.630117,33.895422,0.0 -96.628294,33.894477,0.0 -96.6262173962632,33.8945028423579,0.0 -96.607562,33.894735,0.0 -96.592948,33.895616,0.0 -96.5885189157485,33.8948810582175,0.0 -96.587934,33.894784,0.0 -96.585452,33.891281,0.0 -96.58536,33.888948,0.0 -96.5873434435115,33.8845823794876,0.0 -96.587494,33.884251,0.0 -96.590112,33.880665,0.0 -96.597348,33.875101,0.0 -96.601686,33.872823,0.0 -96.61197,33.869016,0.0 -96.6146783636591,33.8665002409499,0.0 -96.625399,33.856542,0.0 -96.628969,33.852407,0.0 -96.629747,33.850866,0.0 -96.630022,33.847541,0.0 -96.62929,33.845488,0.0 -96.623155,33.841483,0.0 -96.601258,33.834327,0.0 -96.592926,33.830916,0.0 -96.587067,33.828009,0.0 -96.572937,33.819098,0.0 -96.566298,33.818511,0.0 -96.551223,33.819129,0.0 -96.5440365134042,33.8206463124548,0.0 -96.532865,33.823005,0.0 -96.5322256788429,33.8228504078832,0.0 -96.531355,33.824652,0.0 -96.529786,33.826924,0.0 -96.524927,33.833577,0.0 -96.52116,33.837269,0.0 -96.516737,33.840715,0.0 -96.514993,33.842539,0.0 -96.513009,33.845528,0.0 -96.51166,33.849859,0.0 -96.511519,33.852945,0.0 -96.50501,33.85334,0.0 -96.503799,33.854353,0.0 -96.503804,33.860141,0.0 -96.494167,33.86017,0.0 -96.496294,33.857029,0.0 -96.495991,33.85288,0.0 -96.495095,33.85295,0.0 -96.456684,33.8529,0.0 -96.448593,33.852897,0.0 -96.4174,33.852768,0.0 -96.416581,33.852677,0.0 -96.416527,33.852703,0.0 -96.413751,33.852779,0.0 -96.413903,33.850376,0.0 -96.413698,33.840646,0.0 -96.412725,33.839232,0.0 -96.410193,33.838343,0.0 -96.402113,33.838342,0.0 -96.400712,33.838154,0.0 -96.39952,33.837585,0.0 -96.396444,33.835431,0.0 -96.396541,33.838374,0.0 -96.386544,33.838315,0.0 -96.384967,33.840923,0.0 -96.384182,33.84171,0.0 -96.381112,33.843907,0.0 -96.379636,33.845631,0.0 -96.37866,33.8477,0.0 -96.37478,33.859956,0.0 -96.373336,33.864719,0.0 -96.373148,33.867138,0.0 -96.373152,33.910591,0.0 -96.373206,33.925085,0.0 -96.373209,33.939442,0.0 -96.373255,33.954142,0.0 -96.37318,33.961391,0.0 -96.373127,33.965562,0.0 -96.371367,33.965551,0.0 -96.365289,33.965546,0.0 -96.359588,33.965291,0.0 -96.353646,33.965319,0.0 -96.350632,33.965779,0.0 -96.346152,33.967566,0.0 -96.344378,33.968795,0.0 -96.342305,33.970779,0.0 -96.340532,33.973679,0.0 -96.339705,33.976779,0.0 -96.33958,33.98669,0.0 -96.339525,33.990736,0.0 -96.338825,33.992896,0.0 -96.338065,33.994076,0.0 -96.335938,33.996041,0.0 -96.336284,33.996509,0.0 -96.336825,33.997043,0.0 -96.337335,33.997396,0.0 -96.337906,33.997615,0.0 -96.338038,33.997616,0.0 -96.338036,33.998153,0.0 -96.338069,34.040959,0.0 -96.343471,34.04105,0.0 -96.344944,34.04068,0.0 -96.346535,34.04096,0.0 -96.3472,34.042811,0.0 -96.346721,34.047945,0.0 -96.346831,34.048352,0.0 -96.346697,34.049529,0.0 -96.344868,34.049531,0.0 -96.342603,34.051449,0.0 -96.340434,34.053298,0.0 -96.341591,34.053929,0.0 -96.342934,34.054819,0.0 -96.343633,34.055758,0.0 -96.343674,34.055796,0.0 -96.344672,34.056978,0.0 -96.34367,34.056649,0.0 -96.342884,34.057426,0.0 -96.344777,34.058648,0.0 -96.345505,34.060759,0.0 -96.343812,34.061627,0.0 -96.342688,34.062564,0.0 -96.342161,34.063431,0.0 -96.342749,34.063869,0.0 -96.343983,34.063788,0.0 -96.347437,34.063149,0.0 -96.352227,34.064409,0.0 -96.352597,34.065846,0.0 -96.351787,34.067871,0.0 -96.352399,34.070208,0.0 -96.353042,34.071223,0.0 -96.355493,34.07277,0.0 -96.359217,34.073367,0.0 -96.359601,34.073683,0.0 -96.358817,34.074728,0.0 -96.35865,34.075581,0.0 -96.358805,34.076842,0.0 -96.359662,34.077164,0.0 -96.360897,34.07728,0.0 -96.361219,34.077902,0.0 -96.360192,34.079494,0.0 -96.360448,34.080737,0.0 -96.359539,34.083226,0.0 -96.358932,34.08334,0.0 -96.358339,34.083537,0.0 -96.358174,34.08389,0.0 -96.358341,34.084415,0.0 -96.360718,34.08523,0.0 -96.361396,34.086977,0.0 -96.361878,34.087576,0.0 -96.363704,34.088926,0.0 -96.36585,34.091811,0.0 -96.366202,34.091935,0.0 -96.36651,34.091874,0.0 -96.366657,34.091734,0.0 -96.36675,34.091419,0.0 -96.366653,34.090125,0.0 -96.368263,34.089917,0.0 -96.368308,34.089832,0.0 -96.369369,34.089491,0.0 -96.371535,34.089496,0.0 -96.370573,34.091145,0.0 -96.371894,34.092701,0.0 -96.372253,34.09428,0.0 -96.369584,34.094648,0.0 -96.369282,34.09593,0.0 -96.371237,34.097234,0.0 -96.370138,34.099752,0.0 -96.371212,34.100851,0.0 -96.373661,34.101262,0.0 -96.375769,34.10318,0.0 -96.374379,34.105015,0.0 -96.376428,34.106477,0.0 -96.374863,34.107808,0.0 -96.37728,34.107553,0.0 -96.376865,34.109911,0.0 -96.37813,34.110804,0.0 -96.380057,34.110095,0.0 -96.383358,34.111883,0.0 -96.388226,34.117585,0.0 -96.390371,34.119028,0.0 -96.388994,34.120516,0.0 -96.389103,34.122004,0.0 -96.387644,34.123262,0.0 -96.389432,34.124649,0.0 -96.388969,34.12602,0.0 -96.391198,34.126639,0.0 -96.394473,34.1287,0.0 -96.3926,34.131561,0.0 -96.393534,34.133622,0.0 -96.391936,34.136803,0.0 -96.393587,34.13907,0.0 -96.392182,34.140762,0.0 -96.398323,34.140148,0.0 -96.399121,34.141407,0.0 -96.400883,34.141591,0.0 -96.400579,34.143994,0.0 -96.40212,34.145825,0.0 -96.403992,34.145598,0.0 -96.405202,34.147223,0.0 -96.407322,34.147064,0.0 -96.408422,34.149558,0.0 -96.407045,34.150313,0.0 -96.408036,34.151275,0.0 -96.408477,34.15013,0.0 -96.411533,34.151253,0.0 -96.410624,34.151642,0.0 -96.410348,34.15361,0.0 -96.411532,34.153473,0.0 -96.413266,34.155855,0.0 -96.411197,34.156326,0.0 -96.410577,34.157326,0.0 -96.413538,34.157335,0.0 -96.453901,34.157348,0.0 -96.453813,34.156716,0.0 -96.45397,34.125095,0.0 -96.453836,34.1141,0.0 -96.478891,34.114195,0.0 -96.563237,34.114274,0.0 -96.572263,34.114289,0.0 -96.58383,34.114314,0.0 -96.585355,34.114459,0.0 -96.58705,34.11738,0.0 -96.586854,34.118018,0.0 -96.583086,34.117835,0.0 -96.582052,34.119102,0.0 -96.581792,34.121429,0.0 -96.582251,34.125327,0.0 -96.58457,34.126848,0.0 -96.588569,34.126743,0.0 -96.590786,34.128038,0.0 -96.594746,34.131426,0.0 -96.599094,34.133914,0.0 -96.600875,34.135583,0.0 -96.600827,34.13796,0.0 -96.59869,34.140397,0.0 -96.600318,34.143283,0.0 -96.602995,34.145635,0.0 -96.604975,34.144556,0.0 -96.605533,34.141223,0.0 -96.606821,34.139873,0.0 -96.610638,34.139769,0.0 -96.613268,34.141377,0.0 -96.613799,34.14198,0.0 -96.612783,34.144407,0.0 -96.609203,34.144239,0.0 -96.607789,34.146176,0.0 -96.609778,34.146889,0.0 -96.611071,34.148409,0.0 -96.613129,34.151981,0.0 -96.619187,34.154043,0.0 -96.620173,34.155355,0.0 -96.619449,34.157111,0.0 -96.619783,34.161191,0.0 -96.620784,34.162041,0.0 -96.621981,34.162244,0.0 -96.625277,34.160527,0.0 -96.62739,34.157699,0.0 -96.627282,34.154627,0.0 -96.628636,34.153698,0.0 -96.632272,34.154645,0.0 -96.635267,34.156432,0.0 -96.63763,34.156508,0.0 -96.641157,34.158398,0.0 -96.64148,34.159718,0.0 -96.640308,34.16295,0.0 -96.636758,34.164429,0.0 -96.636384,34.165877,0.0 -96.638597,34.168103,0.0 -96.641897,34.168243,0.0 -96.643376,34.168066,0.0 -96.649451,34.16278,0.0 -96.653728,34.161402,0.0 -96.656145,34.161193,0.0 -96.659698,34.163783,0.0 -96.661857,34.165689,0.0 -96.663287,34.16788,0.0 -96.665476,34.168808,0.0 -96.667751,34.166758,0.0 -96.669711,34.169103,0.0 -96.669963,34.172521,0.0 -96.713244,34.172553,0.0 -96.712717,34.170603,0.0 -96.711043,34.168163,0.0 -96.707567,34.164703,0.0 -96.706322,34.162645,0.0 -96.705858,34.160154,0.0 -96.705923,34.148818,0.0 -96.706095,34.146898,0.0 -96.707594,34.143965,0.0 -96.723015,34.129013,0.0 -96.714699,34.128977,0.0 -96.714699,34.114421,0.0 -96.705956,34.114447,0.0 -96.70607,34.099907,0.0 -96.710942,34.09994,0.0 -96.710454,34.099295,0.0 -96.71039,34.085386,0.0 -96.70607,34.085391,0.0 -96.70604,34.070893,0.0 -96.709304,34.070834,0.0 -96.717562,34.070857,0.0 -96.717559,34.07,0.0 -96.717504,34.049612,0.0 -96.726298,34.050098,0.0</coordinates>
</LinearRing>
</outerBoundaryIs>
</Polygon>
</Placemark>
<Placemark id="cb_2023_40_sldl_500k">
<name>&lt;at&gt;&lt;openparen&gt;40022&lt;closeparen&gt;</name>
<visibility>1</visibility>
<description><![CDATA[<center><table><tr><th colspan='2' align='center'><em>Attributes</em></th></tr><tr bgcolor="#E3E3F3">
<th>STATEFP</th>
<td>40</td>
</tr><tr bgcolor="">
<th>SLDLST</th>
<td>022</td>
</tr><tr bgcolor="#E3E3F3">
<th>GEOIDFQ</th>
<td>620L800US40022</td>
</tr><tr bgcolor="">
<th>GEOID</th>
<td>40022</td>
</tr><tr bgcolor="#E3E3F3">
<th>NAME</th>
<td>22</td>
</tr><tr bgcolor="">
<th>NAMELSAD</th>
<td>State House District 22</td>
</tr><tr bgcolor="#E3E3F3">
<th>STUSPS</th>
<td>OK</td>
</tr><tr bgcolor="">
<th>STATE_NAME</th>
<td>Oklahoma</td>
</tr><tr bgcolor="#E3E3F3">
<th>LSAD</th>
<td>LL</td>
</tr><tr bgcolor="">
<th>LSY</th>
<td>2022</td>
</tr><tr bgcolor="#E3E3F3">
<th>ALAND</th>
<td>4901958243</td>
</tr><tr bgcolor="">
<th>AWATER</th>
<td>100081227</td>
</tr></table></center>]]></description>
<LookAt>
<longitude>-102</longitude>
<latitude>38.5</latitude>
<range>7000000</range>
<tilt>10</tilt>
<heading>0</heading>
</LookAt>
<styleUrl>#KMLStyler</styleUrl>
<ExtendedData>
<SchemaData schemaUrl="#kml_schema_ft_cb_2023_40_sldl_500k">
<SimpleData name="STATEFP">40</SimpleData>
<SimpleData name="SLDLST">022</SimpleData>
<SimpleData name="GEOIDFQ">620L800US40022</SimpleData>
<SimpleData name="GEOID">40022</SimpleData>
<SimpleData name="NAME">22</SimpleData>
<SimpleData name="NAMELSAD">State House District 22</SimpleData>
<SimpleData name="STUSPS">OK</SimpleData>
<SimpleData name="STATE_NAME">Oklahoma</SimpleData>
<SimpleData name="LSAD">LL</SimpleData>
<SimpleData name="LSY">2022</SimpleData>
<SimpleData name="ALAND">4901958243</SimpleData>
<SimpleData name="AWATER">100081227</SimpleData>
</SchemaData>
</ExtendedData>
<Polygon>
<extrude>0</extrude>
<tessellate>1</tessellate>
<altitudeMode>clampToGround</altitudeMode>
<outerBoundaryIs>
<LinearRing>
<coordinates>-97.200073,34.622762,0.0 -97.197424,34.62087,0.0 -97.195344,34.618249,0.0 -97.194838,34.616145,0.0 -97.195806,34.614928,0.0 -97.198216,34.613815,0.0 -97.199007,34.611469,0.0 -97.198015,34.608759,0.0 -97.196664,34.607228,0.0 -97.195453,34.606737,0.0 -97.192644,34.6067,0.0 -97.190676,34.605607,0.0 -97.190454,34.604637,0.0 -97.192352,34.602694,0.0 -97.192877,34.600639,0.0 -97.19134,34.597443,0.0 -97.190278,34.596374,0.0 -97.18935,34.596011,0.0 -97.18596,34.596198,0.0 -97.184844,34.595303,0.0 -97.180529,34.595036,0.0 -97.175956,34.595659,0.0 -97.173979,34.595011,0.0 -97.171495,34.593265,0.0 -97.170223,34.590109,0.0 -97.167061,34.588181,0.0 -97.167418,34.58608,0.0 -97.168906,34.585845,0.0 -97.173519,34.586814,0.0 -97.174401,34.586205,0.0 -97.174196,34.584851,0.0 -97.173064,34.583747,0.0 -97.173001,34.581073,0.0 -97.171613,34.578577,0.0 -97.170219,34.577282,0.0 -97.167963,34.576103,0.0 -97.164304,34.575034,0.0 -97.164306,34.573638,0.0 -97.165189,34.572508,0.0 -97.167468,34.572376,0.0 -97.171932,34.574211,0.0 -97.174337,34.574311,0.0 -97.176025,34.57159,0.0 -97.175465,34.569554,0.0 -97.174129,34.568196,0.0 -97.173167,34.565067,0.0 -97.171558,34.563713,0.0 -97.169622,34.56315,0.0 -97.164108,34.563116,0.0 -97.158415,34.564693,0.0 -97.157314,34.563995,0.0 -97.157438,34.562801,0.0 -97.159373,34.561427,0.0 -97.164313,34.559761,0.0 -97.164765,34.559197,0.0 -97.162534,34.556469,0.0 -97.158403,34.553392,0.0 -97.157504,34.552163,0.0 -97.158449,34.5501,0.0 -97.159513,34.549437,0.0 -97.163343,34.548506,0.0 -97.163686,34.547405,0.0 -97.16243,34.542769,0.0 -97.161961,34.540869,0.0 -97.160641,34.538025,0.0 -97.16021,34.534866,0.0 -97.16202,34.532701,0.0 -97.164806,34.532903,0.0 -97.165706,34.531686,0.0 -97.164864,34.530638,0.0 -97.161671,34.530254,0.0 -97.160347,34.529716,0.0 -97.159184,34.528054,0.0 -97.159076,34.52505,0.0 -97.158054,34.522714,0.0 -97.156792,34.521777,0.0 -97.153292,34.521226,0.0 -97.149808,34.521423,0.0 -97.146496,34.522512,0.0 -97.144282,34.522017,0.0 -97.143736,34.520719,0.0 -97.145224,34.518964,0.0 -97.14807,34.518286,0.0 -97.150153,34.518356,0.0 -97.153095,34.516788,0.0 -97.150331,34.513285,0.0 -97.148765,34.512186,0.0 -97.144025,34.509914,0.0 -97.143371,34.508825,0.0 -97.143973,34.506606,0.0 -97.14939,34.506598,0.0 -97.16981,34.506649,0.0 -97.174136,34.506655,0.0 -97.173946,34.506364,0.0 -97.16908,34.498401,0.0 -97.162561,34.489463,0.0 -97.159997,34.485379,0.0 -97.158691,34.482523,0.0 -97.156152,34.474539,0.0 -97.153451,34.469657,0.0 -97.151272,34.466925,0.0 -97.135436,34.450496,0.0 -97.133226,34.448217,0.0 -97.130525,34.445376,0.0 -97.129306,34.443417,0.0 -97.128913,34.442065,0.0 -97.128708,34.438719,0.0 -97.12928,34.436638,0.0 -97.131806,34.432395,0.0 -97.131901,34.432178,0.0 -97.133513,34.428467,0.0 -97.134338,34.42513,0.0 -97.137631,34.41658,0.0 -97.141318,34.401069,0.0 -97.141948,34.396713,0.0 -97.141935,34.388703,0.0 -97.142525,34.383369,0.0 -97.144874,34.376051,0.0 -97.038239,34.375707,0.0 -97.036542,34.375417,0.0 -97.035932,34.374232,0.0 -97.033734,34.372915,0.0 -97.034384,34.371626,0.0 -97.038135,34.368465,0.0 -97.038838,34.36691,0.0 -97.038393,34.364948,0.0 -97.035568,34.361982,0.0 -97.034856,34.36061,0.0 -97.034748,34.358052,0.0 -97.035214,34.35538,0.0 -97.034251,34.35413,0.0 -97.031663,34.352138,0.0 -97.031546,34.350524,0.0 -97.035683,34.347589,0.0 -97.042611,34.344608,0.0 -97.042639,34.341783,0.0 -97.040644,34.3385,0.0 -97.039515,34.33754,0.0 -97.032922,34.335172,0.0 -97.030744,34.334875,0.0 -97.02912,34.333262,0.0 -97.02919,34.332235,0.0 -97.014164,34.33234,0.0 -96.933305,34.332561,0.0 -96.933411,34.245662,0.0 -96.933256,34.226968,0.0 -96.933443,34.214565,0.0 -96.933448,34.214517,0.0 -96.933466,34.2019,0.0 -96.93348,34.190936,0.0 -96.933493,34.179987,0.0 -96.933503,34.172748,0.0 -96.889539,34.172473,0.0 -96.887786,34.172374,0.0 -96.88708,34.172541,0.0 -96.845598,34.172571,0.0 -96.837718,34.172552,0.0 -96.752346,34.172547,0.0 -96.713244,34.172553,0.0 -96.669963,34.172521,0.0 -96.669711,34.169103,0.0 -96.667751,34.166758,0.0 -96.665476,34.168808,0.0 -96.663287,34.16788,0.0 -96.661857,34.165689,0.0 -96.659698,34.163783,0.0 -96.656145,34.161193,0.0 -96.653728,34.161402,0.0 -96.649451,34.16278,0.0 -96.643376,34.168066,0.0 -96.641897,34.168243,0.0 -96.638597,34.168103,0.0 -96.636384,34.165877,0.0 -96.636758,34.164429,0.0 -96.640308,34.16295,0.0 -96.64148,34.159718,0.0 -96.641157,34.158398,0.0 -96.63763,34.156508,0.0 -96.635267,34.156432,0.0 -96.632272,34.154645,0.0 -96.628636,34.153698,0.0 -96.627282,34.154627,0.0 -96.62739,34.157699,0.0 -96.625277,34.160527,0.0 -96.621981,34.162244,0.0 -96.620784,34.162041,0.0 -96.619783,34.161191,0.0 -96.619449,34.157111,0.0 -96.620173,34.155355,0.0 -96.619187,34.154043,0.0 -96.613129,34.151981,0.0 -96.611071,34.148409,0.0 -96.609778,34.146889,0.0 -96.607789,34.146176,0.0 -96.609203,34.144239,0.0 -96.612783,34.144407,0.0 -96.613799,34.14198,0.0 -96.613268,34.141377,0.0 -96.610638,34.139769,0.0 -96.606821,34.139873,0.0 -96.605533,34.141223,0.0 -96.604975,34.144556,0.0 -96.602995,34.145635,0.0 -96.600318,34.143283,0.0 -96.59869,34.140397,0.0 -96.600827,34.13796,0.0 -96.600875,34.135583,0.0 -96.599094,34.133914,0.0 -96.594746,34.131426,0.0 -96.590786,34.128038,0.0 -96.588569,34.126743,0.0 -96.58457,34.126848,0.0 -96.582251,34.125327,0.0 -96.581792,34.121429,0.0 -96.582052,34.119102,0.0 -96.583086,34.117835,0.0 -96.586854,34.118018,0.0 -96.58705,34.11738,0.0 -96.585355,34.114459,0.0 -96.58383,34.114314,0.0 -96.572263,34.114289,0.0 -96.563237,34.114274,0.0 -96.478891,34.114195,0.0 -96.453836,34.1141,0.0 -96.45397,34.125095,0.0 -96.453813,34.156716,0.0 -96.453901,34.157348,0.0 -96.413538,34.157335,0.0 -96.410577,34.157326,0.0 -96.407517,34.157317,0.0 -96.407517,34.157188,0.0 -96.388745,34.157165,0.0 -96.372653,34.157177,0.0 -96.355669,34.157186,0.0 -96.320709,34.157179,0.0 -96.284894,34.157083,0.0 -96.279867,34.15709,0.0 -96.268274,34.157088,0.0 -96.235491,34.15703,0.0 -96.233953,34.157172,0.0 -96.22305,34.15714,0.0 -96.221561,34.15701,0.0 -96.147633,34.156966,0.0 -96.102549,34.156942,0.0 -96.085925,34.156926,0.0 -96.071094,34.156906,0.0 -96.068649,34.156906,0.0 -96.051847,34.156863,0.0 -95.998535,34.156818,0.0 -95.991578,34.156805,0.0 -95.991538,34.156805,0.0 -95.987767,34.156795,0.0 -95.919018,34.156734,0.0 -95.919298,34.16349,0.0 -95.918437,34.165057,0.0 -95.918642,34.168702,0.0 -95.918751,34.19782,0.0 -95.919298,34.199194,0.0 -95.922093,34.200948,0.0 -95.923602,34.205774,0.0 -95.925414,34.209684,0.0 -95.927106,34.211961,0.0 -95.92902,34.216332,0.0 -95.928967,34.220453,0.0 -95.928354,34.22343,0.0 -95.929746,34.226939,0.0 -95.932849,34.229196,0.0 -95.935818,34.232266,0.0 -95.937307,34.231867,0.0 -95.939116,34.229717,0.0 -95.987254,34.229311,0.0 -95.987356,34.234386,0.0 -95.988111,34.236594,0.0 -95.988057,34.258428,0.0 -95.993025,34.258325,0.0 -96.005451,34.258472,0.0 -96.005486,34.272833,0.0 -96.040501,34.273024,0.0 -96.040476,34.302045,0.0 -96.022993,34.302041,0.0 -96.022898,34.309394,0.0 -96.022921,34.312491,0.0 -96.023079,34.31326,0.0 -96.022932,34.316588,0.0 -96.016834,34.315661,0.0 -96.017503,34.313954,0.0 -96.015628,34.312787,0.0 -96.014609,34.310973,0.0 -96.014528,34.31648,0.0 -96.005361,34.316488,0.0 -96.005411,34.331029,0.0 -96.005109,34.334962,0.0 -96.005083,34.343833,0.0 -96.001224,34.345575,0.0 -95.996863,34.345472,0.0 -95.994965,34.347555,0.0 -95.992881,34.348779,0.0 -95.99059,34.347942,0.0 -95.989498,34.346095,0.0 -95.988148,34.345351,0.0 -95.988108,34.356185,0.0 -95.987975,34.3617,0.0 -95.987548,34.362202,0.0 -95.988182,34.374439,0.0 -95.968646,34.374397,0.0 -95.967804,34.374488,0.0 -95.960219,34.374237,0.0 -95.90078,34.373962,0.0 -95.900819,34.388497,0.0 -95.89934,34.388512,0.0 -95.883297,34.38847,0.0 -95.866853,34.388605,0.0 -95.866901,34.403198,0.0 -95.866356,34.417339,0.0 -95.779244,34.417569,0.0 -95.779134,34.506644,0.0 -95.73172,34.506719,0.0 -95.729138,34.506721,0.0 -95.726913,34.506724,0.0 -95.706644,34.50675,0.0 -95.679451,34.506786,0.0 -95.674334,34.506792,0.0 -95.67175,34.506794,0.0 -95.671777,34.543412,0.0 -95.671784,34.554014,0.0 -95.67181,34.593732,0.0 -95.689539,34.593722,0.0 -95.697914,34.593698,0.0 -95.753119,34.593701,0.0 -95.806648,34.593658,0.0 -95.829033,34.593622,0.0 -95.881987,34.593528,0.0 -95.882057,34.622354,0.0 -95.88212,34.651618,0.0 -95.882198,34.680475,0.0 -95.901754,34.680551,0.0 -95.92965,34.680544,0.0 -96.039627,34.680464,0.0 -96.088517,34.680378,0.0 -96.092043,34.680556,0.0 -96.09211,34.675017,0.0 -96.091885,34.673085,0.0 -96.092106,34.668001,0.0 -96.09209,34.614027,0.0 -96.092238,34.61312,0.0 -96.092112,34.60754,0.0 -96.103914,34.607573,0.0 -96.104791,34.607498,0.0 -96.161091,34.607176,0.0 -96.159994,34.604956,0.0 -96.16157,34.605117,0.0 -96.162303,34.604024,0.0 -96.163247,34.604975,0.0 -96.164255,34.604315,0.0 -96.163968,34.60325,0.0 -96.162299,34.602637,0.0 -96.163384,34.601396,0.0 -96.165385,34.601099,0.0 -96.166821,34.599357,0.0 -96.169249,34.599678,0.0 -96.169903,34.601228,0.0 -96.170186,34.603894,0.0 -96.174595,34.604266,0.0 -96.176302,34.606247,0.0 -96.179431,34.606655,0.0 -96.179962,34.595162,0.0 -96.18332,34.592999,0.0 -96.196854,34.592949,0.0 -96.214371,34.592929,0.0 -96.214372,34.592807,0.0 -96.214318,34.55497,0.0 -96.214307,34.548102,0.0 -96.21871,34.547725,0.0 -96.220416,34.54854,0.0 -96.222104,34.548597,0.0 -96.223642,34.546533,0.0 -96.225254,34.548193,0.0 -96.22571,34.547039,0.0 -96.226764,34.547087,0.0 -96.226104,34.545917,0.0 -96.228146,34.545441,0.0 -96.231017,34.54408,0.0 -96.233337,34.544344,0.0 -96.234821,34.545175,0.0 -96.237243,34.544568,0.0 -96.2383,34.543441,0.0 -96.239413,34.543598,0.0 -96.240567,34.542393,0.0 -96.241607,34.542616,0.0 -96.242402,34.541481,0.0 -96.245738,34.541361,0.0 -96.245505,34.542727,0.0 -96.247122,34.542109,0.0 -96.248712,34.543445,0.0 -96.24932,34.539514,0.0 -96.249422,34.534893,0.0 -96.245106,34.534914,0.0 -96.256117,34.531602,0.0 -96.262093,34.530503,0.0 -96.262867,34.530087,0.0 -96.294085,34.509824,0.0 -96.302388,34.505809,0.0 -96.302393,34.498545,0.0 -96.303222,34.498156,0.0 -96.310047,34.498156,0.0 -96.311169,34.49727,0.0 -96.311151,34.476412,0.0 -96.337105,34.476423,0.0 -96.339661,34.478143,0.0 -96.344783,34.478173,0.0 -96.346942,34.477363,0.0 -96.350367,34.475111,0.0 -96.350631,34.473242,0.0 -96.363731,34.472848,0.0 -96.364094,34.47653,0.0 -96.406943,34.476425,0.0 -96.408356,34.476421,0.0 -96.407986,34.473027,0.0 -96.410194,34.467042,0.0 -96.409974,34.464226,0.0 -96.409226,34.4634,0.0 -96.409828,34.461982,0.0 -96.452606,34.462047,0.0 -96.453371,34.462312,0.0 -96.453371,34.463085,0.0 -96.453997,34.463237,0.0 -96.46239,34.463211,0.0 -96.462416,34.463122,0.0 -96.465946,34.463246,0.0 -96.513773,34.463188,0.0 -96.513787,34.505396,0.0 -96.565979,34.505484,0.0 -96.6284,34.505719,0.0 -96.629008,34.505692,0.0 -96.676373,34.505783,0.0 -96.695033,34.505806,0.0 -96.740376,34.505903,0.0 -96.757536,34.505947,0.0 -96.758374,34.505841,0.0 -96.827343,34.506062,0.0 -96.827308,34.520611,0.0 -96.827144,34.59322,0.0 -96.844869,34.593294,0.0 -96.909763,34.593267,0.0 -96.932423,34.593261,0.0 -96.932452,34.636812,0.0 -97.002588,34.636799,0.0 -97.002661,34.636803,0.0 -97.00379,34.636929,0.0 -97.019727,34.636966,0.0 -97.072639,34.637001,0.0 -97.090193,34.636997,0.0 -97.142671,34.637126,0.0 -97.142604,34.622593,0.0 -97.162315,34.62261,0.0 -97.200073,34.622762,0.0</coordinates>
</LinearRing>
</outerBoundaryIs>
</Polygon>
</Placemark>
<Placemark id="cb_2023_40_sldl_500k">
<name>&lt;at&gt;&lt;openparen&gt;40023&lt;closeparen&gt;</name>
<visibility>1</visibility>
<description><![CDATA[<center><table><tr><th colspan='2' align='center'><em>Attributes</em></th></tr><tr bgcolor="#E3E3F3">
<th>STATEFP</th>
<td>40</td>
</tr><tr bgcolor="">
<th>SLDLST</th>
<td>023</td>
</tr><tr bgcolor="#E3E3F3">
<th>GEOIDFQ</th>
<td>620L800US40023</td>
</tr><tr bgcolor="">
<th>GEOID</th>
<td>40023</td>
</tr><tr bgcolor="#E3E3F3">
<th>NAME</th>
<td>23</td>
</tr><tr bgcolor="">
<th>NAMELSAD</th>
<td>State House District 23</td>
</tr><tr bgcolor="#E3E3F3">
<th>STUSPS</th>
<td>OK</td>
</tr><tr bgcolor="">
<th>STATE_NAME</th>
<td>Oklahoma</td>
</tr><tr bgcolor="#E3E3F3">
<th>LSAD</th>
<td>LL</td>
</tr><tr bgcolor="">
<th>LSY</th>
<td>2022</td>
</tr><tr bgcolor="#E3E3F3">
<th>ALAND</th>
<td>279093060</td>
</tr><tr bgcolor="">
<th>AWATER</th>
<td>3485542</td>
</tr></table></center>]]></description>
<LookAt>
<longitude>-102</longitude>
<latitude>38.5</latitude>
<range>7000000</range>
<tilt>10</tilt>
<heading>0</heading>
</LookAt>
<styleUrl>#KMLStyler</styleUrl>
<ExtendedData>
<SchemaData schemaUrl="#kml_schema_ft_cb_2023_40_sldl_500k">
<SimpleData name="STATEFP">40</SimpleData>
<SimpleData name="SLDLST">023</SimpleData>
<SimpleData name="GEOIDFQ">620L800US40023</SimpleData>
<SimpleData name="GEOID">40023</SimpleData>
<SimpleData name="NAME">23</SimpleData>
<SimpleData name="NAMELSAD">State House District 23</SimpleData>
<SimpleData name="STUSPS">OK</SimpleData>
<SimpleData name="STATE_NAME">Oklahoma</SimpleData>
<SimpleData name="LSAD">LL</SimpleData>
<SimpleData name="LSY">2022</SimpleData>
<SimpleData name="ALAND">279093060</SimpleData>
<SimpleData name="AWATER">3485542</SimpleData>
</SchemaData>
</ExtendedData>
<Polygon>
<extrude>0</extrude>
<tessellate>1</tessellate>
<altitudeMode>clampToGround</altitudeMode>
<outerBoundaryIs>
<LinearRing>
<coordinates>-95.851106,36.14581,0.0 -95.851115,36.137983,0.0 -95.851065,36.133459,0.0 -95.851106,36.128571,0.0 -95.851105,36.119003,0.0 -95.841658,36.11897,0.0 -95.833236,36.118926,0.0 -95.826428,36.11898,0.0 -95.824778,36.118944,0.0 -95.823766,36.118948,0.0 -95.821123,36.119022,0.0 -95.815393,36.118945,0.0 -95.810622,36.1188,0.0 -95.761858,36.118905,0.0 -95.761641,36.118981,0.0 -95.752963,36.11901,0.0 -95.743962,36.119028,0.0 -95.734401,36.118981,0.0 -95.734376,36.111657,0.0 -95.726129,36.111638,0.0 -95.72612,36.10444,0.0 -95.708236,36.104401,0.0 -95.694827,36.104341,0.0 -95.690781,36.104342,0.0 -95.690358,36.104708,0.0 -95.690315,36.104349,0.0 -95.681485,36.104369,0.0 -95.672467,36.104295,0.0 -95.672529,36.1333,0.0 -95.67256,36.140586,0.0 -95.67256,36.140707,0.0 -95.67261,36.147973,0.0 -95.672617,36.150822,0.0 -95.672658,36.156661,0.0 -95.672665,36.15789,0.0 -95.672685,36.160392,0.0 -95.672684,36.162333,0.0 -95.63685,36.16245,0.0 -95.619832,36.162694,0.0 -95.619185,36.162602,0.0 -95.619157,36.163621,0.0 -95.619378,36.164734,0.0 -95.619728,36.166285,0.0 -95.619887,36.171546,0.0 -95.622233,36.174192,0.0 -95.622276,36.176252,0.0 -95.619804,36.177895,0.0 -95.619754,36.182569,0.0 -95.618591,36.185579,0.0 -95.620345,36.188497,0.0 -95.619699,36.191065,0.0 -95.617809,36.191802,0.0 -95.615458,36.19188,0.0 -95.613201,36.190618,0.0 -95.609042,36.1928,0.0 -95.606984,36.194306,0.0 -95.604621,36.197267,0.0 -95.603403,36.20125,0.0 -95.602959,36.206523,0.0 -95.599878,36.211307,0.0 -95.598078,36.216004,0.0 -95.598398,36.219288,0.0 -95.600696,36.219648,0.0 -95.604283,36.221373,0.0 -95.606864,36.22536,0.0 -95.609125,36.225962,0.0 -95.616167,36.224696,0.0 -95.622227,36.224094,0.0 -95.625259,36.223377,0.0 -95.625254,36.223883,0.0 -95.61925,36.225025,0.0 -95.609696,36.226303,0.0 -95.607446,36.226298,0.0 -95.606604,36.225826,0.0 -95.605015,36.225672,0.0 -95.602016,36.224247,0.0 -95.600715,36.223244,0.0 -95.600753,36.224215,0.0 -95.602604,36.225345,0.0 -95.604242,36.226154,0.0 -95.601772,36.228695,0.0 -95.599622,36.227764,0.0 -95.598501,36.226608,0.0 -95.597102,36.227791,0.0 -95.600839,36.23014,0.0 -95.598175,36.231312,0.0 -95.597514,36.229965,0.0 -95.595656,36.23002,0.0 -95.594341,36.231546,0.0 -95.596793,36.231783,0.0 -95.59721,36.233804,0.0 -95.597928,36.234548,0.0 -95.60026,36.23358,0.0 -95.602014,36.233626,0.0 -95.602596,36.234712,0.0 -95.600283,36.234789,0.0 -95.598984,36.236122,0.0 -95.600265,36.237166,0.0 -95.599459,36.237805,0.0 -95.597091,36.23644,0.0 -95.594856,36.237195,0.0 -95.596964,36.237507,0.0 -95.597469,36.238267,0.0 -95.599629,36.238754,0.0 -95.600166,36.240456,0.0 -95.601758,36.240225,0.0 -95.602977,36.24082,0.0 -95.603034,36.241481,0.0 -95.600854,36.242156,0.0 -95.602047,36.24314,0.0 -95.601431,36.243871,0.0 -95.600184,36.242544,0.0 -95.598693,36.243897,0.0 -95.598935,36.246375,0.0 -95.5964,36.247158,0.0 -95.598513,36.248025,0.0 -95.597348,36.2501,0.0 -95.598229,36.250763,0.0 -95.600607,36.249705,0.0 -95.600278,36.25123,0.0 -95.601589,36.251316,0.0 -95.599795,36.253228,0.0 -95.60121,36.253478,0.0 -95.6016,36.254959,0.0 -95.599237,36.254998,0.0 -95.599519,36.253982,0.0 -95.596804,36.253334,0.0 -95.597129,36.254971,0.0 -95.599023,36.255863,0.0 -95.596885,36.257562,0.0 -95.597659,36.259755,0.0 -95.598595,36.260583,0.0 -95.601176,36.261183,0.0 -95.603328,36.260536,0.0 -95.60485,36.262569,0.0 -95.606367,36.262994,0.0 -95.605444,36.263702,0.0 -95.606558,36.264535,0.0 -95.609295,36.264386,0.0 -95.609962,36.2669,0.0 -95.607333,36.269989,0.0 -95.608777,36.270366,0.0 -95.607318,36.270817,0.0 -95.606411,36.272052,0.0 -95.607835,36.271847,0.0 -95.608619,36.273637,0.0 -95.607176,36.273776,0.0 -95.608825,36.275898,0.0 -95.608325,36.277882,0.0 -95.611573,36.2784,0.0 -95.62175,36.27846,0.0 -95.62402,36.27903,0.0 -95.62518,36.27924,0.0 -95.62806,36.278441,0.0 -95.628355,36.27844,0.0 -95.6328,36.27844,0.0 -95.640844,36.278412,0.0 -95.65076,36.2784,0.0 -95.651029,36.2784,0.0 -95.65958,36.278393,0.0 -95.66376,36.27839,0.0 -95.66871,36.27838,0.0 -95.669726,36.278402,0.0 -95.670637,36.27838,0.0 -95.679073,36.278581,0.0 -95.679106,36.278418,0.0 -95.679351,36.27842,0.0 -95.681232,36.274367,0.0 -95.682263,36.271516,0.0 -95.683681,36.269446,0.0 -95.686808,36.266766,0.0 -95.688232,36.263992,0.0 -95.68992,36.262845,0.0 -95.693128,36.263531,0.0 -95.694552,36.265678,0.0 -95.697184,36.266095,0.0 -95.698574,36.266853,0.0 -95.700562,36.27017,0.0 -95.703146,36.272449,0.0 -95.709189,36.273025,0.0 -95.712886,36.273782,0.0 -95.71575,36.273395,0.0 -95.71713,36.272936,0.0 -95.720074,36.270708,0.0 -95.721678,36.270407,0.0 -95.723749,36.270895,0.0 -95.727525,36.270201,0.0 -95.729534,36.268745,0.0 -95.731471,36.266711,0.0 -95.732538,36.266323,0.0 -95.735826,36.266544,0.0 -95.741042,36.267347,0.0 -95.742676,36.266604,0.0 -95.743957,36.265527,0.0 -95.744465,36.264978,0.0 -95.744471,36.264599,0.0 -95.738663,36.25995,0.0 -95.736045,36.258529,0.0 -95.73403,36.256316,0.0 -95.733629,36.254598,0.0 -95.733939,36.249713,0.0 -95.74511,36.249698,0.0 -95.74955,36.24946,0.0 -95.75838,36.24949,0.0 -95.75838,36.246078,0.0 -95.758382,36.245889,0.0 -95.75841,36.24304,0.0 -95.76052,36.23977,0.0 -95.76004,36.23516,0.0 -95.76004,36.23496,0.0 -95.76002,36.23251,0.0 -95.7602,36.232469,0.0 -95.761329,36.232209,0.0 -95.7685,36.23078,0.0 -95.80205,36.2258,0.0 -95.807956,36.225449,0.0 -95.81527,36.22445,0.0 -95.815344,36.222296,0.0 -95.815352,36.206133,0.0 -95.8154,36.16263,0.0 -95.815392,36.162443,0.0 -95.815415,36.160631,0.0 -95.815402,36.147976,0.0 -95.823225,36.147971,0.0 -95.833292,36.148004,0.0 -95.837785,36.147977,0.0 -95.848069,36.147997,0.0 -95.851106,36.14581,0.0</coordinates>
</LinearRing>
</outerBoundaryIs>
</Polygon>
</Placemark>
<Placemark id="cb_2023_40_sldl_500k">
<name>&lt;at&gt;&lt;openparen&gt;40024&lt;closeparen&gt;</name>
<visibility>1</visibility>
<description><![CDATA[<center><table><tr><th colspan='2' align='center'><em>Attributes</em></th></tr><tr bgcolor="#E3E3F3">
<th>STATEFP</th>
<td>40</td>
</tr><tr bgcolor="">
<th>SLDLST</th>
<td>024</td>
</tr><tr bgcolor="#E3E3F3">
<th>GEOIDFQ</th>
<td>620L800US40024</td>
</tr><tr bgcolor="">
<th>GEOID</th>
<td>40024</td>
</tr><tr bgcolor="#E3E3F3">
<th>NAME</th>
<td>24</td>
</tr><tr bgcolor="">
<th>NAMELSAD</th>
<td>State House District 24</td>
</tr><tr bgcolor="#E3E3F3">
<th>STUSPS</th>
<td>OK</td>
</tr><tr bgcolor="">
<th>STATE_NAME</th>
<td>Oklahoma</td>
</tr><tr bgcolor="#E3E3F3">
<th>LSAD</th>
<td>LL</td>
</tr><tr bgcolor="">
<th>LSY</th>
<td>2022</td>
</tr><tr bgcolor="#E3E3F3">
<th>ALAND</th>
<td>545087043</td>
</tr><tr bgcolor="">
<th>AWATER</th>
<td>3979953</td>
</tr></table></center>]]></description>
<LookAt>
<longitude>-102</longitude>
<latitude>38.5</latitude>
<range>7000000</range>
<tilt>10</tilt>
<heading>0</heading>
</LookAt>
<styleUrl>#KMLStyler</styleUrl>
<ExtendedData>
<SchemaData schemaUrl="#kml_schema_ft_cb_2023_40_sldl_500k">
<SimpleData name="STATEFP">40</SimpleData>
<SimpleData name="SLDLST">024</SimpleData>
<SimpleData name="GEOIDFQ">620L800US40024</SimpleData>
<SimpleData name="GEOID">40024</SimpleData>
<SimpleData name="NAME">24</SimpleData>
<SimpleData name="NAMELSAD">State House District 24</SimpleData>
<SimpleData name="STUSPS">OK</SimpleData>
<SimpleData name="STATE_NAME">Oklahoma</SimpleData>
<SimpleData name="LSAD">LL</SimpleData>
<SimpleData name="LSY">2022</SimpleData>
<SimpleData name="ALAND">545087043</SimpleData>
<SimpleData name="AWATER">3979953</SimpleData>
</SchemaData>
</ExtendedData>
<Polygon>
<extrude>0</extrude>
<tessellate>1</tessellate>
<altitudeMode>clampToGround</altitudeMode>
<outerBoundaryIs>
<LinearRing>
<coordinates>-96.192518,35.769221,0.0 -96.192531,35.740788,0.0 -96.157545,35.74079,0.0 -96.157498,35.755303,0.0 -96.124157,35.755368,0.0 -96.121679,35.755243,0.0 -96.111196,35.755514,0.0 -96.108214,35.755384,0.0 -96.086222,35.755439,0.0 -96.07094,35.755452,0.0 -96.068615,35.755437,0.0 -96.059767,35.755395,0.0 -96.050881,35.755354,0.0 -96.050879,35.755244,0.0 -96.050878,35.748045,0.0 -96.050872,35.74286,0.0 -96.050871,35.742607,0.0 -96.050871,35.740833,0.0 -96.049822,35.740831,0.0 -96.047449,35.740827,0.0 -96.046536,35.740824,0.0 -96.008169,35.740735,0.0 -96.007464,35.740813,0.0 -96.007044,35.74081,0.0 -95.997286,35.740718,0.0 -95.979815,35.740674,0.0 -95.979741,35.740674,0.0 -95.943985,35.740526,0.0 -95.94403,35.759271,0.0 -95.944237,35.760437,0.0 -95.944063,35.761379,0.0 -95.944044,35.769473,0.0 -95.911698,35.769596,0.0 -95.908526,35.769384,0.0 -95.908481,35.812885,0.0 -95.908474,35.827355,0.0 -95.90837,35.856399,0.0 -95.908403,35.870337,0.0 -95.908405,35.870886,0.0 -95.908405,35.871194,0.0 -95.908143,35.901137,0.0 -95.904526,35.901149,0.0 -95.904453,35.915618,0.0 -95.904395,35.930115,0.0 -95.886585,35.930153,0.0 -95.877601,35.930141,0.0 -95.868786,35.930228,0.0 -95.868761,35.931127,0.0 -95.868722,35.932578,0.0 -95.868757,35.944744,0.0 -95.868816,35.948826,0.0 -95.868744,35.951863,0.0 -95.86871,35.969165,0.0 -95.868673,35.973767,0.0 -95.868621,35.988326,0.0 -95.868659,35.996286,0.0 -95.868702,36.001637,0.0 -95.868562,36.002861,0.0 -95.877402,36.002835,0.0 -95.883062,36.0029,0.0 -95.886637,36.002805,0.0 -95.886466,35.996361,0.0 -95.886505,35.988299,0.0 -95.895256,35.988295,0.0 -95.904445,35.98829,0.0 -95.904528,35.973663,0.0 -95.904392,35.968348,0.0 -95.904468,35.965398,0.0 -95.905742,35.967416,0.0 -95.909806,35.968798,0.0 -95.912157,35.972117,0.0 -95.917369,35.973897,0.0 -95.920094,35.973791,0.0 -95.922781,35.973645,0.0 -95.94021,35.973784,0.0 -95.95808,35.973818,0.0 -95.968109,35.973785,0.0 -95.97597,35.973744,0.0 -95.981186,35.973688,0.0 -95.982646,35.973719,0.0 -95.983715,35.973747,0.0 -95.993814,35.973711,0.0 -95.993802,35.966907,0.0 -95.993826,35.959174,0.0 -95.995545,35.959225,0.0 -96.011663,35.959155,0.0 -96.011812,35.944489,0.0 -96.020595,35.944684,0.0 -96.029279,35.944722,0.0 -96.029487,35.944723,0.0 -96.029534,35.922814,0.0 -96.029543,35.91563,0.0 -96.060957,35.915636,0.0 -96.061205,35.915638,0.0 -96.06493,35.91564,0.0 -96.066152,35.9156,0.0 -96.068164,35.915653,0.0 -96.069512,35.915604,0.0 -96.083119,35.915609,0.0 -96.08318,35.922871,0.0 -96.083273,35.922873,0.0 -96.083317,35.915494,0.0 -96.101026,35.9156,0.0 -96.101027,35.91569,0.0 -96.136606,35.915768,0.0 -96.149926,35.915772,0.0 -96.149894,35.915683,0.0 -96.154036,35.915715,0.0 -96.15458,35.91536,0.0 -96.154714,35.908501,0.0 -96.154732,35.901286,0.0 -96.154805,35.90117,0.0 -96.157244,35.900424,0.0 -96.159958,35.898417,0.0 -96.161004,35.898428,0.0 -96.162368,35.899109,0.0 -96.163486,35.902249,0.0 -96.164182,35.902778,0.0 -96.164479,35.902894,0.0 -96.164911,35.90291,0.0 -96.165222,35.902778,0.0 -96.165377,35.902498,0.0 -96.16506,35.901438,0.0 -96.16501,35.901086,0.0 -96.165905,35.901061,0.0 -96.165897,35.899338,0.0 -96.166204,35.893354,0.0 -96.166176,35.881844,0.0 -96.165942,35.878761,0.0 -96.191958,35.878838,0.0 -96.19193,35.85699,0.0 -96.192403,35.856993,0.0 -96.192417,35.791532,0.0 -96.192426,35.770082,0.0 -96.192518,35.769221,0.0</coordinates>
</LinearRing>
</outerBoundaryIs>
</Polygon>
</Placemark>
<Placemark id="cb_2023_40_sldl_500k">
<name>&lt;at&gt;&lt;openparen&gt;40025&lt;closeparen&gt;</name>
<visibility>1</visibility>
<description><![CDATA[<center><table><tr><th colspan='2' align='center'><em>Attributes</em></th></tr><tr bgcolor="#E3E3F3">
<th>STATEFP</th>
<td>40</td>
</tr><tr bgcolor="">
<th>SLDLST</th>
<td>025</td>
</tr><tr bgcolor="#E3E3F3">
<th>GEOIDFQ</th>
<td>620L800US40025</td>
</tr><tr bgcolor="">
<th>GEOID</th>
<td>40025</td>
</tr><tr bgcolor="#E3E3F3">
<th>NAME</th>
<td>25</td>
</tr><tr bgcolor="">
<th>NAMELSAD</th>
<td>State House District 25</td>
</tr><tr bgcolor="#E3E3F3">
<th>STUSPS</th>
<td>OK</td>
</tr><tr bgcolor="">
<th>STATE_NAME</th>
<td>Oklahoma</td>
</tr><tr bgcolor="#E3E3F3">
<th>LSAD</th>
<td>LL</td>
</tr><tr bgcolor="">
<th>LSY</th>
<td>2022</td>
</tr><tr bgcolor="#E3E3F3">
<th>ALAND</th>
<td>2141320408</td>
</tr><tr bgcolor="">
<th>AWATER</th>
<td>17479861</td>
</tr></table></center>]]></description>
<LookAt>
<longitude>-102</longitude>
<latitude>38.5</latitude>
<range>7000000</range>
<tilt>10</tilt>
<heading>0</heading>
</LookAt>
<styleUrl>#KMLStyler</styleUrl>
<ExtendedData>
<SchemaData schemaUrl="#kml_schema_ft_cb_2023_40_sldl_500k">
<SimpleData name="STATEFP">40</SimpleData>
<SimpleData name="SLDLST">025</SimpleData>
<SimpleData name="GEOIDFQ">620L800US40025</SimpleData>
<SimpleData name="GEOID">40025</SimpleData>
<SimpleData name="NAME">25</SimpleData>
<SimpleData name="NAMELSAD">State House District 25</SimpleData>
<SimpleData name="STUSPS">OK</SimpleData>
<SimpleData name="STATE_NAME">Oklahoma</SimpleData>
<SimpleData name="LSAD">LL</SimpleData>
<SimpleData name="LSY">2022</SimpleData>
<SimpleData name="ALAND">2141320408</SimpleData>
<SimpleData name="AWATER">17479861</SimpleData>
</SchemaData>
</ExtendedData>
<Polygon>
<extrude>0</extrude>
<tessellate>1</tessellate>
<altitudeMode>clampToGround</altitudeMode>
<outerBoundaryIs>
<LinearRing>
<coordinates>-97.142314,35.012048,0.0 -97.142349,34.928176,0.0 -97.139757,34.927137,0.0 -97.135805,34.924399,0.0 -97.133689,34.924693,0.0 -97.132431,34.926168,0.0 -97.132842,34.928091,0.0 -97.134465,34.930375,0.0 -97.134932,34.932594,0.0 -97.132867,34.934642,0.0 -97.128744,34.934035,0.0 -97.124031,34.934113,0.0 -97.116794,34.935173,0.0 -97.114,34.935101,0.0 -97.110449,34.934362,0.0 -97.106021,34.9329,0.0 -97.101296,34.930324,0.0 -97.102355,34.928708,0.0 -97.104474,34.928098,0.0 -97.106973,34.921371,0.0 -97.108912,34.918013,0.0 -97.112241,34.916418,0.0 -97.116242,34.913811,0.0 -97.118642,34.912629,0.0 -97.119128,34.910639,0.0 -97.120354,34.909205,0.0 -97.119813,34.908227,0.0 -97.121359,34.904742,0.0 -97.120889,34.901379,0.0 -97.118259,34.898714,0.0 -97.106942,34.898632,0.0 -97.107035,34.857827,0.0 -97.107772,34.855026,0.0 -97.090447,34.854983,0.0 -97.05572,34.854909,0.0 -97.037608,34.854841,0.0 -96.98364,34.854766,0.0 -96.9746,34.854851,0.0 -96.971363,34.854729,0.0 -96.93244,34.854556,0.0 -96.932436,34.854496,0.0 -96.932501,34.854117,0.0 -96.932433,34.811406,0.0 -96.932438,34.81128,0.0 -96.932459,34.782095,0.0 -96.93249,34.767595,0.0 -96.932491,34.694964,0.0 -96.932515,34.680425,0.0 -96.932455,34.638506,0.0 -96.932262,34.637296,0.0 -96.932452,34.636812,0.0 -96.932423,34.593261,0.0 -96.909763,34.593267,0.0 -96.844869,34.593294,0.0 -96.827144,34.59322,0.0 -96.827308,34.520611,0.0 -96.827343,34.506062,0.0 -96.758374,34.505841,0.0 -96.757536,34.505947,0.0 -96.740376,34.505903,0.0 -96.695033,34.505806,0.0 -96.676373,34.505783,0.0 -96.629008,34.505692,0.0 -96.6284,34.505719,0.0 -96.565979,34.505484,0.0 -96.513787,34.505396,0.0 -96.512099,34.505562,0.0 -96.512085,34.512686,0.0 -96.512057,34.540132,0.0 -96.512208,34.544942,0.0 -96.512133,34.545333,0.0 -96.512087,34.592825,0.0 -96.512165,34.610586,0.0 -96.512183,34.642321,0.0 -96.512171,34.680065,0.0 -96.452769,34.680077,0.0 -96.427559,34.680204,0.0 -96.425625,34.680045,0.0 -96.406357,34.680023,0.0 -96.40645,34.684263,0.0 -96.406229,34.694665,0.0 -96.406501,34.695904,0.0 -96.406489,34.737995,0.0 -96.406515,34.745524,0.0 -96.406522,34.747443,0.0 -96.406483,34.767328,0.0 -96.406256,34.852424,0.0 -96.40619,34.852958,0.0 -96.406184,34.869116,0.0 -96.406203,34.872721,0.0 -96.406212,34.876404,0.0 -96.406189,34.877936,0.0 -96.406168,34.879995,0.0 -96.406167,34.883603,0.0 -96.406171,34.898103,0.0 -96.406255,34.898868,0.0 -96.406163,34.900446,0.0 -96.406135,34.934191,0.0 -96.409568,34.92945,0.0 -96.40976,34.926093,0.0 -96.409285,34.925081,0.0 -96.410831,34.923692,0.0 -96.410689,34.92214,0.0 -96.413669,34.916382,0.0 -96.413781,34.915619,0.0 -96.417798,34.911726,0.0 -96.417475,34.909652,0.0 -96.418412,34.907851,0.0 -96.420933,34.907441,0.0 -96.424701,34.903687,0.0 -96.426871,34.903128,0.0 -96.431013,34.903468,0.0 -96.431551,34.90258,0.0 -96.435587,34.90228,0.0 -96.437203,34.903049,0.0 -96.437214,34.904774,0.0 -96.442593,34.906398,0.0 -96.444728,34.907632,0.0 -96.444865,34.909086,0.0 -96.449677,34.910678,0.0 -96.452101,34.91212,0.0 -96.45663,34.915262,0.0 -96.460367,34.916499,0.0 -96.46108,34.915636,0.0 -96.463893,34.915898,0.0 -96.465716,34.915223,0.0 -96.475939,34.916375,0.0 -96.478095,34.916352,0.0 -96.486483,34.912986,0.0 -96.490786,34.910585,0.0 -96.494387,34.907385,0.0 -96.496887,34.904585,0.0 -96.497987,34.902685,0.0 -96.498487,34.899085,0.0 -96.499607,34.896974,0.0 -96.500287,34.893465,0.0 -96.502224,34.891874,0.0 -96.504508,34.888181,0.0 -96.506187,34.886485,0.0 -96.510486,34.87862,0.0 -96.512599,34.875466,0.0 -96.514587,34.873386,0.0 -96.516987,34.871586,0.0 -96.519886,34.870187,0.0 -96.521486,34.869887,0.0 -96.528587,34.869586,0.0 -96.530287,34.869985,0.0 -96.533787,34.872184,0.0 -96.543762,34.880097,0.0 -96.545984,34.88227,0.0 -96.549579,34.887112,0.0 -96.551767,34.890914,0.0 -96.552962,34.893613,0.0 -96.555888,34.898084,0.0 -96.556588,34.900884,0.0 -96.556288,34.904584,0.0 -96.555288,34.907484,0.0 -96.555389,34.911284,0.0 -96.556889,34.914184,0.0 -96.564089,34.917284,0.0 -96.568689,34.916584,0.0 -96.571889,34.916784,0.0 -96.577089,34.916584,0.0 -96.578489,34.915984,0.0 -96.584188,34.91219,0.0 -96.589138,34.909968,0.0 -96.590363,34.909168,0.0 -96.592689,34.907584,0.0 -96.59579,34.905984,0.0 -96.59879,34.904884,0.0 -96.603224,34.903707,0.0 -96.61319,34.900484,0.0 -96.61649,34.899684,0.0 -96.62189,34.898984,0.0 -96.62529,34.898984,0.0 -96.63319,34.898584,0.0 -96.636791,34.898784,0.0 -96.640791,34.899484,0.0 -96.64449,34.900583,0.0 -96.64599,34.901384,0.0 -96.64949,34.905282,0.0 -96.65309,34.91038,0.0 -96.655491,34.915083,0.0 -96.657992,34.920983,0.0 -96.659292,34.923083,0.0 -96.662092,34.925883,0.0 -96.665392,34.928383,0.0 -96.667692,34.929583,0.0 -96.683574,34.933035,0.0 -96.691967,34.933314,0.0 -96.694154,34.932792,0.0 -96.699488,34.930273,0.0 -96.702526,34.928152,0.0 -96.704596,34.926281,0.0 -96.706493,34.923983,0.0 -96.708093,34.921083,0.0 -96.711492,34.916282,0.0 -96.712092,34.913883,0.0 -96.711578,34.912359,0.0 -96.710934,34.911715,0.0 -96.70353,34.909305,0.0 -96.701728,34.908266,0.0 -96.700615,34.906908,0.0 -96.695689,34.903614,0.0 -96.693452,34.901257,0.0 -96.690144,34.896272,0.0 -96.689192,34.895583,0.0 -96.686992,34.891283,0.0 -96.686303,34.888546,0.0 -96.68647,34.883185,0.0 -96.687292,34.880984,0.0 -96.690407,34.874997,0.0 -96.694936,34.870623,0.0 -96.694103,34.870068,0.0 -96.694182,34.868495,0.0 -96.697992,34.866884,0.0 -96.703792,34.863384,0.0 -96.710093,34.860883,0.0 -96.712395,34.859681,0.0 -96.720071,34.857461,0.0 -96.722891,34.856782,0.0 -96.727591,34.857182,0.0 -96.729391,34.857582,0.0 -96.733692,34.859684,0.0 -96.737034,34.862925,0.0 -96.740393,34.866883,0.0 -96.742093,34.869383,0.0 -96.747193,34.881783,0.0 -96.748793,34.890283,0.0 -96.750094,34.892983,0.0 -96.755517,34.899809,0.0 -96.760654,34.90084,0.0 -96.763407,34.90038,0.0 -96.767529,34.900652,0.0 -96.771534,34.900248,0.0 -96.772561,34.900638,0.0 -96.775681,34.899958,0.0 -96.779972,34.898853,0.0 -96.785069,34.899145,0.0 -96.790595,34.900834,0.0 -96.797711,34.905132,0.0 -96.798583,34.905939,0.0 -96.799966,34.910463,0.0 -96.799876,34.915334,0.0 -96.799378,34.919972,0.0 -96.797866,34.924425,0.0 -96.798364,34.92757,0.0 -96.798208,34.929992,0.0 -96.799818,34.932119,0.0 -96.801742,34.933548,0.0 -96.803857,34.936712,0.0 -96.807171,34.939512,0.0 -96.809899,34.940967,0.0 -96.811774,34.943504,0.0 -96.813452,34.944649,0.0 -96.817509,34.946329,0.0 -96.819333,34.946591,0.0 -96.821488,34.946112,0.0 -96.825779,34.943368,0.0 -96.830772,34.941908,0.0 -96.834995,34.939427,0.0 -96.837102,34.937798,0.0 -96.841374,34.933797,0.0 -96.846207,34.931504,0.0 -96.849442,34.929689,0.0 -96.853051,34.928819,0.0 -96.860976,34.93008,0.0 -96.868097,34.929415,0.0 -96.86994,34.928823,0.0 -96.872037,34.927481,0.0 -96.876318,34.926029,0.0 -96.8854,34.926251,0.0 -96.887362,34.926849,0.0 -96.889965,34.929461,0.0 -96.890528,34.932617,0.0 -96.892283,34.934868,0.0 -96.894458,34.939079,0.0 -96.896838,34.94219,0.0 -96.899456,34.943059,0.0 -96.902189,34.9448,0.0 -96.903156,34.946092,0.0 -96.910609,34.958659,0.0 -96.911243,34.959177,0.0 -96.913952,34.959045,0.0 -96.915119,34.960426,0.0 -96.917914,34.962419,0.0 -96.921288,34.963986,0.0 -96.928271,34.965213,0.0 -96.929872,34.965109,0.0 -96.92918,34.978701,0.0 -96.931407,34.978717,0.0 -96.931418,34.985949,0.0 -96.933987,34.985947,0.0 -96.966492,34.985969,0.0 -96.966657,34.985969,0.0 -97.038121,34.985785,0.0 -97.039338,34.9859,0.0 -97.042905,34.987093,0.0 -97.046165,34.989794,0.0 -97.068867,35.012131,0.0 -97.069871,35.012937,0.0 -97.07218,35.014121,0.0 -97.074594,35.014713,0.0 -97.075797,35.014775,0.0 -97.142084,35.014818,0.0 -97.142314,35.012048,0.0</coordinates>
</LinearRing>
</outerBoundaryIs>
</Polygon>
</Placemark>
<Placemark id="cb_2023_40_sldl_500k">
<name>&lt;at&gt;&lt;openparen&gt;40026&lt;closeparen&gt;</name>
<visibility>1</visibility>
<description><![CDATA[<center><table><tr><th colspan='2' align='center'><em>Attributes</em></th></tr><tr bgcolor="#E3E3F3">
<th>STATEFP</th>
<td>40</td>
</tr><tr bgcolor="">
<th>SLDLST</th>
<td>026</td>
</tr><tr bgcolor="#E3E3F3">
<th>GEOIDFQ</th>
<td>620L800US40026</td>
</tr><tr bgcolor="">
<th>GEOID</th>
<td>40026</td>
</tr><tr bgcolor="#E3E3F3">
<th>NAME</th>
<td>26</td>
</tr><tr bgcolor="">
<th>NAMELSAD</th>
<td>State House District 26</td>
</tr><tr bgcolor="#E3E3F3">
<th>STUSPS</th>
<td>OK</td>
</tr><tr bgcolor="">
<th>STATE_NAME</th>
<td>Oklahoma</td>
</tr><tr bgcolor="#E3E3F3">
<th>LSAD</th>
<td>LL</td>
</tr><tr bgcolor="">
<th>LSY</th>
<td>2022</td>
</tr><tr bgcolor="#E3E3F3">
<th>ALAND</th>
<td>316047440</td>
</tr><tr bgcolor="">
<th>AWATER</th>
<td>934569</td>
</tr></table></center>]]></description>
<LookAt>
<longitude>-102</longitude>
<latitude>38.5</latitude>
<range>7000000</range>
<tilt>10</tilt>
<heading>0</heading>
</LookAt>
<styleUrl>#KMLStyler</styleUrl>
<ExtendedData>
<SchemaData schemaUrl="#kml_schema_ft_cb_2023_40_sldl_500k">
<SimpleData name="STATEFP">40</SimpleData>
<SimpleData name="SLDLST">026</SimpleData>
<SimpleData name="GEOIDFQ">620L800US40026</SimpleData>
<SimpleData name="GEOID">40026</SimpleData>
<SimpleData name="NAME">26</SimpleData>
<SimpleData name="NAMELSAD">State House District 26</SimpleData>
<SimpleData name="STUSPS">OK</SimpleData>
<SimpleData name="STATE_NAME">Oklahoma</SimpleData>
<SimpleData name="LSAD">LL</SimpleData>
<SimpleData name="LSY">2022</SimpleData>
<SimpleData name="ALAND">316047440</SimpleData>
<SimpleData name="AWATER">934569</SimpleData>
</SchemaData>
</ExtendedData>
<Polygon>
<extrude>0</extrude>
<tessellate>1</tessellate>
<altitudeMode>clampToGround</altitudeMode>
<outerBoundaryIs>
<LinearRing>
<coordinates>-97.089552,35.391234,0.0 -97.089514,35.384077,0.0 -97.077425,35.384007,0.0 -97.071372,35.383354,0.0 -97.071808,35.381492,0.0 -97.071739,35.376762,0.0 -97.057148,35.3765,0.0 -97.054202,35.374838,0.0 -97.05419,35.369321,0.0 -97.054128,35.363364,0.0 -97.053945,35.351096,0.0 -97.053923,35.347459,0.0 -97.053891,35.340276,0.0 -97.053881,35.33309,0.0 -97.053893,35.318615,0.0 -97.053911,35.311406,0.0 -97.053889,35.304136,0.0 -97.053937,35.28964,0.0 -96.983425,35.289689,0.0 -96.965753,35.289729,0.0 -96.961499,35.289729,0.0 -96.960538,35.289821,0.0 -96.958326,35.289677,0.0 -96.957474,35.289548,0.0 -96.957447,35.289786,0.0 -96.957404,35.289936,0.0 -96.957097,35.28974,0.0 -96.948129,35.289733,0.0 -96.930473,35.289706,0.0 -96.926357,35.289703,0.0 -96.913048,35.289698,0.0 -96.895362,35.289654,0.0 -96.877669,35.28967,0.0 -96.86005,35.289696,0.0 -96.851375,35.289666,0.0 -96.842388,35.289701,0.0 -96.837903,35.289681,0.0 -96.829034,35.28964,0.0 -96.826055,35.28964,0.0 -96.825222,35.289655,0.0 -96.807168,35.289666,0.0 -96.80716,35.3041,0.0 -96.807254,35.32526,0.0 -96.807256,35.325754,0.0 -96.807183,35.333066,0.0 -96.798213,35.333046,0.0 -96.789435,35.333038,0.0 -96.784257,35.332831,0.0 -96.776803,35.333378,0.0 -96.776766,35.362072,0.0 -96.776712,35.383989,0.0 -96.776714,35.384265,0.0 -96.776694,35.405417,0.0 -96.776882,35.405562,0.0 -96.798027,35.405595,0.0 -96.804455,35.40561,0.0 -96.810883,35.405597,0.0 -96.819717,35.40558,0.0 -96.824195,35.405562,0.0 -96.846208,35.40557,0.0 -96.847602,35.405569,0.0 -96.859538,35.405552,0.0 -96.868726,35.405478,0.0 -96.875966,35.405377,0.0 -96.890145,35.405416,0.0 -96.894564,35.405449,0.0 -96.894563,35.405587,0.0 -96.894301,35.418995,0.0 -96.894799,35.419984,0.0 -96.907712,35.419994,0.0 -96.912023,35.419988,0.0 -96.92977,35.419983,0.0 -96.937551,35.419975,0.0 -96.938626,35.41997,0.0 -96.947347,35.419957,0.0 -96.947454,35.405451,0.0 -96.965129,35.405487,0.0 -97.000608,35.405526,0.0 -97.018278,35.405508,0.0 -97.018303,35.390962,0.0 -97.033138,35.390817,0.0 -97.039803,35.391045,0.0 -97.043724,35.391255,0.0 -97.044344,35.391307,0.0 -97.054348,35.391232,0.0 -97.069139,35.39124,0.0 -97.071742,35.391243,0.0 -97.089552,35.391234,0.0</coordinates>
</LinearRing>
</outerBoundaryIs>
</Polygon>
</Placemark>
<Placemark id="cb_2023_40_sldl_500k">
<name>&lt;at&gt;&lt;openparen&gt;40027&lt;closeparen&gt;</name>
<visibility>1</visibility>
<description><![CDATA[<center><table><tr><th colspan='2' align='center'><em>Attributes</em></th></tr><tr bgcolor="#E3E3F3">
<th>STATEFP</th>
<td>40</td>
</tr><tr bgcolor="">
<th>SLDLST</th>
<td>027</td>
</tr><tr bgcolor="#E3E3F3">
<th>GEOIDFQ</th>
<td>620L800US40027</td>
</tr><tr bgcolor="">
<th>GEOID</th>
<td>40027</td>
</tr><tr bgcolor="#E3E3F3">
<th>NAME</th>
<td>27</td>
</tr><tr bgcolor="">
<th>NAMELSAD</th>
<td>State House District 27</td>
</tr><tr bgcolor="#E3E3F3">
<th>STUSPS</th>
<td>OK</td>
</tr><tr bgcolor="">
<th>STATE_NAME</th>
<td>Oklahoma</td>
</tr><tr bgcolor="#E3E3F3">
<th>LSAD</th>
<td>LL</td>
</tr><tr bgcolor="">
<th>LSY</th>
<td>2022</td>
</tr><tr bgcolor="#E3E3F3">
<th>ALAND</th>
<td>1172361722</td>
</tr><tr bgcolor="">
<th>AWATER</th>
<td>27176689</td>
</tr></table></center>]]></description>
<LookAt>
<longitude>-102</longitude>
<latitude>38.5</latitude>
<range>7000000</range>
<tilt>10</tilt>
<heading>0</heading>
</LookAt>
<styleUrl>#KMLStyler</styleUrl>
<ExtendedData>
<SchemaData schemaUrl="#kml_schema_ft_cb_2023_40_sldl_500k">
<SimpleData name="STATEFP">40</SimpleData>
<SimpleData name="SLDLST">027</SimpleData>
<SimpleData name="GEOIDFQ">620L800US40027</SimpleData>
<SimpleData name="GEOID">40027</SimpleData>
<SimpleData name="NAME">27</SimpleData>
<SimpleData name="NAMELSAD">State House District 27</SimpleData>
<SimpleData name="STUSPS">OK</SimpleData>
<SimpleData name="STATE_NAME">Oklahoma</SimpleData>
<SimpleData name="LSAD">LL</SimpleData>
<SimpleData name="LSY">2022</SimpleData>
<SimpleData name="ALAND">1172361722</SimpleData>
<SimpleData name="AWATER">27176689</SimpleData>
</SchemaData>
</ExtendedData>
<Polygon>
<extrude>0</extrude>
<tessellate>1</tessellate>
<altitudeMode>clampToGround</altitudeMode>
<outerBoundaryIs>
<LinearRing>
<coordinates>-97.459105,35.290832,0.0 -97.459058,35.276318,0.0 -97.441194,35.276352,0.0 -97.423664,35.276274,0.0 -97.406002,35.276192,0.0 -97.396019,35.276205,0.0 -97.353087,35.276243,0.0 -97.344453,35.276223,0.0 -97.31816,35.27627,0.0 -97.282796,35.276137,0.0 -97.282819,35.261661,0.0 -97.28273,35.232602,0.0 -97.282655,35.225799,0.0 -97.283498,35.218626,0.0 -97.283286,35.21812,0.0 -97.282544,35.216334,0.0 -97.283747,35.212801,0.0 -97.282818,35.210949,0.0 -97.282802,35.189496,0.0 -97.288566,35.189567,0.0 -97.291668,35.189514,0.0 -97.317964,35.189302,0.0 -97.344345,35.189279,0.0 -97.353033,35.189335,0.0 -97.370682,35.189482,0.0 -97.370477,35.174972,0.0 -97.370648,35.160462,0.0 -97.370715,35.14598,0.0 -97.370764,35.136877,0.0 -97.370839,35.136573,0.0 -97.373164,35.132701,0.0 -97.373242,35.131395,0.0 -97.370814,35.131392,0.0 -97.370973,35.117,0.0 -97.370938,35.107486,0.0 -97.35324,35.097389,0.0 -97.353155,35.10116,0.0 -97.346461,35.101082,0.0 -97.34643,35.100288,0.0 -97.33552,35.102874,0.0 -97.3355,35.101892,0.0 -97.265207,35.10191,0.0 -97.230094,35.102061,0.0 -97.142091,35.101716,0.0 -97.142068,35.130726,0.0 -97.142068,35.130741,0.0 -97.141041,35.130711,0.0 -97.106974,35.130744,0.0 -97.098371,35.130756,0.0 -97.089407,35.130792,0.0 -97.05424,35.130561,0.0 -97.05333,35.130632,0.0 -97.051845,35.13061,0.0 -97.04976,35.130634,0.0 -97.04959,35.12349,0.0 -97.023875,35.123562,0.0 -97.023986,35.116318,0.0 -97.002142,35.116233,0.0 -96.98456,35.116215,0.0 -96.984432,35.100524,0.0 -96.98447,35.094298,0.0 -96.984452,35.087323,0.0 -96.984307,35.053414,0.0 -96.962453,35.065327,0.0 -96.962415,35.072971,0.0 -96.948405,35.072867,0.0 -96.93624,35.073094,0.0 -96.931217,35.07285,0.0 -96.931474,35.087237,0.0 -96.931919,35.105446,0.0 -96.923279,35.105446,0.0 -96.923292,35.11605,0.0 -96.914589,35.116231,0.0 -96.879428,35.115969,0.0 -96.879444,35.101438,0.0 -96.826612,35.101342,0.0 -96.809257,35.101364,0.0 -96.80924,35.115785,0.0 -96.794987,35.128879,0.0 -96.794027,35.129492,0.0 -96.791633,35.130226,0.0 -96.791653,35.133264,0.0 -96.791659,35.144636,0.0 -96.784698,35.144615,0.0 -96.775786,35.144707,0.0 -96.776567,35.174564,0.0 -96.776626,35.180677,0.0 -96.776741,35.19543,0.0 -96.776858,35.217287,0.0 -96.777021,35.253138,0.0 -96.777042,35.260413,0.0 -96.776924,35.26096,0.0 -96.776826,35.268219,0.0 -96.777147,35.289861,0.0 -96.777033,35.290007,0.0 -96.777089,35.297257,0.0 -96.777108,35.304141,0.0 -96.776803,35.333378,0.0 -96.784257,35.332831,0.0 -96.789435,35.333038,0.0 -96.798213,35.333046,0.0 -96.807183,35.333066,0.0 -96.807256,35.325754,0.0 -96.807254,35.32526,0.0 -96.80716,35.3041,0.0 -96.807168,35.289666,0.0 -96.825222,35.289655,0.0 -96.826055,35.28964,0.0 -96.829034,35.28964,0.0 -96.837903,35.289681,0.0 -96.842388,35.289701,0.0 -96.851375,35.289666,0.0 -96.86005,35.289696,0.0 -96.877669,35.28967,0.0 -96.895362,35.289654,0.0 -96.913048,35.289698,0.0 -96.926357,35.289703,0.0 -96.930473,35.289706,0.0 -96.948129,35.289733,0.0 -96.957097,35.28974,0.0 -96.957404,35.289936,0.0 -96.957447,35.289786,0.0 -96.957474,35.289548,0.0 -96.958326,35.289677,0.0 -96.960538,35.289821,0.0 -96.961499,35.289729,0.0 -96.965753,35.289729,0.0 -96.983425,35.289689,0.0 -97.053937,35.28964,0.0 -97.053889,35.304136,0.0 -97.053911,35.311406,0.0 -97.053893,35.318615,0.0 -97.053881,35.33309,0.0 -97.115781,35.333206,0.0 -97.142026,35.33321,0.0 -97.141941,35.318722,0.0 -97.159592,35.318783,0.0 -97.212477,35.319031,0.0 -97.221323,35.319125,0.0 -97.230142,35.319225,0.0 -97.238967,35.319199,0.0 -97.247475,35.319344,0.0 -97.264972,35.319511,0.0 -97.300441,35.319524,0.0 -97.309255,35.319586,0.0 -97.318147,35.319649,0.0 -97.317996,35.341157,0.0 -97.338313,35.341188,0.0 -97.342498,35.341194,0.0 -97.345031,35.341219,0.0 -97.34613,35.341219,0.0 -97.370809,35.341306,0.0 -97.370693,35.344328,0.0 -97.370884,35.344914,0.0 -97.370872,35.348633,0.0 -97.388413,35.348651,0.0 -97.424439,35.348731,0.0 -97.441367,35.348768,0.0 -97.44135,35.33423,0.0 -97.441306,35.319715,0.0 -97.441293,35.315292,0.0 -97.441371,35.313998,0.0 -97.44129,35.305205,0.0 -97.441958,35.299522,0.0 -97.441831,35.298015,0.0 -97.441295,35.294208,0.0 -97.441325,35.290807,0.0 -97.44383,35.290801,0.0 -97.448035,35.290796,0.0 -97.454179,35.290799,0.0 -97.459105,35.290832,0.0</coordinates>
</LinearRing>
</outerBoundaryIs>
</Polygon>
</Placemark>
<Placemark id="cb_2023_40_sldl_500k">
<name>&lt;at&gt;&lt;openparen&gt;40028&lt;closeparen&gt;</name>
<visibility>1</visibility>
<description><![CDATA[<center><table><tr><th colspan='2' align='center'><em>Attributes</em></th></tr><tr bgcolor="#E3E3F3">
<th>STATEFP</th>
<td>40</td>
</tr><tr bgcolor="">
<th>SLDLST</th>
<td>028</td>
</tr><tr bgcolor="#E3E3F3">
<th>GEOIDFQ</th>
<td>620L800US40028</td>
</tr><tr bgcolor="">
<th>GEOID</th>
<td>40028</td>
</tr><tr bgcolor="#E3E3F3">
<th>NAME</th>
<td>28</td>
</tr><tr bgcolor="">
<th>NAMELSAD</th>
<td>State House District 28</td>
</tr><tr bgcolor="#E3E3F3">
<th>STUSPS</th>
<td>OK</td>
</tr><tr bgcolor="">
<th>STATE_NAME</th>
<td>Oklahoma</td>
</tr><tr bgcolor="#E3E3F3">
<th>LSAD</th>
<td>LL</td>
</tr><tr bgcolor="">
<th>LSY</th>
<td>2022</td>
</tr><tr bgcolor="#E3E3F3">
<th>ALAND</th>
<td>2511387772</td>
</tr><tr bgcolor="">
<th>AWATER</th>
<td>28855227</td>
</tr></table></center>]]></description>
<LookAt>
<longitude>-102</longitude>
<latitude>38.5</latitude>
<range>7000000</range>
<tilt>10</tilt>
<heading>0</heading>
</LookAt>
<styleUrl>#KMLStyler</styleUrl>
<ExtendedData>
<SchemaData schemaUrl="#kml_schema_ft_cb_2023_40_sldl_500k">
<SimpleData name="STATEFP">40</SimpleData>
<SimpleData name="SLDLST">028</SimpleData>
<SimpleData name="GEOIDFQ">620L800US40028</SimpleData>
<SimpleData name="GEOID">40028</SimpleData>
<SimpleData name="NAME">28</SimpleData>
<SimpleData name="NAMELSAD">State House District 28</SimpleData>
<SimpleData name="STUSPS">OK</SimpleData>
<SimpleData name="STATE_NAME">Oklahoma</SimpleData>
<SimpleData name="LSAD">LL</SimpleData>
<SimpleData name="LSY">2022</SimpleData>
<SimpleData name="ALAND">2511387772</SimpleData>
<SimpleData name="AWATER">28855227</SimpleData>
</SchemaData>
</ExtendedData>
<Polygon>
<extrude>0</extrude>
<tessellate>1</tessellate>
<altitudeMode>clampToGround</altitudeMode>
<outerBoundaryIs>
<LinearRing>
<coordinates>-97.142185,35.072672,0.0 -97.142314,35.021853,0.0 -97.142067,35.018795,0.0 -97.142084,35.014818,0.0 -97.075797,35.014775,0.0 -97.074594,35.014713,0.0 -97.07218,35.014121,0.0 -97.069871,35.012937,0.0 -97.068867,35.012131,0.0 -97.046165,34.989794,0.0 -97.042905,34.987093,0.0 -97.039338,34.9859,0.0 -97.038121,34.985785,0.0 -96.966657,34.985969,0.0 -96.966492,34.985969,0.0 -96.933987,34.985947,0.0 -96.931418,34.985949,0.0 -96.931407,34.978717,0.0 -96.92918,34.978701,0.0 -96.929872,34.965109,0.0 -96.928271,34.965213,0.0 -96.921288,34.963986,0.0 -96.917914,34.962419,0.0 -96.915119,34.960426,0.0 -96.913952,34.959045,0.0 -96.911243,34.959177,0.0 -96.910609,34.958659,0.0 -96.903156,34.946092,0.0 -96.902189,34.9448,0.0 -96.899456,34.943059,0.0 -96.896838,34.94219,0.0 -96.894458,34.939079,0.0 -96.892283,34.934868,0.0 -96.890528,34.932617,0.0 -96.889965,34.929461,0.0 -96.887362,34.926849,0.0 -96.8854,34.926251,0.0 -96.876318,34.926029,0.0 -96.872037,34.927481,0.0 -96.86994,34.928823,0.0 -96.868097,34.929415,0.0 -96.860976,34.93008,0.0 -96.853051,34.928819,0.0 -96.849442,34.929689,0.0 -96.846207,34.931504,0.0 -96.841374,34.933797,0.0 -96.837102,34.937798,0.0 -96.834995,34.939427,0.0 -96.830772,34.941908,0.0 -96.825779,34.943368,0.0 -96.821488,34.946112,0.0 -96.819333,34.946591,0.0 -96.817509,34.946329,0.0 -96.813452,34.944649,0.0 -96.811774,34.943504,0.0 -96.809899,34.940967,0.0 -96.807171,34.939512,0.0 -96.803857,34.936712,0.0 -96.801742,34.933548,0.0 -96.799818,34.932119,0.0 -96.798208,34.929992,0.0 -96.798364,34.92757,0.0 -96.797866,34.924425,0.0 -96.799378,34.919972,0.0 -96.799876,34.915334,0.0 -96.799966,34.910463,0.0 -96.798583,34.905939,0.0 -96.797711,34.905132,0.0 -96.790595,34.900834,0.0 -96.785069,34.899145,0.0 -96.779972,34.898853,0.0 -96.775681,34.899958,0.0 -96.772561,34.900638,0.0 -96.771534,34.900248,0.0 -96.767529,34.900652,0.0 -96.763407,34.90038,0.0 -96.760654,34.90084,0.0 -96.755517,34.899809,0.0 -96.750094,34.892983,0.0 -96.748793,34.890283,0.0 -96.747193,34.881783,0.0 -96.742093,34.869383,0.0 -96.740393,34.866883,0.0 -96.737034,34.862925,0.0 -96.733692,34.859684,0.0 -96.729391,34.857582,0.0 -96.727591,34.857182,0.0 -96.722891,34.856782,0.0 -96.720071,34.857461,0.0 -96.712395,34.859681,0.0 -96.710093,34.860883,0.0 -96.703792,34.863384,0.0 -96.697992,34.866884,0.0 -96.694182,34.868495,0.0 -96.694103,34.870068,0.0 -96.694936,34.870623,0.0 -96.690407,34.874997,0.0 -96.687292,34.880984,0.0 -96.68647,34.883185,0.0 -96.686303,34.888546,0.0 -96.686992,34.891283,0.0 -96.689192,34.895583,0.0 -96.690144,34.896272,0.0 -96.693452,34.901257,0.0 -96.695689,34.903614,0.0 -96.700615,34.906908,0.0 -96.701728,34.908266,0.0 -96.70353,34.909305,0.0 -96.710934,34.911715,0.0 -96.711578,34.912359,0.0 -96.712092,34.913883,0.0 -96.711492,34.916282,0.0 -96.708093,34.921083,0.0 -96.706493,34.923983,0.0 -96.704596,34.926281,0.0 -96.702526,34.928152,0.0 -96.699488,34.930273,0.0 -96.694154,34.932792,0.0 -96.691967,34.933314,0.0 -96.683574,34.933035,0.0 -96.667692,34.929583,0.0 -96.665392,34.928383,0.0 -96.662092,34.925883,0.0 -96.659292,34.923083,0.0 -96.657992,34.920983,0.0 -96.655491,34.915083,0.0 -96.65309,34.91038,0.0 -96.64949,34.905282,0.0 -96.64599,34.901384,0.0 -96.64449,34.900583,0.0 -96.640791,34.899484,0.0 -96.636791,34.898784,0.0 -96.63319,34.898584,0.0 -96.62529,34.898984,0.0 -96.62189,34.898984,0.0 -96.61649,34.899684,0.0 -96.61319,34.900484,0.0 -96.603224,34.903707,0.0 -96.59879,34.904884,0.0 -96.59579,34.905984,0.0 -96.592689,34.907584,0.0 -96.590363,34.909168,0.0 -96.589138,34.909968,0.0 -96.584188,34.91219,0.0 -96.578489,34.915984,0.0 -96.577089,34.916584,0.0 -96.571889,34.916784,0.0 -96.568689,34.916584,0.0 -96.564089,34.917284,0.0 -96.556889,34.914184,0.0 -96.555389,34.911284,0.0 -96.555288,34.907484,0.0 -96.556288,34.904584,0.0 -96.556588,34.900884,0.0 -96.555888,34.898084,0.0 -96.552962,34.893613,0.0 -96.551767,34.890914,0.0 -96.549579,34.887112,0.0 -96.545984,34.88227,0.0 -96.543762,34.880097,0.0 -96.533787,34.872184,0.0 -96.530287,34.869985,0.0 -96.528587,34.869586,0.0 -96.521486,34.869887,0.0 -96.519886,34.870187,0.0 -96.516987,34.871586,0.0 -96.514587,34.873386,0.0 -96.512599,34.875466,0.0 -96.510486,34.87862,0.0 -96.506187,34.886485,0.0 -96.504508,34.888181,0.0 -96.502224,34.891874,0.0 -96.500287,34.893465,0.0 -96.499607,34.896974,0.0 -96.498487,34.899085,0.0 -96.497987,34.902685,0.0 -96.496887,34.904585,0.0 -96.494387,34.907385,0.0 -96.490786,34.910585,0.0 -96.490653,34.966094,0.0 -96.490577,35.021293,0.0 -96.490535,35.049896,0.0 -96.490529,35.057734,0.0 -96.490521,35.061405,0.0 -96.490495,35.07233,0.0 -96.490477,35.086814,0.0 -96.490468,35.094062,0.0 -96.490434,35.115857,0.0 -96.472242,35.115794,0.0 -96.441305,35.115771,0.0 -96.441277,35.135308,0.0 -96.441228,35.159282,0.0 -96.441192,35.173922,0.0 -96.441252,35.202885,0.0 -96.441339,35.2319,0.0 -96.441368,35.290122,0.0 -96.441382,35.311731,0.0 -96.441277,35.333715,0.0 -96.441275,35.348138,0.0 -96.441248,35.39182,0.0 -96.44115,35.43494,0.0 -96.441216,35.435425,0.0 -96.44129,35.467712,0.0 -96.442219,35.46556,0.0 -96.443483,35.461144,0.0 -96.446202,35.458444,0.0 -96.449236,35.45943,0.0 -96.452554,35.458209,0.0 -96.45399,35.458813,0.0 -96.454562,35.460149,0.0 -96.45651,35.461263,0.0 -96.459052,35.46151,0.0 -96.462239,35.460914,0.0 -96.463825,35.458727,0.0 -96.465588,35.45811,0.0 -96.4693,35.459567,0.0 -96.470414,35.46058,0.0 -96.471513,35.462988,0.0 -96.473097,35.463958,0.0 -96.475754,35.463421,0.0 -96.476692,35.460907,0.0 -96.476734,35.458874,0.0 -96.481062,35.453883,0.0 -96.484193,35.451197,0.0 -96.485502,35.450775,0.0 -96.487735,35.449159,0.0 -96.488281,35.448229,0.0 -96.487965,35.445829,0.0 -96.484285,35.44453,0.0 -96.48306,35.44249,0.0 -96.483016,35.439842,0.0 -96.484402,35.436548,0.0 -96.487522,35.432521,0.0 -96.49012,35.430944,0.0 -96.491756,35.430425,0.0 -96.496594,35.428896,0.0 -96.501573,35.428723,0.0 -96.505701,35.430001,0.0 -96.511413,35.429642,0.0 -96.518633,35.431205,0.0 -96.520412,35.4326,0.0 -96.519714,35.435809,0.0 -96.521552,35.438493,0.0 -96.52548,35.441137,0.0 -96.529665,35.444458,0.0 -96.532335,35.446371,0.0 -96.53461,35.446867,0.0 -96.536492,35.447165,0.0 -96.539282,35.449769,0.0 -96.540327,35.45339,0.0 -96.543213,35.457323,0.0 -96.544121,35.457827,0.0 -96.546184,35.457474,0.0 -96.54612,35.456419,0.0 -96.543684,35.454141,0.0 -96.544469,35.452733,0.0 -96.54564,35.452677,0.0 -96.548918,35.453543,0.0 -96.553641,35.454309,0.0 -96.554661,35.45345,0.0 -96.553286,35.449907,0.0 -96.554093,35.447831,0.0 -96.556485,35.447356,0.0 -96.558695,35.448915,0.0 -96.560295,35.448753,0.0 -96.561234,35.447466,0.0 -96.562339,35.444178,0.0 -96.563054,35.443276,0.0 -96.565367,35.442267,0.0 -96.568159,35.442218,0.0 -96.569126,35.44168,0.0 -96.569602,35.439564,0.0 -96.568476,35.438165,0.0 -96.564634,35.436057,0.0 -96.555722,35.434566,0.0 -96.556313,35.43262,0.0 -96.559065,35.429198,0.0 -96.560671,35.424427,0.0 -96.56082,35.422691,0.0 -96.560102,35.421559,0.0 -96.556844,35.418816,0.0 -96.555485,35.41984,0.0 -96.555618,35.422001,0.0 -96.554804,35.422835,0.0 -96.552633,35.422987,0.0 -96.551714,35.422251,0.0 -96.551099,35.420131,0.0 -96.549188,35.4196,0.0 -96.547775,35.418546,0.0 -96.548104,35.417534,0.0 -96.550009,35.415739,0.0 -96.549996,35.414942,0.0 -96.546913,35.412963,0.0 -96.544049,35.411842,0.0 -96.54051,35.412041,0.0 -96.537163,35.41094,0.0 -96.536919,35.409689,0.0 -96.538133,35.405235,0.0 -96.537415,35.403535,0.0 -96.534551,35.402708,0.0 -96.531879,35.400906,0.0 -96.5317,35.399812,0.0 -96.533768,35.397152,0.0 -96.534576,35.394978,0.0 -96.534393,35.393893,0.0 -96.535096,35.391455,0.0 -96.535146,35.391371,0.0 -96.536718,35.390772,0.0 -96.538291,35.390932,0.0 -96.539402,35.391827,0.0 -96.541906,35.39256,0.0 -96.546585,35.392608,0.0 -96.550001,35.392178,0.0 -96.554396,35.39366,0.0 -96.55673,35.394974,0.0 -96.55651,35.399021,0.0 -96.554935,35.401692,0.0 -96.555566,35.402437,0.0 -96.556862,35.402401,0.0 -96.561114,35.400187,0.0 -96.565418,35.399367,0.0 -96.566948,35.399383,0.0 -96.569848,35.40108,0.0 -96.574218,35.40194,0.0 -96.576671,35.401934,0.0 -96.577325,35.402658,0.0 -96.57745,35.404787,0.0 -96.578682,35.407178,0.0 -96.581367,35.409527,0.0 -96.585654,35.411474,0.0 -96.589102,35.411575,0.0 -96.591698,35.408784,0.0 -96.594004,35.404278,0.0 -96.595,35.403153,0.0 -96.596254,35.400204,0.0 -96.597282,35.398835,0.0 -96.599717,35.396955,0.0 -96.604829,35.399381,0.0 -96.606708,35.399368,0.0 -96.606372,35.397978,0.0 -96.606764,35.395876,0.0 -96.610198,35.394258,0.0 -96.611392,35.394227,0.0 -96.612608,35.396574,0.0 -96.613776,35.396816,0.0 -96.616029,35.395698,0.0 -96.617305,35.395825,0.0 -96.621297,35.398089,0.0 -96.622639,35.400256,0.0 -96.623699,35.400722,0.0 -96.623717,35.401889,0.0 -96.624289,35.404669,0.0 -96.624681,35.462707,0.0 -96.672835,35.462744,0.0 -96.674464,35.462745,0.0 -96.735822,35.462932,0.0 -96.806557,35.463251,0.0 -96.823889,35.463333,0.0 -96.84161,35.463395,0.0 -96.876949,35.463415,0.0 -96.878503,35.463365,0.0 -96.885817,35.463464,0.0 -96.903254,35.463484,0.0 -96.929701,35.463462,0.0 -96.965156,35.46355,0.0 -96.973696,35.463483,0.0 -97.000565,35.463535,0.0 -97.026886,35.463472,0.0 -97.026999,35.463471,0.0 -97.088878,35.463559,0.0 -97.108852,35.463521,0.0 -97.115496,35.464096,0.0 -97.129361,35.464012,0.0 -97.132527,35.463968,0.0 -97.14149,35.463977,0.0 -97.14166,35.441757,0.0 -97.141668,35.434906,0.0 -97.141641,35.434778,0.0 -97.141796,35.420424,0.0 -97.141864,35.415799,0.0 -97.141879,35.411359,0.0 -97.14192,35.406291,0.0 -97.141767,35.404024,0.0 -97.141768,35.401129,0.0 -97.141768,35.398616,0.0 -97.141971,35.397685,0.0 -97.142003,35.391448,0.0 -97.141907,35.384292,0.0 -97.142114,35.37686,0.0 -97.142115,35.376234,0.0 -97.142097,35.362336,0.0 -97.14197,35.35502,0.0 -97.142024,35.347775,0.0 -97.142031,35.340675,0.0 -97.142026,35.33321,0.0 -97.115781,35.333206,0.0 -97.053881,35.33309,0.0 -97.053891,35.340276,0.0 -97.053923,35.347459,0.0 -97.053945,35.351096,0.0 -97.054128,35.363364,0.0 -97.05419,35.369321,0.0 -97.054202,35.374838,0.0 -97.057148,35.3765,0.0 -97.071739,35.376762,0.0 -97.071808,35.381492,0.0 -97.071372,35.383354,0.0 -97.077425,35.384007,0.0 -97.089514,35.384077,0.0 -97.089552,35.391234,0.0 -97.071742,35.391243,0.0 -97.069139,35.39124,0.0 -97.054348,35.391232,0.0 -97.044344,35.391307,0.0 -97.043724,35.391255,0.0 -97.039803,35.391045,0.0 -97.033138,35.390817,0.0 -97.018303,35.390962,0.0 -97.018278,35.405508,0.0 -97.000608,35.405526,0.0 -96.965129,35.405487,0.0 -96.947454,35.405451,0.0 -96.947347,35.419957,0.0 -96.938626,35.41997,0.0 -96.937551,35.419975,0.0 -96.92977,35.419983,0.0 -96.912023,35.419988,0.0 -96.907712,35.419994,0.0 -96.894799,35.419984,0.0 -96.894301,35.418995,0.0 -96.894563,35.405587,0.0 -96.894564,35.405449,0.0 -96.890145,35.405416,0.0 -96.875966,35.405377,0.0 -96.868726,35.405478,0.0 -96.859538,35.405552,0.0 -96.847602,35.405569,0.0 -96.846208,35.40557,0.0 -96.824195,35.405562,0.0 -96.819717,35.40558,0.0 -96.810883,35.405597,0.0 -96.804455,35.40561,0.0 -96.798027,35.405595,0.0 -96.776882,35.405562,0.0 -96.776694,35.405417,0.0 -96.776714,35.384265,0.0 -96.776712,35.383989,0.0 -96.776766,35.362072,0.0 -96.776803,35.333378,0.0 -96.777108,35.304141,0.0 -96.777089,35.297257,0.0 -96.777033,35.290007,0.0 -96.777147,35.289861,0.0 -96.776826,35.268219,0.0 -96.776924,35.26096,0.0 -96.777042,35.260413,0.0 -96.777021,35.253138,0.0 -96.776858,35.217287,0.0 -96.776741,35.19543,0.0 -96.776626,35.180677,0.0 -96.776567,35.174564,0.0 -96.775786,35.144707,0.0 -96.784698,35.144615,0.0 -96.791659,35.144636,0.0 -96.791653,35.133264,0.0 -96.791633,35.130226,0.0 -96.794027,35.129492,0.0 -96.794987,35.128879,0.0 -96.80924,35.115785,0.0 -96.809257,35.101364,0.0 -96.826612,35.101342,0.0 -96.879444,35.101438,0.0 -96.879428,35.115969,0.0 -96.914589,35.116231,0.0 -96.923292,35.11605,0.0 -96.923279,35.105446,0.0 -96.931919,35.105446,0.0 -96.931474,35.087237,0.0 -96.931217,35.07285,0.0 -96.93624,35.073094,0.0 -96.948405,35.072867,0.0 -96.962415,35.072971,0.0 -96.962453,35.065327,0.0 -96.984307,35.053414,0.0 -96.984452,35.087323,0.0 -96.98447,35.094298,0.0 -96.984432,35.100524,0.0 -96.98456,35.116215,0.0 -97.002142,35.116233,0.0 -97.023986,35.116318,0.0 -97.023875,35.123562,0.0 -97.04959,35.12349,0.0 -97.04976,35.130634,0.0 -97.051845,35.13061,0.0 -97.05333,35.130632,0.0 -97.05424,35.130561,0.0 -97.089407,35.130792,0.0 -97.098371,35.130756,0.0 -97.106974,35.130744,0.0 -97.141041,35.130711,0.0 -97.142068,35.130741,0.0 -97.142068,35.130726,0.0 -97.142091,35.101716,0.0 -97.142136,35.087289,0.0 -97.142185,35.072791,0.0 -97.142185,35.072672,0.0</coordinates>
</LinearRing>
</outerBoundaryIs>
</Polygon>
</Placemark>
<Placemark id="cb_2023_40_sldl_500k">
<name>&lt;at&gt;&lt;openparen&gt;40029&lt;closeparen&gt;</name>
<visibility>1</visibility>
<description><![CDATA[<center><table><tr><th colspan='2' align='center'><em>Attributes</em></th></tr><tr bgcolor="#E3E3F3">
<th>STATEFP</th>
<td>40</td>
</tr><tr bgcolor="">
<th>SLDLST</th>
<td>029</td>
</tr><tr bgcolor="#E3E3F3">
<th>GEOIDFQ</th>
<td>620L800US40029</td>
</tr><tr bgcolor="">
<th>GEOID</th>
<td>40029</td>
</tr><tr bgcolor="#E3E3F3">
<th>NAME</th>
<td>29</td>
</tr><tr bgcolor="">
<th>NAMELSAD</th>
<td>State House District 29</td>
</tr><tr bgcolor="#E3E3F3">
<th>STUSPS</th>
<td>OK</td>
</tr><tr bgcolor="">
<th>STATE_NAME</th>
<td>Oklahoma</td>
</tr><tr bgcolor="#E3E3F3">
<th>LSAD</th>
<td>LL</td>
</tr><tr bgcolor="">
<th>LSY</th>
<td>2022</td>
</tr><tr bgcolor="#E3E3F3">
<th>ALAND</th>
<td>1891227226</td>
</tr><tr bgcolor="">
<th>AWATER</th>
<td>42075674</td>
</tr></table></center>]]></description>
<LookAt>
<longitude>-102</longitude>
<latitude>38.5</latitude>
<range>7000000</range>
<tilt>10</tilt>
<heading>0</heading>
</LookAt>
<styleUrl>#KMLStyler</styleUrl>
<ExtendedData>
<SchemaData schemaUrl="#kml_schema_ft_cb_2023_40_sldl_500k">
<SimpleData name="STATEFP">40</SimpleData>
<SimpleData name="SLDLST">029</SimpleData>
<SimpleData name="GEOIDFQ">620L800US40029</SimpleData>
<SimpleData name="GEOID">40029</SimpleData>
<SimpleData name="NAME">29</SimpleData>
<SimpleData name="NAMELSAD">State House District 29</SimpleData>
<SimpleData name="STUSPS">OK</SimpleData>
<SimpleData name="STATE_NAME">Oklahoma</SimpleData>
<SimpleData name="LSAD">LL</SimpleData>
<SimpleData name="LSY">2022</SimpleData>
<SimpleData name="ALAND">1891227226</SimpleData>
<SimpleData name="AWATER">42075674</SimpleData>
</SchemaData>
</ExtendedData>
<Polygon>
<extrude>0</extrude>
<tessellate>1</tessellate>
<altitudeMode>clampToGround</altitudeMode>
<outerBoundaryIs>
<LinearRing>
<coordinates>-96.620838,35.655378,0.0 -96.620828,35.639005,0.0 -96.576542,35.638975,0.0 -96.55647,35.63901,0.0 -96.529481,35.639002,0.0 -96.49686,35.639032,0.0 -96.476563,35.63904,0.0 -96.467928,35.639072,0.0 -96.436758,35.63912,0.0 -96.433507,35.639124,0.0 -96.432448,35.639286,0.0 -96.419152,35.639306,0.0 -96.394361,35.639126,0.0 -96.389568,35.639312,0.0 -96.387625,35.639291,0.0 -96.38697,35.63911,0.0 -96.281488,35.638818,0.0 -96.280629,35.638898,0.0 -96.192563,35.639087,0.0 -96.192628,35.677699,0.0 -96.19252,35.678274,0.0 -96.192611,35.700572,0.0 -96.192574,35.700962,0.0 -96.192554,35.726243,0.0 -96.192531,35.740788,0.0 -96.192518,35.769221,0.0 -96.192426,35.770082,0.0 -96.192417,35.791532,0.0 -96.192403,35.856993,0.0 -96.19193,35.85699,0.0 -96.191958,35.878838,0.0 -96.165942,35.878761,0.0 -96.166176,35.881844,0.0 -96.166204,35.893354,0.0 -96.165897,35.899338,0.0 -96.165905,35.901061,0.0 -96.16501,35.901086,0.0 -96.16506,35.901438,0.0 -96.165377,35.902498,0.0 -96.165222,35.902778,0.0 -96.164911,35.90291,0.0 -96.164479,35.902894,0.0 -96.164182,35.902778,0.0 -96.163486,35.902249,0.0 -96.162368,35.899109,0.0 -96.161004,35.898428,0.0 -96.159958,35.898417,0.0 -96.157244,35.900424,0.0 -96.154805,35.90117,0.0 -96.154732,35.901286,0.0 -96.154714,35.908501,0.0 -96.15458,35.91536,0.0 -96.154036,35.915715,0.0 -96.149894,35.915683,0.0 -96.149926,35.915772,0.0 -96.172312,35.915779,0.0 -96.172269,35.930396,0.0 -96.190223,35.930296,0.0 -96.190151,35.944824,0.0 -96.190279,35.944825,0.0 -96.190256,35.944883,0.0 -96.190318,35.969297,0.0 -96.190312,35.969751,0.0 -96.190305,35.970961,0.0 -96.190004,35.971818,0.0 -96.18999,35.97378,0.0 -96.189997,35.974071,0.0 -96.189951,35.984769,0.0 -96.18994,35.987089,0.0 -96.188532,35.988113,0.0 -96.188468,35.988462,0.0 -96.188955,35.988459,0.0 -96.189037,35.995737,0.0 -96.189076,35.999441,0.0 -96.189632,35.999625,0.0 -96.189826,36.00319,0.0 -96.18983,36.003849,0.0 -96.18983,36.003928,0.0 -96.18983,36.00401,0.0 -96.189858,36.010314,0.0 -96.190216,36.010309,0.0 -96.190193,36.017572,0.0 -96.19023,36.032119,0.0 -96.174262,36.032282,0.0 -96.173842,36.031973,0.0 -96.172508,36.032127,0.0 -96.168451,36.032102,0.0 -96.168049,36.032147,0.0 -96.166859,36.032067,0.0 -96.165743,36.032058,0.0 -96.161535,36.032056,0.0 -96.158979,36.032047,0.0 -96.157041,36.032047,0.0 -96.150691,36.03202,0.0 -96.148072,36.030844,0.0 -96.148873,36.032088,0.0 -96.14892,36.032858,0.0 -96.147044,36.033176,0.0 -96.146057,36.032413,0.0 -96.14025,36.032642,0.0 -96.139833,36.034263,0.0 -96.136933,36.034694,0.0 -96.136952,36.032126,0.0 -96.136436,36.032099,0.0 -96.1356,36.032183,0.0 -96.133989,36.031963,0.0 -96.123437,36.031926,0.0 -96.120648,36.03212,0.0 -96.119025,36.031878,0.0 -96.105641,36.03193,0.0 -96.102591,36.031974,0.0 -96.102331,36.031982,0.0 -96.101155,36.03201,0.0 -96.088375,36.031966,0.0 -96.087564,36.032828,0.0 -96.082746,36.040314,0.0 -96.074163,36.055157,0.0 -96.073595,36.058404,0.0 -96.073756,36.06095,0.0 -96.074278,36.070637,0.0 -96.074228,36.075353,0.0 -96.074102,36.075565,0.0 -96.07581,36.075515,0.0 -96.080149,36.075546,0.0 -96.101073,36.075571,0.0 -96.101088,36.082881,0.0 -96.101064,36.090176,0.0 -96.101112,36.090176,0.0 -96.101098,36.093948,0.0 -96.101097,36.094004,0.0 -96.10103,36.09726,0.0 -96.101065,36.104618,0.0 -96.10556,36.104678,0.0 -96.107024,36.104616,0.0 -96.108378,36.104571,0.0 -96.111156,36.104509,0.0 -96.117048,36.104665,0.0 -96.127717,36.104737,0.0 -96.128671,36.104776,0.0 -96.131992,36.10478,0.0 -96.134581,36.10476,0.0 -96.136798,36.104735,0.0 -96.141304,36.104711,0.0 -96.143145,36.104745,0.0 -96.14632,36.104805,0.0 -96.149976,36.104692,0.0 -96.154537,36.104668,0.0 -96.172901,36.10476,0.0 -96.175037,36.104689,0.0 -96.181596,36.104893,0.0 -96.188177,36.104771,0.0 -96.19003,36.104867,0.0 -96.190228,36.104877,0.0 -96.190071,36.117574,0.0 -96.190031,36.138285,0.0 -96.190032,36.138528,0.0 -96.190138,36.145567,0.0 -96.190425,36.146133,0.0 -96.193131,36.146369,0.0 -96.193695,36.146022,0.0 -96.197002,36.146288,0.0 -96.202942,36.145556,0.0 -96.207514,36.144318,0.0 -96.216726,36.141329,0.0 -96.226385,36.139664,0.0 -96.226384,36.140081,0.0 -96.233314,36.139325,0.0 -96.238045,36.139473,0.0 -96.239573,36.139845,0.0 -96.242655,36.141209,0.0 -96.24436,36.142597,0.0 -96.249403,36.148236,0.0 -96.252717,36.149999,0.0 -96.25296,36.150106,0.0 -96.256923,36.151772,0.0 -96.265612,36.160365,0.0 -96.266894,36.16198,0.0 -96.268287,36.16198,0.0 -96.272711,36.16208,0.0 -96.273488,36.16208,0.0 -96.297888,36.162279,0.0 -96.305349,36.162322,0.0 -96.329224,36.162459,0.0 -96.351688,36.162588,0.0 -96.352699,36.162593,0.0 -96.371335,36.1627,0.0 -96.376132,36.162726,0.0 -96.400806,36.16288,0.0 -96.39937,36.138892,0.0 -96.398523,36.12742,0.0 -96.396052,36.123156,0.0 -96.39568,36.122694,0.0 -96.389114,36.114767,0.0 -96.388268,36.113323,0.0 -96.387531,36.110867,0.0 -96.387394,36.104818,0.0 -96.387352,36.090305,0.0 -96.387357,36.07602,0.0 -96.387354,36.075752,0.0 -96.387282,36.060912,0.0 -96.387228,36.053949,0.0 -96.387202,36.046965,0.0 -96.387193,36.003142,0.0 -96.394887,36.002695,0.0 -96.4033,36.003115,0.0 -96.458604,36.003006,0.0 -96.502508,36.002895,0.0 -96.505537,36.002602,0.0 -96.506903,36.002263,0.0 -96.528795,35.995493,0.0 -96.537373,35.992076,0.0 -96.544182,35.989411,0.0 -96.54712,35.988712,0.0 -96.548144,35.988585,0.0 -96.549556,35.988441,0.0 -96.552668,35.988381,0.0 -96.557091,35.98839,0.0 -96.5733,35.988428,0.0 -96.574972,35.988235,0.0 -96.581642,35.986863,0.0 -96.583929,35.987136,0.0 -96.583939,35.980147,0.0 -96.583925,35.961477,0.0 -96.583923,35.958703,0.0 -96.58394,35.95817,0.0 -96.586853,35.958559,0.0 -96.588517,35.959266,0.0 -96.610647,35.959185,0.0 -96.620357,35.959306,0.0 -96.619655,35.941571,0.0 -96.6204,35.930436,0.0 -96.620142,35.927198,0.0 -96.620118,35.922083,0.0 -96.61976,35.915569,0.0 -96.620007,35.911635,0.0 -96.619488,35.864309,0.0 -96.619348,35.855519,0.0 -96.619494,35.854344,0.0 -96.619641,35.820219,0.0 -96.619637,35.819718,0.0 -96.619594,35.811926,0.0 -96.619594,35.811087,0.0 -96.619607,35.784775,0.0 -96.619607,35.784385,0.0 -96.619721,35.770367,0.0 -96.619796,35.757072,0.0 -96.620082,35.745626,0.0 -96.620085,35.745429,0.0 -96.620374,35.709763,0.0 -96.620356,35.703505,0.0 -96.62006,35.701917,0.0 -96.620188,35.688926,0.0 -96.620814,35.657103,0.0 -96.620838,35.655378,0.0</coordinates>
</LinearRing>
</outerBoundaryIs>
</Polygon>
</Placemark>
<Placemark id="cb_2023_40_sldl_500k">
<name>&lt;at&gt;&lt;openparen&gt;40030&lt;closeparen&gt;</name>
<visibility>1</visibility>
<description><![CDATA[<center><table><tr><th colspan='2' align='center'><em>Attributes</em></th></tr><tr bgcolor="#E3E3F3">
<th>STATEFP</th>
<td>40</td>
</tr><tr bgcolor="">
<th>SLDLST</th>
<td>030</td>
</tr><tr bgcolor="#E3E3F3">
<th>GEOIDFQ</th>
<td>620L800US40030</td>
</tr><tr bgcolor="">
<th>GEOID</th>
<td>40030</td>
</tr><tr bgcolor="#E3E3F3">
<th>NAME</th>
<td>30</td>
</tr><tr bgcolor="">
<th>NAMELSAD</th>
<td>State House District 30</td>
</tr><tr bgcolor="#E3E3F3">
<th>STUSPS</th>
<td>OK</td>
</tr><tr bgcolor="">
<th>STATE_NAME</th>
<td>Oklahoma</td>
</tr><tr bgcolor="#E3E3F3">
<th>LSAD</th>
<td>LL</td>
</tr><tr bgcolor="">
<th>LSY</th>
<td>2022</td>
</tr><tr bgcolor="#E3E3F3">
<th>ALAND</th>
<td>223516607</td>
</tr><tr bgcolor="">
<th>AWATER</th>
<td>2158776</td>
</tr></table></center>]]></description>
<LookAt>
<longitude>-102</longitude>
<latitude>38.5</latitude>
<range>7000000</range>
<tilt>10</tilt>
<heading>0</heading>
</LookAt>
<styleUrl>#KMLStyler</styleUrl>
<ExtendedData>
<SchemaData schemaUrl="#kml_schema_ft_cb_2023_40_sldl_500k">
<SimpleData name="STATEFP">40</SimpleData>
<SimpleData name="SLDLST">030</SimpleData>
<SimpleData name="GEOIDFQ">620L800US40030</SimpleData>
<SimpleData name="GEOID">40030</SimpleData>
<SimpleData name="NAME">30</SimpleData>
<SimpleData name="NAMELSAD">State House District 30</SimpleData>
<SimpleData name="STUSPS">OK</SimpleData>
<SimpleData name="STATE_NAME">Oklahoma</SimpleData>
<SimpleData name="LSAD">LL</SimpleData>
<SimpleData name="LSY">2022</SimpleData>
<SimpleData name="ALAND">223516607</SimpleData>
<SimpleData name="AWATER">2158776</SimpleData>
</SchemaData>
</ExtendedData>
<Polygon>
<extrude>0</extrude>
<tessellate>1</tessellate>
<altitudeMode>clampToGround</altitudeMode>
<outerBoundaryIs>
<LinearRing>
<coordinates>-96.190312,35.969751,0.0 -96.190318,35.969297,0.0 -96.190256,35.944883,0.0 -96.190279,35.944825,0.0 -96.190151,35.944824,0.0 -96.190223,35.930296,0.0 -96.172269,35.930396,0.0 -96.172312,35.915779,0.0 -96.149926,35.915772,0.0 -96.136606,35.915768,0.0 -96.101027,35.91569,0.0 -96.101026,35.9156,0.0 -96.083317,35.915494,0.0 -96.083273,35.922873,0.0 -96.08318,35.922871,0.0 -96.083119,35.915609,0.0 -96.069512,35.915604,0.0 -96.068164,35.915653,0.0 -96.066152,35.9156,0.0 -96.06493,35.91564,0.0 -96.061205,35.915638,0.0 -96.060957,35.915636,0.0 -96.029543,35.91563,0.0 -96.029534,35.922814,0.0 -96.029487,35.944723,0.0 -96.029279,35.944722,0.0 -96.020595,35.944684,0.0 -96.011812,35.944489,0.0 -96.011663,35.959155,0.0 -96.011948,35.959159,0.0 -96.012208,35.964291,0.0 -96.016607,35.964304,0.0 -96.016715,35.963023,0.0 -96.018822,35.961212,0.0 -96.020107,35.961244,0.0 -96.020144,35.95975,0.0 -96.018872,35.959211,0.0 -96.02063,35.959195,0.0 -96.029266,35.959205,0.0 -96.029477,35.959198,0.0 -96.029486,35.966562,0.0 -96.029544,35.988387,0.0 -96.029523,35.99366,0.0 -96.029765,35.994767,0.0 -96.029624,35.995632,0.0 -96.029524,35.999124,0.0 -96.029559,36.008822,0.0 -96.029559,36.009016,0.0 -96.029518,36.031966,0.0 -96.029747,36.031965,0.0 -96.047228,36.03192,0.0 -96.047459,36.031923,0.0 -96.047457,36.039209,0.0 -96.047414,36.043365,0.0 -96.047498,36.044947,0.0 -96.047454,36.04643,0.0 -96.044092,36.046249,0.0 -96.043503,36.046439,0.0 -96.043002,36.046451,0.0 -96.038531,36.046415,0.0 -96.033048,36.046422,0.0 -96.029795,36.046426,0.0 -96.02956,36.046427,0.0 -96.029547,36.050027,0.0 -96.029542,36.060957,0.0 -96.029781,36.060951,0.0 -96.030353,36.060936,0.0 -96.034067,36.060959,0.0 -96.03811,36.060934,0.0 -96.038185,36.061022,0.0 -96.038108,36.06383,0.0 -96.0377,36.064753,0.0 -96.03756,36.068113,0.0 -96.036296,36.068291,0.0 -96.034978,36.069279,0.0 -96.029755,36.069246,0.0 -96.029544,36.069246,0.0 -96.029583,36.075366,0.0 -96.029565,36.089012,0.0 -96.029545,36.091734,0.0 -96.02952,36.095435,0.0 -96.029509,36.097778,0.0 -96.029464,36.104453,0.0 -96.030736,36.104466,0.0 -96.033965,36.104467,0.0 -96.03544,36.104455,0.0 -96.037125,36.104483,0.0 -96.038412,36.104468,0.0 -96.040199,36.104399,0.0 -96.04736,36.104493,0.0 -96.054069,36.10453,0.0 -96.056309,36.10452,0.0 -96.058579,36.104528,0.0 -96.062973,36.104563,0.0 -96.063631,36.104563,0.0 -96.065218,36.104552,0.0 -96.06591,36.104558,0.0 -96.069979,36.104527,0.0 -96.073034,36.104592,0.0 -96.074237,36.104595,0.0 -96.076208,36.104514,0.0 -96.078668,36.104534,0.0 -96.080822,36.104576,0.0 -96.097046,36.104693,0.0 -96.101065,36.104618,0.0 -96.10103,36.09726,0.0 -96.101097,36.094004,0.0 -96.101098,36.093948,0.0 -96.101112,36.090176,0.0 -96.101064,36.090176,0.0 -96.101088,36.082881,0.0 -96.101073,36.075571,0.0 -96.080149,36.075546,0.0 -96.07581,36.075515,0.0 -96.074102,36.075565,0.0 -96.074228,36.075353,0.0 -96.074278,36.070637,0.0 -96.073756,36.06095,0.0 -96.073595,36.058404,0.0 -96.074163,36.055157,0.0 -96.082746,36.040314,0.0 -96.087564,36.032828,0.0 -96.088375,36.031966,0.0 -96.101155,36.03201,0.0 -96.102331,36.031982,0.0 -96.102591,36.031974,0.0 -96.105641,36.03193,0.0 -96.119025,36.031878,0.0 -96.120648,36.03212,0.0 -96.123437,36.031926,0.0 -96.133989,36.031963,0.0 -96.1356,36.032183,0.0 -96.136436,36.032099,0.0 -96.136952,36.032126,0.0 -96.136933,36.034694,0.0 -96.139833,36.034263,0.0 -96.14025,36.032642,0.0 -96.146057,36.032413,0.0 -96.147044,36.033176,0.0 -96.14892,36.032858,0.0 -96.148873,36.032088,0.0 -96.148072,36.030844,0.0 -96.150691,36.03202,0.0 -96.157041,36.032047,0.0 -96.158979,36.032047,0.0 -96.161535,36.032056,0.0 -96.165743,36.032058,0.0 -96.166859,36.032067,0.0 -96.168049,36.032147,0.0 -96.168451,36.032102,0.0 -96.172508,36.032127,0.0 -96.173842,36.031973,0.0 -96.174262,36.032282,0.0 -96.19023,36.032119,0.0 -96.190193,36.017572,0.0 -96.190216,36.010309,0.0 -96.189858,36.010314,0.0 -96.18983,36.00401,0.0 -96.18983,36.003928,0.0 -96.18983,36.003849,0.0 -96.189826,36.00319,0.0 -96.189632,35.999625,0.0 -96.189076,35.999441,0.0 -96.189037,35.995737,0.0 -96.188955,35.988459,0.0 -96.188468,35.988462,0.0 -96.188532,35.988113,0.0 -96.18994,35.987089,0.0 -96.189951,35.984769,0.0 -96.189997,35.974071,0.0 -96.18999,35.97378,0.0 -96.190004,35.971818,0.0 -96.190305,35.970961,0.0 -96.190312,35.969751,0.0</coordinates>
</LinearRing>
</outerBoundaryIs>
</Polygon>
</Placemark>
<Placemark id="cb_2023_40_sldl_500k">
<name>&lt;at&gt;&lt;openparen&gt;40031&lt;closeparen&gt;</name>
<visibility>1</visibility>
<description><![CDATA[<center><table><tr><th colspan='2' align='center'><em>Attributes</em></th></tr><tr bgcolor="#E3E3F3">
<th>STATEFP</th>
<td>40</td>
</tr><tr bgcolor="">
<th>SLDLST</th>
<td>031</td>
</tr><tr bgcolor="#E3E3F3">
<th>GEOIDFQ</th>
<td>620L800US40031</td>
</tr><tr bgcolor="">
<th>GEOID</th>
<td>40031</td>
</tr><tr bgcolor="#E3E3F3">
<th>NAME</th>
<td>31</td>
</tr><tr bgcolor="">
<th>NAMELSAD</th>
<td>State House District 31</td>
</tr><tr bgcolor="#E3E3F3">
<th>STUSPS</th>
<td>OK</td>
</tr><tr bgcolor="">
<th>STATE_NAME</th>
<td>Oklahoma</td>
</tr><tr bgcolor="#E3E3F3">
<th>LSAD</th>
<td>LL</td>
</tr><tr bgcolor="">
<th>LSY</th>
<td>2022</td>
</tr><tr bgcolor="#E3E3F3">
<th>ALAND</th>
<td>480560372</td>
</tr><tr bgcolor="">
<th>AWATER</th>
<td>2285091</td>
</tr></table></center>]]></description>
<LookAt>
<longitude>-102</longitude>
<latitude>38.5</latitude>
<range>7000000</range>
<tilt>10</tilt>
<heading>0</heading>
</LookAt>
<styleUrl>#KMLStyler</styleUrl>
<ExtendedData>
<SchemaData schemaUrl="#kml_schema_ft_cb_2023_40_sldl_500k">
<SimpleData name="STATEFP">40</SimpleData>
<SimpleData name="SLDLST">031</SimpleData>
<SimpleData name="GEOIDFQ">620L800US40031</SimpleData>
<SimpleData name="GEOID">40031</SimpleData>
<SimpleData name="NAME">31</SimpleData>
<SimpleData name="NAMELSAD">State House District 31</SimpleData>
<SimpleData name="STUSPS">OK</SimpleData>
<SimpleData name="STATE_NAME">Oklahoma</SimpleData>
<SimpleData name="LSAD">LL</SimpleData>
<SimpleData name="LSY">2022</SimpleData>
<SimpleData name="ALAND">480560372</SimpleData>
<SimpleData name="AWATER">2285091</SimpleData>
</SchemaData>
</ExtendedData>
<Polygon>
<extrude>0</extrude>
<tessellate>1</tessellate>
<altitudeMode>clampToGround</altitudeMode>
<outerBoundaryIs>
<LinearRing>
<coordinates>-97.638468,35.725908,0.0 -97.638575,35.6965,0.0 -97.620725,35.696596,0.0 -97.567213,35.696749,0.0 -97.549627,35.696531,0.0 -97.549642,35.689609,0.0 -97.536282,35.689617,0.0 -97.532621,35.689621,0.0 -97.532327,35.690983,0.0 -97.531908,35.692338,0.0 -97.531911,35.696395,0.0 -97.531933,35.71084,0.0 -97.531857,35.725654,0.0 -97.519947,35.725595,0.0 -97.514049,35.725564,0.0 -97.49622,35.725466,0.0 -97.495436,35.725461,0.0 -97.483714,35.725413,0.0 -97.478358,35.725371,0.0 -97.460514,35.72534,0.0 -97.451949,35.725312,0.0 -97.443055,35.725279,0.0 -97.419373,35.725255,0.0 -97.416155,35.725031,0.0 -97.413026,35.725294,0.0 -97.389482,35.725273,0.0 -97.371579,35.725294,0.0 -97.359671,35.725341,0.0 -97.355212,35.725355,0.0 -97.336318,35.725219,0.0 -97.318447,35.725215,0.0 -97.317882,35.725107,0.0 -97.300638,35.725125,0.0 -97.248185,35.724894,0.0 -97.247139,35.724799,0.0 -97.247132,35.724869,0.0 -97.247139,35.739208,0.0 -97.24705,35.749176,0.0 -97.247161,35.775578,0.0 -97.247121,35.805673,0.0 -97.248244,35.807675,0.0 -97.248539,35.809563,0.0 -97.247233,35.811664,0.0 -97.247442,35.816875,0.0 -97.247027,35.817766,0.0 -97.247092,35.82093,0.0 -97.24781,35.822711,0.0 -97.247113,35.824447,0.0 -97.247098,35.826541,0.0 -97.248827,35.826202,0.0 -97.264944,35.826388,0.0 -97.264825,35.834601,0.0 -97.264984,35.840834,0.0 -97.27337,35.840777,0.0 -97.27483,35.841048,0.0 -97.28253,35.840767,0.0 -97.309859,35.84104,0.0 -97.315626,35.840761,0.0 -97.32283,35.841109,0.0 -97.323811,35.840714,0.0 -97.325729,35.841174,0.0 -97.335957,35.841183,0.0 -97.335977,35.833936,0.0 -97.346995,35.834039,0.0 -97.353862,35.834093,0.0 -97.354005,35.84134,0.0 -97.371777,35.841569,0.0 -97.393298,35.841635,0.0 -97.394695,35.841834,0.0 -97.394922,35.841874,0.0 -97.394449,35.844323,0.0 -97.394319,35.856194,0.0 -97.394305,35.863443,0.0 -97.394275,35.870706,0.0 -97.394248,35.877834,0.0 -97.394246,35.878074,0.0 -97.394241,35.878607,0.0 -97.394235,35.885233,0.0 -97.394001,35.885234,0.0 -97.393946,35.898576,0.0 -97.394177,35.898582,0.0 -97.40752,35.898623,0.0 -97.416422,35.898636,0.0 -97.416431,35.898211,0.0 -97.416389,35.89461,0.0 -97.416372,35.885346,0.0 -97.422802,35.885319,0.0 -97.427224,35.885325,0.0 -97.430232,35.885315,0.0 -97.434089,35.885305,0.0 -97.438522,35.885269,0.0 -97.43924,35.885264,0.0 -97.442914,35.88523,0.0 -97.450294,35.885067,0.0 -97.461411,35.884862,0.0 -97.465071,35.884965,0.0 -97.469341,35.885093,0.0 -97.478246,35.88533,0.0 -97.47825,35.878121,0.0 -97.47828,35.871479,0.0 -97.481496,35.870942,0.0 -97.514114,35.871204,0.0 -97.51411,35.871341,0.0 -97.549801,35.871215,0.0 -97.549785,35.856661,0.0 -97.549905,35.842184,0.0 -97.585068,35.842312,0.0 -97.584894,35.8133,0.0 -97.584807,35.798506,0.0 -97.584895,35.78477,0.0 -97.584896,35.784172,0.0 -97.584883,35.776634,0.0 -97.584873,35.754829,0.0 -97.584876,35.747565,0.0 -97.584919,35.731522,0.0 -97.584661,35.725792,0.0 -97.620627,35.725874,0.0 -97.638468,35.725908,0.0</coordinates>
</LinearRing>
</outerBoundaryIs>
</Polygon>
</Placemark>
<Placemark id="cb_2023_40_sldl_500k">
<name>&lt;at&gt;&lt;openparen&gt;40032&lt;closeparen&gt;</name>
<visibility>1</visibility>
<description><![CDATA[<center><table><tr><th colspan='2' align='center'><em>Attributes</em></th></tr><tr bgcolor="#E3E3F3">
<th>STATEFP</th>
<td>40</td>
</tr><tr bgcolor="">
<th>SLDLST</th>
<td>032</td>
</tr><tr bgcolor="#E3E3F3">
<th>GEOIDFQ</th>
<td>620L800US40032</td>
</tr><tr bgcolor="">
<th>GEOID</th>
<td>40032</td>
</tr><tr bgcolor="#E3E3F3">
<th>NAME</th>
<td>32</td>
</tr><tr bgcolor="">
<th>NAMELSAD</th>
<td>State House District 32</td>
</tr><tr bgcolor="#E3E3F3">
<th>STUSPS</th>
<td>OK</td>
</tr><tr bgcolor="">
<th>STATE_NAME</th>
<td>Oklahoma</td>
</tr><tr bgcolor="#E3E3F3">
<th>LSAD</th>
<td>LL</td>
</tr><tr bgcolor="">
<th>LSY</th>
<td>2022</td>
</tr><tr bgcolor="#E3E3F3">
<th>ALAND</th>
<td>2742408791</td>
</tr><tr bgcolor="">
<th>AWATER</th>
<td>38111930</td>
</tr></table></center>]]></description>
<LookAt>
<longitude>-102</longitude>
<latitude>38.5</latitude>
<range>7000000</range>
<tilt>10</tilt>
<heading>0</heading>
</LookAt>
<styleUrl>#KMLStyler</styleUrl>
<ExtendedData>
<SchemaData schemaUrl="#kml_schema_ft_cb_2023_40_sldl_500k">
<SimpleData name="STATEFP">40</SimpleData>
<SimpleData name="SLDLST">032</SimpleData>
<SimpleData name="GEOIDFQ">620L800US40032</SimpleData>
<SimpleData name="GEOID">40032</SimpleData>
<SimpleData name="NAME">32</SimpleData>
<SimpleData name="NAMELSAD">State House District 32</SimpleData>
<SimpleData name="STUSPS">OK</SimpleData>
<SimpleData name="STATE_NAME">Oklahoma</SimpleData>
<SimpleData name="LSAD">LL</SimpleData>
<SimpleData name="LSY">2022</SimpleData>
<SimpleData name="ALAND">2742408791</SimpleData>
<SimpleData name="AWATER">38111930</SimpleData>
</SchemaData>
</ExtendedData>
<Polygon>
<extrude>0</extrude>
<tessellate>1</tessellate>
<altitudeMode>clampToGround</altitudeMode>
<outerBoundaryIs>
<LinearRing>
<coordinates>-97.282572,35.869831,0.0 -97.28253,35.840767,0.0 -97.27483,35.841048,0.0 -97.27337,35.840777,0.0 -97.264984,35.840834,0.0 -97.264825,35.834601,0.0 -97.264944,35.826388,0.0 -97.248827,35.826202,0.0 -97.247098,35.826541,0.0 -97.247113,35.824447,0.0 -97.24781,35.822711,0.0 -97.247092,35.82093,0.0 -97.247027,35.817766,0.0 -97.247442,35.816875,0.0 -97.247233,35.811664,0.0 -97.248539,35.809563,0.0 -97.248244,35.807675,0.0 -97.247121,35.805673,0.0 -97.247161,35.775578,0.0 -97.24705,35.749176,0.0 -97.247139,35.739208,0.0 -97.247132,35.724869,0.0 -97.224383,35.724787,0.0 -97.220813,35.724924,0.0 -97.212015,35.724781,0.0 -97.210762,35.724721,0.0 -97.141066,35.724401,0.0 -97.140973,35.706257,0.0 -97.140973,35.706155,0.0 -97.141141,35.680967,0.0 -97.14129,35.659337,0.0 -97.14129,35.65172,0.0 -97.141284,35.644692,0.0 -97.141302,35.637508,0.0 -97.141295,35.615752,0.0 -97.141282,35.609467,0.0 -97.141134,35.608482,0.0 -97.141227,35.579509,0.0 -97.1409,35.574223,0.0 -97.140805,35.565272,0.0 -97.140801,35.564977,0.0 -97.14092,35.551097,0.0 -97.141441,35.55018,0.0 -97.14134,35.492545,0.0 -97.141689,35.471829,0.0 -97.141399,35.469326,0.0 -97.141343,35.468853,0.0 -97.14149,35.463977,0.0 -97.132527,35.463968,0.0 -97.129361,35.464012,0.0 -97.115496,35.464096,0.0 -97.108852,35.463521,0.0 -97.088878,35.463559,0.0 -97.026999,35.463471,0.0 -97.026886,35.463472,0.0 -97.000565,35.463535,0.0 -96.973696,35.463483,0.0 -96.965156,35.46355,0.0 -96.929701,35.463462,0.0 -96.903254,35.463484,0.0 -96.885817,35.463464,0.0 -96.878503,35.463365,0.0 -96.876949,35.463415,0.0 -96.84161,35.463395,0.0 -96.823889,35.463333,0.0 -96.806557,35.463251,0.0 -96.735822,35.462932,0.0 -96.674464,35.462745,0.0 -96.672835,35.462744,0.0 -96.624681,35.462707,0.0 -96.623727,35.491658,0.0 -96.622778,35.520674,0.0 -96.621976,35.542687,0.0 -96.621666,35.54945,0.0 -96.62188,35.550025,0.0 -96.621693,35.551767,0.0 -96.621068,35.615085,0.0 -96.620828,35.639005,0.0 -96.620838,35.655378,0.0 -96.620814,35.657103,0.0 -96.620188,35.688926,0.0 -96.62006,35.701917,0.0 -96.620356,35.703505,0.0 -96.620374,35.709763,0.0 -96.620085,35.745429,0.0 -96.620082,35.745626,0.0 -96.619796,35.757072,0.0 -96.619721,35.770367,0.0 -96.619607,35.784385,0.0 -96.619607,35.784775,0.0 -96.619594,35.811087,0.0 -96.619594,35.811926,0.0 -96.619637,35.819718,0.0 -96.619641,35.820219,0.0 -96.619494,35.854344,0.0 -96.619348,35.855519,0.0 -96.619488,35.864309,0.0 -96.620007,35.911635,0.0 -96.61976,35.915569,0.0 -96.620118,35.922083,0.0 -96.620142,35.927198,0.0 -96.6204,35.930436,0.0 -96.619655,35.941571,0.0 -96.633181,35.941502,0.0 -96.637832,35.941686,0.0 -96.642477,35.941925,0.0 -96.647031,35.941957,0.0 -96.648506,35.941815,0.0 -96.651047,35.941758,0.0 -96.660119,35.941665,0.0 -96.665042,35.941931,0.0 -96.677874,35.942073,0.0 -96.695896,35.942085,0.0 -96.731535,35.942176,0.0 -96.757865,35.942144,0.0 -96.767255,35.942126,0.0 -96.784766,35.942187,0.0 -96.820292,35.94229,0.0 -96.86488,35.942153,0.0 -96.873767,35.942139,0.0 -96.873457,35.971271,0.0 -96.873754,35.985948,0.0 -96.909523,35.9858,0.0 -96.913426,35.985805,0.0 -96.971713,35.985587,0.0 -96.998431,35.985519,0.0 -96.99848,35.999844,0.0 -97.050838,35.999982,0.0 -97.050821,35.987458,0.0 -97.050822,35.985427,0.0 -97.051583,35.985434,0.0 -97.051686,35.985435,0.0 -97.053117,35.985448,0.0 -97.10505,35.985503,0.0 -97.104499,35.974704,0.0 -97.100769,35.977174,0.0 -97.094042,35.97882,0.0 -97.090352,35.978798,0.0 -97.085845,35.977196,0.0 -97.083563,35.974839,0.0 -97.082971,35.970535,0.0 -97.084801,35.968749,0.0 -97.084294,35.968154,0.0 -97.084857,35.96575,0.0 -97.086348,35.963323,0.0 -97.088685,35.961171,0.0 -97.096287,35.957644,0.0 -97.100285,35.957002,0.0 -97.103354,35.95739,0.0 -97.104708,35.956879,0.0 -97.107181,35.957554,0.0 -97.109257,35.959334,0.0 -97.110175,35.960771,0.0 -97.112657,35.962535,0.0 -97.11768,35.963804,0.0 -97.121048,35.965384,0.0 -97.122222,35.96638,0.0 -97.127601,35.968689,0.0 -97.131989,35.968585,0.0 -97.135795,35.966551,0.0 -97.139256,35.963196,0.0 -97.140455,35.95906,0.0 -97.140583,35.941991,0.0 -97.140535,35.8985,0.0 -97.141414,35.898508,0.0 -97.141506,35.869095,0.0 -97.149251,35.868855,0.0 -97.17651,35.869028,0.0 -97.176893,35.86903,0.0 -97.247106,35.86964,0.0 -97.282572,35.869831,0.0</coordinates>
</LinearRing>
</outerBoundaryIs>
</Polygon>
</Placemark>
<Placemark id="cb_2023_40_sldl_500k">
<name>&lt;at&gt;&lt;openparen&gt;40033&lt;closeparen&gt;</name>
<visibility>1</visibility>
<description><![CDATA[<center><table><tr><th colspan='2' align='center'><em>Attributes</em></th></tr><tr bgcolor="#E3E3F3">
<th>STATEFP</th>
<td>40</td>
</tr><tr bgcolor="">
<th>SLDLST</th>
<td>033</td>
</tr><tr bgcolor="#E3E3F3">
<th>GEOIDFQ</th>
<td>620L800US40033</td>
</tr><tr bgcolor="">
<th>GEOID</th>
<td>40033</td>
</tr><tr bgcolor="#E3E3F3">
<th>NAME</th>
<td>33</td>
</tr><tr bgcolor="">
<th>NAMELSAD</th>
<td>State House District 33</td>
</tr><tr bgcolor="#E3E3F3">
<th>STUSPS</th>
<td>OK</td>
</tr><tr bgcolor="">
<th>STATE_NAME</th>
<td>Oklahoma</td>
</tr><tr bgcolor="#E3E3F3">
<th>LSAD</th>
<td>LL</td>
</tr><tr bgcolor="">
<th>LSY</th>
<td>2022</td>
</tr><tr bgcolor="#E3E3F3">
<th>ALAND</th>
<td>1688957972</td>
</tr><tr bgcolor="">
<th>AWATER</th>
<td>27987067</td>
</tr></table></center>]]></description>
<LookAt>
<longitude>-102</longitude>
<latitude>38.5</latitude>
<range>7000000</range>
<tilt>10</tilt>
<heading>0</heading>
</LookAt>
<styleUrl>#KMLStyler</styleUrl>
<ExtendedData>
<SchemaData schemaUrl="#kml_schema_ft_cb_2023_40_sldl_500k">
<SimpleData name="STATEFP">40</SimpleData>
<SimpleData name="SLDLST">033</SimpleData>
<SimpleData name="GEOIDFQ">620L800US40033</SimpleData>
<SimpleData name="GEOID">40033</SimpleData>
<SimpleData name="NAME">33</SimpleData>
<SimpleData name="NAMELSAD">State House District 33</SimpleData>
<SimpleData name="STUSPS">OK</SimpleData>
<SimpleData name="STATE_NAME">Oklahoma</SimpleData>
<SimpleData name="LSAD">LL</SimpleData>
<SimpleData name="LSY">2022</SimpleData>
<SimpleData name="ALAND">1688957972</SimpleData>
<SimpleData name="AWATER">27987067</SimpleData>
</SchemaData>
</ExtendedData>
<Polygon>
<extrude>0</extrude>
<tessellate>1</tessellate>
<altitudeMode>clampToGround</altitudeMode>
<outerBoundaryIs>
<LinearRing>
<coordinates>-97.394922,35.841874,0.0 -97.394695,35.841834,0.0 -97.393298,35.841635,0.0 -97.371777,35.841569,0.0 -97.354005,35.84134,0.0 -97.353862,35.834093,0.0 -97.346995,35.834039,0.0 -97.335977,35.833936,0.0 -97.335957,35.841183,0.0 -97.325729,35.841174,0.0 -97.323811,35.840714,0.0 -97.32283,35.841109,0.0 -97.315626,35.840761,0.0 -97.309859,35.84104,0.0 -97.28253,35.840767,0.0 -97.282572,35.869831,0.0 -97.247106,35.86964,0.0 -97.176893,35.86903,0.0 -97.17651,35.869028,0.0 -97.149251,35.868855,0.0 -97.141506,35.869095,0.0 -97.141414,35.898508,0.0 -97.140535,35.8985,0.0 -97.140583,35.941991,0.0 -97.140455,35.95906,0.0 -97.139256,35.963196,0.0 -97.135795,35.966551,0.0 -97.131989,35.968585,0.0 -97.127601,35.968689,0.0 -97.122222,35.96638,0.0 -97.121048,35.965384,0.0 -97.11768,35.963804,0.0 -97.112657,35.962535,0.0 -97.110175,35.960771,0.0 -97.109257,35.959334,0.0 -97.107181,35.957554,0.0 -97.104708,35.956879,0.0 -97.103354,35.95739,0.0 -97.100285,35.957002,0.0 -97.096287,35.957644,0.0 -97.088685,35.961171,0.0 -97.086348,35.963323,0.0 -97.084857,35.96575,0.0 -97.084294,35.968154,0.0 -97.084801,35.968749,0.0 -97.082971,35.970535,0.0 -97.083563,35.974839,0.0 -97.085845,35.977196,0.0 -97.090352,35.978798,0.0 -97.094042,35.97882,0.0 -97.100769,35.977174,0.0 -97.104499,35.974704,0.0 -97.10505,35.985503,0.0 -97.053117,35.985448,0.0 -97.051686,35.985435,0.0 -97.051583,35.985434,0.0 -97.050822,35.985427,0.0 -97.050821,35.987458,0.0 -97.050838,35.999982,0.0 -96.99848,35.999844,0.0 -96.998431,35.985519,0.0 -96.971713,35.985587,0.0 -96.913426,35.985805,0.0 -96.909523,35.9858,0.0 -96.873754,35.985948,0.0 -96.873457,35.971271,0.0 -96.873767,35.942139,0.0 -96.86488,35.942153,0.0 -96.820292,35.94229,0.0 -96.784766,35.942187,0.0 -96.767255,35.942126,0.0 -96.757865,35.942144,0.0 -96.731535,35.942176,0.0 -96.695896,35.942085,0.0 -96.677874,35.942073,0.0 -96.665042,35.941931,0.0 -96.660119,35.941665,0.0 -96.651047,35.941758,0.0 -96.648506,35.941815,0.0 -96.647031,35.941957,0.0 -96.642477,35.941925,0.0 -96.637832,35.941686,0.0 -96.633181,35.941502,0.0 -96.619655,35.941571,0.0 -96.620357,35.959306,0.0 -96.620792,35.970368,0.0 -96.621135,35.971941,0.0 -96.62103,35.976406,0.0 -96.62148,35.986997,0.0 -96.621669,35.995659,0.0 -96.621732,36.000409,0.0 -96.622069,36.025623,0.0 -96.622353,36.046919,0.0 -96.622354,36.046967,0.0 -96.622464,36.055228,0.0 -96.622863,36.058417,0.0 -96.622541,36.060972,0.0 -96.622609,36.073075,0.0 -96.622499,36.086987,0.0 -96.622649,36.087556,0.0 -96.622483,36.090849,0.0 -96.62231,36.126568,0.0 -96.621441,36.159929,0.0 -96.62212,36.159903,0.0 -96.626393,36.160161,0.0 -96.629061,36.159841,0.0 -96.641755,36.159781,0.0 -96.65857,36.159741,0.0 -96.661484,36.159639,0.0 -96.704685,36.159608,0.0 -96.713151,36.159571,0.0 -96.72449,36.159492,0.0 -96.727051,36.159234,0.0 -96.727971,36.159441,0.0 -96.783975,36.159232,0.0 -96.785543,36.159416,0.0 -96.802363,36.159359,0.0 -96.804712,36.15904,0.0 -96.819005,36.158886,0.0 -96.81901,36.161672,0.0 -96.818996,36.162437,0.0 -96.818858,36.187761,0.0 -96.925653,36.189443,0.0 -96.98013,36.189001,0.0 -97.006801,36.188821,0.0 -97.016226,36.188668,0.0 -97.026726,36.188409,0.0 -97.034102,36.18853,0.0 -97.042997,36.188484,0.0 -97.051789,36.188419,0.0 -97.051769,36.173964,0.0 -97.04295,36.173998,0.0 -97.034041,36.174017,0.0 -97.033835,36.148638,0.0 -97.033805,36.144993,0.0 -97.033744,36.140067,0.0 -97.033683,36.130459,0.0 -97.03355,36.115968,0.0 -97.033526,36.108684,0.0 -97.051414,36.108796,0.0 -97.052011,36.109137,0.0 -97.058539,36.109029,0.0 -97.062643,36.109056,0.0 -97.069299,36.108955,0.0 -97.070876,36.108771,0.0 -97.072269,36.108591,0.0 -97.075911,36.108576,0.0 -97.082735,36.108557,0.0 -97.087204,36.108586,0.0 -97.087134,36.104272,0.0 -97.087121,36.101303,0.0 -97.104928,36.101399,0.0 -97.114873,36.10144,0.0 -97.12275,36.101465,0.0 -97.124769,36.101455,0.0 -97.136123,36.101349,0.0 -97.140436,36.101299,0.0 -97.140444,36.104891,0.0 -97.140489,36.115863,0.0 -97.140483,36.116051,0.0 -97.140525,36.117532,0.0 -97.140561,36.128404,0.0 -97.140307,36.130549,0.0 -97.123017,36.130334,0.0 -97.103446,36.130308,0.0 -97.102793,36.130332,0.0 -97.100746,36.130358,0.0 -97.100856,36.144888,0.0 -97.104976,36.144881,0.0 -97.105367,36.144879,0.0 -97.105419,36.159412,0.0 -97.105469,36.163039,0.0 -97.105613,36.173796,0.0 -97.096599,36.173819,0.0 -97.094576,36.174683,0.0 -97.090834,36.178122,0.0 -97.089609,36.17859,0.0 -97.084293,36.17853,0.0 -97.082588,36.177582,0.0 -97.080557,36.174483,0.0 -97.078881,36.173863,0.0 -97.06976,36.173919,0.0 -97.069788,36.181142,0.0 -97.069826,36.18294,0.0 -97.069832,36.188395,0.0 -97.105639,36.188332,0.0 -97.140696,36.188203,0.0 -97.14069,36.162827,0.0 -97.140668,36.159231,0.0 -97.17642,36.159235,0.0 -97.230155,36.159278,0.0 -97.230345,36.159234,0.0 -97.23806,36.159319,0.0 -97.255652,36.159337,0.0 -97.282667,36.159259,0.0 -97.300568,36.15919,0.0 -97.327169,36.15913,0.0 -97.354132,36.159072,0.0 -97.353806,36.11637,0.0 -97.353805,36.116278,0.0 -97.353804,36.116066,0.0 -97.353804,36.115995,0.0 -97.353803,36.115669,0.0 -97.353803,36.114302,0.0 -97.353827,36.112005,0.0 -97.3539,36.111362,0.0 -97.353967,36.058049,0.0 -97.353966,36.057992,0.0 -97.353963,36.057821,0.0 -97.353963,36.057765,0.0 -97.353955,36.012655,0.0 -97.353829,36.012406,0.0 -97.35387,35.984934,0.0 -97.353249,35.985334,0.0 -97.353027,35.98517,0.0 -97.354237,35.977387,0.0 -97.353899,35.976294,0.0 -97.353987,35.913023,0.0 -97.390302,35.912992,0.0 -97.39121,35.913506,0.0 -97.392432,35.911065,0.0 -97.393514,35.907598,0.0 -97.393913,35.904649,0.0 -97.393946,35.898576,0.0 -97.394001,35.885234,0.0 -97.394235,35.885233,0.0 -97.394241,35.878607,0.0 -97.394246,35.878074,0.0 -97.394248,35.877834,0.0 -97.394275,35.870706,0.0 -97.394305,35.863443,0.0 -97.394319,35.856194,0.0 -97.394449,35.844323,0.0 -97.394922,35.841874,0.0</coordinates>
</LinearRing>
</outerBoundaryIs>
</Polygon>
</Placemark>
<Placemark id="cb_2023_40_sldl_500k">
<name>&lt;at&gt;&lt;openparen&gt;40034&lt;closeparen&gt;</name>
<visibility>1</visibility>
<description><![CDATA[<center><table><tr><th colspan='2' align='center'><em>Attributes</em></th></tr><tr bgcolor="#E3E3F3">
<th>STATEFP</th>
<td>40</td>
</tr><tr bgcolor="">
<th>SLDLST</th>
<td>034</td>
</tr><tr bgcolor="#E3E3F3">
<th>GEOIDFQ</th>
<td>620L800US40034</td>
</tr><tr bgcolor="">
<th>GEOID</th>
<td>40034</td>
</tr><tr bgcolor="#E3E3F3">
<th>NAME</th>
<td>34</td>
</tr><tr bgcolor="">
<th>NAMELSAD</th>
<td>State House District 34</td>
</tr><tr bgcolor="#E3E3F3">
<th>STUSPS</th>
<td>OK</td>
</tr><tr bgcolor="">
<th>STATE_NAME</th>
<td>Oklahoma</td>
</tr><tr bgcolor="#E3E3F3">
<th>LSAD</th>
<td>LL</td>
</tr><tr bgcolor="">
<th>LSY</th>
<td>2022</td>
</tr><tr bgcolor="#E3E3F3">
<th>ALAND</th>
<td>56716386</td>
</tr><tr bgcolor="">
<th>AWATER</th>
<td>1239040</td>
</tr></table></center>]]></description>
<LookAt>
<longitude>-102</longitude>
<latitude>38.5</latitude>
<range>7000000</range>
<tilt>10</tilt>
<heading>0</heading>
</LookAt>
<styleUrl>#KMLStyler</styleUrl>
<ExtendedData>
<SchemaData schemaUrl="#kml_schema_ft_cb_2023_40_sldl_500k">
<SimpleData name="STATEFP">40</SimpleData>
<SimpleData name="SLDLST">034</SimpleData>
<SimpleData name="GEOIDFQ">620L800US40034</SimpleData>
<SimpleData name="GEOID">40034</SimpleData>
<SimpleData name="NAME">34</SimpleData>
<SimpleData name="NAMELSAD">State House District 34</SimpleData>
<SimpleData name="STUSPS">OK</SimpleData>
<SimpleData name="STATE_NAME">Oklahoma</SimpleData>
<SimpleData name="LSAD">LL</SimpleData>
<SimpleData name="LSY">2022</SimpleData>
<SimpleData name="ALAND">56716386</SimpleData>
<SimpleData name="AWATER">1239040</SimpleData>
</SchemaData>
</ExtendedData>
<Polygon>
<extrude>0</extrude>
<tessellate>1</tessellate>
<altitudeMode>clampToGround</altitudeMode>
<outerBoundaryIs>
<LinearRing>
<coordinates>-97.140561,36.128404,0.0 -97.140525,36.117532,0.0 -97.140483,36.116051,0.0 -97.140489,36.115863,0.0 -97.140444,36.104891,0.0 -97.140436,36.101299,0.0 -97.136123,36.101349,0.0 -97.124769,36.101455,0.0 -97.12275,36.101465,0.0 -97.114873,36.10144,0.0 -97.104928,36.101399,0.0 -97.087121,36.101303,0.0 -97.087134,36.104272,0.0 -97.087204,36.108586,0.0 -97.082735,36.108557,0.0 -97.075911,36.108576,0.0 -97.072269,36.108591,0.0 -97.070876,36.108771,0.0 -97.069299,36.108955,0.0 -97.062643,36.109056,0.0 -97.058539,36.109029,0.0 -97.052011,36.109137,0.0 -97.051414,36.108796,0.0 -97.033526,36.108684,0.0 -97.03355,36.115968,0.0 -97.033683,36.130459,0.0 -97.033744,36.140067,0.0 -97.033805,36.144993,0.0 -97.033835,36.148638,0.0 -97.034041,36.174017,0.0 -97.04295,36.173998,0.0 -97.051769,36.173964,0.0 -97.068306,36.173915,0.0 -97.06976,36.173919,0.0 -97.078881,36.173863,0.0 -97.080557,36.174483,0.0 -97.082588,36.177582,0.0 -97.084293,36.17853,0.0 -97.089609,36.17859,0.0 -97.090834,36.178122,0.0 -97.094576,36.174683,0.0 -97.096599,36.173819,0.0 -97.105613,36.173796,0.0 -97.105469,36.163039,0.0 -97.105419,36.159412,0.0 -97.105367,36.144879,0.0 -97.104976,36.144881,0.0 -97.100856,36.144888,0.0 -97.100746,36.130358,0.0 -97.102793,36.130332,0.0 -97.103446,36.130308,0.0 -97.123017,36.130334,0.0 -97.140307,36.130549,0.0 -97.140561,36.128404,0.0</coordinates>
</LinearRing>
</outerBoundaryIs>
</Polygon>
</Placemark>
<Placemark id="cb_2023_40_sldl_500k">
<name>&lt;at&gt;&lt;openparen&gt;40035&lt;closeparen&gt;</name>
<visibility>1</visibility>
<description><![CDATA[<center><table><tr><th colspan='2' align='center'><em>Attributes</em></th></tr><tr bgcolor="#E3E3F3">
<th>STATEFP</th>
<td>40</td>
</tr><tr bgcolor="">
<th>SLDLST</th>
<td>035</td>
</tr><tr bgcolor="#E3E3F3">
<th>GEOIDFQ</th>
<td>620L800US40035</td>
</tr><tr bgcolor="">
<th>GEOID</th>
<td>40035</td>
</tr><tr bgcolor="#E3E3F3">
<th>NAME</th>
<td>35</td>
</tr><tr bgcolor="">
<th>NAMELSAD</th>
<td>State House District 35</td>
</tr><tr bgcolor="#E3E3F3">
<th>STUSPS</th>
<td>OK</td>
</tr><tr bgcolor="">
<th>STATE_NAME</th>
<td>Oklahoma</td>
</tr><tr bgcolor="#E3E3F3">
<th>LSAD</th>
<td>LL</td>
</tr><tr bgcolor="">
<th>LSY</th>
<td>2022</td>
</tr><tr bgcolor="#E3E3F3">
<th>ALAND</th>
<td>3384106831</td>
</tr><tr bgcolor="">
<th>AWATER</th>
<td>137249478</td>
</tr></table></center>]]></description>
<LookAt>
<longitude>-102</longitude>
<latitude>38.5</latitude>
<range>7000000</range>
<tilt>10</tilt>
<heading>0</heading>
</LookAt>
<styleUrl>#KMLStyler</styleUrl>
<ExtendedData>
<SchemaData schemaUrl="#kml_schema_ft_cb_2023_40_sldl_500k">
<SimpleData name="STATEFP">40</SimpleData>
<SimpleData name="SLDLST">035</SimpleData>
<SimpleData name="GEOIDFQ">620L800US40035</SimpleData>
<SimpleData name="GEOID">40035</SimpleData>
<SimpleData name="NAME">35</SimpleData>
<SimpleData name="NAMELSAD">State House District 35</SimpleData>
<SimpleData name="STUSPS">OK</SimpleData>
<SimpleData name="STATE_NAME">Oklahoma</SimpleData>
<SimpleData name="LSAD">LL</SimpleData>
<SimpleData name="LSY">2022</SimpleData>
<SimpleData name="ALAND">3384106831</SimpleData>
<SimpleData name="AWATER">137249478</SimpleData>
</SchemaData>
</ExtendedData>
<Polygon>
<extrude>0</extrude>
<tessellate>1</tessellate>
<altitudeMode>clampToGround</altitudeMode>
<outerBoundaryIs>
<LinearRing>
<coordinates>-97.300922,36.296875,0.0 -97.301037,36.289666,0.0 -97.293365,36.289639,0.0 -97.288247,36.289645,0.0 -97.28818,36.286023,0.0 -97.283722,36.286033,0.0 -97.281774,36.286034,0.0 -97.281764,36.282479,0.0 -97.28169,36.2625,0.0 -97.282669,36.258544,0.0 -97.282662,36.232034,0.0 -97.282667,36.159259,0.0 -97.255652,36.159337,0.0 -97.23806,36.159319,0.0 -97.230345,36.159234,0.0 -97.230155,36.159278,0.0 -97.17642,36.159235,0.0 -97.140668,36.159231,0.0 -97.14069,36.162827,0.0 -97.140696,36.188203,0.0 -97.105639,36.188332,0.0 -97.069832,36.188395,0.0 -97.069826,36.18294,0.0 -97.069788,36.181142,0.0 -97.06976,36.173919,0.0 -97.068306,36.173915,0.0 -97.051769,36.173964,0.0 -97.051789,36.188419,0.0 -97.042997,36.188484,0.0 -97.034102,36.18853,0.0 -97.026726,36.188409,0.0 -97.016226,36.188668,0.0 -97.006801,36.188821,0.0 -96.98013,36.189001,0.0 -96.925653,36.189443,0.0 -96.818858,36.187761,0.0 -96.818996,36.162437,0.0 -96.81901,36.161672,0.0 -96.819005,36.158886,0.0 -96.804712,36.15904,0.0 -96.802363,36.159359,0.0 -96.785543,36.159416,0.0 -96.783975,36.159232,0.0 -96.727971,36.159441,0.0 -96.727051,36.159234,0.0 -96.72449,36.159492,0.0 -96.713151,36.159571,0.0 -96.704685,36.159608,0.0 -96.661484,36.159639,0.0 -96.65857,36.159741,0.0 -96.641755,36.159781,0.0 -96.629061,36.159841,0.0 -96.626393,36.160161,0.0 -96.62212,36.159903,0.0 -96.621441,36.159929,0.0 -96.62231,36.126568,0.0 -96.622483,36.090849,0.0 -96.622649,36.087556,0.0 -96.622499,36.086987,0.0 -96.622609,36.073075,0.0 -96.622541,36.060972,0.0 -96.622863,36.058417,0.0 -96.622464,36.055228,0.0 -96.622354,36.046967,0.0 -96.622353,36.046919,0.0 -96.622069,36.025623,0.0 -96.621732,36.000409,0.0 -96.621669,35.995659,0.0 -96.62148,35.986997,0.0 -96.62103,35.976406,0.0 -96.621135,35.971941,0.0 -96.620792,35.970368,0.0 -96.620357,35.959306,0.0 -96.610647,35.959185,0.0 -96.588517,35.959266,0.0 -96.586853,35.958559,0.0 -96.58394,35.95817,0.0 -96.583923,35.958703,0.0 -96.583925,35.961477,0.0 -96.583939,35.980147,0.0 -96.583929,35.987136,0.0 -96.581642,35.986863,0.0 -96.574972,35.988235,0.0 -96.5733,35.988428,0.0 -96.557091,35.98839,0.0 -96.552668,35.988381,0.0 -96.549556,35.988441,0.0 -96.548144,35.988585,0.0 -96.54712,35.988712,0.0 -96.544182,35.989411,0.0 -96.537373,35.992076,0.0 -96.528795,35.995493,0.0 -96.506903,36.002263,0.0 -96.505537,36.002602,0.0 -96.502508,36.002895,0.0 -96.458604,36.003006,0.0 -96.4033,36.003115,0.0 -96.394887,36.002695,0.0 -96.387193,36.003142,0.0 -96.387202,36.046965,0.0 -96.387228,36.053949,0.0 -96.387282,36.060912,0.0 -96.387354,36.075752,0.0 -96.387357,36.07602,0.0 -96.387352,36.090305,0.0 -96.387394,36.104818,0.0 -96.387531,36.110867,0.0 -96.388268,36.113323,0.0 -96.389114,36.114767,0.0 -96.39568,36.122694,0.0 -96.396052,36.123156,0.0 -96.398523,36.12742,0.0 -96.39937,36.138892,0.0 -96.400806,36.16288,0.0 -96.376132,36.162726,0.0 -96.371335,36.1627,0.0 -96.352699,36.162593,0.0 -96.351688,36.162588,0.0 -96.329224,36.162459,0.0 -96.305349,36.162322,0.0 -96.297888,36.162279,0.0 -96.273488,36.16208,0.0 -96.272711,36.16208,0.0 -96.268287,36.16198,0.0 -96.270207,36.167624,0.0 -96.269439,36.173096,0.0 -96.269183,36.173684,0.0 -96.264525,36.179443,0.0 -96.257727,36.183661,0.0 -96.250735,36.188908,0.0 -96.247559,36.191549,0.0 -96.245583,36.194141,0.0 -96.243967,36.196965,0.0 -96.243047,36.200241,0.0 -96.242873,36.201896,0.0 -96.242429,36.201958,0.0 -96.224379,36.201911,0.0 -96.222533,36.201909,0.0 -96.211833,36.201881,0.0 -96.19715,36.201846,0.0 -96.185239,36.201701,0.0 -96.184911,36.201723,0.0 -96.184911,36.202047,0.0 -96.185174,36.202275,0.0 -96.18567,36.202646,0.0 -96.187284,36.202918,0.0 -96.187791,36.206748,0.0 -96.187025,36.21018,0.0 -96.184361,36.212108,0.0 -96.183033,36.214206,0.0 -96.179956,36.216339,0.0 -96.166063,36.216378,0.0 -96.165456,36.228783,0.0 -96.161851,36.235843,0.0 -96.16196,36.239327,0.0 -96.164518,36.24175,0.0 -96.164964,36.245193,0.0 -96.192344,36.24538,0.0 -96.19234,36.281762,0.0 -96.192654,36.282235,0.0 -96.192823,36.288735,0.0 -96.192824,36.289146,0.0 -96.192749,36.302337,0.0 -96.192398,36.302336,0.0 -96.188336,36.302337,0.0 -96.188446,36.30305,0.0 -96.188536,36.303563,0.0 -96.188526,36.303756,0.0 -96.189472,36.307925,0.0 -96.188043,36.308676,0.0 -96.185474,36.312407,0.0 -96.184392,36.316785,0.0 -96.185468,36.31895,0.0 -96.185949,36.321595,0.0 -96.18728,36.323486,0.0 -96.189684,36.32581,0.0 -96.190195,36.327862,0.0 -96.189772,36.32996,0.0 -96.186851,36.332623,0.0 -96.186736,36.332821,0.0 -96.192032,36.332843,0.0 -96.191995,36.33704,0.0 -96.192231,36.337115,0.0 -96.192091,36.354356,0.0 -96.19185,36.354814,0.0 -96.191798,36.361899,0.0 -96.207108,36.361836,0.0 -96.20633,36.368622,0.0 -96.20944,36.368103,0.0 -96.216352,36.368058,0.0 -96.220511,36.368504,0.0 -96.224054,36.369488,0.0 -96.228152,36.371543,0.0 -96.228391,36.371685,0.0 -96.230631,36.37278,0.0 -96.232835,36.373415,0.0 -96.234459,36.37359,0.0 -96.236088,36.373573,0.0 -96.238438,36.373263,0.0 -96.246723,36.370504,0.0 -96.251722,36.370029,0.0 -96.256651,36.370742,0.0 -96.262365,36.372285,0.0 -96.269649,36.375668,0.0 -96.272823,36.376343,0.0 -96.273614,36.376442,0.0 -96.281824,36.3764,0.0 -96.297311,36.376415,0.0 -96.299473,36.376807,0.0 -96.299706,36.376883,0.0 -96.30067,36.377195,0.0 -96.305234,36.379921,0.0 -96.309212,36.381838,0.0 -96.310144,36.382215,0.0 -96.366742,36.402028,0.0 -96.371001,36.403798,0.0 -96.372705,36.405174,0.0 -96.376964,36.410567,0.0 -96.381726,36.413443,0.0 -96.379364,36.413731,0.0 -96.378527,36.414802,0.0 -96.38051,36.416209,0.0 -96.381299,36.415858,0.0 -96.382322,36.415864,0.0 -96.382242,36.417132,0.0 -96.382419,36.417374,0.0 -96.382827,36.417478,0.0 -96.383133,36.417171,0.0 -96.383452,36.417171,0.0 -96.383479,36.418006,0.0 -96.383818,36.418478,0.0 -96.384063,36.418479,0.0 -96.384375,36.418144,0.0 -96.384702,36.418067,0.0 -96.385029,36.418467,0.0 -96.385057,36.419363,0.0 -96.36751,36.419499,0.0 -96.367005,36.419605,0.0 -96.367006,36.423202,0.0 -96.371494,36.423197,0.0 -96.371489,36.448847,0.0 -96.371771,36.449342,0.0 -96.376198,36.450261,0.0 -96.382338,36.45005,0.0 -96.389648,36.448597,0.0 -96.389755,36.448538,0.0 -96.389723,36.437694,0.0 -96.393977,36.437697,0.0 -96.393981,36.434027,0.0 -96.407518,36.433998,0.0 -96.407418,36.414595,0.0 -96.411257,36.413924,0.0 -96.41877,36.409672,0.0 -96.423008,36.408312,0.0 -96.426458,36.408444,0.0 -96.431875,36.409611,0.0 -96.443569,36.413885,0.0 -96.446135,36.414397,0.0 -96.449243,36.414268,0.0 -96.464295,36.412203,0.0 -96.468162,36.412414,0.0 -96.471262,36.413598,0.0 -96.474252,36.415443,0.0 -96.508747,36.436478,0.0 -96.515682,36.438298,0.0 -96.519051,36.438684,0.0 -96.524816,36.438426,0.0 -96.527538,36.438671,0.0 -96.556408,36.447548,0.0 -96.55845,36.447962,0.0 -96.567706,36.449252,0.0 -96.571061,36.449521,0.0 -96.576325,36.449562,0.0 -96.578438,36.449968,0.0 -96.581784,36.451504,0.0 -96.601705,36.463354,0.0 -96.602561,36.463767,0.0 -96.620277,36.470706,0.0 -96.631857,36.475272,0.0 -96.634098,36.476487,0.0 -96.639129,36.479927,0.0 -96.673395,36.496009,0.0 -96.677438,36.497496,0.0 -96.694808,36.503262,0.0 -96.701148,36.506051,0.0 -96.704423,36.506877,0.0 -96.714064,36.50687,0.0 -96.719818,36.507576,0.0 -96.720906,36.506472,0.0 -96.724586,36.50521,0.0 -96.723149,36.508937,0.0 -96.722888,36.516818,0.0 -96.723489,36.520178,0.0 -96.725308,36.522892,0.0 -96.726952,36.526125,0.0 -96.728256,36.531966,0.0 -96.730388,36.538318,0.0 -96.732669,36.543233,0.0 -96.736204,36.547987,0.0 -96.737239,36.550088,0.0 -96.740583,36.552988,0.0 -96.743158,36.554004,0.0 -96.746512,36.557679,0.0 -96.748705,36.559526,0.0 -96.751698,36.561136,0.0 -96.753554,36.562601,0.0 -96.755094,36.562562,0.0 -96.763544,36.564722,0.0 -96.766975,36.565305,0.0 -96.76947,36.565407,0.0 -96.773391,36.56353,0.0 -96.780472,36.561028,0.0 -96.783215,36.560515,0.0 -96.786803,36.558346,0.0 -96.789411,36.556268,0.0 -96.790883,36.555562,0.0 -96.798149,36.553557,0.0 -96.802356,36.551121,0.0 -96.807895,36.546951,0.0 -96.820613,36.539317,0.0 -96.82247,36.535318,0.0 -96.824108,36.533453,0.0 -96.826363,36.529506,0.0 -96.831686,36.5264,0.0 -96.834366,36.524605,0.0 -96.836276,36.522855,0.0 -96.837714,36.520767,0.0 -96.837175,36.516221,0.0 -96.837413,36.514415,0.0 -96.837911,36.511749,0.0 -96.839017,36.509697,0.0 -96.842292,36.507282,0.0 -96.842703,36.505951,0.0 -96.847619,36.498862,0.0 -96.851385,36.49259,0.0 -96.851853,36.491056,0.0 -96.855814,36.487696,0.0 -96.857438,36.485882,0.0 -96.860412,36.485019,0.0 -96.865584,36.481168,0.0 -96.867976,36.477474,0.0 -96.870681,36.474638,0.0 -96.873936,36.47262,0.0 -96.875321,36.470915,0.0 -96.877373,36.470704,0.0 -96.883977,36.47249,0.0 -96.887563,36.472783,0.0 -96.890449,36.472022,0.0 -96.893202,36.470193,0.0 -96.89667,36.468747,0.0 -96.901839,36.468272,0.0 -96.903784,36.468973,0.0 -96.907197,36.468679,0.0 -96.912476,36.467841,0.0 -96.917536,36.463933,0.0 -96.919927,36.463185,0.0 -96.923513,36.463429,0.0 -96.925556,36.462694,0.0 -96.926003,36.461499,0.0 -96.928242,36.459564,0.0 -96.930456,36.458994,0.0 -96.933828,36.456276,0.0 -96.935276,36.455938,0.0 -96.940235,36.455525,0.0 -96.947566,36.457461,0.0 -96.954337,36.460049,0.0 -96.96097,36.460081,0.0 -96.967249,36.460119,0.0 -96.974579,36.462604,0.0 -96.977986,36.464371,0.0 -96.981961,36.466059,0.0 -96.982506,36.466667,0.0 -96.983787,36.470476,0.0 -96.988732,36.474964,0.0 -96.992656,36.477862,0.0 -96.99799,36.480369,0.0 -97.000761,36.481205,0.0 -97.005201,36.485659,0.0 -97.00697,36.489247,0.0 -97.006802,36.492905,0.0 -97.008424,36.496609,0.0 -97.008617,36.500034,0.0 -97.009732,36.503911,0.0 -97.009785,36.506935,0.0 -97.012527,36.507042,0.0 -97.032118,36.506957,0.0 -97.032026,36.478021,0.0 -97.065722,36.478226,0.0 -97.067948,36.478173,0.0 -97.067923,36.463668,0.0 -97.175133,36.463696,0.0 -97.184052,36.463693,0.0 -97.189848,36.46372,0.0 -97.192764,36.464596,0.0 -97.196427,36.466542,0.0 -97.206298,36.464907,0.0 -97.209517,36.463596,0.0 -97.24683,36.46353,0.0 -97.282841,36.463441,0.0 -97.282472,36.459584,0.0 -97.28233,36.448638,0.0 -97.282688,36.446816,0.0 -97.282712,36.434459,0.0 -97.282863,36.318883,0.0 -97.300844,36.318773,0.0 -97.300832,36.315184,0.0 -97.300838,36.312065,0.0 -97.30086,36.303299,0.0 -97.300894,36.298784,0.0 -97.300922,36.296875,0.0</coordinates>
</LinearRing>
</outerBoundaryIs>
</Polygon>
</Placemark>
<Placemark id="cb_2023_40_sldl_500k">
<name>&lt;at&gt;&lt;openparen&gt;40036&lt;closeparen&gt;</name>
<visibility>1</visibility>
<description><![CDATA[<center><table><tr><th colspan='2' align='center'><em>Attributes</em></th></tr><tr bgcolor="#E3E3F3">
<th>STATEFP</th>
<td>40</td>
</tr><tr bgcolor="">
<th>SLDLST</th>
<td>036</td>
</tr><tr bgcolor="#E3E3F3">
<th>GEOIDFQ</th>
<td>620L800US40036</td>
</tr><tr bgcolor="">
<th>GEOID</th>
<td>40036</td>
</tr><tr bgcolor="#E3E3F3">
<th>NAME</th>
<td>36</td>
</tr><tr bgcolor="">
<th>NAMELSAD</th>
<td>State House District 36</td>
</tr><tr bgcolor="#E3E3F3">
<th>STUSPS</th>
<td>OK</td>
</tr><tr bgcolor="">
<th>STATE_NAME</th>
<td>Oklahoma</td>
</tr><tr bgcolor="#E3E3F3">
<th>LSAD</th>
<td>LL</td>
</tr><tr bgcolor="">
<th>LSY</th>
<td>2022</td>
</tr><tr bgcolor="#E3E3F3">
<th>ALAND</th>
<td>622289865</td>
</tr><tr bgcolor="">
<th>AWATER</th>
<td>1951241</td>
</tr></table></center>]]></description>
<LookAt>
<longitude>-102</longitude>
<latitude>38.5</latitude>
<range>7000000</range>
<tilt>10</tilt>
<heading>0</heading>
</LookAt>
<styleUrl>#KMLStyler</styleUrl>
<ExtendedData>
<SchemaData schemaUrl="#kml_schema_ft_cb_2023_40_sldl_500k">
<SimpleData name="STATEFP">40</SimpleData>
<SimpleData name="SLDLST">036</SimpleData>
<SimpleData name="GEOIDFQ">620L800US40036</SimpleData>
<SimpleData name="GEOID">40036</SimpleData>
<SimpleData name="NAME">36</SimpleData>
<SimpleData name="NAMELSAD">State House District 36</SimpleData>
<SimpleData name="STUSPS">OK</SimpleData>
<SimpleData name="STATE_NAME">Oklahoma</SimpleData>
<SimpleData name="LSAD">LL</SimpleData>
<SimpleData name="LSY">2022</SimpleData>
<SimpleData name="ALAND">622289865</SimpleData>
<SimpleData name="AWATER">1951241</SimpleData>
</SchemaData>
</ExtendedData>
<Polygon>
<extrude>0</extrude>
<tessellate>1</tessellate>
<altitudeMode>clampToGround</altitudeMode>
<outerBoundaryIs>
<LinearRing>
<coordinates>-97.353797,35.60175,0.0 -97.353813,35.594601,0.0 -97.342825,35.59468,0.0 -97.33932,35.595124,0.0 -97.336358,35.594581,0.0 -97.327005,35.594664,0.0 -97.327139,35.587483,0.0 -97.3268,35.580268,0.0 -97.327,35.565734,0.0 -97.318086,35.565788,0.0 -97.318135,35.558545,0.0 -97.318166,35.55118,0.0 -97.309956,35.551166,0.0 -97.30927,35.551186,0.0 -97.309287,35.543873,0.0 -97.304702,35.543835,0.0 -97.300498,35.543869,0.0 -97.30049,35.536672,0.0 -97.300522,35.52217,0.0 -97.300472,35.507666,0.0 -97.300467,35.500426,0.0 -97.300462,35.493169,0.0 -97.282814,35.493137,0.0 -97.267645,35.493098,0.0 -97.265057,35.493205,0.0 -97.265031,35.47863,0.0 -97.264989,35.46413,0.0 -97.264972,35.449746,0.0 -97.264982,35.442543,0.0 -97.264983,35.436544,0.0 -97.265016,35.435284,0.0 -97.265006,35.433831,0.0 -97.265006,35.433789,0.0 -97.265029,35.42077,0.0 -97.230441,35.420681,0.0 -97.230458,35.41334,0.0 -97.230474,35.406148,0.0 -97.230522,35.384599,0.0 -97.230487,35.377174,0.0 -97.238846,35.377288,0.0 -97.23904,35.377286,0.0 -97.264998,35.377368,0.0 -97.300174,35.377322,0.0 -97.300305,35.348383,0.0 -97.317949,35.348586,0.0 -97.317996,35.341157,0.0 -97.318147,35.319649,0.0 -97.309255,35.319586,0.0 -97.300441,35.319524,0.0 -97.264972,35.319511,0.0 -97.247475,35.319344,0.0 -97.238967,35.319199,0.0 -97.230142,35.319225,0.0 -97.221323,35.319125,0.0 -97.212477,35.319031,0.0 -97.159592,35.318783,0.0 -97.141941,35.318722,0.0 -97.142026,35.33321,0.0 -97.142031,35.340675,0.0 -97.142024,35.347775,0.0 -97.14197,35.35502,0.0 -97.142097,35.362336,0.0 -97.142115,35.376234,0.0 -97.142114,35.37686,0.0 -97.141907,35.384292,0.0 -97.142003,35.391448,0.0 -97.141971,35.397685,0.0 -97.141768,35.398616,0.0 -97.141768,35.401129,0.0 -97.141767,35.404024,0.0 -97.14192,35.406291,0.0 -97.141879,35.411359,0.0 -97.141864,35.415799,0.0 -97.141796,35.420424,0.0 -97.141641,35.434778,0.0 -97.141668,35.434906,0.0 -97.14166,35.441757,0.0 -97.14149,35.463977,0.0 -97.141343,35.468853,0.0 -97.141399,35.469326,0.0 -97.141689,35.471829,0.0 -97.14134,35.492545,0.0 -97.141441,35.55018,0.0 -97.14092,35.551097,0.0 -97.140801,35.564977,0.0 -97.140805,35.565272,0.0 -97.1409,35.574223,0.0 -97.141227,35.579509,0.0 -97.141134,35.608482,0.0 -97.141282,35.609467,0.0 -97.141295,35.615752,0.0 -97.141302,35.637508,0.0 -97.141284,35.644692,0.0 -97.14129,35.65172,0.0 -97.14129,35.659337,0.0 -97.141141,35.680967,0.0 -97.140973,35.706155,0.0 -97.140973,35.706257,0.0 -97.141066,35.724401,0.0 -97.210762,35.724721,0.0 -97.212015,35.724781,0.0 -97.220813,35.724924,0.0 -97.224383,35.724787,0.0 -97.247132,35.724869,0.0 -97.247139,35.724799,0.0 -97.248185,35.724894,0.0 -97.300638,35.725125,0.0 -97.300665,35.710483,0.0 -97.300672,35.696003,0.0 -97.30058,35.667003,0.0 -97.300569,35.659745,0.0 -97.300573,35.652499,0.0 -97.300573,35.645084,0.0 -97.300576,35.638086,0.0 -97.300509,35.630336,0.0 -97.300452,35.623537,0.0 -97.345181,35.623624,0.0 -97.353797,35.623686,0.0 -97.353784,35.613099,0.0 -97.35378,35.609148,0.0 -97.353797,35.60175,0.0</coordinates>
</LinearRing>
</outerBoundaryIs>
</Polygon>
</Placemark>
<Placemark id="cb_2023_40_sldl_500k">
<name>&lt;at&gt;&lt;openparen&gt;40037&lt;closeparen&gt;</name>
<visibility>1</visibility>
<description><![CDATA[<center><table><tr><th colspan='2' align='center'><em>Attributes</em></th></tr><tr bgcolor="#E3E3F3">
<th>STATEFP</th>
<td>40</td>
</tr><tr bgcolor="">
<th>SLDLST</th>
<td>037</td>
</tr><tr bgcolor="#E3E3F3">
<th>GEOIDFQ</th>
<td>620L800US40037</td>
</tr><tr bgcolor="">
<th>GEOID</th>
<td>40037</td>
</tr><tr bgcolor="#E3E3F3">
<th>NAME</th>
<td>37</td>
</tr><tr bgcolor="">
<th>NAMELSAD</th>
<td>State House District 37</td>
</tr><tr bgcolor="#E3E3F3">
<th>STUSPS</th>
<td>OK</td>
</tr><tr bgcolor="">
<th>STATE_NAME</th>
<td>Oklahoma</td>
</tr><tr bgcolor="#E3E3F3">
<th>LSAD</th>
<td>LL</td>
</tr><tr bgcolor="">
<th>LSY</th>
<td>2022</td>
</tr><tr bgcolor="#E3E3F3">
<th>ALAND</th>
<td>3818712637</td>
</tr><tr bgcolor="">
<th>AWATER</th>
<td>98743873</td>
</tr></table></center>]]></description>
<LookAt>
<longitude>-102</longitude>
<latitude>38.5</latitude>
<range>7000000</range>
<tilt>10</tilt>
<heading>0</heading>
</LookAt>
<styleUrl>#KMLStyler</styleUrl>
<ExtendedData>
<SchemaData schemaUrl="#kml_schema_ft_cb_2023_40_sldl_500k">
<SimpleData name="STATEFP">40</SimpleData>
<SimpleData name="SLDLST">037</SimpleData>
<SimpleData name="GEOIDFQ">620L800US40037</SimpleData>
<SimpleData name="GEOID">40037</SimpleData>
<SimpleData name="NAME">37</SimpleData>
<SimpleData name="NAMELSAD">State House District 37</SimpleData>
<SimpleData name="STUSPS">OK</SimpleData>
<SimpleData name="STATE_NAME">Oklahoma</SimpleData>
<SimpleData name="LSAD">LL</SimpleData>
<SimpleData name="LSY">2022</SimpleData>
<SimpleData name="ALAND">3818712637</SimpleData>
<SimpleData name="AWATER">98743873</SimpleData>
</SchemaData>
</ExtendedData>
<Polygon>
<extrude>0</extrude>
<tessellate>1</tessellate>
<altitudeMode>clampToGround</altitudeMode>
<outerBoundaryIs>
<LinearRing>
<coordinates>-97.138887,36.607182,0.0 -97.139428,36.594028,0.0 -97.122883,36.594019,0.0 -97.122833,36.594019,0.0 -97.103085,36.59397,0.0 -97.068866,36.593853,0.0 -97.067469,36.593811,0.0 -97.062072,36.593871,0.0 -97.057556,36.593872,0.0 -97.055881,36.592462,0.0 -97.051343,36.590827,0.0 -97.049011,36.590399,0.0 -97.040622,36.587937,0.0 -97.035868,36.586215,0.0 -97.029117,36.585205,0.0 -97.021296,36.584613,0.0 -97.016614,36.583765,0.0 -97.013289,36.583564,0.0 -97.004293,36.582595,0.0 -97.000312,36.582854,0.0 -96.992839,36.584957,0.0 -96.990052,36.585141,0.0 -96.985625,36.584996,0.0 -96.980578,36.58596,0.0 -96.975848,36.585208,0.0 -96.970972,36.586059,0.0 -96.966962,36.58628,0.0 -96.964034,36.587399,0.0 -96.958105,36.588389,0.0 -96.953272,36.589484,0.0 -96.948628,36.589997,0.0 -96.946146,36.59122,0.0 -96.941559,36.594051,0.0 -96.938876,36.594983,0.0 -96.933726,36.595542,0.0 -96.930437,36.596847,0.0 -96.926442,36.599597,0.0 -96.923876,36.600369,0.0 -96.920492,36.600663,0.0 -96.915324,36.599967,0.0 -96.912756,36.598949,0.0 -96.909279,36.59631,0.0 -96.90871,36.595792,0.0 -96.907357,36.593915,0.0 -96.904456,36.588944,0.0 -96.902063,36.587379,0.0 -96.896504,36.582438,0.0 -96.892561,36.578355,0.0 -96.888304,36.57559,0.0 -96.888017,36.574886,0.0 -96.88914,36.571395,0.0 -96.888989,36.566406,0.0 -96.890368,36.563605,0.0 -96.892497,36.560973,0.0 -96.895665,36.558053,0.0 -96.89908,36.553224,0.0 -96.901263,36.551741,0.0 -96.902643,36.551388,0.0 -96.908945,36.552127,0.0 -96.912709,36.55291,0.0 -96.916155,36.552994,0.0 -96.921044,36.552383,0.0 -96.92471,36.552558,0.0 -96.929781,36.550796,0.0 -96.933566,36.54863,0.0 -96.938406,36.546826,0.0 -96.943981,36.543469,0.0 -96.946505,36.540359,0.0 -96.94991,36.537301,0.0 -96.958521,36.534307,0.0 -96.963791,36.534158,0.0 -96.971483,36.535955,0.0 -96.978973,36.535211,0.0 -96.981787,36.534493,0.0 -96.988155,36.532372,0.0 -96.996194,36.528979,0.0 -97.001497,36.525536,0.0 -97.005018,36.521825,0.0 -97.007761,36.518317,0.0 -97.008802,36.515585,0.0 -97.009456,36.512532,0.0 -97.009785,36.506935,0.0 -97.009732,36.503911,0.0 -97.008617,36.500034,0.0 -97.008424,36.496609,0.0 -97.006802,36.492905,0.0 -97.00697,36.489247,0.0 -97.005201,36.485659,0.0 -97.000761,36.481205,0.0 -96.99799,36.480369,0.0 -96.992656,36.477862,0.0 -96.988732,36.474964,0.0 -96.983787,36.470476,0.0 -96.982506,36.466667,0.0 -96.981961,36.466059,0.0 -96.977986,36.464371,0.0 -96.974579,36.462604,0.0 -96.967249,36.460119,0.0 -96.96097,36.460081,0.0 -96.954337,36.460049,0.0 -96.947566,36.457461,0.0 -96.940235,36.455525,0.0 -96.935276,36.455938,0.0 -96.933828,36.456276,0.0 -96.930456,36.458994,0.0 -96.928242,36.459564,0.0 -96.926003,36.461499,0.0 -96.925556,36.462694,0.0 -96.923513,36.463429,0.0 -96.919927,36.463185,0.0 -96.917536,36.463933,0.0 -96.912476,36.467841,0.0 -96.907197,36.468679,0.0 -96.903784,36.468973,0.0 -96.901839,36.468272,0.0 -96.89667,36.468747,0.0 -96.893202,36.470193,0.0 -96.890449,36.472022,0.0 -96.887563,36.472783,0.0 -96.883977,36.47249,0.0 -96.877373,36.470704,0.0 -96.875321,36.470915,0.0 -96.873936,36.47262,0.0 -96.870681,36.474638,0.0 -96.867976,36.477474,0.0 -96.865584,36.481168,0.0 -96.860412,36.485019,0.0 -96.857438,36.485882,0.0 -96.855814,36.487696,0.0 -96.851853,36.491056,0.0 -96.851385,36.49259,0.0 -96.847619,36.498862,0.0 -96.842703,36.505951,0.0 -96.842292,36.507282,0.0 -96.839017,36.509697,0.0 -96.837911,36.511749,0.0 -96.837413,36.514415,0.0 -96.837175,36.516221,0.0 -96.837714,36.520767,0.0 -96.836276,36.522855,0.0 -96.834366,36.524605,0.0 -96.831686,36.5264,0.0 -96.826363,36.529506,0.0 -96.824108,36.533453,0.0 -96.82247,36.535318,0.0 -96.820613,36.539317,0.0 -96.807895,36.546951,0.0 -96.802356,36.551121,0.0 -96.798149,36.553557,0.0 -96.790883,36.555562,0.0 -96.789411,36.556268,0.0 -96.786803,36.558346,0.0 -96.783215,36.560515,0.0 -96.780472,36.561028,0.0 -96.773391,36.56353,0.0 -96.76947,36.565407,0.0 -96.766975,36.565305,0.0 -96.763544,36.564722,0.0 -96.755094,36.562562,0.0 -96.753554,36.562601,0.0 -96.751698,36.561136,0.0 -96.748705,36.559526,0.0 -96.746512,36.557679,0.0 -96.743158,36.554004,0.0 -96.740583,36.552988,0.0 -96.737239,36.550088,0.0 -96.736204,36.547987,0.0 -96.732669,36.543233,0.0 -96.730388,36.538318,0.0 -96.728256,36.531966,0.0 -96.726952,36.526125,0.0 -96.725308,36.522892,0.0 -96.723489,36.520178,0.0 -96.722888,36.516818,0.0 -96.723149,36.508937,0.0 -96.724586,36.50521,0.0 -96.720906,36.506472,0.0 -96.719818,36.507576,0.0 -96.714064,36.50687,0.0 -96.704423,36.506877,0.0 -96.701148,36.506051,0.0 -96.694808,36.503262,0.0 -96.677438,36.497496,0.0 -96.673395,36.496009,0.0 -96.639129,36.479927,0.0 -96.634098,36.476487,0.0 -96.631857,36.475272,0.0 -96.620277,36.470706,0.0 -96.602561,36.463767,0.0 -96.601705,36.463354,0.0 -96.581784,36.451504,0.0 -96.578438,36.449968,0.0 -96.576325,36.449562,0.0 -96.571061,36.449521,0.0 -96.567706,36.449252,0.0 -96.55845,36.447962,0.0 -96.556408,36.447548,0.0 -96.527538,36.438671,0.0 -96.524816,36.438426,0.0 -96.519051,36.438684,0.0 -96.515682,36.438298,0.0 -96.508747,36.436478,0.0 -96.474252,36.415443,0.0 -96.471262,36.413598,0.0 -96.468162,36.412414,0.0 -96.464295,36.412203,0.0 -96.449243,36.414268,0.0 -96.446135,36.414397,0.0 -96.443569,36.413885,0.0 -96.431875,36.409611,0.0 -96.426458,36.408444,0.0 -96.423008,36.408312,0.0 -96.41877,36.409672,0.0 -96.411257,36.413924,0.0 -96.407418,36.414595,0.0 -96.407518,36.433998,0.0 -96.393981,36.434027,0.0 -96.393977,36.437697,0.0 -96.389723,36.437694,0.0 -96.389755,36.448538,0.0 -96.389648,36.448597,0.0 -96.389509,36.455389,0.0 -96.387401,36.45968,0.0 -96.374303,36.480572,0.0 -96.36999,36.491936,0.0 -96.368424,36.496053,0.0 -96.366825,36.498709,0.0 -96.365594,36.500145,0.0 -96.331636,36.531265,0.0 -96.328883,36.53459,0.0 -96.327175,36.538571,0.0 -96.326757,36.540819,0.0 -96.32682,36.5428,0.0 -96.335274,36.542831,0.0 -96.335353,36.550066,0.0 -96.326856,36.550064,0.0 -96.326827,36.551288,0.0 -96.325426,36.553585,0.0 -96.320159,36.558524,0.0 -96.3189,36.560011,0.0 -96.317667,36.562028,0.0 -96.314661,36.568595,0.0 -96.308692,36.578918,0.0 -96.307806,36.580842,0.0 -96.30536,36.590274,0.0 -96.305004,36.592174,0.0 -96.304841,36.607753,0.0 -96.304945,36.614997,0.0 -96.305737,36.61849,0.0 -96.307996,36.624264,0.0 -96.308992,36.629828,0.0 -96.309065,36.643082,0.0 -96.309776,36.64677,0.0 -96.311622,36.65121,0.0 -96.311646,36.651261,0.0 -96.313462,36.655912,0.0 -96.313928,36.658916,0.0 -96.313957,36.666502,0.0 -96.312581,36.665948,0.0 -96.312508,36.670869,0.0 -96.309554,36.67089,0.0 -96.309507,36.673027,0.0 -96.306533,36.672982,0.0 -96.307519,36.673126,0.0 -96.307882,36.673233,0.0 -96.308395,36.673559,0.0 -96.308321,36.674098,0.0 -96.307448,36.674866,0.0 -96.312464,36.674861,0.0 -96.312525,36.678035,0.0 -96.312749,36.694644,0.0 -96.313956,36.694645,0.0 -96.313779,36.701649,0.0 -96.313435,36.703641,0.0 -96.31199,36.708326,0.0 -96.309571,36.715037,0.0 -96.307517,36.719084,0.0 -96.299845,36.739965,0.0 -96.299047,36.743469,0.0 -96.297882,36.745323,0.0 -96.283834,36.76432,0.0 -96.282429,36.768101,0.0 -96.278909,36.773819,0.0 -96.2763,36.780898,0.0 -96.270198,36.795497,0.0 -96.269434,36.799673,0.0 -96.265639,36.805517,0.0 -96.262526,36.812675,0.0 -96.259977,36.81562,0.0 -96.255879,36.820203,0.0 -96.253688,36.823205,0.0 -96.252739,36.828794,0.0 -96.253631,36.837683,0.0 -96.253269,36.84044,0.0 -96.252107,36.842587,0.0 -96.250972,36.843745,0.0 -96.220295,36.865801,0.0 -96.21439,36.870176,0.0 -96.213366,36.871481,0.0 -96.204496,36.891961,0.0 -96.204231,36.894132,0.0 -96.205523,36.922322,0.0 -96.206577,36.930161,0.0 -96.206418,36.931427,0.0 -96.201478,36.953997,0.0 -96.200165,36.95739,0.0 -96.195936,36.963797,0.0 -96.195186,36.967084,0.0 -96.195563,36.972423,0.0 -96.19467,36.975949,0.0 -96.192851,36.978639,0.0 -96.19195,36.981198,0.0 -96.191768,36.985751,0.0 -96.191356,36.987305,0.0 -96.1906,36.988706,0.0 -96.186053,36.994589,0.0 -96.185085,36.996505,0.0 -96.1847130166869,36.9992109105991,0.0 -96.184768,36.999211,0.0 -96.200028,36.999028,0.0 -96.217571,36.99907,0.0 -96.2353201686152,36.9991306762741,0.0 -96.276368,36.999271,0.0 -96.279079,36.999272,0.0 -96.2848529997537,36.9992694436469,0.0 -96.3452839777254,36.9992426887236,0.0 -96.3803000623001,36.9992271858691,0.0 -96.381556989653,36.9992266293831,0.0 -96.394272,36.999221,0.0 -96.415412,36.999113,0.0 -96.4157735819161,36.9991109977438,0.0 -96.500288,36.998643,0.0 -96.5255776738603,36.9987120358304,0.0 -96.6073590074175,36.9989352827694,0.0 -96.6244880080759,36.9989820415687,0.0 -96.705431,36.999203,0.0 -96.710482,36.999271,0.0 -96.7319830041273,36.9992833531125,0.0 -96.73659,36.999286,0.0 -96.74127,36.999239,0.0 -96.749838,36.998988,0.0 -96.79206,36.99918,0.0 -96.795199,36.99886,0.0 -96.822791,36.999182,0.0 -96.8229000218444,36.9991820853142,0.0 -96.8674690282009,36.99921696246,0.0 -96.867517,36.999217,0.0 -96.87629,36.999233,0.0 -96.902083,36.999155,0.0 -96.90351,36.999132,0.0 -96.903748155059,36.9991328766659,0.0 -96.917093,36.999182,0.0 -96.921915,36.999151,0.0 -96.9252940031478,36.9991294945977,0.0 -96.92706,36.997399,0.0 -96.927582,36.995856,0.0 -96.930977,36.994253,0.0 -96.934005,36.991382,0.0 -96.935826,36.989091,0.0 -96.938766,36.987429,0.0 -96.941169,36.983786,0.0 -96.941905,36.981306,0.0 -96.942143,36.97735,0.0 -96.941821,36.973152,0.0 -96.941371,36.971713,0.0 -96.938846,36.966375,0.0 -96.938255,36.962117,0.0 -96.938302,36.957219,0.0 -96.939328,36.953852,0.0 -96.940171,36.952442,0.0 -96.942636,36.950512,0.0 -96.946623,36.949907,0.0 -96.94939,36.950636,0.0 -96.952168,36.950502,0.0 -96.953205,36.94977,0.0 -96.953975,36.946858,0.0 -96.954039,36.944531,0.0 -96.953386,36.942051,0.0 -96.950435,36.935637,0.0 -96.949272,36.932055,0.0 -96.948348,36.925902,0.0 -96.94878,36.921855,0.0 -96.948393,36.919884,0.0 -96.944592,36.913539,0.0 -96.944864,36.911134,0.0 -96.946748,36.908436,0.0 -96.948921,36.907359,0.0 -96.951342,36.907194,0.0 -96.954634,36.908677,0.0 -96.955881,36.909659,0.0 -96.958888,36.910771,0.0 -96.960774,36.910843,0.0 -96.961802,36.909836,0.0 -96.96217,36.90483,0.0 -96.961845,36.900194,0.0 -96.960741,36.896846,0.0 -96.957662,36.894237,0.0 -96.954063,36.890577,0.0 -96.951866,36.888682,0.0 -96.94595,36.884845,0.0 -96.946421,36.882869,0.0 -96.96581,36.88277,0.0 -96.9723,36.88322,0.0 -96.97772,36.88321,0.0 -96.97752,36.832429,0.0 -96.977488,36.828799,0.0 -96.97748,36.82529,0.0 -97.01356,36.82528,0.0 -97.02253,36.825187,0.0 -97.03131,36.82506,0.0 -97.03137,36.81059,0.0 -97.04529,36.810737,0.0 -97.053894,36.81074,0.0 -97.06749,36.8107,0.0 -97.06806,36.8107,0.0 -97.07403,36.81056,0.0 -97.08522,36.81069,0.0 -97.08526,36.79645,0.0 -97.085259,36.789093,0.0 -97.085237,36.781963,0.0 -97.09433,36.782004,0.0 -97.112307,36.782091,0.0 -97.139015,36.782217,0.0 -97.139072,36.769342,0.0 -97.138951,36.717125,0.0 -97.138945,36.711845,0.0 -97.138946,36.709885,0.0 -97.138833,36.688266,0.0 -97.138887,36.607182,0.0</coordinates>
</LinearRing>
</outerBoundaryIs>
</Polygon>
</Placemark>
<Placemark id="cb_2023_40_sldl_500k">
<name>&lt;at&gt;&lt;openparen&gt;40038&lt;closeparen&gt;</name>
<visibility>1</visibility>
<description><![CDATA[<center><table><tr><th colspan='2' align='center'><em>Attributes</em></th></tr><tr bgcolor="#E3E3F3">
<th>STATEFP</th>
<td>40</td>
</tr><tr bgcolor="">
<th>SLDLST</th>
<td>038</td>
</tr><tr bgcolor="#E3E3F3">
<th>GEOIDFQ</th>
<td>620L800US40038</td>
</tr><tr bgcolor="">
<th>GEOID</th>
<td>40038</td>
</tr><tr bgcolor="#E3E3F3">
<th>NAME</th>
<td>38</td>
</tr><tr bgcolor="">
<th>NAMELSAD</th>
<td>State House District 38</td>
</tr><tr bgcolor="#E3E3F3">
<th>STUSPS</th>
<td>OK</td>
</tr><tr bgcolor="">
<th>STATE_NAME</th>
<td>Oklahoma</td>
</tr><tr bgcolor="#E3E3F3">
<th>LSAD</th>
<td>LL</td>
</tr><tr bgcolor="">
<th>LSY</th>
<td>2022</td>
</tr><tr bgcolor="#E3E3F3">
<th>ALAND</th>
<td>7819800429</td>
</tr><tr bgcolor="">
<th>AWATER</th>
<td>32930342</td>
</tr></table></center>]]></description>
<LookAt>
<longitude>-102</longitude>
<latitude>38.5</latitude>
<range>7000000</range>
<tilt>10</tilt>
<heading>0</heading>
</LookAt>
<styleUrl>#KMLStyler</styleUrl>
<ExtendedData>
<SchemaData schemaUrl="#kml_schema_ft_cb_2023_40_sldl_500k">
<SimpleData name="STATEFP">40</SimpleData>
<SimpleData name="SLDLST">038</SimpleData>
<SimpleData name="GEOIDFQ">620L800US40038</SimpleData>
<SimpleData name="GEOID">40038</SimpleData>
<SimpleData name="NAME">38</SimpleData>
<SimpleData name="NAMELSAD">State House District 38</SimpleData>
<SimpleData name="STUSPS">OK</SimpleData>
<SimpleData name="STATE_NAME">Oklahoma</SimpleData>
<SimpleData name="LSAD">LL</SimpleData>
<SimpleData name="LSY">2022</SimpleData>
<SimpleData name="ALAND">7819800429</SimpleData>
<SimpleData name="AWATER">32930342</SimpleData>
</SchemaData>
</ExtendedData>
<Polygon>
<extrude>0</extrude>
<tessellate>1</tessellate>
<altitudeMode>clampToGround</altitudeMode>
<outerBoundaryIs>
<LinearRing>
<coordinates>-98.111985,36.998133,0.0 -98.111542,36.949335,0.0 -98.111481,36.942041,0.0 -98.109576,36.942038,0.0 -98.109612,36.898277,0.0 -98.10965,36.840818,0.0 -98.109757,36.814032,0.0 -98.110169,36.811216,0.0 -98.110189,36.797571,0.0 -98.110182,36.796715,0.0 -98.110473,36.767649,0.0 -98.110015,36.764894,0.0 -98.109922,36.764331,0.0 -98.109846,36.750858,0.0 -98.110195,36.749189,0.0 -98.109647,36.666078,0.0 -98.109428,36.664981,0.0 -98.109311,36.593588,0.0 -98.104286,36.593578,0.0 -98.077873,36.593527,0.0 -98.068847,36.593506,0.0 -98.037423,36.593502,0.0 -98.028394,36.593528,0.0 -98.018674,36.593561,0.0 -97.96177,36.593552,0.0 -97.961643,36.593336,0.0 -97.961445,36.535525,0.0 -97.961419,36.514114,0.0 -97.961927,36.47787,0.0 -97.962761,36.4766,0.0 -97.961705,36.474908,0.0 -97.961821,36.47338,0.0 -97.960038,36.473227,0.0 -97.960119,36.470507,0.0 -97.958928,36.468683,0.0 -97.959689,36.466259,0.0 -97.961913,36.463648,0.0 -97.961635,36.463294,0.0 -97.962044,36.46329,0.0 -97.961978,36.454682,0.0 -97.961987,36.441675,0.0 -97.961966,36.434321,0.0 -97.953138,36.434309,0.0 -97.944038,36.434309,0.0 -97.944046,36.427042,0.0 -97.93511,36.427066,0.0 -97.926093,36.427089,0.0 -97.920644,36.427534,0.0 -97.918824,36.427108,0.0 -97.908138,36.427093,0.0 -97.899254,36.427134,0.0 -97.898632,36.427137,0.0 -97.895176,36.427151,0.0 -97.890178,36.427161,0.0 -97.888533,36.427162,0.0 -97.881708,36.427131,0.0 -97.8728,36.427343,0.0 -97.872781,36.419967,0.0 -97.866909,36.420009,0.0 -97.866201,36.41995,0.0 -97.84648,36.419904,0.0 -97.836852,36.419722,0.0 -97.836728,36.412533,0.0 -97.836749,36.40523,0.0 -97.836782,36.401672,0.0 -97.836833,36.397994,0.0 -97.836898,36.390792,0.0 -97.836937,36.383085,0.0 -97.836862,36.376251,0.0 -97.836843,36.361724,0.0 -97.783023,36.361541,0.0 -97.783089,36.347042,0.0 -97.738216,36.346847,0.0 -97.67535,36.347038,0.0 -97.67535,36.325574,0.0 -97.675393,36.289244,0.0 -97.675617,36.164663,0.0 -97.675727,36.149924,0.0 -97.675534,36.07278,0.0 -97.675562,36.072656,0.0 -97.675634,36.04402,0.0 -97.675681,36.04377,0.0 -97.675688,36.000184,0.0 -97.675683,35.956568,0.0 -97.675408,35.898504,0.0 -97.674528,35.898501,0.0 -97.674508,35.871164,0.0 -97.674391,35.861013,0.0 -97.674388,35.860431,0.0 -97.674348,35.842236,0.0 -97.612005,35.842309,0.0 -97.602541,35.842298,0.0 -97.601738,35.842299,0.0 -97.593934,35.842309,0.0 -97.585068,35.842312,0.0 -97.549905,35.842184,0.0 -97.549785,35.856661,0.0 -97.549801,35.871215,0.0 -97.51411,35.871341,0.0 -97.514114,35.871204,0.0 -97.481496,35.870942,0.0 -97.47828,35.871479,0.0 -97.47825,35.878121,0.0 -97.478246,35.88533,0.0 -97.469341,35.885093,0.0 -97.465071,35.884965,0.0 -97.461411,35.884862,0.0 -97.450294,35.885067,0.0 -97.442914,35.88523,0.0 -97.43924,35.885264,0.0 -97.438522,35.885269,0.0 -97.434089,35.885305,0.0 -97.430232,35.885315,0.0 -97.427224,35.885325,0.0 -97.422802,35.885319,0.0 -97.416372,35.885346,0.0 -97.416389,35.89461,0.0 -97.416431,35.898211,0.0 -97.416422,35.898636,0.0 -97.40752,35.898623,0.0 -97.394177,35.898582,0.0 -97.393946,35.898576,0.0 -97.393913,35.904649,0.0 -97.393514,35.907598,0.0 -97.392432,35.911065,0.0 -97.39121,35.913506,0.0 -97.390302,35.912992,0.0 -97.353987,35.913023,0.0 -97.353899,35.976294,0.0 -97.354237,35.977387,0.0 -97.353027,35.98517,0.0 -97.353249,35.985334,0.0 -97.35387,35.984934,0.0 -97.353829,36.012406,0.0 -97.353955,36.012655,0.0 -97.353963,36.057765,0.0 -97.353963,36.057821,0.0 -97.353966,36.057992,0.0 -97.353967,36.058049,0.0 -97.3539,36.111362,0.0 -97.353827,36.112005,0.0 -97.353803,36.114302,0.0 -97.353803,36.115669,0.0 -97.353804,36.115995,0.0 -97.353804,36.116066,0.0 -97.353805,36.116278,0.0 -97.353806,36.11637,0.0 -97.354132,36.159072,0.0 -97.327169,36.15913,0.0 -97.300568,36.15919,0.0 -97.282667,36.159259,0.0 -97.282662,36.232034,0.0 -97.282669,36.258544,0.0 -97.28169,36.2625,0.0 -97.281764,36.282479,0.0 -97.281774,36.286034,0.0 -97.283722,36.286033,0.0 -97.28818,36.286023,0.0 -97.288247,36.289645,0.0 -97.293365,36.289639,0.0 -97.301037,36.289666,0.0 -97.300922,36.296875,0.0 -97.300894,36.298784,0.0 -97.30086,36.303299,0.0 -97.300838,36.312065,0.0 -97.300832,36.315184,0.0 -97.300844,36.318773,0.0 -97.282863,36.318883,0.0 -97.282712,36.434459,0.0 -97.282688,36.446816,0.0 -97.28233,36.448638,0.0 -97.282472,36.459584,0.0 -97.282841,36.463441,0.0 -97.24683,36.46353,0.0 -97.209517,36.463596,0.0 -97.206298,36.464907,0.0 -97.196427,36.466542,0.0 -97.192764,36.464596,0.0 -97.189848,36.46372,0.0 -97.184052,36.463693,0.0 -97.175133,36.463696,0.0 -97.067923,36.463668,0.0 -97.067948,36.478173,0.0 -97.065722,36.478226,0.0 -97.032026,36.478021,0.0 -97.032118,36.506957,0.0 -97.012527,36.507042,0.0 -97.009785,36.506935,0.0 -97.009456,36.512532,0.0 -97.008802,36.515585,0.0 -97.007761,36.518317,0.0 -97.005018,36.521825,0.0 -97.001497,36.525536,0.0 -96.996194,36.528979,0.0 -96.988155,36.532372,0.0 -96.981787,36.534493,0.0 -96.978973,36.535211,0.0 -96.971483,36.535955,0.0 -96.963791,36.534158,0.0 -96.958521,36.534307,0.0 -96.94991,36.537301,0.0 -96.946505,36.540359,0.0 -96.943981,36.543469,0.0 -96.938406,36.546826,0.0 -96.933566,36.54863,0.0 -96.929781,36.550796,0.0 -96.92471,36.552558,0.0 -96.921044,36.552383,0.0 -96.916155,36.552994,0.0 -96.912709,36.55291,0.0 -96.908945,36.552127,0.0 -96.902643,36.551388,0.0 -96.901263,36.551741,0.0 -96.89908,36.553224,0.0 -96.895665,36.558053,0.0 -96.892497,36.560973,0.0 -96.890368,36.563605,0.0 -96.888989,36.566406,0.0 -96.88914,36.571395,0.0 -96.888017,36.574886,0.0 -96.888304,36.57559,0.0 -96.892561,36.578355,0.0 -96.896504,36.582438,0.0 -96.902063,36.587379,0.0 -96.904456,36.588944,0.0 -96.907357,36.593915,0.0 -96.90871,36.595792,0.0 -96.909279,36.59631,0.0 -96.912756,36.598949,0.0 -96.915324,36.599967,0.0 -96.920492,36.600663,0.0 -96.923876,36.600369,0.0 -96.926442,36.599597,0.0 -96.930437,36.596847,0.0 -96.933726,36.595542,0.0 -96.938876,36.594983,0.0 -96.941559,36.594051,0.0 -96.946146,36.59122,0.0 -96.948628,36.589997,0.0 -96.953272,36.589484,0.0 -96.958105,36.588389,0.0 -96.964034,36.587399,0.0 -96.966962,36.58628,0.0 -96.970972,36.586059,0.0 -96.975848,36.585208,0.0 -96.980578,36.58596,0.0 -96.985625,36.584996,0.0 -96.990052,36.585141,0.0 -96.992839,36.584957,0.0 -97.000312,36.582854,0.0 -97.004293,36.582595,0.0 -97.013289,36.583564,0.0 -97.016614,36.583765,0.0 -97.021296,36.584613,0.0 -97.029117,36.585205,0.0 -97.035868,36.586215,0.0 -97.040622,36.587937,0.0 -97.049011,36.590399,0.0 -97.051343,36.590827,0.0 -97.055881,36.592462,0.0 -97.057556,36.593872,0.0 -97.062072,36.593871,0.0 -97.067469,36.593811,0.0 -97.068866,36.593853,0.0 -97.103085,36.59397,0.0 -97.122833,36.594019,0.0 -97.122883,36.594019,0.0 -97.139428,36.594028,0.0 -97.138887,36.607182,0.0 -97.138833,36.688266,0.0 -97.138946,36.709885,0.0 -97.138945,36.711845,0.0 -97.138951,36.717125,0.0 -97.139072,36.769342,0.0 -97.139015,36.782217,0.0 -97.112307,36.782091,0.0 -97.09433,36.782004,0.0 -97.085237,36.781963,0.0 -97.085259,36.789093,0.0 -97.08526,36.79645,0.0 -97.08522,36.81069,0.0 -97.07403,36.81056,0.0 -97.06806,36.8107,0.0 -97.06749,36.8107,0.0 -97.053894,36.81074,0.0 -97.04529,36.810737,0.0 -97.03137,36.81059,0.0 -97.03131,36.82506,0.0 -97.02253,36.825187,0.0 -97.01356,36.82528,0.0 -96.97748,36.82529,0.0 -96.977488,36.828799,0.0 -96.97752,36.832429,0.0 -96.97772,36.88321,0.0 -96.9723,36.88322,0.0 -96.96581,36.88277,0.0 -96.946421,36.882869,0.0 -96.94595,36.884845,0.0 -96.951866,36.888682,0.0 -96.954063,36.890577,0.0 -96.957662,36.894237,0.0 -96.960741,36.896846,0.0 -96.961845,36.900194,0.0 -96.96217,36.90483,0.0 -96.961802,36.909836,0.0 -96.960774,36.910843,0.0 -96.958888,36.910771,0.0 -96.955881,36.909659,0.0 -96.954634,36.908677,0.0 -96.951342,36.907194,0.0 -96.948921,36.907359,0.0 -96.946748,36.908436,0.0 -96.944864,36.911134,0.0 -96.944592,36.913539,0.0 -96.948393,36.919884,0.0 -96.94878,36.921855,0.0 -96.948348,36.925902,0.0 -96.949272,36.932055,0.0 -96.950435,36.935637,0.0 -96.953386,36.942051,0.0 -96.954039,36.944531,0.0 -96.953975,36.946858,0.0 -96.953205,36.94977,0.0 -96.952168,36.950502,0.0 -96.94939,36.950636,0.0 -96.946623,36.949907,0.0 -96.942636,36.950512,0.0 -96.940171,36.952442,0.0 -96.939328,36.953852,0.0 -96.938302,36.957219,0.0 -96.938255,36.962117,0.0 -96.938846,36.966375,0.0 -96.941371,36.971713,0.0 -96.941821,36.973152,0.0 -96.942143,36.97735,0.0 -96.941905,36.981306,0.0 -96.941169,36.983786,0.0 -96.938766,36.987429,0.0 -96.935826,36.989091,0.0 -96.934005,36.991382,0.0 -96.930977,36.994253,0.0 -96.927582,36.995856,0.0 -96.92706,36.997399,0.0 -96.9252940031478,36.9991294945977,0.0 -96.934642,36.99907,0.0 -96.967371,36.999067,0.0 -96.975562,36.999019,0.0 -97.030082,36.998929,0.0 -97.0396942016544,36.9989993428486,0.0 -97.039784,36.999,0.0 -97.0459060006177,36.9989997988434,0.0 -97.100652,36.998998,0.0 -97.104276,36.99902,0.0 -97.1114071565137,36.9990173273197,0.0 -97.120285,36.999014,0.0 -97.122597,36.999036,0.0 -97.147721,36.999111,0.0 -97.1562390840263,36.999101522826,0.0 -97.2014651159374,36.9990512045884,0.0 -97.2198833931369,36.9990307125132,0.0 -97.2557711236909,36.998990784019,0.0 -97.3427376532895,36.9988940255304,0.0 -97.3427570756608,36.9988940039212,0.0 -97.3648660500938,36.9988694055962,0.0 -97.372421,36.998861,0.0 -97.384925,36.998843,0.0 -97.400903929478,36.9988103625382,0.0 -97.4144861297395,36.9987826204706,0.0 -97.46228,36.998685,0.0 -97.4623463219255,36.9986852256487,0.0 -97.472861,36.998721,0.0 -97.527292,36.99875,0.0 -97.5459,36.998709,0.0 -97.546498,36.998747,0.0 -97.564536,36.998711,0.0 -97.582376688337,36.9986986852412,0.0 -97.606549,36.998682,0.0 -97.6147895742673,36.9987919174284,0.0 -97.6368440053919,36.9990860918726,0.0 -97.637137,36.99909,0.0 -97.650466,36.999004,0.0 -97.692179983944,36.9988447931485,0.0 -97.697104,36.998826,0.0 -97.768704,36.99875,0.0 -97.783432,36.998961,0.0 -97.783489,36.998847,0.0 -97.802298,36.998713,0.0 -97.8023129924768,36.9987129775427,0.0 -97.8764508232088,36.9986019261725,0.0 -97.9652919188895,36.9984688507196,0.0 -98.0302049855076,36.9983716171626,0.0 -98.033955,36.998366,0.0 -98.0387515954215,36.998352260805,0.0 -98.03989,36.998349,0.0 -98.045342,36.998327,0.0 -98.111985,36.998133,0.0</coordinates>
</LinearRing>
</outerBoundaryIs>
</Polygon>
</Placemark>
<Placemark id="cb_2023_40_sldl_500k">
<name>&lt;at&gt;&lt;openparen&gt;40039&lt;closeparen&gt;</name>
<visibility>1</visibility>
<description><![CDATA[<center><table><tr><th colspan='2' align='center'><em>Attributes</em></th></tr><tr bgcolor="#E3E3F3">
<th>STATEFP</th>
<td>40</td>
</tr><tr bgcolor="">
<th>SLDLST</th>
<td>039</td>
</tr><tr bgcolor="#E3E3F3">
<th>GEOIDFQ</th>
<td>620L800US40039</td>
</tr><tr bgcolor="">
<th>GEOID</th>
<td>40039</td>
</tr><tr bgcolor="#E3E3F3">
<th>NAME</th>
<td>39</td>
</tr><tr bgcolor="">
<th>NAMELSAD</th>
<td>State House District 39</td>
</tr><tr bgcolor="#E3E3F3">
<th>STUSPS</th>
<td>OK</td>
</tr><tr bgcolor="">
<th>STATE_NAME</th>
<td>Oklahoma</td>
</tr><tr bgcolor="#E3E3F3">
<th>LSAD</th>
<td>LL</td>
</tr><tr bgcolor="">
<th>LSY</th>
<td>2022</td>
</tr><tr bgcolor="#E3E3F3">
<th>ALAND</th>
<td>51978797</td>
</tr><tr bgcolor="">
<th>AWATER</th>
<td>153066</td>
</tr></table></center>]]></description>
<LookAt>
<longitude>-102</longitude>
<latitude>38.5</latitude>
<range>7000000</range>
<tilt>10</tilt>
<heading>0</heading>
</LookAt>
<styleUrl>#KMLStyler</styleUrl>
<ExtendedData>
<SchemaData schemaUrl="#kml_schema_ft_cb_2023_40_sldl_500k">
<SimpleData name="STATEFP">40</SimpleData>
<SimpleData name="SLDLST">039</SimpleData>
<SimpleData name="GEOIDFQ">620L800US40039</SimpleData>
<SimpleData name="GEOID">40039</SimpleData>
<SimpleData name="NAME">39</SimpleData>
<SimpleData name="NAMELSAD">State House District 39</SimpleData>
<SimpleData name="STUSPS">OK</SimpleData>
<SimpleData name="STATE_NAME">Oklahoma</SimpleData>
<SimpleData name="LSAD">LL</SimpleData>
<SimpleData name="LSY">2022</SimpleData>
<SimpleData name="ALAND">51978797</SimpleData>
<SimpleData name="AWATER">153066</SimpleData>
</SchemaData>
</ExtendedData>
<Polygon>
<extrude>0</extrude>
<tessellate>1</tessellate>
<altitudeMode>clampToGround</altitudeMode>
<outerBoundaryIs>
<LinearRing>
<coordinates>-97.532652,35.689209,0.0 -97.532668,35.684486,0.0 -97.531774,35.681934,0.0 -97.531772,35.674696,0.0 -97.531745,35.667463,0.0 -97.522905,35.667505,0.0 -97.522847,35.659652,0.0 -97.52257,35.659656,0.0 -97.52284,35.658611,0.0 -97.522796,35.652981,0.0 -97.522745,35.641703,0.0 -97.522737,35.638448,0.0 -97.513847,35.638413,0.0 -97.513847,35.638359,0.0 -97.504912,35.638333,0.0 -97.501719,35.638327,0.0 -97.495998,35.638318,0.0 -97.487227,35.638269,0.0 -97.487018,35.646599,0.0 -97.487018,35.646731,0.0 -97.486948,35.652911,0.0 -97.486945,35.653636,0.0 -97.486946,35.653711,0.0 -97.48708,35.6591,0.0 -97.487114,35.667425,0.0 -97.481725,35.667358,0.0 -97.478226,35.66729,0.0 -97.478127,35.667285,0.0 -97.469213,35.667241,0.0 -97.460454,35.667193,0.0 -97.460475,35.674023,0.0 -97.460495,35.681755,0.0 -97.460536,35.696241,0.0 -97.460503,35.710756,0.0 -97.460514,35.72534,0.0 -97.478358,35.725371,0.0 -97.483714,35.725413,0.0 -97.495436,35.725461,0.0 -97.49622,35.725466,0.0 -97.514049,35.725564,0.0 -97.519947,35.725595,0.0 -97.531857,35.725654,0.0 -97.531933,35.71084,0.0 -97.531911,35.696395,0.0 -97.531908,35.692338,0.0 -97.532327,35.690983,0.0 -97.532621,35.689621,0.0 -97.532645,35.689309,0.0 -97.532652,35.689209,0.0</coordinates>
</LinearRing>
</outerBoundaryIs>
</Polygon>
</Placemark>
<Placemark id="cb_2023_40_sldl_500k">
<name>&lt;at&gt;&lt;openparen&gt;40040&lt;closeparen&gt;</name>
<visibility>1</visibility>
<description><![CDATA[<center><table><tr><th colspan='2' align='center'><em>Attributes</em></th></tr><tr bgcolor="#E3E3F3">
<th>STATEFP</th>
<td>40</td>
</tr><tr bgcolor="">
<th>SLDLST</th>
<td>040</td>
</tr><tr bgcolor="#E3E3F3">
<th>GEOIDFQ</th>
<td>620L800US40040</td>
</tr><tr bgcolor="">
<th>GEOID</th>
<td>40040</td>
</tr><tr bgcolor="#E3E3F3">
<th>NAME</th>
<td>40</td>
</tr><tr bgcolor="">
<th>NAMELSAD</th>
<td>State House District 40</td>
</tr><tr bgcolor="#E3E3F3">
<th>STUSPS</th>
<td>OK</td>
</tr><tr bgcolor="">
<th>STATE_NAME</th>
<td>Oklahoma</td>
</tr><tr bgcolor="#E3E3F3">
<th>LSAD</th>
<td>LL</td>
</tr><tr bgcolor="">
<th>LSY</th>
<td>2022</td>
</tr><tr bgcolor="#E3E3F3">
<th>ALAND</th>
<td>46423386</td>
</tr><tr bgcolor="">
<th>AWATER</th>
<td>5963</td>
</tr></table></center>]]></description>
<LookAt>
<longitude>-102</longitude>
<latitude>38.5</latitude>
<range>7000000</range>
<tilt>10</tilt>
<heading>0</heading>
</LookAt>
<styleUrl>#KMLStyler</styleUrl>
<ExtendedData>
<SchemaData schemaUrl="#kml_schema_ft_cb_2023_40_sldl_500k">
<SimpleData name="STATEFP">40</SimpleData>
<SimpleData name="SLDLST">040</SimpleData>
<SimpleData name="GEOIDFQ">620L800US40040</SimpleData>
<SimpleData name="GEOID">40040</SimpleData>
<SimpleData name="NAME">40</SimpleData>
<SimpleData name="NAMELSAD">State House District 40</SimpleData>
<SimpleData name="STUSPS">OK</SimpleData>
<SimpleData name="STATE_NAME">Oklahoma</SimpleData>
<SimpleData name="LSAD">LL</SimpleData>
<SimpleData name="LSY">2022</SimpleData>
<SimpleData name="ALAND">46423386</SimpleData>
<SimpleData name="AWATER">5963</SimpleData>
</SchemaData>
</ExtendedData>
<Polygon>
<extrude>0</extrude>
<tessellate>1</tessellate>
<altitudeMode>clampToGround</altitudeMode>
<outerBoundaryIs>
<LinearRing>
<coordinates>-97.944046,36.427042,0.0 -97.944036,36.419812,0.0 -97.943763,36.405325,0.0 -97.925877,36.405294,0.0 -97.925836,36.398061,0.0 -97.925845,36.390859,0.0 -97.925728,36.376328,0.0 -97.907876,36.376283,0.0 -97.890063,36.37643,0.0 -97.88639,36.376101,0.0 -97.882072,36.376803,0.0 -97.882301,36.376152,0.0 -97.872794,36.376027,0.0 -97.872741,36.376028,0.0 -97.872717,36.376029,0.0 -97.872646,36.376032,0.0 -97.872623,36.376034,0.0 -97.872624,36.37614,0.0 -97.85479,36.376208,0.0 -97.854671,36.376208,0.0 -97.845763,36.376183,0.0 -97.836862,36.376251,0.0 -97.836937,36.383085,0.0 -97.836898,36.390792,0.0 -97.836833,36.397994,0.0 -97.836782,36.401672,0.0 -97.836749,36.40523,0.0 -97.836728,36.412533,0.0 -97.836852,36.419722,0.0 -97.84648,36.419904,0.0 -97.866201,36.41995,0.0 -97.866909,36.420009,0.0 -97.872781,36.419967,0.0 -97.8728,36.427343,0.0 -97.881708,36.427131,0.0 -97.888533,36.427162,0.0 -97.890178,36.427161,0.0 -97.895176,36.427151,0.0 -97.898632,36.427137,0.0 -97.899254,36.427134,0.0 -97.908138,36.427093,0.0 -97.918824,36.427108,0.0 -97.920644,36.427534,0.0 -97.926093,36.427089,0.0 -97.93511,36.427066,0.0 -97.944046,36.427042,0.0</coordinates>
</LinearRing>
</outerBoundaryIs>
</Polygon>
</Placemark>
<Placemark id="cb_2023_40_sldl_500k">
<name>&lt;at&gt;&lt;openparen&gt;40041&lt;closeparen&gt;</name>
<visibility>1</visibility>
<description><![CDATA[<center><table><tr><th colspan='2' align='center'><em>Attributes</em></th></tr><tr bgcolor="#E3E3F3">
<th>STATEFP</th>
<td>40</td>
</tr><tr bgcolor="">
<th>SLDLST</th>
<td>041</td>
</tr><tr bgcolor="#E3E3F3">
<th>GEOIDFQ</th>
<td>620L800US40041</td>
</tr><tr bgcolor="">
<th>GEOID</th>
<td>40041</td>
</tr><tr bgcolor="#E3E3F3">
<th>NAME</th>
<td>41</td>
</tr><tr bgcolor="">
<th>NAMELSAD</th>
<td>State House District 41</td>
</tr><tr bgcolor="#E3E3F3">
<th>STUSPS</th>
<td>OK</td>
</tr><tr bgcolor="">
<th>STATE_NAME</th>
<td>Oklahoma</td>
</tr><tr bgcolor="#E3E3F3">
<th>LSAD</th>
<td>LL</td>
</tr><tr bgcolor="">
<th>LSY</th>
<td>2022</td>
</tr><tr bgcolor="#E3E3F3">
<th>ALAND</th>
<td>494081527</td>
</tr><tr bgcolor="">
<th>AWATER</th>
<td>4808108</td>
</tr></table></center>]]></description>
<LookAt>
<longitude>-102</longitude>
<latitude>38.5</latitude>
<range>7000000</range>
<tilt>10</tilt>
<heading>0</heading>
</LookAt>
<styleUrl>#KMLStyler</styleUrl>
<ExtendedData>
<SchemaData schemaUrl="#kml_schema_ft_cb_2023_40_sldl_500k">
<SimpleData name="STATEFP">40</SimpleData>
<SimpleData name="SLDLST">041</SimpleData>
<SimpleData name="GEOIDFQ">620L800US40041</SimpleData>
<SimpleData name="GEOID">40041</SimpleData>
<SimpleData name="NAME">41</SimpleData>
<SimpleData name="NAMELSAD">State House District 41</SimpleData>
<SimpleData name="STUSPS">OK</SimpleData>
<SimpleData name="STATE_NAME">Oklahoma</SimpleData>
<SimpleData name="LSAD">LL</SimpleData>
<SimpleData name="LSY">2022</SimpleData>
<SimpleData name="ALAND">494081527</SimpleData>
<SimpleData name="AWATER">4808108</SimpleData>
</SchemaData>
</ExtendedData>
<Polygon>
<extrude>0</extrude>
<tessellate>1</tessellate>
<altitudeMode>clampToGround</altitudeMode>
<outerBoundaryIs>
<LinearRing>
<coordinates>-97.833939,35.667488,0.0 -97.834128,35.642576,0.0 -97.82323,35.638492,0.0 -97.798389,35.628124,0.0 -97.798388,35.627752,0.0 -97.788926,35.623658,0.0 -97.745218,35.604525,0.0 -97.745217,35.601882,0.0 -97.745234,35.580079,0.0 -97.730935,35.580077,0.0 -97.727279,35.578919,0.0 -97.727279,35.565594,0.0 -97.721628,35.565617,0.0 -97.718903,35.569019,0.0 -97.718918,35.579568,0.0 -97.719613,35.580124,0.0 -97.718273,35.580114,0.0 -97.709506,35.580102,0.0 -97.709451,35.58895,0.0 -97.709417,35.59463,0.0 -97.691799,35.594962,0.0 -97.674036,35.594822,0.0 -97.674036,35.594759,0.0 -97.67342,35.594817,0.0 -97.665118,35.594744,0.0 -97.656258,35.594667,0.0 -97.64544,35.594615,0.0 -97.638463,35.594583,0.0 -97.638498,35.601933,0.0 -97.638509,35.604013,0.0 -97.638531,35.608766,0.0 -97.638532,35.609284,0.0 -97.638579,35.623618,0.0 -97.638552,35.63854,0.0 -97.638457,35.652865,0.0 -97.637194,35.653014,0.0 -97.593953,35.653077,0.0 -97.585031,35.653084,0.0 -97.567155,35.653079,0.0 -97.55835,35.65306,0.0 -97.558346,35.655202,0.0 -97.558313,35.667601,0.0 -97.558251,35.674846,0.0 -97.567172,35.674883,0.0 -97.567148,35.682214,0.0 -97.567213,35.696749,0.0 -97.620725,35.696596,0.0 -97.638575,35.6965,0.0 -97.638468,35.725908,0.0 -97.620627,35.725874,0.0 -97.584661,35.725792,0.0 -97.584919,35.731522,0.0 -97.584876,35.747565,0.0 -97.584873,35.754829,0.0 -97.584883,35.776634,0.0 -97.584896,35.784172,0.0 -97.584895,35.78477,0.0 -97.584807,35.798506,0.0 -97.584894,35.8133,0.0 -97.585068,35.842312,0.0 -97.593934,35.842309,0.0 -97.601738,35.842299,0.0 -97.602541,35.842298,0.0 -97.612005,35.842309,0.0 -97.674348,35.842236,0.0 -97.760472,35.84179,0.0 -97.761155,35.841807,0.0 -97.763062,35.84202,0.0 -97.780701,35.841762,0.0 -97.780708,35.827283,0.0 -97.780645,35.798325,0.0 -97.772702,35.798206,0.0 -97.772553,35.797292,0.0 -97.773735,35.795413,0.0 -97.777965,35.794271,0.0 -97.774896,35.792941,0.0 -97.776037,35.790996,0.0 -97.77736,35.789836,0.0 -97.77703,35.788809,0.0 -97.77846,35.788562,0.0 -97.78103,35.787073,0.0 -97.783559,35.787387,0.0 -97.785475,35.785536,0.0 -97.786298,35.786091,0.0 -97.787627,35.785102,0.0 -97.788181,35.783793,0.0 -97.780625,35.783761,0.0 -97.780558,35.725722,0.0 -97.789584,35.725704,0.0 -97.807306,35.725778,0.0 -97.816214,35.725839,0.0 -97.82536,35.725866,0.0 -97.834102,35.725899,0.0 -97.833937,35.702237,0.0 -97.833869,35.696687,0.0 -97.83385,35.689238,0.0 -97.833913,35.674644,0.0 -97.833939,35.667488,0.0</coordinates>
</LinearRing>
</outerBoundaryIs>
</Polygon>
</Placemark>
<Placemark id="cb_2023_40_sldl_500k">
<name>&lt;at&gt;&lt;openparen&gt;40042&lt;closeparen&gt;</name>
<visibility>1</visibility>
<description><![CDATA[<center><table><tr><th colspan='2' align='center'><em>Attributes</em></th></tr><tr bgcolor="#E3E3F3">
<th>STATEFP</th>
<td>40</td>
</tr><tr bgcolor="">
<th>SLDLST</th>
<td>042</td>
</tr><tr bgcolor="#E3E3F3">
<th>GEOIDFQ</th>
<td>620L800US40042</td>
</tr><tr bgcolor="">
<th>GEOID</th>
<td>40042</td>
</tr><tr bgcolor="#E3E3F3">
<th>NAME</th>
<td>42</td>
</tr><tr bgcolor="">
<th>NAMELSAD</th>
<td>State House District 42</td>
</tr><tr bgcolor="#E3E3F3">
<th>STUSPS</th>
<td>OK</td>
</tr><tr bgcolor="">
<th>STATE_NAME</th>
<td>Oklahoma</td>
</tr><tr bgcolor="#E3E3F3">
<th>LSAD</th>
<td>LL</td>
</tr><tr bgcolor="">
<th>LSY</th>
<td>2022</td>
</tr><tr bgcolor="#E3E3F3">
<th>ALAND</th>
<td>2305933549</td>
</tr><tr bgcolor="">
<th>AWATER</th>
<td>42684947</td>
</tr></table></center>]]></description>
<LookAt>
<longitude>-102</longitude>
<latitude>38.5</latitude>
<range>7000000</range>
<tilt>10</tilt>
<heading>0</heading>
</LookAt>
<styleUrl>#KMLStyler</styleUrl>
<ExtendedData>
<SchemaData schemaUrl="#kml_schema_ft_cb_2023_40_sldl_500k">
<SimpleData name="STATEFP">40</SimpleData>
<SimpleData name="SLDLST">042</SimpleData>
<SimpleData name="GEOIDFQ">620L800US40042</SimpleData>
<SimpleData name="GEOID">40042</SimpleData>
<SimpleData name="NAME">42</SimpleData>
<SimpleData name="NAMELSAD">State House District 42</SimpleData>
<SimpleData name="STUSPS">OK</SimpleData>
<SimpleData name="STATE_NAME">Oklahoma</SimpleData>
<SimpleData name="LSAD">LL</SimpleData>
<SimpleData name="LSY">2022</SimpleData>
<SimpleData name="ALAND">2305933549</SimpleData>
<SimpleData name="AWATER">42684947</SimpleData>
</SchemaData>
</ExtendedData>
<Polygon>
<extrude>0</extrude>
<tessellate>1</tessellate>
<altitudeMode>clampToGround</altitudeMode>
<outerBoundaryIs>
<LinearRing>
<coordinates>-97.670551,34.935009,0.0 -97.67064,34.86974,0.0 -97.670494,34.866048,0.0 -97.670437,34.855221,0.0 -97.668099,34.855164,0.0 -97.668162,34.847927,0.0 -97.668134,34.835237,0.0 -97.668181,34.824594,0.0 -97.668196,34.817312,0.0 -97.668194,34.812102,0.0 -97.668186,34.804839,0.0 -97.668227,34.790011,0.0 -97.668483,34.693492,0.0 -97.668512,34.68134,0.0 -97.599434,34.681284,0.0 -97.598007,34.681216,0.0 -97.563004,34.681185,0.0 -97.563006,34.677587,0.0 -97.560752,34.678088,0.0 -97.559229,34.681077,0.0 -97.52834,34.681091,0.0 -97.52785,34.682456,0.0 -97.52783,34.696251,0.0 -97.52667,34.699627,0.0 -97.527814,34.701499,0.0 -97.528116,34.708538,0.0 -97.52704,34.709051,0.0 -97.527811,34.710509,0.0 -97.527895,34.724694,0.0 -97.482727,34.724503,0.0 -97.457562,34.724545,0.0 -97.43587,34.724602,0.0 -97.427269,34.724716,0.0 -97.424,34.724752,0.0 -97.423195,34.724749,0.0 -97.414105,34.724695,0.0 -97.4054,34.7247,0.0 -97.405389,34.728232,0.0 -97.405412,34.737714,0.0 -97.405617,34.741191,0.0 -97.405409,34.746413,0.0 -97.374911,34.746669,0.0 -97.374175,34.746537,0.0 -97.36274,34.739918,0.0 -97.35985,34.738501,0.0 -97.352746,34.739163,0.0 -97.335632,34.739178,0.0 -97.273887,34.739302,0.0 -97.27131,34.739403,0.0 -97.26694,34.739361,0.0 -97.266938,34.739543,0.0 -97.262802,34.739506,0.0 -97.247734,34.739319,0.0 -97.238793,34.739303,0.0 -97.237399,34.739176,0.0 -97.235428,34.738675,0.0 -97.233779,34.73784,0.0 -97.230577,34.735457,0.0 -97.228967,34.735213,0.0 -97.220443,34.741272,0.0 -97.21495,34.736413,0.0 -97.214099,34.734813,0.0 -97.214036,34.734669,0.0 -97.21313,34.732363,0.0 -97.213132,34.728131,0.0 -97.212956,34.726778,0.0 -97.212949,34.726307,0.0 -97.21288,34.718937,0.0 -97.212889,34.716574,0.0 -97.212879,34.715132,0.0 -97.212848,34.708105,0.0 -97.212846,34.706137,0.0 -97.212868,34.688176,0.0 -97.212821,34.68088,0.0 -97.212688,34.62275,0.0 -97.200073,34.622762,0.0 -97.162315,34.62261,0.0 -97.142604,34.622593,0.0 -97.142671,34.637126,0.0 -97.090193,34.636997,0.0 -97.072639,34.637001,0.0 -97.019727,34.636966,0.0 -97.00379,34.636929,0.0 -97.002661,34.636803,0.0 -97.002588,34.636799,0.0 -96.932452,34.636812,0.0 -96.932262,34.637296,0.0 -96.932455,34.638506,0.0 -96.932515,34.680425,0.0 -96.932491,34.694964,0.0 -96.93249,34.767595,0.0 -96.932459,34.782095,0.0 -96.932438,34.81128,0.0 -96.932433,34.811406,0.0 -96.932501,34.854117,0.0 -96.932436,34.854496,0.0 -96.93244,34.854556,0.0 -96.971363,34.854729,0.0 -96.9746,34.854851,0.0 -96.98364,34.854766,0.0 -97.037608,34.854841,0.0 -97.05572,34.854909,0.0 -97.090447,34.854983,0.0 -97.107772,34.855026,0.0 -97.107035,34.857827,0.0 -97.106942,34.898632,0.0 -97.118259,34.898714,0.0 -97.120889,34.901379,0.0 -97.121359,34.904742,0.0 -97.119813,34.908227,0.0 -97.120354,34.909205,0.0 -97.119128,34.910639,0.0 -97.118642,34.912629,0.0 -97.116242,34.913811,0.0 -97.112241,34.916418,0.0 -97.108912,34.918013,0.0 -97.106973,34.921371,0.0 -97.104474,34.928098,0.0 -97.102355,34.928708,0.0 -97.101296,34.930324,0.0 -97.106021,34.9329,0.0 -97.110449,34.934362,0.0 -97.114,34.935101,0.0 -97.116794,34.935173,0.0 -97.124031,34.934113,0.0 -97.128744,34.934035,0.0 -97.132867,34.934642,0.0 -97.134932,34.932594,0.0 -97.134465,34.930375,0.0 -97.132842,34.928091,0.0 -97.132431,34.926168,0.0 -97.133689,34.924693,0.0 -97.135805,34.924399,0.0 -97.139757,34.927137,0.0 -97.142349,34.928176,0.0 -97.142314,35.012048,0.0 -97.142084,35.014818,0.0 -97.17737,35.014992,0.0 -97.2125,35.014924,0.0 -97.229752,35.014916,0.0 -97.265294,35.01475,0.0 -97.300622,35.014795,0.0 -97.300424,35.029429,0.0 -97.317956,35.029346,0.0 -97.331226,35.029356,0.0 -97.335596,35.029346,0.0 -97.35275,35.029411,0.0 -97.353126,35.029547,0.0 -97.355108,35.028675,0.0 -97.356703,35.02886,0.0 -97.358009,35.033715,0.0 -97.357772,35.035361,0.0 -97.357393,35.036802,0.0 -97.355789,35.040543,0.0 -97.353515,35.043963,0.0 -97.352554,35.04541,0.0 -97.350475,35.051174,0.0 -97.349632,35.055532,0.0 -97.349886,35.05705,0.0 -97.353029,35.062175,0.0 -97.354394,35.065283,0.0 -97.354706,35.068107,0.0 -97.354219,35.07038,0.0 -97.352717,35.072305,0.0 -97.353418,35.075251,0.0 -97.354192,35.076656,0.0 -97.357763,35.080269,0.0 -97.360311,35.082652,0.0 -97.364128,35.084556,0.0 -97.368319,35.08524,0.0 -97.370992,35.085206,0.0 -97.373405,35.085048,0.0 -97.380346,35.083259,0.0 -97.385477,35.082229,0.0 -97.38868,35.082103,0.0 -97.391666,35.082589,0.0 -97.395459,35.084273,0.0 -97.402076,35.08637,0.0 -97.40314,35.087801,0.0 -97.41084,35.087828,0.0 -97.415741,35.087835,0.0 -97.41552,35.086944,0.0 -97.415197,35.086291,0.0 -97.41519,35.080666,0.0 -97.424108,35.080674,0.0 -97.424172,35.068431,0.0 -97.424099,35.066093,0.0 -97.4417,35.066222,0.0 -97.441692,35.073276,0.0 -97.47679,35.073416,0.0 -97.476823,35.060289,0.0 -97.476861,35.058901,0.0 -97.476855,35.058003,0.0 -97.476863,35.057091,0.0 -97.475164,35.056757,0.0 -97.476886,35.054495,0.0 -97.476879,35.052923,0.0 -97.48111,35.052925,0.0 -97.4812,35.050047,0.0 -97.485326,35.050541,0.0 -97.493475,35.050615,0.0 -97.493476,35.048662,0.0 -97.494487,35.048661,0.0 -97.494493,35.050607,0.0 -97.50269,35.050534,0.0 -97.501781,35.055713,0.0 -97.501854,35.058839,0.0 -97.507713,35.058869,0.0 -97.5298,35.058858,0.0 -97.547529,35.058817,0.0 -97.563591,35.05881,0.0 -97.564675,35.058524,0.0 -97.565575,35.05869,0.0 -97.58241,35.058803,0.0 -97.591039,35.058791,0.0 -97.600087,35.058786,0.0 -97.600108,35.070967,0.0 -97.600261,35.071599,0.0 -97.599941,35.073296,0.0 -97.600127,35.087798,0.0 -97.599997,35.09506,0.0 -97.59989,35.101571,0.0 -97.59997,35.102375,0.0 -97.609507,35.102408,0.0 -97.617736,35.102411,0.0 -97.65281,35.102284,0.0 -97.653062,35.102281,0.0 -97.669498,35.10245,0.0 -97.669514,35.103009,0.0 -97.670528,35.10279,0.0 -97.670498,35.089093,0.0 -97.67048,35.08046,0.0 -97.670501,35.073358,0.0 -97.6705,35.073179,0.0 -97.670534,35.059607,0.0 -97.670521,35.058732,0.0 -97.67051,35.04418,0.0 -97.670513,35.04389,0.0 -97.670554,34.971491,0.0 -97.670524,34.96405,0.0 -97.670466,34.956923,0.0 -97.670551,34.935009,0.0</coordinates>
</LinearRing>
</outerBoundaryIs>
</Polygon>
</Placemark>
<Placemark id="cb_2023_40_sldl_500k">
<name>&lt;at&gt;&lt;openparen&gt;40043&lt;closeparen&gt;</name>
<visibility>1</visibility>
<description><![CDATA[<center><table><tr><th colspan='2' align='center'><em>Attributes</em></th></tr><tr bgcolor="#E3E3F3">
<th>STATEFP</th>
<td>40</td>
</tr><tr bgcolor="">
<th>SLDLST</th>
<td>043</td>
</tr><tr bgcolor="#E3E3F3">
<th>GEOIDFQ</th>
<td>620L800US40043</td>
</tr><tr bgcolor="">
<th>GEOID</th>
<td>40043</td>
</tr><tr bgcolor="#E3E3F3">
<th>NAME</th>
<td>43</td>
</tr><tr bgcolor="">
<th>NAMELSAD</th>
<td>State House District 43</td>
</tr><tr bgcolor="#E3E3F3">
<th>STUSPS</th>
<td>OK</td>
</tr><tr bgcolor="">
<th>STATE_NAME</th>
<td>Oklahoma</td>
</tr><tr bgcolor="#E3E3F3">
<th>LSAD</th>
<td>LL</td>
</tr><tr bgcolor="">
<th>LSY</th>
<td>2022</td>
</tr><tr bgcolor="#E3E3F3">
<th>ALAND</th>
<td>37578187</td>
</tr><tr bgcolor="">
<th>AWATER</th>
<td>95930</td>
</tr></table></center>]]></description>
<LookAt>
<longitude>-102</longitude>
<latitude>38.5</latitude>
<range>7000000</range>
<tilt>10</tilt>
<heading>0</heading>
</LookAt>
<styleUrl>#KMLStyler</styleUrl>
<ExtendedData>
<SchemaData schemaUrl="#kml_schema_ft_cb_2023_40_sldl_500k">
<SimpleData name="STATEFP">40</SimpleData>
<SimpleData name="SLDLST">043</SimpleData>
<SimpleData name="GEOIDFQ">620L800US40043</SimpleData>
<SimpleData name="GEOID">40043</SimpleData>
<SimpleData name="NAME">43</SimpleData>
<SimpleData name="NAMELSAD">State House District 43</SimpleData>
<SimpleData name="STUSPS">OK</SimpleData>
<SimpleData name="STATE_NAME">Oklahoma</SimpleData>
<SimpleData name="LSAD">LL</SimpleData>
<SimpleData name="LSY">2022</SimpleData>
<SimpleData name="ALAND">37578187</SimpleData>
<SimpleData name="AWATER">95930</SimpleData>
</SchemaData>
</ExtendedData>
<Polygon>
<extrude>0</extrude>
<tessellate>1</tessellate>
<altitudeMode>clampToGround</altitudeMode>
<outerBoundaryIs>
<LinearRing>
<coordinates>-97.760321,35.485355,0.0 -97.76032,35.484492,0.0 -97.760289,35.483855,0.0 -97.760245,35.483697,0.0 -97.760274,35.47893,0.0 -97.76024,35.471569,0.0 -97.760254,35.464386,0.0 -97.760278,35.449904,0.0 -97.76023,35.435402,0.0 -97.742364,35.435402,0.0 -97.724592,35.43532,0.0 -97.706886,35.43517,0.0 -97.706908,35.446709,0.0 -97.706913,35.449634,0.0 -97.706875,35.460934,0.0 -97.706811,35.471384,0.0 -97.706793,35.478846,0.0 -97.7068,35.493329,0.0 -97.715776,35.493379,0.0 -97.715724,35.507865,0.0 -97.724148,35.507766,0.0 -97.724689,35.50766,0.0 -97.724705,35.508009,0.0 -97.726119,35.507789,0.0 -97.73252,35.507741,0.0 -97.733602,35.507749,0.0 -97.738672,35.507737,0.0 -97.741318,35.507731,0.0 -97.74252,35.507855,0.0 -97.742521,35.507718,0.0 -97.743809,35.507869,0.0 -97.752165,35.507881,0.0 -97.760219,35.507879,0.0 -97.760264,35.50067,0.0 -97.760214,35.493434,0.0 -97.76022,35.489155,0.0 -97.760131,35.487059,0.0 -97.760134,35.486635,0.0 -97.760147,35.485321,0.0 -97.760321,35.485355,0.0</coordinates>
</LinearRing>
</outerBoundaryIs>
</Polygon>
</Placemark>
<Placemark id="cb_2023_40_sldl_500k">
<name>&lt;at&gt;&lt;openparen&gt;40044&lt;closeparen&gt;</name>
<visibility>1</visibility>
<description><![CDATA[<center><table><tr><th colspan='2' align='center'><em>Attributes</em></th></tr><tr bgcolor="#E3E3F3">
<th>STATEFP</th>
<td>40</td>
</tr><tr bgcolor="">
<th>SLDLST</th>
<td>044</td>
</tr><tr bgcolor="#E3E3F3">
<th>GEOIDFQ</th>
<td>620L800US40044</td>
</tr><tr bgcolor="">
<th>GEOID</th>
<td>40044</td>
</tr><tr bgcolor="#E3E3F3">
<th>NAME</th>
<td>44</td>
</tr><tr bgcolor="">
<th>NAMELSAD</th>
<td>State House District 44</td>
</tr><tr bgcolor="#E3E3F3">
<th>STUSPS</th>
<td>OK</td>
</tr><tr bgcolor="">
<th>STATE_NAME</th>
<td>Oklahoma</td>
</tr><tr bgcolor="#E3E3F3">
<th>LSAD</th>
<td>LL</td>
</tr><tr bgcolor="">
<th>LSY</th>
<td>2022</td>
</tr><tr bgcolor="#E3E3F3">
<th>ALAND</th>
<td>27328015</td>
</tr><tr bgcolor="">
<th>AWATER</th>
<td>187552</td>
</tr></table></center>]]></description>
<LookAt>
<longitude>-102</longitude>
<latitude>38.5</latitude>
<range>7000000</range>
<tilt>10</tilt>
<heading>0</heading>
</LookAt>
<styleUrl>#KMLStyler</styleUrl>
<ExtendedData>
<SchemaData schemaUrl="#kml_schema_ft_cb_2023_40_sldl_500k">
<SimpleData name="STATEFP">40</SimpleData>
<SimpleData name="SLDLST">044</SimpleData>
<SimpleData name="GEOIDFQ">620L800US40044</SimpleData>
<SimpleData name="GEOID">40044</SimpleData>
<SimpleData name="NAME">44</SimpleData>
<SimpleData name="NAMELSAD">State House District 44</SimpleData>
<SimpleData name="STUSPS">OK</SimpleData>
<SimpleData name="STATE_NAME">Oklahoma</SimpleData>
<SimpleData name="LSAD">LL</SimpleData>
<SimpleData name="LSY">2022</SimpleData>
<SimpleData name="ALAND">27328015</SimpleData>
<SimpleData name="AWATER">187552</SimpleData>
</SchemaData>
</ExtendedData>
<Polygon>
<extrude>0</extrude>
<tessellate>1</tessellate>
<altitudeMode>clampToGround</altitudeMode>
<outerBoundaryIs>
<LinearRing>
<coordinates>-97.476663,35.203906,0.0 -97.476708,35.196559,0.0 -97.472387,35.195946,0.0 -97.469559,35.193887,0.0 -97.464782,35.18939,0.0 -97.464409,35.189042,0.0 -97.459386,35.184424,0.0 -97.456821,35.182998,0.0 -97.453915,35.182152,0.0 -97.450117,35.181894,0.0 -97.450019,35.181891,0.0 -97.44681,35.181592,0.0 -97.441331,35.180479,0.0 -97.436231,35.179309,0.0 -97.43183,35.179278,0.0 -97.427966,35.179958,0.0 -97.424028,35.181459,0.0 -97.419865,35.183255,0.0 -97.418176,35.183982,0.0 -97.423845,35.19267,0.0 -97.423823,35.194279,0.0 -97.423813,35.194308,0.0 -97.423546,35.195336,0.0 -97.423641,35.203822,0.0 -97.423641,35.211565,0.0 -97.423623,35.218374,0.0 -97.423617,35.220012,0.0 -97.423497,35.232854,0.0 -97.423494,35.247329,0.0 -97.441222,35.247397,0.0 -97.447216,35.247416,0.0 -97.450046,35.247429,0.0 -97.449953,35.237063,0.0 -97.449928,35.232898,0.0 -97.451279,35.232903,0.0 -97.458993,35.232951,0.0 -97.458995,35.225606,0.0 -97.458968,35.219939,0.0 -97.458968,35.218421,0.0 -97.468291,35.218427,0.0 -97.476648,35.218332,0.0 -97.476666,35.211323,0.0 -97.476663,35.203906,0.0</coordinates>
</LinearRing>
</outerBoundaryIs>
</Polygon>
</Placemark>
<Placemark id="cb_2023_40_sldl_500k">
<name>&lt;at&gt;&lt;openparen&gt;40045&lt;closeparen&gt;</name>
<visibility>1</visibility>
<description><![CDATA[<center><table><tr><th colspan='2' align='center'><em>Attributes</em></th></tr><tr bgcolor="#E3E3F3">
<th>STATEFP</th>
<td>40</td>
</tr><tr bgcolor="">
<th>SLDLST</th>
<td>045</td>
</tr><tr bgcolor="#E3E3F3">
<th>GEOIDFQ</th>
<td>620L800US40045</td>
</tr><tr bgcolor="">
<th>GEOID</th>
<td>40045</td>
</tr><tr bgcolor="#E3E3F3">
<th>NAME</th>
<td>45</td>
</tr><tr bgcolor="">
<th>NAMELSAD</th>
<td>State House District 45</td>
</tr><tr bgcolor="#E3E3F3">
<th>STUSPS</th>
<td>OK</td>
</tr><tr bgcolor="">
<th>STATE_NAME</th>
<td>Oklahoma</td>
</tr><tr bgcolor="#E3E3F3">
<th>LSAD</th>
<td>LL</td>
</tr><tr bgcolor="">
<th>LSY</th>
<td>2022</td>
</tr><tr bgcolor="#E3E3F3">
<th>ALAND</th>
<td>131829094</td>
</tr><tr bgcolor="">
<th>AWATER</th>
<td>6769812</td>
</tr></table></center>]]></description>
<LookAt>
<longitude>-102</longitude>
<latitude>38.5</latitude>
<range>7000000</range>
<tilt>10</tilt>
<heading>0</heading>
</LookAt>
<styleUrl>#KMLStyler</styleUrl>
<ExtendedData>
<SchemaData schemaUrl="#kml_schema_ft_cb_2023_40_sldl_500k">
<SimpleData name="STATEFP">40</SimpleData>
<SimpleData name="SLDLST">045</SimpleData>
<SimpleData name="GEOIDFQ">620L800US40045</SimpleData>
<SimpleData name="GEOID">40045</SimpleData>
<SimpleData name="NAME">45</SimpleData>
<SimpleData name="NAMELSAD">State House District 45</SimpleData>
<SimpleData name="STUSPS">OK</SimpleData>
<SimpleData name="STATE_NAME">Oklahoma</SimpleData>
<SimpleData name="LSAD">LL</SimpleData>
<SimpleData name="LSY">2022</SimpleData>
<SimpleData name="ALAND">131829094</SimpleData>
<SimpleData name="AWATER">6769812</SimpleData>
</SchemaData>
</ExtendedData>
<Polygon>
<extrude>0</extrude>
<tessellate>1</tessellate>
<altitudeMode>clampToGround</altitudeMode>
<outerBoundaryIs>
<LinearRing>
<coordinates>-97.459058,35.276318,0.0 -97.45906,35.261873,0.0 -97.44122,35.261881,0.0 -97.441225,35.259167,0.0 -97.441222,35.247397,0.0 -97.423494,35.247329,0.0 -97.423497,35.232854,0.0 -97.423617,35.220012,0.0 -97.423623,35.218374,0.0 -97.423641,35.211565,0.0 -97.423641,35.203822,0.0 -97.423546,35.195336,0.0 -97.423813,35.194308,0.0 -97.423823,35.194279,0.0 -97.423845,35.19267,0.0 -97.418176,35.183982,0.0 -97.419865,35.183255,0.0 -97.424028,35.181459,0.0 -97.423724,35.181003,0.0 -97.42364,35.175064,0.0 -97.414729,35.175128,0.0 -97.397097,35.175091,0.0 -97.388252,35.175018,0.0 -97.388196,35.175015,0.0 -97.370477,35.174972,0.0 -97.370682,35.189482,0.0 -97.353033,35.189335,0.0 -97.344345,35.189279,0.0 -97.317964,35.189302,0.0 -97.291668,35.189514,0.0 -97.288566,35.189567,0.0 -97.282802,35.189496,0.0 -97.282818,35.210949,0.0 -97.283747,35.212801,0.0 -97.282544,35.216334,0.0 -97.283286,35.21812,0.0 -97.283498,35.218626,0.0 -97.282655,35.225799,0.0 -97.28273,35.232602,0.0 -97.282819,35.261661,0.0 -97.282796,35.276137,0.0 -97.31816,35.27627,0.0 -97.344453,35.276223,0.0 -97.353087,35.276243,0.0 -97.396019,35.276205,0.0 -97.406002,35.276192,0.0 -97.423664,35.276274,0.0 -97.441194,35.276352,0.0 -97.459058,35.276318,0.0</coordinates>
</LinearRing>
</outerBoundaryIs>
</Polygon>
</Placemark>
<Placemark id="cb_2023_40_sldl_500k">
<name>&lt;at&gt;&lt;openparen&gt;40046&lt;closeparen&gt;</name>
<visibility>1</visibility>
<description><![CDATA[<center><table><tr><th colspan='2' align='center'><em>Attributes</em></th></tr><tr bgcolor="#E3E3F3">
<th>STATEFP</th>
<td>40</td>
</tr><tr bgcolor="">
<th>SLDLST</th>
<td>046</td>
</tr><tr bgcolor="#E3E3F3">
<th>GEOIDFQ</th>
<td>620L800US40046</td>
</tr><tr bgcolor="">
<th>GEOID</th>
<td>40046</td>
</tr><tr bgcolor="#E3E3F3">
<th>NAME</th>
<td>46</td>
</tr><tr bgcolor="">
<th>NAMELSAD</th>
<td>State House District 46</td>
</tr><tr bgcolor="#E3E3F3">
<th>STUSPS</th>
<td>OK</td>
</tr><tr bgcolor="">
<th>STATE_NAME</th>
<td>Oklahoma</td>
</tr><tr bgcolor="#E3E3F3">
<th>LSAD</th>
<td>LL</td>
</tr><tr bgcolor="">
<th>LSY</th>
<td>2022</td>
</tr><tr bgcolor="#E3E3F3">
<th>ALAND</th>
<td>96214606</td>
</tr><tr bgcolor="">
<th>AWATER</th>
<td>2023067</td>
</tr></table></center>]]></description>
<LookAt>
<longitude>-102</longitude>
<latitude>38.5</latitude>
<range>7000000</range>
<tilt>10</tilt>
<heading>0</heading>
</LookAt>
<styleUrl>#KMLStyler</styleUrl>
<ExtendedData>
<SchemaData schemaUrl="#kml_schema_ft_cb_2023_40_sldl_500k">
<SimpleData name="STATEFP">40</SimpleData>
<SimpleData name="SLDLST">046</SimpleData>
<SimpleData name="GEOIDFQ">620L800US40046</SimpleData>
<SimpleData name="GEOID">40046</SimpleData>
<SimpleData name="NAME">46</SimpleData>
<SimpleData name="NAMELSAD">State House District 46</SimpleData>
<SimpleData name="STUSPS">OK</SimpleData>
<SimpleData name="STATE_NAME">Oklahoma</SimpleData>
<SimpleData name="LSAD">LL</SimpleData>
<SimpleData name="LSY">2022</SimpleData>
<SimpleData name="ALAND">96214606</SimpleData>
<SimpleData name="AWATER">2023067</SimpleData>
</SchemaData>
</ExtendedData>
<Polygon>
<extrude>0</extrude>
<tessellate>1</tessellate>
<altitudeMode>clampToGround</altitudeMode>
<outerBoundaryIs>
<LinearRing>
<coordinates>-97.564845,35.248719,0.0 -97.566482,35.247436,0.0 -97.563402,35.24339,0.0 -97.558442,35.242094,0.0 -97.556692,35.240201,0.0 -97.556633,35.238932,0.0 -97.558296,35.236585,0.0 -97.562218,35.23463,0.0 -97.559405,35.230909,0.0 -97.555003,35.227409,0.0 -97.55479,35.224329,0.0 -97.551969,35.221751,0.0 -97.54146,35.214165,0.0 -97.534513,35.212934,0.0 -97.530089,35.212695,0.0 -97.529996,35.21269,0.0 -97.529442,35.212663,0.0 -97.521005,35.206321,0.0 -97.517245,35.20391,0.0 -97.516901,35.203707,0.0 -97.512795,35.201399,0.0 -97.503336,35.19637,0.0 -97.489959,35.188754,0.0 -97.489471,35.18842,0.0 -97.489315,35.188353,0.0 -97.488055,35.18781,0.0 -97.480402,35.182955,0.0 -97.458677,35.170164,0.0 -97.457806,35.170318,0.0 -97.456839,35.167354,0.0 -97.453417,35.163743,0.0 -97.451124,35.162606,0.0 -97.447492,35.161182,0.0 -97.444974,35.160797,0.0 -97.443785,35.160615,0.0 -97.431788,35.160637,0.0 -97.423725,35.160668,0.0 -97.423679,35.161112,0.0 -97.423661,35.171651,0.0 -97.42364,35.175064,0.0 -97.423724,35.181003,0.0 -97.424028,35.181459,0.0 -97.427966,35.179958,0.0 -97.43183,35.179278,0.0 -97.436231,35.179309,0.0 -97.441331,35.180479,0.0 -97.44681,35.181592,0.0 -97.450019,35.181891,0.0 -97.450117,35.181894,0.0 -97.453915,35.182152,0.0 -97.456821,35.182998,0.0 -97.459386,35.184424,0.0 -97.464409,35.189042,0.0 -97.464782,35.18939,0.0 -97.469559,35.193887,0.0 -97.472387,35.195946,0.0 -97.476708,35.196559,0.0 -97.476663,35.203906,0.0 -97.476666,35.211323,0.0 -97.476648,35.218332,0.0 -97.468291,35.218427,0.0 -97.458968,35.218421,0.0 -97.458968,35.219939,0.0 -97.458995,35.225606,0.0 -97.458993,35.232951,0.0 -97.451279,35.232903,0.0 -97.449928,35.232898,0.0 -97.449953,35.237063,0.0 -97.450046,35.247429,0.0 -97.447216,35.247416,0.0 -97.441222,35.247397,0.0 -97.441225,35.259167,0.0 -97.44122,35.261881,0.0 -97.45906,35.261873,0.0 -97.459058,35.276318,0.0 -97.459105,35.290832,0.0 -97.476705,35.290857,0.0 -97.483945,35.290813,0.0 -97.486122,35.291311,0.0 -97.487597,35.291033,0.0 -97.488648,35.290799,0.0 -97.49439,35.290785,0.0 -97.512051,35.290761,0.0 -97.517142,35.290754,0.0 -97.529736,35.290723,0.0 -97.547236,35.290785,0.0 -97.559322,35.290727,0.0 -97.556987,35.28844,0.0 -97.556382,35.28276,0.0 -97.556071,35.276332,0.0 -97.554779,35.261978,0.0 -97.557708,35.25853,0.0 -97.561013,35.256328,0.0 -97.563581,35.254016,0.0 -97.564275,35.251772,0.0 -97.563919,35.250074,0.0 -97.558187,35.249824,0.0 -97.558865,35.248108,0.0 -97.564845,35.248719,0.0</coordinates>
</LinearRing>
</outerBoundaryIs>
</Polygon>
</Placemark>
<Placemark id="cb_2023_40_sldl_500k">
<name>&lt;at&gt;&lt;openparen&gt;40047&lt;closeparen&gt;</name>
<visibility>1</visibility>
<description><![CDATA[<center><table><tr><th colspan='2' align='center'><em>Attributes</em></th></tr><tr bgcolor="#E3E3F3">
<th>STATEFP</th>
<td>40</td>
</tr><tr bgcolor="">
<th>SLDLST</th>
<td>047</td>
</tr><tr bgcolor="#E3E3F3">
<th>GEOIDFQ</th>
<td>620L800US40047</td>
</tr><tr bgcolor="">
<th>GEOID</th>
<td>40047</td>
</tr><tr bgcolor="#E3E3F3">
<th>NAME</th>
<td>47</td>
</tr><tr bgcolor="">
<th>NAMELSAD</th>
<td>State House District 47</td>
</tr><tr bgcolor="#E3E3F3">
<th>STUSPS</th>
<td>OK</td>
</tr><tr bgcolor="">
<th>STATE_NAME</th>
<td>Oklahoma</td>
</tr><tr bgcolor="#E3E3F3">
<th>LSAD</th>
<td>LL</td>
</tr><tr bgcolor="">
<th>LSY</th>
<td>2022</td>
</tr><tr bgcolor="#E3E3F3">
<th>ALAND</th>
<td>179098047</td>
</tr><tr bgcolor="">
<th>AWATER</th>
<td>3020838</td>
</tr></table></center>]]></description>
<LookAt>
<longitude>-102</longitude>
<latitude>38.5</latitude>
<range>7000000</range>
<tilt>10</tilt>
<heading>0</heading>
</LookAt>
<styleUrl>#KMLStyler</styleUrl>
<ExtendedData>
<SchemaData schemaUrl="#kml_schema_ft_cb_2023_40_sldl_500k">
<SimpleData name="STATEFP">40</SimpleData>
<SimpleData name="SLDLST">047</SimpleData>
<SimpleData name="GEOIDFQ">620L800US40047</SimpleData>
<SimpleData name="GEOID">40047</SimpleData>
<SimpleData name="NAME">47</SimpleData>
<SimpleData name="NAMELSAD">State House District 47</SimpleData>
<SimpleData name="STUSPS">OK</SimpleData>
<SimpleData name="STATE_NAME">Oklahoma</SimpleData>
<SimpleData name="LSAD">LL</SimpleData>
<SimpleData name="LSY">2022</SimpleData>
<SimpleData name="ALAND">179098047</SimpleData>
<SimpleData name="AWATER">3020838</SimpleData>
</SchemaData>
</ExtendedData>
<Polygon>
<extrude>0</extrude>
<tessellate>1</tessellate>
<altitudeMode>clampToGround</altitudeMode>
<outerBoundaryIs>
<LinearRing>
<coordinates>-97.833675,35.335362,0.0 -97.832345,35.334697,0.0 -97.828705,35.334359,0.0 -97.827436,35.334384,0.0 -97.8256,35.333763,0.0 -97.824961,35.333741,0.0 -97.821806,35.335179,0.0 -97.81983,35.335347,0.0 -97.814696,35.333944,0.0 -97.812129,35.333788,0.0 -97.812111,35.338254,0.0 -97.809945,35.339961,0.0 -97.807186,35.340846,0.0 -97.803156,35.33966,0.0 -97.799298,35.339096,0.0 -97.796719,35.339105,0.0 -97.794681,35.336632,0.0 -97.793821,35.334911,0.0 -97.792022,35.332702,0.0 -97.790427,35.332921,0.0 -97.789632,35.333349,0.0 -97.788319,35.336643,0.0 -97.786078,35.337162,0.0 -97.783591,35.336286,0.0 -97.781189,35.336107,0.0 -97.777567,35.337087,0.0 -97.774708,35.339421,0.0 -97.773914,35.34335,0.0 -97.772406,35.345577,0.0 -97.769273,35.34565,0.0 -97.767841,35.345084,0.0 -97.763905,35.340848,0.0 -97.761499,35.340347,0.0 -97.76087,35.340304,0.0 -97.756641,35.338759,0.0 -97.751984,35.334284,0.0 -97.751084,35.331299,0.0 -97.748667,35.329364,0.0 -97.74631,35.328354,0.0 -97.737305,35.323762,0.0 -97.736282,35.323843,0.0 -97.724708,35.325832,0.0 -97.723816,35.326515,0.0 -97.723562,35.326589,0.0 -97.721528,35.327137,0.0 -97.720035,35.328515,0.0 -97.718427,35.328534,0.0 -97.718065,35.328178,0.0 -97.71561,35.328277,0.0 -97.713793,35.327934,0.0 -97.713112,35.325464,0.0 -97.711349,35.324854,0.0 -97.708158,35.324732,0.0 -97.706291,35.324973,0.0 -97.705267,35.325327,0.0 -97.701858,35.326244,0.0 -97.696478,35.327437,0.0 -97.689742,35.332237,0.0 -97.686718,35.333837,0.0 -97.685054,35.334301,0.0 -97.67933,35.334806,0.0 -97.678473,35.334974,0.0 -97.671414,35.335946,0.0 -97.671415,35.337465,0.0 -97.671463,35.346896,0.0 -97.671356,35.348123,0.0 -97.671369,35.377151,0.0 -97.671358,35.379459,0.0 -97.671374,35.391654,0.0 -97.671379,35.393078,0.0 -97.671383,35.406217,0.0 -97.671422,35.420777,0.0 -97.671423,35.420788,0.0 -97.6714,35.428319,0.0 -97.671411,35.435346,0.0 -97.671411,35.435471,0.0 -97.67143,35.447893,0.0 -97.671503,35.448444,0.0 -97.67153,35.46042,0.0 -97.671539,35.464209,0.0 -97.689038,35.464261,0.0 -97.689097,35.460297,0.0 -97.689196,35.453238,0.0 -97.689249,35.449612,0.0 -97.706913,35.449634,0.0 -97.706908,35.446709,0.0 -97.706886,35.43517,0.0 -97.724592,35.43532,0.0 -97.742364,35.435402,0.0 -97.76023,35.435402,0.0 -97.760278,35.449904,0.0 -97.7691,35.449876,0.0 -97.777685,35.449849,0.0 -97.821829,35.449758,0.0 -97.821912,35.449758,0.0 -97.83087,35.449777,0.0 -97.830816,35.427999,0.0 -97.830788,35.4207,0.0 -97.830795,35.391662,0.0 -97.830666,35.360135,0.0 -97.830948,35.358396,0.0 -97.830592,35.335866,0.0 -97.831189,35.335583,0.0 -97.833675,35.335362,0.0</coordinates>
</LinearRing>
</outerBoundaryIs>
</Polygon>
</Placemark>
<Placemark id="cb_2023_40_sldl_500k">
<name>&lt;at&gt;&lt;openparen&gt;40048&lt;closeparen&gt;</name>
<visibility>1</visibility>
<description><![CDATA[<center><table><tr><th colspan='2' align='center'><em>Attributes</em></th></tr><tr bgcolor="#E3E3F3">
<th>STATEFP</th>
<td>40</td>
</tr><tr bgcolor="">
<th>SLDLST</th>
<td>048</td>
</tr><tr bgcolor="#E3E3F3">
<th>GEOIDFQ</th>
<td>620L800US40048</td>
</tr><tr bgcolor="">
<th>GEOID</th>
<td>40048</td>
</tr><tr bgcolor="#E3E3F3">
<th>NAME</th>
<td>48</td>
</tr><tr bgcolor="">
<th>NAMELSAD</th>
<td>State House District 48</td>
</tr><tr bgcolor="#E3E3F3">
<th>STUSPS</th>
<td>OK</td>
</tr><tr bgcolor="">
<th>STATE_NAME</th>
<td>Oklahoma</td>
</tr><tr bgcolor="#E3E3F3">
<th>LSAD</th>
<td>LL</td>
</tr><tr bgcolor="">
<th>LSY</th>
<td>2022</td>
</tr><tr bgcolor="#E3E3F3">
<th>ALAND</th>
<td>2297100553</td>
</tr><tr bgcolor="">
<th>AWATER</th>
<td>22045106</td>
</tr></table></center>]]></description>
<LookAt>
<longitude>-102</longitude>
<latitude>38.5</latitude>
<range>7000000</range>
<tilt>10</tilt>
<heading>0</heading>
</LookAt>
<styleUrl>#KMLStyler</styleUrl>
<ExtendedData>
<SchemaData schemaUrl="#kml_schema_ft_cb_2023_40_sldl_500k">
<SimpleData name="STATEFP">40</SimpleData>
<SimpleData name="SLDLST">048</SimpleData>
<SimpleData name="GEOIDFQ">620L800US40048</SimpleData>
<SimpleData name="GEOID">40048</SimpleData>
<SimpleData name="NAME">48</SimpleData>
<SimpleData name="NAMELSAD">State House District 48</SimpleData>
<SimpleData name="STUSPS">OK</SimpleData>
<SimpleData name="STATE_NAME">Oklahoma</SimpleData>
<SimpleData name="LSAD">LL</SimpleData>
<SimpleData name="LSY">2022</SimpleData>
<SimpleData name="ALAND">2297100553</SimpleData>
<SimpleData name="AWATER">22045106</SimpleData>
</SchemaData>
</ExtendedData>
<Polygon>
<extrude>0</extrude>
<tessellate>1</tessellate>
<altitudeMode>clampToGround</altitudeMode>
<outerBoundaryIs>
<LinearRing>
<coordinates>-97.563082,34.528636,0.0 -97.563294,34.515519,0.0 -97.562944,34.511533,0.0 -97.563183,34.507026,0.0 -97.562323,34.507036,0.0 -97.562375,34.485329,0.0 -97.562388,34.477779,0.0 -97.562388,34.477034,0.0 -97.562328,34.476437,0.0 -97.562423,34.4273,0.0 -97.562427,34.405178,0.0 -97.562632,34.318173,0.0 -97.562603,34.310889,0.0 -97.562572,34.303582,0.0 -97.562512,34.289183,0.0 -97.562544,34.281842,0.0 -97.562546,34.267221,0.0 -97.562517,34.245663,0.0 -97.56251,34.224375,0.0 -97.562568,34.223627,0.0 -97.551405,34.223735,0.0 -97.551381,34.231075,0.0 -97.544881,34.231088,0.0 -97.492184,34.230965,0.0 -97.492209,34.229025,0.0 -97.492219,34.218088,0.0 -97.492211,34.216384,0.0 -97.474765,34.21642,0.0 -97.474784,34.228587,0.0 -97.474781,34.229656,0.0 -97.47048,34.230017,0.0 -97.468362,34.231042,0.0 -97.46476,34.230956,0.0 -97.457279,34.230049,0.0 -97.454628,34.230033,0.0 -97.452617,34.229712,0.0 -97.450426,34.229477,0.0 -97.448797,34.229119,0.0 -97.448472,34.229051,0.0 -97.448318,34.229026,0.0 -97.442218,34.227737,0.0 -97.441583,34.227411,0.0 -97.439708,34.22942,0.0 -97.439664,34.230903,0.0 -97.339126,34.230848,0.0 -97.317501,34.230949,0.0 -97.317428,34.244378,0.0 -97.317605,34.245533,0.0 -97.299943,34.245601,0.0 -97.276106,34.245643,0.0 -97.273666,34.245543,0.0 -97.24741,34.245548,0.0 -97.23029,34.245512,0.0 -97.230376,34.23821,0.0 -97.230411,34.216531,0.0 -97.222933,34.216521,0.0 -97.222232,34.212933,0.0 -97.212903,34.21283,0.0 -97.212879,34.194807,0.0 -97.212878,34.189284,0.0 -97.21282,34.187462,0.0 -97.212807,34.180154,0.0 -97.212868,34.172971,0.0 -97.212865,34.162375,0.0 -97.212888,34.158417,0.0 -97.212783,34.143738,0.0 -97.212767,34.140262,0.0 -97.212369,34.138984,0.0 -97.212815,34.137181,0.0 -97.212811,34.129169,0.0 -97.17787,34.12921,0.0 -97.160426,34.12942,0.0 -97.160422,34.129229,0.0 -97.157228,34.129171,0.0 -97.156619,34.129213,0.0 -97.142942,34.129303,0.0 -97.125397,34.12939,0.0 -97.099139,34.129246,0.0 -97.090512,34.1292,0.0 -97.081765,34.129002,0.0 -97.072975,34.129172,0.0 -97.07307,34.143592,0.0 -97.073068,34.158264,0.0 -97.073033,34.172758,0.0 -97.073064,34.173395,0.0 -97.073034,34.176269,0.0 -97.073042,34.17819,0.0 -97.073062,34.187249,0.0 -97.07312,34.201769,0.0 -97.073128,34.205398,0.0 -97.073148,34.208726,0.0 -97.073137,34.209047,0.0 -97.073111,34.227488,0.0 -97.073156,34.230874,0.0 -97.07318,34.23251,0.0 -97.071301,34.234473,0.0 -97.068179,34.242659,0.0 -97.066283,34.246562,0.0 -97.063465,34.248598,0.0 -97.061832,34.250327,0.0 -97.061142,34.252858,0.0 -97.061346,34.259026,0.0 -97.060917,34.261683,0.0 -97.059187,34.268554,0.0 -97.058521,34.269475,0.0 -97.056711,34.270843,0.0 -97.047749,34.274354,0.0 -97.046351,34.27472,0.0 -97.043325,34.275282,0.0 -97.040663,34.275631,0.0 -97.038935,34.276074,0.0 -97.03816,34.27651,0.0 -97.037114,34.277443,0.0 -97.035551,34.277549,0.0 -97.035544,34.281025,0.0 -97.034772,34.281028,0.0 -97.03479,34.288908,0.0 -97.014255,34.288794,0.0 -97.012758,34.289488,0.0 -97.012148,34.289469,0.0 -97.009871,34.290729,0.0 -97.007194,34.293311,0.0 -97.005585,34.293052,0.0 -97.003534,34.291259,0.0 -97.001905,34.292198,0.0 -97.001994,34.297056,0.0 -97.000762,34.299857,0.0 -97.000772,34.30112,0.0 -97.000593,34.30149,0.0 -97.000408,34.30177,0.0 -97.000003,34.302571,0.0 -96.999864,34.302703,0.0 -96.999573,34.303131,0.0 -96.999288,34.303487,0.0 -96.998748,34.303968,0.0 -96.996053,34.307194,0.0 -96.995504,34.308915,0.0 -96.993557,34.308542,0.0 -96.992828,34.30713,0.0 -96.994257,34.305684,0.0 -96.992952,34.304415,0.0 -96.987926,34.305434,0.0 -96.987133,34.307632,0.0 -96.99059,34.308719,0.0 -96.992505,34.310405,0.0 -96.992155,34.311444,0.0 -96.989454,34.312918,0.0 -96.987096,34.313655,0.0 -96.985111,34.317112,0.0 -96.986569,34.317947,0.0 -96.993675,34.317653,0.0 -96.997206,34.318762,0.0 -97.000146,34.317348,0.0 -97.003356,34.318022,0.0 -97.004268,34.320787,0.0 -97.006433,34.32164,0.0 -97.007779,34.320453,0.0 -97.011475,34.319685,0.0 -97.012998,34.320697,0.0 -97.013513,34.323359,0.0 -97.011901,34.323368,0.0 -97.011898,34.325202,0.0 -97.01417,34.325208,0.0 -97.014169,34.327015,0.0 -97.016216,34.327018,0.0 -97.016201,34.328849,0.0 -97.014168,34.328845,0.0 -97.014164,34.33234,0.0 -97.02919,34.332235,0.0 -97.02912,34.333262,0.0 -97.030744,34.334875,0.0 -97.032922,34.335172,0.0 -97.039515,34.33754,0.0 -97.040644,34.3385,0.0 -97.042639,34.341783,0.0 -97.042611,34.344608,0.0 -97.035683,34.347589,0.0 -97.031546,34.350524,0.0 -97.031663,34.352138,0.0 -97.034251,34.35413,0.0 -97.035214,34.35538,0.0 -97.034748,34.358052,0.0 -97.034856,34.36061,0.0 -97.035568,34.361982,0.0 -97.038393,34.364948,0.0 -97.038838,34.36691,0.0 -97.038135,34.368465,0.0 -97.034384,34.371626,0.0 -97.033734,34.372915,0.0 -97.035932,34.374232,0.0 -97.036542,34.375417,0.0 -97.038239,34.375707,0.0 -97.144874,34.376051,0.0 -97.142525,34.383369,0.0 -97.141935,34.388703,0.0 -97.141948,34.396713,0.0 -97.141318,34.401069,0.0 -97.137631,34.41658,0.0 -97.134338,34.42513,0.0 -97.133513,34.428467,0.0 -97.131901,34.432178,0.0 -97.131806,34.432395,0.0 -97.12928,34.436638,0.0 -97.128708,34.438719,0.0 -97.128913,34.442065,0.0 -97.129306,34.443417,0.0 -97.130525,34.445376,0.0 -97.133226,34.448217,0.0 -97.135436,34.450496,0.0 -97.151272,34.466925,0.0 -97.153451,34.469657,0.0 -97.156152,34.474539,0.0 -97.158691,34.482523,0.0 -97.159997,34.485379,0.0 -97.162561,34.489463,0.0 -97.16908,34.498401,0.0 -97.173946,34.506364,0.0 -97.174136,34.506655,0.0 -97.16981,34.506649,0.0 -97.14939,34.506598,0.0 -97.143973,34.506606,0.0 -97.143371,34.508825,0.0 -97.144025,34.509914,0.0 -97.148765,34.512186,0.0 -97.150331,34.513285,0.0 -97.153095,34.516788,0.0 -97.150153,34.518356,0.0 -97.14807,34.518286,0.0 -97.145224,34.518964,0.0 -97.143736,34.520719,0.0 -97.144282,34.522017,0.0 -97.146496,34.522512,0.0 -97.149808,34.521423,0.0 -97.153292,34.521226,0.0 -97.156792,34.521777,0.0 -97.158054,34.522714,0.0 -97.159076,34.52505,0.0 -97.159184,34.528054,0.0 -97.160347,34.529716,0.0 -97.161671,34.530254,0.0 -97.164864,34.530638,0.0 -97.165706,34.531686,0.0 -97.164806,34.532903,0.0 -97.16202,34.532701,0.0 -97.16021,34.534866,0.0 -97.160641,34.538025,0.0 -97.161961,34.540869,0.0 -97.16243,34.542769,0.0 -97.163686,34.547405,0.0 -97.163343,34.548506,0.0 -97.159513,34.549437,0.0 -97.158449,34.5501,0.0 -97.157504,34.552163,0.0 -97.158403,34.553392,0.0 -97.162534,34.556469,0.0 -97.164765,34.559197,0.0 -97.164313,34.559761,0.0 -97.159373,34.561427,0.0 -97.157438,34.562801,0.0 -97.157314,34.563995,0.0 -97.158415,34.564693,0.0 -97.164108,34.563116,0.0 -97.169622,34.56315,0.0 -97.171558,34.563713,0.0 -97.173167,34.565067,0.0 -97.174129,34.568196,0.0 -97.175465,34.569554,0.0 -97.176025,34.57159,0.0 -97.174337,34.574311,0.0 -97.171932,34.574211,0.0 -97.167468,34.572376,0.0 -97.165189,34.572508,0.0 -97.164306,34.573638,0.0 -97.164304,34.575034,0.0 -97.167963,34.576103,0.0 -97.170219,34.577282,0.0 -97.171613,34.578577,0.0 -97.173001,34.581073,0.0 -97.173064,34.583747,0.0 -97.174196,34.584851,0.0 -97.174401,34.586205,0.0 -97.173519,34.586814,0.0 -97.168906,34.585845,0.0 -97.167418,34.58608,0.0 -97.167061,34.588181,0.0 -97.170223,34.590109,0.0 -97.171495,34.593265,0.0 -97.173979,34.595011,0.0 -97.175956,34.595659,0.0 -97.180529,34.595036,0.0 -97.184844,34.595303,0.0 -97.18596,34.596198,0.0 -97.18935,34.596011,0.0 -97.190278,34.596374,0.0 -97.19134,34.597443,0.0 -97.192877,34.600639,0.0 -97.192352,34.602694,0.0 -97.190454,34.604637,0.0 -97.190676,34.605607,0.0 -97.192644,34.6067,0.0 -97.195453,34.606737,0.0 -97.196664,34.607228,0.0 -97.198015,34.608759,0.0 -97.199007,34.611469,0.0 -97.198216,34.613815,0.0 -97.195806,34.614928,0.0 -97.194838,34.616145,0.0 -97.195344,34.618249,0.0 -97.197424,34.62087,0.0 -97.200073,34.622762,0.0 -97.212688,34.62275,0.0 -97.212821,34.68088,0.0 -97.212868,34.688176,0.0 -97.212846,34.706137,0.0 -97.212848,34.708105,0.0 -97.212879,34.715132,0.0 -97.212889,34.716574,0.0 -97.21288,34.718937,0.0 -97.212949,34.726307,0.0 -97.212956,34.726778,0.0 -97.213132,34.728131,0.0 -97.21313,34.732363,0.0 -97.214036,34.734669,0.0 -97.214099,34.734813,0.0 -97.21495,34.736413,0.0 -97.220443,34.741272,0.0 -97.228967,34.735213,0.0 -97.230577,34.735457,0.0 -97.233779,34.73784,0.0 -97.235428,34.738675,0.0 -97.237399,34.739176,0.0 -97.238793,34.739303,0.0 -97.247734,34.739319,0.0 -97.262802,34.739506,0.0 -97.266938,34.739543,0.0 -97.26694,34.739361,0.0 -97.27131,34.739403,0.0 -97.273887,34.739302,0.0 -97.335632,34.739178,0.0 -97.352746,34.739163,0.0 -97.35985,34.738501,0.0 -97.36274,34.739918,0.0 -97.374175,34.746537,0.0 -97.374911,34.746669,0.0 -97.405409,34.746413,0.0 -97.405617,34.741191,0.0 -97.405412,34.737714,0.0 -97.405389,34.728232,0.0 -97.4054,34.7247,0.0 -97.414105,34.724695,0.0 -97.423195,34.724749,0.0 -97.424,34.724752,0.0 -97.427269,34.724716,0.0 -97.43587,34.724602,0.0 -97.457562,34.724545,0.0 -97.482727,34.724503,0.0 -97.527895,34.724694,0.0 -97.527811,34.710509,0.0 -97.52704,34.709051,0.0 -97.528116,34.708538,0.0 -97.527814,34.701499,0.0 -97.52667,34.699627,0.0 -97.52783,34.696251,0.0 -97.52785,34.682456,0.0 -97.52834,34.681091,0.0 -97.559229,34.681077,0.0 -97.560752,34.678088,0.0 -97.563006,34.677587,0.0 -97.562959,34.632797,0.0 -97.562827,34.631486,0.0 -97.562836,34.630337,0.0 -97.562899,34.616094,0.0 -97.562859,34.594163,0.0 -97.562886,34.572567,0.0 -97.56286,34.56518,0.0 -97.563082,34.528636,0.0</coordinates>
</LinearRing>
</outerBoundaryIs>
</Polygon>
</Placemark>
<Placemark id="cb_2023_40_sldl_500k">
<name>&lt;at&gt;&lt;openparen&gt;40049&lt;closeparen&gt;</name>
<visibility>1</visibility>
<description><![CDATA[<center><table><tr><th colspan='2' align='center'><em>Attributes</em></th></tr><tr bgcolor="#E3E3F3">
<th>STATEFP</th>
<td>40</td>
</tr><tr bgcolor="">
<th>SLDLST</th>
<td>049</td>
</tr><tr bgcolor="#E3E3F3">
<th>GEOIDFQ</th>
<td>620L800US40049</td>
</tr><tr bgcolor="">
<th>GEOID</th>
<td>40049</td>
</tr><tr bgcolor="#E3E3F3">
<th>NAME</th>
<td>49</td>
</tr><tr bgcolor="">
<th>NAMELSAD</th>
<td>State House District 49</td>
</tr><tr bgcolor="#E3E3F3">
<th>STUSPS</th>
<td>OK</td>
</tr><tr bgcolor="">
<th>STATE_NAME</th>
<td>Oklahoma</td>
</tr><tr bgcolor="#E3E3F3">
<th>LSAD</th>
<td>LL</td>
</tr><tr bgcolor="">
<th>LSY</th>
<td>2022</td>
</tr><tr bgcolor="#E3E3F3">
<th>ALAND</th>
<td>2979517562</td>
</tr><tr bgcolor="">
<th>AWATER</th>
<td>141616867</td>
</tr></table></center>]]></description>
<LookAt>
<longitude>-102</longitude>
<latitude>38.5</latitude>
<range>7000000</range>
<tilt>10</tilt>
<heading>0</heading>
</LookAt>
<styleUrl>#KMLStyler</styleUrl>
<ExtendedData>
<SchemaData schemaUrl="#kml_schema_ft_cb_2023_40_sldl_500k">
<SimpleData name="STATEFP">40</SimpleData>
<SimpleData name="SLDLST">049</SimpleData>
<SimpleData name="GEOIDFQ">620L800US40049</SimpleData>
<SimpleData name="GEOID">40049</SimpleData>
<SimpleData name="NAME">49</SimpleData>
<SimpleData name="NAMELSAD">State House District 49</SimpleData>
<SimpleData name="STUSPS">OK</SimpleData>
<SimpleData name="STATE_NAME">Oklahoma</SimpleData>
<SimpleData name="LSAD">LL</SimpleData>
<SimpleData name="LSY">2022</SimpleData>
<SimpleData name="ALAND">2979517562</SimpleData>
<SimpleData name="AWATER">141616867</SimpleData>
</SchemaData>
</ExtendedData>
<Polygon>
<extrude>0</extrude>
<tessellate>1</tessellate>
<altitudeMode>clampToGround</altitudeMode>
<outerBoundaryIs>
<LinearRing>
<coordinates>-97.562568,34.223627,0.0 -97.56257,34.216574,0.0 -97.562508,34.215992,0.0 -97.562507,34.209198,0.0 -97.562505,34.201998,0.0 -97.562509,34.172921,0.0 -97.562394,34.115899,0.0 -97.562558,34.11482,0.0 -97.56254,34.101941,0.0 -97.562371,34.098885,0.0 -97.56234,34.07115,0.0 -97.560761,34.07115,0.0 -97.560872,34.002978,0.0 -97.556422,34.001988,0.0 -97.553754,34.002721,0.0 -97.551719,34.001003,0.0 -97.553699,34.000434,0.0 -97.555209,33.998882,0.0 -97.554852,33.998263,0.0 -97.551799,33.997782,0.0 -97.551937,33.995904,0.0 -97.550809,33.995308,0.0 -97.550782,33.994254,0.0 -97.5496,33.994712,0.0 -97.549242,33.993773,0.0 -97.551058,33.991941,0.0 -97.549051,33.991094,0.0 -97.547593,33.991735,0.0 -97.546934,33.990498,0.0 -97.545834,33.989398,0.0 -97.547099,33.987978,0.0 -97.545147,33.98759,0.0 -97.544653,33.986605,0.0 -97.542838,33.985826,0.0 -97.542233,33.987978,0.0 -97.54149,33.988528,0.0 -97.540363,33.98681,0.0 -97.541299,33.985321,0.0 -97.539402,33.985161,0.0 -97.537532,33.986534,0.0 -97.536818,33.983877,0.0 -97.560743,33.983964,0.0 -97.5608977260312,33.8995888009747,0.0 -97.56055,33.899343,0.0 -97.559917,33.897603,0.0 -97.55827,33.897099,0.0 -97.555002,33.897282,0.0 -97.551541,33.897947,0.0 -97.543246,33.901289,0.0 -97.532723,33.906577,0.0 -97.525277,33.911751,0.0 -97.519171,33.913638,0.0 -97.5174446404745,33.9142072597304,0.0 -97.5099279122316,33.916685868983,0.0 -97.50096,33.919643,0.0 -97.494858,33.919258,0.0 -97.486505,33.916994,0.0 -97.48403724377,33.9157618691195,0.0 -97.4611287310089,33.9043238325516,0.0 -97.460376,33.903948,0.0 -97.458069,33.901635,0.0 -97.450954,33.891398,0.0 -97.451469,33.87093,0.0 -97.457617,33.855126,0.0 -97.461486,33.84956,0.0 -97.462857,33.841772,0.0 -97.459068,33.834581,0.0 -97.453057,33.828536,0.0 -97.444193,33.823773,0.0 -97.426493,33.819398,0.0 -97.410387,33.818845,0.0 -97.4033285787733,33.8189597940642,0.0 -97.372941,33.819454,0.0 -97.365507,33.823763,0.0 -97.358513,33.830018,0.0 -97.348338,33.843876,0.0 -97.339202,33.862063,0.0 -97.335915,33.879168,0.0 -97.332457,33.884253,0.0 -97.325812,33.883888,0.0 -97.32345,33.87846,0.0 -97.333382,33.864148,0.0 -97.334616,33.857231,0.0 -97.3298198749724,33.8557669883345,0.0 -97.328729,33.855434,0.0 -97.323947,33.858986,0.0 -97.318243,33.865121,0.0 -97.315035584309,33.866685347914,0.0 -97.314413,33.866989,0.0 -97.309946,33.874449,0.0 -97.309846,33.883003,0.0 -97.310143,33.888532,0.0 -97.305565,33.886435,0.0 -97.294227,33.876412,0.0 -97.285983,33.868526,0.0 -97.279108,33.864555,0.0 -97.275348,33.863225,0.0 -97.275607,33.858168,0.0 -97.270314,33.858221,0.0 -97.265087,33.862413,0.0 -97.256625,33.863286,0.0 -97.254235,33.865323,0.0 -97.249209,33.875101,0.0 -97.24618,33.900344,0.0 -97.244946,33.903092,0.0 -97.243983023282,33.9041666604229,0.0 -97.242092,33.906277,0.0 -97.226522,33.914642,0.0 -97.210921,33.916064,0.0 -97.206141,33.91428,0.0 -97.1898531541979,33.9035857609635,0.0 -97.185458,33.9007,0.0 -97.1814903420956,33.8959728706173,0.0 -97.180845,33.895204,0.0 -97.179609,33.89225,0.0 -97.1725478642641,33.8678031295196,0.0 -97.166629,33.847311,0.0 -97.166824,33.840395,0.0 -97.171627,33.835335,0.0 -97.18137,33.831375,0.0 -97.186254,33.830894,0.0 -97.19369,33.831307,0.0 -97.1997,33.827322,0.0 -97.203514,33.821825,0.0 -97.204939,33.815229,0.0 -97.205705,33.802908,0.0 -97.200492,33.793198,0.0 -97.190809,33.781772,0.0 -97.187724,33.769831,0.0 -97.192817,33.761169,0.0 -97.185325,33.755503,0.0 -97.181843,33.75587,0.0 -97.172192,33.737545,0.0 -97.163149,33.729322,0.0 -97.1628103273886,33.7291175310722,0.0 -97.155066,33.724442,0.0 -97.149394,33.721967,0.0 -97.13753,33.718664,0.0 -97.126102,33.716941,0.0 -97.121102,33.717174,0.0 -97.113265,33.718804,0.0 -97.108936,33.720294,0.0 -97.104525,33.722608,0.0 -97.1004494293666,33.7254837350243,0.0 -97.097154,33.727809,0.0 -97.094085,33.730992,0.0 -97.091072,33.735115,0.0 -97.086195,33.743933,0.0 -97.0859635968142,33.7453525399161,0.0 -97.084693,33.753147,0.0 -97.084613,33.759993,0.0 -97.085218,33.765512,0.0 -97.087852,33.774099,0.0 -97.093917,33.789052,0.0 -97.095236,33.794136,0.0 -97.094771,33.798532,0.0 -97.092112,33.804097,0.0 -97.087999,33.808747,0.0 -97.07859,33.812756,0.0 -97.067977,33.814476,0.0 -97.062632,33.816079,0.0 -97.054926,33.816412,0.0 -97.0526945876577,33.8167555980067,0.0 -97.048146,33.817456,0.0 -97.049316,33.829794,0.0 -97.053024,33.833884,0.0 -97.058343,33.836764,0.0 -97.069486,33.839412,0.0 -97.08345,33.840456,0.0 -97.087731,33.841956,0.0 -97.090479,33.844841,0.0 -97.089464,33.849847,0.0 -97.087247,33.853448,0.0 -97.0867195241222,33.8536845157192,0.0 -97.075621,33.858661,0.0 -97.068071,33.860465,0.0 -97.059826,33.858404,0.0 -97.055838,33.855741,0.0 -97.050952,33.846568,0.0 -97.046126,33.83956,0.0 -97.041245,33.837761,0.0 -97.038858,33.838264,0.0 -97.0290486529474,33.8428336240719,0.0 -97.021438,33.846379,0.0 -97.009856,33.859762,0.0 -96.997088,33.871017,0.0 -96.991897642823,33.8796222621588,0.0 -96.988043,33.886013,0.0 -96.983835,33.890949,0.0 -96.984939,33.904866,0.0 -96.988745,33.918468,0.0 -96.993997,33.928979,0.0 -96.995023,33.932035,0.0 -96.996183,33.941728,0.0 -96.995368,33.947302,0.0 -96.994288,33.949206,0.0 -96.990835,33.952701,0.0 -96.987892,33.954671,0.0 -96.981337,33.956378,0.0 -96.979415,33.956178,0.0 -96.979347,33.95513,0.0 -96.980676,33.951814,0.0 -96.981031,33.94916,0.0 -96.979818,33.941588,0.0 -96.976955,33.937453,0.0 -96.973807,33.935697,0.0 -96.972542,33.935795,0.0 -96.952313,33.944582,0.0 -96.944611,33.949217,0.0 -96.9347906714179,33.9543587870584,0.0 -96.932252,33.955688,0.0 -96.924268,33.959159,0.0 -96.922114,33.959579,0.0 -96.918618,33.958926,0.0 -96.9163,33.957798,0.0 -96.911336,33.95396,0.0 -96.9100841561795,33.9527125942178,0.0 -96.907387,33.950025,0.0 -96.905253,33.947219,0.0 -96.902434,33.942018,0.0 -96.899442,33.933728,0.0 -96.896469,33.913318,0.0 -96.897194,33.902954,0.0 -96.895728,33.896414,0.0 -96.8926863575097,33.8896230392742,0.0 -96.88301,33.868019,0.0 -96.875281,33.860505,0.0 -96.866438,33.853149,0.0 -96.85609,33.84749,0.0 -96.850593,33.847211,0.0 -96.845896,33.848975,0.0 -96.841592,33.852894,0.0 -96.840819,33.863645,0.0 -96.839778,33.868396,0.0 -96.837413,33.871349,0.0 -96.8338917485549,33.8736844418831,0.0 -96.832157,33.874835,0.0 -96.812778,33.872646,0.0 -96.7983890294503,33.8697218550823,0.0 -96.794276,33.868886,0.0 -96.7888924383728,33.8662159210612,0.0 -96.7868593685454,33.8652075817306,0.0 -96.783485,33.863534,0.0 -96.780569,33.860098,0.0 -96.779588,33.857939,0.0 -96.777202,33.848162,0.0 -96.776766,33.841976,0.0 -96.7716159294573,33.8315278683817,0.0 -96.770676,33.829621,0.0 -96.769378,33.827477,0.0 -96.7679359661585,33.8265506664569,0.0 -96.766235,33.825458,0.0 -96.761588,33.824406,0.0 -96.754041,33.824658,0.0 -96.746038,33.825699,0.0 -96.712422,33.831633,0.0 -96.708134,33.83306,0.0 -96.704457,33.835021,0.0 -96.7022011641094,33.8368818451704,0.0 -96.699574,33.839049,0.0 -96.6931029507083,33.8470119086141,0.0 -96.6919140053451,33.8484749577809,0.0 -96.690708,33.849959,0.0 -96.688191,33.854613,0.0 -96.684727,33.862905,0.0 -96.682209,33.873876,0.0 -96.682103,33.876645,0.0 -96.6830897710888,33.8821349564176,0.0 -96.683464,33.884217,0.0 -96.680947,33.896204,0.0 -96.6782986558143,33.9022650039775,0.0 -96.687647,33.903354,0.0 -96.693619,33.912085,0.0 -96.69694,33.918791,0.0 -96.697445,33.921614,0.0 -96.697994,33.924676,0.0 -96.695613,33.924539,0.0 -96.694883,33.925268,0.0 -96.696102,33.92703,0.0 -96.694943,33.930932,0.0 -96.695974,33.930772,0.0 -96.694821,33.932833,0.0 -96.692303,33.9322,0.0 -96.693487,33.931787,0.0 -96.693863,33.929914,0.0 -96.691725,33.929922,0.0 -96.691654,33.969241,0.0 -96.674329,33.969263,0.0 -96.674229,33.99508,0.0 -96.674835,33.998101,0.0 -96.674816,33.998239,0.0 -96.6872,33.998258,0.0 -96.691603,33.998266,0.0 -96.691529,34.002013,0.0 -96.71104,34.001986,0.0 -96.711023,34.003714,0.0 -96.714287,34.003744,0.0 -96.714284,34.005558,0.0 -96.716723,34.004899,0.0 -96.716722,34.007873,0.0 -96.718662,34.007927,0.0 -96.718736,34.009588,0.0 -96.726225,34.009891,0.0 -96.726234,34.012791,0.0 -96.726228,34.019848,0.0 -96.726298,34.050098,0.0 -96.717504,34.049612,0.0 -96.717559,34.07,0.0 -96.717562,34.070857,0.0 -96.709304,34.070834,0.0 -96.70604,34.070893,0.0 -96.70607,34.085391,0.0 -96.71039,34.085386,0.0 -96.710454,34.099295,0.0 -96.710942,34.09994,0.0 -96.70607,34.099907,0.0 -96.705956,34.114447,0.0 -96.714699,34.114421,0.0 -96.714699,34.128977,0.0 -96.723015,34.129013,0.0 -96.707594,34.143965,0.0 -96.706095,34.146898,0.0 -96.705923,34.148818,0.0 -96.705858,34.160154,0.0 -96.706322,34.162645,0.0 -96.707567,34.164703,0.0 -96.711043,34.168163,0.0 -96.712717,34.170603,0.0 -96.713244,34.172553,0.0 -96.752346,34.172547,0.0 -96.837718,34.172552,0.0 -96.845598,34.172571,0.0 -96.88708,34.172541,0.0 -96.887786,34.172374,0.0 -96.889539,34.172473,0.0 -96.933503,34.172748,0.0 -96.933493,34.179987,0.0 -96.93348,34.190936,0.0 -96.933466,34.2019,0.0 -96.933448,34.214517,0.0 -96.933443,34.214565,0.0 -96.933256,34.226968,0.0 -96.933411,34.245662,0.0 -96.933305,34.332561,0.0 -97.014164,34.33234,0.0 -97.014168,34.328845,0.0 -97.016201,34.328849,0.0 -97.016216,34.327018,0.0 -97.014169,34.327015,0.0 -97.01417,34.325208,0.0 -97.011898,34.325202,0.0 -97.011901,34.323368,0.0 -97.013513,34.323359,0.0 -97.012998,34.320697,0.0 -97.011475,34.319685,0.0 -97.007779,34.320453,0.0 -97.006433,34.32164,0.0 -97.004268,34.320787,0.0 -97.003356,34.318022,0.0 -97.000146,34.317348,0.0 -96.997206,34.318762,0.0 -96.993675,34.317653,0.0 -96.986569,34.317947,0.0 -96.985111,34.317112,0.0 -96.987096,34.313655,0.0 -96.989454,34.312918,0.0 -96.992155,34.311444,0.0 -96.992505,34.310405,0.0 -96.99059,34.308719,0.0 -96.987133,34.307632,0.0 -96.987926,34.305434,0.0 -96.992952,34.304415,0.0 -96.994257,34.305684,0.0 -96.992828,34.30713,0.0 -96.993557,34.308542,0.0 -96.995504,34.308915,0.0 -96.996053,34.307194,0.0 -96.998748,34.303968,0.0 -96.999288,34.303487,0.0 -96.999573,34.303131,0.0 -96.999864,34.302703,0.0 -97.000003,34.302571,0.0 -97.000408,34.30177,0.0 -97.000593,34.30149,0.0 -97.000772,34.30112,0.0 -97.000762,34.299857,0.0 -97.001994,34.297056,0.0 -97.001905,34.292198,0.0 -97.003534,34.291259,0.0 -97.005585,34.293052,0.0 -97.007194,34.293311,0.0 -97.009871,34.290729,0.0 -97.012148,34.289469,0.0 -97.012758,34.289488,0.0 -97.014255,34.288794,0.0 -97.03479,34.288908,0.0 -97.034772,34.281028,0.0 -97.035544,34.281025,0.0 -97.035551,34.277549,0.0 -97.037114,34.277443,0.0 -97.03816,34.27651,0.0 -97.038935,34.276074,0.0 -97.040663,34.275631,0.0 -97.043325,34.275282,0.0 -97.046351,34.27472,0.0 -97.047749,34.274354,0.0 -97.056711,34.270843,0.0 -97.058521,34.269475,0.0 -97.059187,34.268554,0.0 -97.060917,34.261683,0.0 -97.061346,34.259026,0.0 -97.061142,34.252858,0.0 -97.061832,34.250327,0.0 -97.063465,34.248598,0.0 -97.066283,34.246562,0.0 -97.068179,34.242659,0.0 -97.071301,34.234473,0.0 -97.07318,34.23251,0.0 -97.073156,34.230874,0.0 -97.073111,34.227488,0.0 -97.073137,34.209047,0.0 -97.073148,34.208726,0.0 -97.073128,34.205398,0.0 -97.07312,34.201769,0.0 -97.073062,34.187249,0.0 -97.073042,34.17819,0.0 -97.073034,34.176269,0.0 -97.073064,34.173395,0.0 -97.073033,34.172758,0.0 -97.073068,34.158264,0.0 -97.07307,34.143592,0.0 -97.072975,34.129172,0.0 -97.081765,34.129002,0.0 -97.090512,34.1292,0.0 -97.099139,34.129246,0.0 -97.125397,34.12939,0.0 -97.142942,34.129303,0.0 -97.156619,34.129213,0.0 -97.157228,34.129171,0.0 -97.160422,34.129229,0.0 -97.160426,34.12942,0.0 -97.17787,34.12921,0.0 -97.212811,34.129169,0.0 -97.212815,34.137181,0.0 -97.212369,34.138984,0.0 -97.212767,34.140262,0.0 -97.212783,34.143738,0.0 -97.212888,34.158417,0.0 -97.212865,34.162375,0.0 -97.212868,34.172971,0.0 -97.212807,34.180154,0.0 -97.21282,34.187462,0.0 -97.212878,34.189284,0.0 -97.212879,34.194807,0.0 -97.212903,34.21283,0.0 -97.222232,34.212933,0.0 -97.222933,34.216521,0.0 -97.230411,34.216531,0.0 -97.230376,34.23821,0.0 -97.23029,34.245512,0.0 -97.24741,34.245548,0.0 -97.273666,34.245543,0.0 -97.276106,34.245643,0.0 -97.299943,34.245601,0.0 -97.317605,34.245533,0.0 -97.317428,34.244378,0.0 -97.317501,34.230949,0.0 -97.339126,34.230848,0.0 -97.439664,34.230903,0.0 -97.439708,34.22942,0.0 -97.441583,34.227411,0.0 -97.442218,34.227737,0.0 -97.448318,34.229026,0.0 -97.448472,34.229051,0.0 -97.448797,34.229119,0.0 -97.450426,34.229477,0.0 -97.452617,34.229712,0.0 -97.454628,34.230033,0.0 -97.457279,34.230049,0.0 -97.46476,34.230956,0.0 -97.468362,34.231042,0.0 -97.47048,34.230017,0.0 -97.474781,34.229656,0.0 -97.474784,34.228587,0.0 -97.474765,34.21642,0.0 -97.492211,34.216384,0.0 -97.492219,34.218088,0.0 -97.492209,34.229025,0.0 -97.492184,34.230965,0.0 -97.544881,34.231088,0.0 -97.551381,34.231075,0.0 -97.551405,34.223735,0.0 -97.562568,34.223627,0.0</coordinates>
</LinearRing>
</outerBoundaryIs>
</Polygon>
</Placemark>
<Placemark id="cb_2023_40_sldl_500k">
<name>&lt;at&gt;&lt;openparen&gt;40050&lt;closeparen&gt;</name>
<visibility>1</visibility>
<description><![CDATA[<center><table><tr><th colspan='2' align='center'><em>Attributes</em></th></tr><tr bgcolor="#E3E3F3">
<th>STATEFP</th>
<td>40</td>
</tr><tr bgcolor="">
<th>SLDLST</th>
<td>050</td>
</tr><tr bgcolor="#E3E3F3">
<th>GEOIDFQ</th>
<td>620L800US40050</td>
</tr><tr bgcolor="">
<th>GEOID</th>
<td>40050</td>
</tr><tr bgcolor="#E3E3F3">
<th>NAME</th>
<td>50</td>
</tr><tr bgcolor="">
<th>NAMELSAD</th>
<td>State House District 50</td>
</tr><tr bgcolor="#E3E3F3">
<th>STUSPS</th>
<td>OK</td>
</tr><tr bgcolor="">
<th>STATE_NAME</th>
<td>Oklahoma</td>
</tr><tr bgcolor="#E3E3F3">
<th>LSAD</th>
<td>LL</td>
</tr><tr bgcolor="">
<th>LSY</th>
<td>2022</td>
</tr><tr bgcolor="#E3E3F3">
<th>ALAND</th>
<td>3478004034</td>
</tr><tr bgcolor="">
<th>AWATER</th>
<td>71921280</td>
</tr></table></center>]]></description>
<LookAt>
<longitude>-102</longitude>
<latitude>38.5</latitude>
<range>7000000</range>
<tilt>10</tilt>
<heading>0</heading>
</LookAt>
<styleUrl>#KMLStyler</styleUrl>
<ExtendedData>
<SchemaData schemaUrl="#kml_schema_ft_cb_2023_40_sldl_500k">
<SimpleData name="STATEFP">40</SimpleData>
<SimpleData name="SLDLST">050</SimpleData>
<SimpleData name="GEOIDFQ">620L800US40050</SimpleData>
<SimpleData name="GEOID">40050</SimpleData>
<SimpleData name="NAME">50</SimpleData>
<SimpleData name="NAMELSAD">State House District 50</SimpleData>
<SimpleData name="STUSPS">OK</SimpleData>
<SimpleData name="STATE_NAME">Oklahoma</SimpleData>
<SimpleData name="LSAD">LL</SimpleData>
<SimpleData name="LSY">2022</SimpleData>
<SimpleData name="ALAND">3478004034</SimpleData>
<SimpleData name="AWATER">71921280</SimpleData>
</SchemaData>
</ExtendedData>
<Polygon>
<extrude>0</extrude>
<tessellate>1</tessellate>
<altitudeMode>clampToGround</altitudeMode>
<outerBoundaryIs>
<LinearRing>
<coordinates>-98.14212,34.543362,0.0 -98.142148,34.506994,0.0 -98.139237,34.507003,0.0 -98.138962,34.420238,0.0 -98.13904,34.40586,0.0 -98.139041,34.40576,0.0 -98.139169,34.398502,0.0 -98.139191,34.369616,0.0 -98.13919,34.36233,0.0 -98.139299,34.340601,0.0 -98.139299,34.340446,0.0 -98.139314,34.333384,0.0 -98.139227,34.289824,0.0 -98.139298,34.181067,0.0 -98.139297,34.180984,0.0 -98.139155,34.159235,0.0 -98.1389788043646,34.1418054010562,0.0 -98.13677,34.144992,0.0 -98.130816,34.150532,0.0 -98.123377,34.15454,0.0 -98.114506,34.154727,0.0 -98.109462,34.154111,0.0 -98.101937,34.14683,0.0 -98.100558,34.142135,0.0 -98.103172,34.135194,0.0 -98.100498,34.131369,0.0 -98.0976572661913,34.1315615523919,0.0 -98.0935999280227,34.1318365694197,0.0 -98.092015,34.131944,0.0 -98.089755,34.128211,0.0 -98.09066,34.12198,0.0 -98.092421,34.116917,0.0 -98.0932435809557,34.1151702735879,0.0 -98.095118,34.11119,0.0 -98.099328,34.104295,0.0 -98.104309,34.0982,0.0 -98.119417,34.084474,0.0 -98.121039,34.081266,0.0 -98.120903175153,34.0797722535778,0.0 -98.120208,34.072127,0.0 -98.11803,34.067065,0.0 -98.114587,34.06228,0.0 -98.099096,34.048639,0.0 -98.083839,34.041719,0.0 -98.0838358501256,34.0411690753691,0.0 -98.08381,34.036656,0.0 -98.092366,34.033929,0.0 -98.098001,34.03824,0.0 -98.103538,34.03853,0.0 -98.106261,34.034154,0.0 -98.098442,34.023918,0.0 -98.089555,34.01927,0.0 -98.082676,34.010796,0.0 -98.088203,34.005481,0.0 -98.08526,34.003259,0.0 -98.082839,34.002412,0.0 -98.055197,33.995841,0.0 -98.041117,33.993456,0.0 -98.027672,33.993357,0.0 -98.019485,33.993804,0.0 -98.005667,33.995964,0.0 -97.9997043883387,33.9972228061929,0.0 -97.987388,33.999823,0.0 -97.982806,34.001949,0.0 -97.978243,34.005387,0.0 -97.974173,34.006716,0.0 -97.97167,34.005434,0.0 -97.96834,34.00053,0.0 -97.963028,33.994235,0.0 -97.958325,33.990846,0.0 -97.95585,33.990136,0.0 -97.952688,33.990114,0.0 -97.947572,33.991053,0.0 -97.946473,33.990732,0.0 -97.94573,33.989839,0.0 -97.94595,33.988396,0.0 -97.956917,33.958502,0.0 -97.960351,33.951928,0.0 -97.965737,33.947392,0.0 -97.972662,33.944527,0.0 -97.9733359764944,33.9437709509212,0.0 -97.974173,33.942832,0.0 -97.974062,33.940289,0.0 -97.972494,33.937907,0.0 -97.971175,33.937129,0.0 -97.965953,33.936191,0.0 -97.963425,33.936237,0.0 -97.955511,33.938186,0.0 -97.954467,33.937774,0.0 -97.953395,33.936445,0.0 -97.952679,33.929482,0.0 -97.953695,33.924373,0.0 -97.957155,33.914454,0.0 -97.960615,33.910354,0.0 -97.964461,33.907398,0.0 -97.969873,33.905999,0.0 -97.973143,33.908014,0.0 -97.976963,33.912549,0.0 -97.978804,33.912548,0.0 -97.979985,33.911402,0.0 -97.983552,33.904002,0.0 -97.98454,33.900703,0.0 -97.984566,33.899077,0.0 -97.9844306703185,33.8987582875632,0.0 -97.983769,33.8972,0.0 -97.9796999964476,33.8921939551897,0.0 -97.977859,33.889929,0.0 -97.9778078897427,33.8898833742718,0.0 -97.974178,33.886643,0.0 -97.967777,33.88243,0.0 -97.958438,33.879179,0.0 -97.951215,33.878424,0.0 -97.946464,33.878883,0.0 -97.94273,33.879845,0.0 -97.938802,33.879891,0.0 -97.936743,33.879204,0.0 -97.905467,33.863531,0.0 -97.896738,33.857985,0.0 -97.88938,33.856426,0.0 -97.883204,33.854362,0.0 -97.877387,33.850236,0.0 -97.871447,33.849001,0.0 -97.865765,33.849393,0.0 -97.860927,33.850594,0.0 -97.8537011537649,33.8529480131017,0.0 -97.849502,33.854316,0.0 -97.843256,33.856838,0.0 -97.841581,33.856272,0.0 -97.8388,33.856933,0.0 -97.834333,33.857671,0.0 -97.830871,33.861793,0.0 -97.826176,33.864536,0.0 -97.822106,33.867961,0.0 -97.819023,33.869908,0.0 -97.819205,33.872193,0.0 -97.819236,33.879091,0.0 -97.816426,33.882081,0.0 -97.813991,33.881757,0.0 -97.812508,33.881153,0.0 -97.809771,33.877699,0.0 -97.807499,33.876401,0.0 -97.805423,33.877167,0.0 -97.80263,33.879971,0.0 -97.801439,33.886306,0.0 -97.801656,33.890034,0.0 -97.80198,33.894254,0.0 -97.801135,33.89659,0.0 -97.797761,33.899286,0.0 -97.793691,33.899658,0.0 -97.790781,33.898312,0.0 -97.789808,33.894741,0.0 -97.788022,33.89182,0.0 -97.784702,33.890636,0.0 -97.782341,33.892306,0.0 -97.780069,33.89539,0.0 -97.779683,33.899243,0.0 -97.78034,33.904833,0.0 -97.786075,33.913244,0.0 -97.786075,33.914867,0.0 -97.785101,33.916815,0.0 -97.782179,33.919087,0.0 -97.779702,33.919721,0.0 -97.775525,33.918113,0.0 -97.772672,33.914382,0.0 -97.76377,33.914241,0.0 -97.760224,33.917194,0.0 -97.759399,33.91882,0.0 -97.759834,33.92521,0.0 -97.762661,33.930846,0.0 -97.762768,33.934396,0.0 -97.752957,33.937049,0.0 -97.738478,33.937421,0.0 -97.736554,33.936575,0.0 -97.733723,33.936392,0.0 -97.732267,33.936691,0.0 -97.7260679705227,33.9405589527578,0.0 -97.725289,33.941045,0.0 -97.7209587212683,33.9444112998101,0.0 -97.716772,33.947666,0.0 -97.709684,33.954997,0.0 -97.704159,33.963336,0.0 -97.697921,33.977331,0.0 -97.69311,33.983699,0.0 -97.688023,33.986607,0.0 -97.6729707079592,33.9910186710966,0.0 -97.671772,33.99137,0.0 -97.661489,33.990818,0.0 -97.65621,33.989488,0.0 -97.633778,33.981257,0.0 -97.6306726029511,33.9794328955086,0.0 -97.624573,33.97585,0.0 -97.623005,33.97395,0.0 -97.615553,33.969556,0.0 -97.609091,33.968093,0.0 -97.606038,33.965002,0.0 -97.604389,33.963811,0.0 -97.604333,33.962758,0.0 -97.600968,33.960656,0.0 -97.600896,33.958888,0.0 -97.599466,33.956323,0.0 -97.5962,33.954521,0.0 -97.590422,33.954104,0.0 -97.588828,33.951882,0.0 -97.591409,33.948057,0.0 -97.591739,33.946614,0.0 -97.594046,33.944598,0.0 -97.59542,33.941436,0.0 -97.595419,33.938917,0.0 -97.593302,33.933924,0.0 -97.591213,33.931245,0.0 -97.591514,33.9282,0.0 -97.595084,33.922954,0.0 -97.596155,33.922106,0.0 -97.596979,33.920228,0.0 -97.597115,33.917868,0.0 -97.596289,33.913769,0.0 -97.593676,33.910112,0.0 -97.592035,33.910137,0.0 -97.590931,33.909602,0.0 -97.589667,33.906601,0.0 -97.589172,33.904884,0.0 -97.589254,33.903922,0.0 -97.587441,33.902479,0.0 -97.5859323221287,33.9018123222357,0.0 -97.5858025554111,33.9017549789242,0.0 -97.582777,33.900418,0.0 -97.581078,33.899679,0.0 -97.581068119482,33.8996774730708,0.0 -97.578082,33.899216,0.0 -97.572503,33.899256,0.0 -97.5723828248796,33.8993233526348,0.0 -97.568715,33.901379,0.0 -97.566956,33.901583,0.0 -97.562788,33.900925,0.0 -97.5608977260312,33.8995888009747,0.0 -97.560743,33.983964,0.0 -97.536818,33.983877,0.0 -97.537532,33.986534,0.0 -97.539402,33.985161,0.0 -97.541299,33.985321,0.0 -97.540363,33.98681,0.0 -97.54149,33.988528,0.0 -97.542233,33.987978,0.0 -97.542838,33.985826,0.0 -97.544653,33.986605,0.0 -97.545147,33.98759,0.0 -97.547099,33.987978,0.0 -97.545834,33.989398,0.0 -97.546934,33.990498,0.0 -97.547593,33.991735,0.0 -97.549051,33.991094,0.0 -97.551058,33.991941,0.0 -97.549242,33.993773,0.0 -97.5496,33.994712,0.0 -97.550782,33.994254,0.0 -97.550809,33.995308,0.0 -97.551937,33.995904,0.0 -97.551799,33.997782,0.0 -97.554852,33.998263,0.0 -97.555209,33.998882,0.0 -97.553699,34.000434,0.0 -97.551719,34.001003,0.0 -97.553754,34.002721,0.0 -97.556422,34.001988,0.0 -97.560872,34.002978,0.0 -97.560761,34.07115,0.0 -97.56234,34.07115,0.0 -97.562371,34.098885,0.0 -97.56254,34.101941,0.0 -97.562558,34.11482,0.0 -97.562394,34.115899,0.0 -97.562509,34.172921,0.0 -97.562505,34.201998,0.0 -97.562507,34.209198,0.0 -97.562508,34.215992,0.0 -97.56257,34.216574,0.0 -97.562568,34.223627,0.0 -97.56251,34.224375,0.0 -97.562517,34.245663,0.0 -97.562546,34.267221,0.0 -97.562544,34.281842,0.0 -97.562512,34.289183,0.0 -97.562572,34.303582,0.0 -97.562603,34.310889,0.0 -97.562632,34.318173,0.0 -97.562427,34.405178,0.0 -97.562423,34.4273,0.0 -97.562328,34.476437,0.0 -97.562388,34.477034,0.0 -97.562388,34.477779,0.0 -97.562375,34.485329,0.0 -97.562323,34.507036,0.0 -97.563183,34.507026,0.0 -97.562944,34.511533,0.0 -97.563294,34.515519,0.0 -97.563082,34.528636,0.0 -97.566115,34.528693,0.0 -97.566087,34.528556,0.0 -97.566399,34.52836,0.0 -97.56672,34.528252,0.0 -97.566928,34.528264,0.0 -97.567371,34.528004,0.0 -97.567975,34.527955,0.0 -97.568023,34.528081,0.0 -97.567926,34.528464,0.0 -97.567949,34.528738,0.0 -97.571761,34.528768,0.0 -97.666074,34.528925,0.0 -97.676824,34.528952,0.0 -97.676875,34.543245,0.0 -97.694611,34.543277,0.0 -97.694543,34.55777,0.0 -97.712244,34.557933,0.0 -97.712157,34.550665,0.0 -97.712135,34.543247,0.0 -97.729787,34.543245,0.0 -97.729744,34.528851,0.0 -97.773851,34.528835,0.0 -97.783315,34.528862,0.0 -97.807066,34.528946,0.0 -97.808961,34.528954,0.0 -97.809031,34.536151,0.0 -97.808912,34.579768,0.0 -97.826787,34.579762,0.0 -97.835357,34.579763,0.0 -97.83645,34.579758,0.0 -97.8441,34.579746,0.0 -97.861689,34.579751,0.0 -97.87037,34.579806,0.0 -97.87052,34.579811,0.0 -97.872563,34.579803,0.0 -97.879187,34.579786,0.0 -97.879223,34.58703,0.0 -97.879224,34.587079,0.0 -97.881347,34.587017,0.0 -97.887905,34.586997,0.0 -97.896217,34.58697,0.0 -97.898448,34.586016,0.0 -97.90149,34.586997,0.0 -97.91424,34.587239,0.0 -97.915227,34.587247,0.0 -97.917067,34.587206,0.0 -97.923154,34.587024,0.0 -97.923154,34.586637,0.0 -97.923255,34.572434,0.0 -97.940705,34.572518,0.0 -97.940708,34.568909,0.0 -97.940705,34.565229,0.0 -97.940691,34.557993,0.0 -97.949453,34.558017,0.0 -97.966682,34.55795,0.0 -97.966898,34.557949,0.0 -97.981897,34.557848,0.0 -97.984367,34.558058,0.0 -97.988369,34.558009,0.0 -97.993224,34.557971,0.0 -97.994936,34.557883,0.0 -97.995357,34.557955,0.0 -97.996718,34.557939,0.0 -97.996892,34.557885,0.0 -97.996929,34.557887,0.0 -97.997605,34.557922,0.0 -97.997573,34.565275,0.0 -98.010078,34.565185,0.0 -98.010741,34.565185,0.0 -98.019557,34.565207,0.0 -98.037026,34.565241,0.0 -98.03702,34.550711,0.0 -98.054662,34.550699,0.0 -98.09389,34.550608,0.0 -98.115528,34.550582,0.0 -98.115533,34.550514,0.0 -98.142101,34.550605,0.0 -98.142102,34.550541,0.0 -98.142119,34.543757,0.0 -98.14212,34.543362,0.0</coordinates>
</LinearRing>
</outerBoundaryIs>
</Polygon>
</Placemark>
<Placemark id="cb_2023_40_sldl_500k">
<name>&lt;at&gt;&lt;openparen&gt;40051&lt;closeparen&gt;</name>
<visibility>1</visibility>
<description><![CDATA[<center><table><tr><th colspan='2' align='center'><em>Attributes</em></th></tr><tr bgcolor="#E3E3F3">
<th>STATEFP</th>
<td>40</td>
</tr><tr bgcolor="">
<th>SLDLST</th>
<td>051</td>
</tr><tr bgcolor="#E3E3F3">
<th>GEOIDFQ</th>
<td>620L800US40051</td>
</tr><tr bgcolor="">
<th>GEOID</th>
<td>40051</td>
</tr><tr bgcolor="#E3E3F3">
<th>NAME</th>
<td>51</td>
</tr><tr bgcolor="">
<th>NAMELSAD</th>
<td>State House District 51</td>
</tr><tr bgcolor="#E3E3F3">
<th>STUSPS</th>
<td>OK</td>
</tr><tr bgcolor="">
<th>STATE_NAME</th>
<td>Oklahoma</td>
</tr><tr bgcolor="#E3E3F3">
<th>LSAD</th>
<td>LL</td>
</tr><tr bgcolor="">
<th>LSY</th>
<td>2022</td>
</tr><tr bgcolor="#E3E3F3">
<th>ALAND</th>
<td>2634435174</td>
</tr><tr bgcolor="">
<th>AWATER</th>
<td>32287171</td>
</tr></table></center>]]></description>
<LookAt>
<longitude>-102</longitude>
<latitude>38.5</latitude>
<range>7000000</range>
<tilt>10</tilt>
<heading>0</heading>
</LookAt>
<styleUrl>#KMLStyler</styleUrl>
<ExtendedData>
<SchemaData schemaUrl="#kml_schema_ft_cb_2023_40_sldl_500k">
<SimpleData name="STATEFP">40</SimpleData>
<SimpleData name="SLDLST">051</SimpleData>
<SimpleData name="GEOIDFQ">620L800US40051</SimpleData>
<SimpleData name="GEOID">40051</SimpleData>
<SimpleData name="NAME">51</SimpleData>
<SimpleData name="NAMELSAD">State House District 51</SimpleData>
<SimpleData name="STUSPS">OK</SimpleData>
<SimpleData name="STATE_NAME">Oklahoma</SimpleData>
<SimpleData name="LSAD">LL</SimpleData>
<SimpleData name="LSY">2022</SimpleData>
<SimpleData name="ALAND">2634435174</SimpleData>
<SimpleData name="AWATER">32287171</SimpleData>
</SchemaData>
</ExtendedData>
<Polygon>
<extrude>0</extrude>
<tessellate>1</tessellate>
<altitudeMode>clampToGround</altitudeMode>
<outerBoundaryIs>
<LinearRing>
<coordinates>-98.142046,34.594248,0.0 -98.142101,34.550605,0.0 -98.115533,34.550514,0.0 -98.115528,34.550582,0.0 -98.09389,34.550608,0.0 -98.054662,34.550699,0.0 -98.03702,34.550711,0.0 -98.037026,34.565241,0.0 -98.019557,34.565207,0.0 -98.010741,34.565185,0.0 -98.010078,34.565185,0.0 -97.997573,34.565275,0.0 -97.997605,34.557922,0.0 -97.996929,34.557887,0.0 -97.996892,34.557885,0.0 -97.996718,34.557939,0.0 -97.995357,34.557955,0.0 -97.994936,34.557883,0.0 -97.993224,34.557971,0.0 -97.988369,34.558009,0.0 -97.984367,34.558058,0.0 -97.981897,34.557848,0.0 -97.966898,34.557949,0.0 -97.966682,34.55795,0.0 -97.949453,34.558017,0.0 -97.940691,34.557993,0.0 -97.940705,34.565229,0.0 -97.940708,34.568909,0.0 -97.940705,34.572518,0.0 -97.923255,34.572434,0.0 -97.923154,34.586637,0.0 -97.923154,34.587024,0.0 -97.917067,34.587206,0.0 -97.915227,34.587247,0.0 -97.91424,34.587239,0.0 -97.90149,34.586997,0.0 -97.898448,34.586016,0.0 -97.896217,34.58697,0.0 -97.887905,34.586997,0.0 -97.881347,34.587017,0.0 -97.879224,34.587079,0.0 -97.879223,34.58703,0.0 -97.879187,34.579786,0.0 -97.872563,34.579803,0.0 -97.87052,34.579811,0.0 -97.87037,34.579806,0.0 -97.861689,34.579751,0.0 -97.8441,34.579746,0.0 -97.83645,34.579758,0.0 -97.835357,34.579763,0.0 -97.826787,34.579762,0.0 -97.808912,34.579768,0.0 -97.809031,34.536151,0.0 -97.808961,34.528954,0.0 -97.807066,34.528946,0.0 -97.783315,34.528862,0.0 -97.773851,34.528835,0.0 -97.729744,34.528851,0.0 -97.729787,34.543245,0.0 -97.712135,34.543247,0.0 -97.712157,34.550665,0.0 -97.712244,34.557933,0.0 -97.694543,34.55777,0.0 -97.694611,34.543277,0.0 -97.676875,34.543245,0.0 -97.676824,34.528952,0.0 -97.666074,34.528925,0.0 -97.571761,34.528768,0.0 -97.567949,34.528738,0.0 -97.567926,34.528464,0.0 -97.568023,34.528081,0.0 -97.567975,34.527955,0.0 -97.567371,34.528004,0.0 -97.566928,34.528264,0.0 -97.56672,34.528252,0.0 -97.566399,34.52836,0.0 -97.566087,34.528556,0.0 -97.566115,34.528693,0.0 -97.563082,34.528636,0.0 -97.56286,34.56518,0.0 -97.562886,34.572567,0.0 -97.562859,34.594163,0.0 -97.562899,34.616094,0.0 -97.562836,34.630337,0.0 -97.562827,34.631486,0.0 -97.562959,34.632797,0.0 -97.563006,34.677587,0.0 -97.563004,34.681185,0.0 -97.598007,34.681216,0.0 -97.599434,34.681284,0.0 -97.668512,34.68134,0.0 -97.668483,34.693492,0.0 -97.668227,34.790011,0.0 -97.668186,34.804839,0.0 -97.668194,34.812102,0.0 -97.668196,34.817312,0.0 -97.668181,34.824594,0.0 -97.668134,34.835237,0.0 -97.668162,34.847927,0.0 -97.668099,34.855164,0.0 -97.670437,34.855221,0.0 -97.670494,34.866048,0.0 -97.67064,34.86974,0.0 -97.670551,34.935009,0.0 -97.670466,34.956923,0.0 -97.670524,34.96405,0.0 -97.670554,34.971491,0.0 -97.670513,35.04389,0.0 -97.67051,35.04418,0.0 -97.670521,35.058732,0.0 -97.670534,35.059607,0.0 -97.6705,35.073179,0.0 -97.670501,35.073358,0.0 -97.67048,35.08046,0.0 -97.670498,35.089093,0.0 -97.670528,35.10279,0.0 -97.67051,35.116695,0.0 -97.670519,35.126936,0.0 -97.670471,35.131265,0.0 -97.670567,35.144564,0.0 -97.670437,35.145826,0.0 -97.670465,35.160337,0.0 -97.670438,35.182081,0.0 -97.670438,35.182313,0.0 -97.67044,35.190094,0.0 -97.670417,35.196692,0.0 -97.670389,35.203776,0.0 -97.670887,35.203775,0.0 -97.670913,35.213926,0.0 -97.670881,35.218329,0.0 -97.670882,35.225566,0.0 -97.670888,35.232842,0.0 -97.670896,35.235893,0.0 -97.670894,35.241287,0.0 -97.670851,35.247423,0.0 -97.670841,35.276475,0.0 -97.670824,35.282925,0.0 -97.670817,35.283699,0.0 -97.670833,35.291009,0.0 -97.670798,35.305531,0.0 -97.679524,35.305525,0.0 -97.706227,35.305485,0.0 -97.706234,35.290954,0.0 -97.72397,35.290924,0.0 -97.776871,35.29086,0.0 -97.776875,35.283769,0.0 -97.776873,35.283588,0.0 -97.776863,35.276307,0.0 -97.784626,35.276291,0.0 -97.79457,35.276263,0.0 -97.794571,35.261712,0.0 -97.794598,35.247232,0.0 -97.794566,35.203713,0.0 -97.785379,35.203687,0.0 -97.784734,35.203685,0.0 -97.790883,35.201893,0.0 -97.790742,35.19812,0.0 -97.784698,35.198047,0.0 -97.78476,35.181835,0.0 -97.784734,35.174725,0.0 -97.784224,35.174738,0.0 -97.780303,35.174709,0.0 -97.778275,35.174845,0.0 -97.777576,35.17475,0.0 -97.794804,35.159534,0.0 -97.808274,35.147586,0.0 -97.81029,35.146057,0.0 -97.815197,35.143159,0.0 -97.826421,35.137773,0.0 -97.829235,35.136188,0.0 -97.829214,35.136064,0.0 -97.832465,35.133814,0.0 -97.83612,35.130562,0.0 -97.858612,35.108339,0.0 -97.870104,35.098378,0.0 -97.871165,35.097474,0.0 -97.882603,35.087643,0.0 -97.882763,35.087639,0.0 -97.884029,35.086573,0.0 -97.888951,35.083377,0.0 -97.890802,35.081807,0.0 -97.899719,35.072881,0.0 -97.902256,35.070051,0.0 -97.904937,35.065922,0.0 -97.907066,35.061103,0.0 -97.908898,35.051516,0.0 -97.909597,35.047241,0.0 -97.91058,35.04338,0.0 -97.913067,35.038398,0.0 -97.915478,35.035281,0.0 -97.91807,35.032752,0.0 -97.921082,35.030492,0.0 -97.925202,35.028151,0.0 -97.928569,35.026756,0.0 -97.937588,35.024015,0.0 -97.939876,35.023079,0.0 -97.941695,35.022126,0.0 -97.943745,35.020658,0.0 -97.943744,35.020523,0.0 -97.946545,35.017621,0.0 -97.948223,35.015073,0.0 -97.948352,35.015071,0.0 -97.950429,35.011843,0.0 -97.954162,35.0076,0.0 -97.956892,35.007699,0.0 -97.97003,35.007741,0.0 -97.978021,35.007762,0.0 -97.979001,35.007764,0.0 -97.983408,35.007787,0.0 -97.987817,35.007787,0.0 -97.987841,35.01137,0.0 -97.987838,35.014007,0.0 -97.987829,35.014991,0.0 -97.987552,35.014992,0.0 -97.987573,35.021213,0.0 -97.987588,35.029591,0.0 -97.996626,35.029525,0.0 -97.99995,35.029039,0.0 -98.005038,35.029038,0.0 -98.014216,35.029036,0.0 -98.040186,35.02897,0.0 -98.093056,35.028817,0.0 -98.093005,35.014147,0.0 -98.093057,34.985228,0.0 -98.093049,34.970693,0.0 -98.09298,34.954696,0.0 -98.093018,34.954357,0.0 -98.093078,34.883934,0.0 -98.093127,34.854988,0.0 -98.089558,34.854929,0.0 -98.089036,34.840718,0.0 -98.08901,34.834806,0.0 -98.089013,34.82624,0.0 -98.089083,34.811598,0.0 -98.089089,34.811439,0.0 -98.089085,34.753635,0.0 -98.0891,34.688486,0.0 -98.089099,34.688395,0.0 -98.089097,34.681163,0.0 -98.090209,34.681208,0.0 -98.115572,34.6812,0.0 -98.11575,34.681198,0.0 -98.141799,34.681158,0.0 -98.14199,34.659261,0.0 -98.142046,34.594248,0.0</coordinates>
</LinearRing>
</outerBoundaryIs>
</Polygon>
</Placemark>
<Placemark id="cb_2023_40_sldl_500k">
<name>&lt;at&gt;&lt;openparen&gt;40052&lt;closeparen&gt;</name>
<visibility>1</visibility>
<description><![CDATA[<center><table><tr><th colspan='2' align='center'><em>Attributes</em></th></tr><tr bgcolor="#E3E3F3">
<th>STATEFP</th>
<td>40</td>
</tr><tr bgcolor="">
<th>SLDLST</th>
<td>052</td>
</tr><tr bgcolor="#E3E3F3">
<th>GEOIDFQ</th>
<td>620L800US40052</td>
</tr><tr bgcolor="">
<th>GEOID</th>
<td>40052</td>
</tr><tr bgcolor="#E3E3F3">
<th>NAME</th>
<td>52</td>
</tr><tr bgcolor="">
<th>NAMELSAD</th>
<td>State House District 52</td>
</tr><tr bgcolor="#E3E3F3">
<th>STUSPS</th>
<td>OK</td>
</tr><tr bgcolor="">
<th>STATE_NAME</th>
<td>Oklahoma</td>
</tr><tr bgcolor="#E3E3F3">
<th>LSAD</th>
<td>LL</td>
</tr><tr bgcolor="">
<th>LSY</th>
<td>2022</td>
</tr><tr bgcolor="#E3E3F3">
<th>ALAND</th>
<td>6234629465</td>
</tr><tr bgcolor="">
<th>AWATER</th>
<td>53517905</td>
</tr></table></center>]]></description>
<LookAt>
<longitude>-102</longitude>
<latitude>38.5</latitude>
<range>7000000</range>
<tilt>10</tilt>
<heading>0</heading>
</LookAt>
<styleUrl>#KMLStyler</styleUrl>
<ExtendedData>
<SchemaData schemaUrl="#kml_schema_ft_cb_2023_40_sldl_500k">
<SimpleData name="STATEFP">40</SimpleData>
<SimpleData name="SLDLST">052</SimpleData>
<SimpleData name="GEOIDFQ">620L800US40052</SimpleData>
<SimpleData name="GEOID">40052</SimpleData>
<SimpleData name="NAME">52</SimpleData>
<SimpleData name="NAMELSAD">State House District 52</SimpleData>
<SimpleData name="STUSPS">OK</SimpleData>
<SimpleData name="STATE_NAME">Oklahoma</SimpleData>
<SimpleData name="LSAD">LL</SimpleData>
<SimpleData name="LSY">2022</SimpleData>
<SimpleData name="ALAND">6234629465</SimpleData>
<SimpleData name="AWATER">53517905</SimpleData>
</SchemaData>
</ExtendedData>
<Polygon>
<extrude>0</extrude>
<tessellate>1</tessellate>
<altitudeMode>clampToGround</altitudeMode>
<outerBoundaryIs>
<LinearRing>
<coordinates>-100.000383599196,35.0299300002039,0.0 -100.000381979734,34.8533110000002,0.0 -100.000381,34.746461,0.0 -100.000381,34.746358,0.0 -100.000381,34.616297,0.0 -100.000381,34.5704261992157,0.0 -100.000381,34.560509,0.0 -99.9975014109467,34.5604238870434,0.0 -99.985833,34.560079,0.0 -99.974762,34.561318,0.0 -99.971555,34.562179,0.0 -99.965608,34.565844,0.0 -99.958898,34.571271,0.0 -99.957541,34.572709,0.0 -99.957553,34.574169,0.0 -99.956717,34.576524,0.0 -99.9565216650247,34.5766758161599,0.0 -99.954567,34.578195,0.0 -99.94572,34.579273,0.0 -99.929334,34.576714,0.0 -99.923211,34.574552,0.0 -99.921801,34.570253,0.0 -99.915771,34.565975,0.0 -99.898943,34.555804,0.0 -99.896007,34.55553,0.0 -99.89376,34.554219,0.0 -99.887147,34.549047,0.0 -99.874403,34.537095,0.0 -99.8736170107957,34.5359019928875,0.0 -99.873254,34.535351,0.0 -99.872357,34.532096,0.0 -99.868953,34.527615,0.0 -99.853066,34.511593,0.0 -99.8446582036581,34.5067869364725,0.0 -99.832904,34.500068,0.0 -99.825325,34.497596,0.0 -99.822281,34.4981,0.0 -99.819376,34.49494,0.0 -99.81672,34.489718,0.0 -99.818186,34.48784,0.0 -99.818739,34.484976,0.0 -99.8145350980883,34.4766441817511,0.0 -99.814313,34.476204,0.0 -99.793684,34.453894,0.0 -99.791583,34.45252,0.0 -99.78879,34.451489,0.0 -99.787767,34.451809,0.0 -99.786606,34.451511,0.0 -99.785445,34.450045,0.0 -99.78376,34.445005,0.0 -99.782986,34.444364,0.0 -99.775743,34.444225,0.0 -99.773992,34.443062,0.0 -99.773053,34.441587,0.0 -99.765599,34.437488,0.0 -99.764826,34.436434,0.0 -99.764882,34.435266,0.0 -99.767648,34.431854,0.0 -99.767234,34.430502,0.0 -99.754248,34.421289,0.0 -99.740907,34.414763,0.0 -99.730348,34.41124,0.0 -99.720259,34.406295,0.0 -99.716416,34.402815,0.0 -99.715089,34.400754,0.0 -99.714232,34.397822,0.0 -99.714838,34.394524,0.0 -99.712682,34.390928,0.0 -99.707901,34.387539,0.0 -99.706658,34.385981,0.0 -99.705249,34.385775,0.0 -99.704005,34.385982,0.0 -99.702734,34.385501,0.0 -99.701187,34.385203,0.0 -99.698424,34.383074,0.0 -99.696462,34.381036,0.0 -99.695566,34.378899,0.0 -99.69497,34.378333,0.0 -99.690604,34.378219,0.0 -99.687234,34.378585,0.0 -99.684361,34.379501,0.0 -99.682482,34.379822,0.0 -99.678283,34.379799,0.0 -99.67485,34.378956,0.0 -99.671377,34.377714,0.0 -99.665992,34.374185,0.0 -99.662705,34.37368,0.0 -99.659362,34.37439,0.0 -99.654194,34.376519,0.0 -99.649662,34.379885,0.0 -99.648584,34.3819,0.0 -99.648142,34.382312,0.0 -99.646511,34.382541,0.0 -99.644578,34.38167,0.0 -99.643694,34.381463,0.0 -99.642755,34.381555,0.0 -99.641763,34.38109,0.0 -99.639661,34.379905,0.0 -99.635324,34.37917,0.0 -99.633859,34.378757,0.0 -99.631843,34.377703,0.0 -99.631181,34.377061,0.0 -99.630905,34.376007,0.0 -99.624197,34.373577,0.0 -99.621513,34.3737,0.0 -99.619556,34.374627,0.0 -99.616793,34.375391,0.0 -99.611572,34.375643,0.0 -99.610136,34.37656,0.0 -99.607263,34.376928,0.0 -99.604782,34.376326,0.0 -99.600026,34.374688,0.0 -99.596323,34.377137,0.0 -99.596186,34.379016,0.0 -99.592983,34.382407,0.0 -99.589671,34.384787,0.0 -99.587596,34.385867,0.0 -99.586751594656,34.387061476826,0.0 -99.585442,34.388914,0.0 -99.584531,34.391205,0.0 -99.585306,34.398122,0.0 -99.58448,34.407673,0.0 -99.58006,34.416653,0.0 -99.574367,34.418281,0.0 -99.569696,34.418418,0.0 -99.562204,34.417319,0.0 -99.555986,34.41464,0.0 -99.549242,34.412715,0.0 -99.529786,34.411452,0.0 -99.52365,34.412206,0.0 -99.517624,34.414494,0.0 -99.51428,34.414035,0.0 -99.511102,34.412705,0.0 -99.50911,34.411267,0.0 -99.507621,34.409887,0.0 -99.506903,34.40952,0.0 -99.502836,34.409327,0.0 -99.499875,34.409608,0.0 -99.497091,34.407731,0.0 -99.496399,34.406495,0.0 -99.494104,34.404755,0.0 -99.490426,34.399694,0.0 -99.487219,34.397955,0.0 -99.477547,34.396355,0.0 -99.475851,34.396385,0.0 -99.4750806916433,34.395998351528,0.0 -99.473789,34.39535,0.0 -99.472268,34.395602,0.0 -99.470969,34.396471,0.0 -99.470306,34.396748,0.0 -99.468427,34.396634,0.0 -99.466383,34.3959,0.0 -99.464036,34.393634,0.0 -99.462462,34.391137,0.0 -99.461854,34.387241,0.0 -99.462048,34.384401,0.0 -99.461827,34.382414,0.0 -99.461053,34.380666,0.0 -99.459395,34.380117,0.0 -99.456328,34.380392,0.0 -99.455085,34.381264,0.0 -99.454997,34.38178,0.0 -99.455472,34.386097,0.0 -99.454726,34.388411,0.0 -99.454229,34.388755,0.0 -99.452648,34.388252,0.0 -99.445336,34.379768,0.0 -99.443669,34.376457,0.0 -99.442394,34.375453,0.0 -99.441937,34.374412,0.0 -99.441057,34.374042,0.0 -99.440671,34.372774,0.0 -99.438269,34.371164,0.0 -99.437572,34.371259,0.0 -99.436474,34.370539,0.0 -99.434968,34.370699,0.0 -99.433458,34.370223,0.0 -99.431043,34.371117,0.0 -99.430901,34.371996,0.0 -99.431121,34.373989,0.0 -99.430609,34.374426,0.0 -99.429324,34.375834,0.0 -99.430284,34.378801,0.0 -99.43001,34.381019,0.0 -99.429154,34.382849,0.0 -99.427497,34.385136,0.0 -99.424897,34.385823,0.0 -99.423679,34.385663,0.0 -99.421908,34.384201,0.0 -99.420714,34.380386,0.0 -99.413045,34.377012,0.0 -99.407168,34.372605,0.0 -99.40296,34.373481,0.0 -99.396839,34.379417,0.0 -99.395921,34.395726,0.0 -99.391492,34.405631,0.0 -99.387653,34.411984,0.0 -99.393919,34.415274,0.0 -99.396488,34.417291,0.0 -99.397135,34.419409,0.0 -99.396665,34.421203,0.0 -99.397379,34.423259,0.0 -99.396824,34.424703,0.0 -99.393306,34.427613,0.0 -99.393802,34.42901,0.0 -99.393049,34.431921,0.0 -99.394625,34.4327,0.0 -99.396115,34.43497,0.0 -99.395605,34.440378,0.0 -99.394956,34.442099,0.0 -99.381011,34.456936,0.0 -99.375365,34.458845,0.0 -99.36961,34.458699,0.0 -99.358795,34.455863,0.0 -99.354672,34.451857,0.0 -99.3557925991894,34.4490194656065,0.0 -99.356771,34.446542,0.0 -99.356713,34.442144,0.0 -99.350407,34.437083,0.0 -99.341337,34.431061,0.0 -99.334037,34.427536,0.0 -99.328674,34.422383,0.0 -99.324222,34.414458,0.0 -99.319606,34.408869,0.0 -99.316373,34.408205,0.0 -99.3149963528014,34.4085124891693,0.0 -99.308274,34.410014,0.0 -99.299098,34.414228,0.0 -99.294648,34.415373,0.0 -99.289922,34.414731,0.0 -99.28791,34.41403,0.0 -99.286437,34.413025,0.0 -99.283773,34.409558,0.0 -99.282843,34.40748,0.0 -99.282814,34.405465,0.0 -99.28317,34.402946,0.0 -99.28151,34.401457,0.0 -99.278828,34.400265,0.0 -99.27526,34.400104,0.0 -99.269566,34.40191,0.0 -99.267745,34.404955,0.0 -99.266308,34.405481,0.0 -99.264167,34.405149,0.0 -99.261321,34.403499,0.0 -99.260987,34.401751,0.0 -99.261825,34.398677,0.0 -99.261822,34.395036,0.0 -99.258807,34.392078,0.0 -99.25898,34.391243,0.0 -99.261126,34.389561,0.0 -99.264508,34.388085,0.0 -99.271655,34.38769,0.0 -99.273894,34.387577,0.0 -99.27534,34.386599,0.0 -99.274858,34.384922,0.0 -99.272922,34.383547,0.0 -99.271281,34.381604,0.0 -99.264958,34.378756,0.0 -99.260441,34.378078,0.0 -99.259141,34.376812,0.0 -99.259334,34.373621,0.0 -99.258606,34.37265,0.0 -99.256498,34.372229,0.0 -99.254631,34.372419,0.0 -99.25071,34.375449,0.0 -99.248969,34.375984,0.0 -99.247584,34.375551,0.0 -99.246699,34.374687,0.0 -99.242855,34.372676,0.0 -99.243024,34.371142,0.0 -99.243543,34.370711,0.0 -99.246231,34.369896,0.0 -99.247942,34.368487,0.0 -99.24812,34.367433,0.0 -99.247372,34.365985,0.0 -99.247009,34.36478,0.0 -99.244454,34.363701,0.0 -99.243217,34.364032,0.0 -99.241476,34.364536,0.0 -99.237562,34.366701,0.0 -99.236177,34.365172,0.0 -99.236441,34.363598,0.0 -99.237233,34.362717,0.0 -99.236521,34.358569,0.0 -99.235422,34.357094,0.0 -99.234843,34.356441,0.0 -99.234741,34.354977,0.0 -99.234252,34.353459,0.0 -99.228636,34.348564,0.0 -99.234256,34.340865,0.0 -99.229245,34.336516,0.0 -99.221975,34.34002,0.0 -99.217335,34.34152,0.0 -99.213135,34.340369,0.0 -99.206905,34.338277,0.0 -99.203433,34.338593,0.0 -99.2011,34.339271,0.0 -99.198281,34.339622,0.0 -99.195406,34.341476,0.0 -99.192322,34.346718,0.0 -99.192111,34.351723,0.0 -99.192747,34.354861,0.0 -99.193991,34.357564,0.0 -99.195068,34.358595,0.0 -99.199129,34.360129,0.0 -99.20167,34.362649,0.0 -99.20272,34.365146,0.0 -99.202776,34.369888,0.0 -99.204103,34.371491,0.0 -99.207639,34.374238,0.0 -99.20996,34.374536,0.0 -99.215623,34.37316,0.0 -99.218966,34.373686,0.0 -99.220252,34.37508,0.0 -99.220542,34.376934,0.0 -99.219272,34.379179,0.0 -99.216206,34.381264,0.0 -99.211344,34.386786,0.0 -99.209162,34.388619,0.0 -99.20872,34.389741,0.0 -99.208997,34.39178,0.0 -99.210186,34.393406,0.0 -99.213862,34.394734,0.0 -99.217591,34.389946,0.0 -99.219552,34.388617,0.0 -99.223116,34.387173,0.0 -99.227647,34.387034,0.0 -99.228863,34.387698,0.0 -99.229362,34.390927,0.0 -99.227429,34.393768,0.0 -99.226822,34.395418,0.0 -99.226464,34.399036,0.0 -99.225995,34.399976,0.0 -99.226631,34.401281,0.0 -99.228041,34.40167,0.0 -99.230168,34.401211,0.0 -99.231411,34.400272,0.0 -99.233567,34.400156,0.0 -99.235143,34.401072,0.0 -99.235752,34.402927,0.0 -99.235228,34.405699,0.0 -99.235285,34.408677,0.0 -99.236145,34.411678,0.0 -99.236007,34.413213,0.0 -99.236672,34.41532,0.0 -99.236562,34.417152,0.0 -99.237752,34.419901,0.0 -99.23806,34.425009,0.0 -99.237619,34.427528,0.0 -99.236707,34.428559,0.0 -99.234026,34.428514,0.0 -99.231509,34.425951,0.0 -99.230734,34.424393,0.0 -99.231148,34.423041,0.0 -99.230842,34.421209,0.0 -99.230012,34.420293,0.0 -99.228022,34.419561,0.0 -99.226115,34.419813,0.0 -99.223545,34.421486,0.0 -99.221639,34.425404,0.0 -99.221947,34.428291,0.0 -99.222969,34.432847,0.0 -99.224296,34.433786,0.0 -99.227891,34.4339,0.0 -99.229109,34.435594,0.0 -99.230299,34.438343,0.0 -99.23077,34.441366,0.0 -99.229889,34.447872,0.0 -99.228536,34.451354,0.0 -99.226739,34.451974,0.0 -99.22519,34.451264,0.0 -99.223835,34.451791,0.0 -99.222868,34.453761,0.0 -99.216259,34.454473,0.0 -99.214406,34.455046,0.0 -99.213052,34.456994,0.0 -99.213412,34.459376,0.0 -99.216012,34.461207,0.0 -99.219277,34.461825,0.0 -99.220992,34.462947,0.0 -99.221158,34.464184,0.0 -99.218781,34.467712,0.0 -99.217261,34.471057,0.0 -99.216875,34.47534,0.0 -99.214858,34.481022,0.0 -99.21591,34.483954,0.0 -99.217985,34.483083,0.0 -99.218094,34.479738,0.0 -99.220279,34.477951,0.0 -99.223017,34.479095,0.0 -99.224595,34.481042,0.0 -99.223296,34.482829,0.0 -99.221083,34.484823,0.0 -99.220421,34.487892,0.0 -99.222054,34.491121,0.0 -99.222083,34.49277,0.0 -99.220707,34.494484,0.0 -99.217393,34.495067,0.0 -99.215712,34.498373,0.0 -99.210106,34.501658,0.0 -99.208391,34.503697,0.0 -99.207838,34.505347,0.0 -99.208558,34.509836,0.0 -99.208697,34.513066,0.0 -99.206734,34.51767,0.0 -99.203662,34.52287,0.0 -99.201255,34.527933,0.0 -99.198405,34.530751,0.0 -99.197188,34.535263,0.0 -99.197326,34.537508,0.0 -99.196801,34.542386,0.0 -99.195666,34.544998,0.0 -99.193313,34.54454,0.0 -99.190074,34.541105,0.0 -99.188607,34.540624,0.0 -99.182213,34.540555,0.0 -99.179611,34.539707,0.0 -99.177978,34.540097,0.0 -99.177756,34.542685,0.0 -99.176233,34.544791,0.0 -99.171831,34.546394,0.0 -99.171111,34.54715,0.0 -99.171028,34.547929,0.0 -99.172495,34.549258,0.0 -99.173906,34.549143,0.0 -99.175762,34.548067,0.0 -99.1777,34.548502,0.0 -99.179832,34.550358,0.0 -99.179333,34.553611,0.0 -99.179887,34.554733,0.0 -99.183402,34.557459,0.0 -99.184842,34.560025,0.0 -99.18451,34.562315,0.0 -99.181492,34.563552,0.0 -99.177753,34.566483,0.0 -99.174651,34.570972,0.0 -99.173404,34.574179,0.0 -99.171105,34.578233,0.0 -99.167781,34.58231,0.0 -99.166894,34.583845,0.0 -99.16332,34.588036,0.0 -99.160052,34.587463,0.0 -99.156368,34.587966,0.0 -99.151438,34.589453,0.0 -99.144761,34.591809,0.0 -99.140993,34.592541,0.0 -99.13839,34.592609,0.0 -99.135426,34.592105,0.0 -99.132213,34.59208,0.0 -99.133239,34.590225,0.0 -99.132568,34.588084,0.0 -99.131026,34.586949,0.0 -99.129255,34.584359,0.0 -99.127123,34.583373,0.0 -99.12459,34.582983,0.0 -99.121796,34.587887,0.0 -99.119304,34.589377,0.0 -99.114623,34.590685,0.0 -99.11155,34.592221,0.0 -99.107838,34.591718,0.0 -99.104792,34.592315,0.0 -99.102881,34.593713,0.0 -99.099668,34.594126,0.0 -99.09892,34.593164,0.0 -99.098281,34.589751,0.0 -99.096647,34.588125,0.0 -99.09396,34.587095,0.0 -99.090664,34.587417,0.0 -99.086648,34.588265,0.0 -99.08457,34.589136,0.0 -99.083103,34.590442,0.0 -99.08255,34.596054,0.0 -99.083604,34.600268,0.0 -99.085018,34.603566,0.0 -99.084881,34.606727,0.0 -99.086599,34.609361,0.0 -99.091753,34.611742,0.0 -99.091781,34.613071,0.0 -99.090756,34.614514,0.0 -99.088457,34.615248,0.0 -99.085021,34.613347,0.0 -99.081834,34.613806,0.0 -99.080006,34.615341,0.0 -99.079203,34.618113,0.0 -99.079619,34.620517,0.0 -99.080284,34.622349,0.0 -99.082723,34.624319,0.0 -99.090012,34.625562,0.0 -99.091868,34.626562,0.0 -99.093698,34.62876,0.0 -99.096056,34.634074,0.0 -99.09819,34.635516,0.0 -99.102513,34.636019,0.0 -99.10315,34.63795,0.0 -99.001025,34.637872,0.0 -98.983812,34.637869,0.0 -98.983807,34.638125,0.0 -98.948552,34.638273,0.0 -98.948544,34.645316,0.0 -98.951571,34.645478,0.0 -98.952248,34.646326,0.0 -98.948728,34.646374,0.0 -98.94854,34.652661,0.0 -98.944175,34.652592,0.0 -98.94421,34.666959,0.0 -98.947316,34.667023,0.0 -98.946588,34.667131,0.0 -98.946556,34.66808,0.0 -98.949098,34.681448,0.0 -98.948595,34.683283,0.0 -98.948567,34.688615,0.0 -98.948403,34.692691,0.0 -98.948636,34.695904,0.0 -98.945405,34.695898,0.0 -98.945461,34.70019,0.0 -98.948638,34.700187,0.0 -98.948707,34.710436,0.0 -98.948911,34.768671,0.0 -98.949212,34.774011,0.0 -98.949962,34.776734,0.0 -98.95189,34.780657,0.0 -98.955628,34.785111,0.0 -98.958974,34.787675,0.0 -98.974826,34.798142,0.0 -98.979576,34.800669,0.0 -98.983763,34.8024,0.0 -98.987602,34.80464,0.0 -98.990096,34.806903,0.0 -98.997455,34.81687,0.0 -98.998098,34.817394,0.0 -99.012491,34.827269,0.0 -99.015023,34.829676,0.0 -99.016949,34.83285,0.0 -99.019673,34.838641,0.0 -99.02326,34.838652,0.0 -99.023151,34.841884,0.0 -99.024865,34.841915,0.0 -99.025144,34.84501,0.0 -99.028184,34.844987,0.0 -99.028193,34.849876,0.0 -99.025414,34.849786,0.0 -99.025689,34.85595,0.0 -99.025739,34.856478,0.0 -99.026098,34.857804,0.0 -99.041292,34.899513,0.0 -99.046567,34.914053,0.0 -99.048226,34.917997,0.0 -99.060361,34.950412,0.0 -99.060893,34.952211,0.0 -99.060974,34.972049,0.0 -99.060859,35.004678,0.0 -99.060773,35.015536,0.0 -99.060762,35.02282,0.0 -99.060763,35.026406,0.0 -99.060745,35.028471,0.0 -99.060737,35.029347,0.0 -99.060604,35.058624,0.0 -99.060658,35.116604,0.0 -99.13135,35.116654,0.0 -99.148722,35.116686,0.0 -99.185274,35.116605,0.0 -99.360226,35.116738,0.0 -99.408338,35.116915,0.0 -99.409285,35.116927,0.0 -99.409291,35.114509,0.0 -99.412584,35.11275,0.0 -99.415874,35.111766,0.0 -99.419802,35.112456,0.0 -99.421367,35.114128,0.0 -99.423945,35.114057,0.0 -99.426056,35.111206,0.0 -99.428173,35.109294,0.0 -99.430663,35.108218,0.0 -99.432876,35.108817,0.0 -99.43795,35.10884,0.0 -99.44041,35.109398,0.0 -99.443827,35.112848,0.0 -99.443711,35.114054,0.0 -99.440857,35.11654,0.0 -99.440444,35.116858,0.0 -99.492375,35.117006,0.0 -99.500988,35.11693,0.0 -99.518679,35.116925,0.0 -99.55721,35.116991,0.0 -99.55978,35.116745,0.0 -99.603932,35.116794,0.0 -99.606721,35.117014,0.0 -99.610498,35.1168,0.0 -99.641414,35.116841,0.0 -99.642255,35.116842,0.0 -99.711434,35.116919,0.0 -99.712122,35.116911,0.0 -99.720986,35.116909,0.0 -99.729694,35.116913,0.0 -99.765118,35.116937,0.0 -99.782727,35.11694,0.0 -99.782914,35.10904,0.0 -99.782707,35.105089,0.0 -99.782824,35.080304,0.0 -99.782848,35.069392,0.0 -99.782949,35.030111,0.0 -99.852797,35.029977,0.0 -99.852882,35.029977,0.0 -99.888444,35.029889,0.0 -99.888454,35.030263,0.0 -99.949735,35.029935,0.0 -100.000383599196,35.0299300002039,0.0</coordinates>
</LinearRing>
</outerBoundaryIs>
</Polygon>
</Placemark>
<Placemark id="cb_2023_40_sldl_500k">
<name>&lt;at&gt;&lt;openparen&gt;40053&lt;closeparen&gt;</name>
<visibility>1</visibility>
<description><![CDATA[<center><table><tr><th colspan='2' align='center'><em>Attributes</em></th></tr><tr bgcolor="#E3E3F3">
<th>STATEFP</th>
<td>40</td>
</tr><tr bgcolor="">
<th>SLDLST</th>
<td>053</td>
</tr><tr bgcolor="#E3E3F3">
<th>GEOIDFQ</th>
<td>620L800US40053</td>
</tr><tr bgcolor="">
<th>GEOID</th>
<td>40053</td>
</tr><tr bgcolor="#E3E3F3">
<th>NAME</th>
<td>53</td>
</tr><tr bgcolor="">
<th>NAMELSAD</th>
<td>State House District 53</td>
</tr><tr bgcolor="#E3E3F3">
<th>STUSPS</th>
<td>OK</td>
</tr><tr bgcolor="">
<th>STATE_NAME</th>
<td>Oklahoma</td>
</tr><tr bgcolor="#E3E3F3">
<th>LSAD</th>
<td>LL</td>
</tr><tr bgcolor="">
<th>LSY</th>
<td>2022</td>
</tr><tr bgcolor="#E3E3F3">
<th>ALAND</th>
<td>42116491</td>
</tr><tr bgcolor="">
<th>AWATER</th>
<td>532781</td>
</tr></table></center>]]></description>
<LookAt>
<longitude>-102</longitude>
<latitude>38.5</latitude>
<range>7000000</range>
<tilt>10</tilt>
<heading>0</heading>
</LookAt>
<styleUrl>#KMLStyler</styleUrl>
<ExtendedData>
<SchemaData schemaUrl="#kml_schema_ft_cb_2023_40_sldl_500k">
<SimpleData name="STATEFP">40</SimpleData>
<SimpleData name="SLDLST">053</SimpleData>
<SimpleData name="GEOIDFQ">620L800US40053</SimpleData>
<SimpleData name="GEOID">40053</SimpleData>
<SimpleData name="NAME">53</SimpleData>
<SimpleData name="NAMELSAD">State House District 53</SimpleData>
<SimpleData name="STUSPS">OK</SimpleData>
<SimpleData name="STATE_NAME">Oklahoma</SimpleData>
<SimpleData name="LSAD">LL</SimpleData>
<SimpleData name="LSY">2022</SimpleData>
<SimpleData name="ALAND">42116491</SimpleData>
<SimpleData name="AWATER">532781</SimpleData>
</SchemaData>
</ExtendedData>
<Polygon>
<extrude>0</extrude>
<tessellate>1</tessellate>
<altitudeMode>clampToGround</altitudeMode>
<outerBoundaryIs>
<LinearRing>
<coordinates>-97.529908,35.305228,0.0 -97.529736,35.290723,0.0 -97.517142,35.290754,0.0 -97.512051,35.290761,0.0 -97.49439,35.290785,0.0 -97.488648,35.290799,0.0 -97.487597,35.291033,0.0 -97.486122,35.291311,0.0 -97.483945,35.290813,0.0 -97.476705,35.290857,0.0 -97.459105,35.290832,0.0 -97.454179,35.290799,0.0 -97.448035,35.290796,0.0 -97.44383,35.290801,0.0 -97.441325,35.290807,0.0 -97.441295,35.294208,0.0 -97.441831,35.298015,0.0 -97.441958,35.299522,0.0 -97.44129,35.305205,0.0 -97.441371,35.313998,0.0 -97.441293,35.315292,0.0 -97.441306,35.319715,0.0 -97.44135,35.33423,0.0 -97.441367,35.348768,0.0 -97.459186,35.348606,0.0 -97.47158,35.348732,0.0 -97.476918,35.34879,0.0 -97.484503,35.348793,0.0 -97.486316,35.348791,0.0 -97.494773,35.348776,0.0 -97.494961,35.348776,0.0 -97.49477,35.344977,0.0 -97.494187,35.343352,0.0 -97.494471,35.343354,0.0 -97.494526,35.334287,0.0 -97.49821,35.334292,0.0 -97.498516,35.334289,0.0 -97.504364,35.334286,0.0 -97.512091,35.334343,0.0 -97.512052,35.319759,0.0 -97.520998,35.319757,0.0 -97.52098,35.312512,0.0 -97.521036,35.305252,0.0 -97.529908,35.305228,0.0</coordinates>
</LinearRing>
</outerBoundaryIs>
</Polygon>
</Placemark>
<Placemark id="cb_2023_40_sldl_500k">
<name>&lt;at&gt;&lt;openparen&gt;40054&lt;closeparen&gt;</name>
<visibility>1</visibility>
<description><![CDATA[<center><table><tr><th colspan='2' align='center'><em>Attributes</em></th></tr><tr bgcolor="#E3E3F3">
<th>STATEFP</th>
<td>40</td>
</tr><tr bgcolor="">
<th>SLDLST</th>
<td>054</td>
</tr><tr bgcolor="#E3E3F3">
<th>GEOIDFQ</th>
<td>620L800US40054</td>
</tr><tr bgcolor="">
<th>GEOID</th>
<td>40054</td>
</tr><tr bgcolor="#E3E3F3">
<th>NAME</th>
<td>54</td>
</tr><tr bgcolor="">
<th>NAMELSAD</th>
<td>State House District 54</td>
</tr><tr bgcolor="#E3E3F3">
<th>STUSPS</th>
<td>OK</td>
</tr><tr bgcolor="">
<th>STATE_NAME</th>
<td>Oklahoma</td>
</tr><tr bgcolor="#E3E3F3">
<th>LSAD</th>
<td>LL</td>
</tr><tr bgcolor="">
<th>LSY</th>
<td>2022</td>
</tr><tr bgcolor="#E3E3F3">
<th>ALAND</th>
<td>35659306</td>
</tr><tr bgcolor="">
<th>AWATER</th>
<td>144247</td>
</tr></table></center>]]></description>
<LookAt>
<longitude>-102</longitude>
<latitude>38.5</latitude>
<range>7000000</range>
<tilt>10</tilt>
<heading>0</heading>
</LookAt>
<styleUrl>#KMLStyler</styleUrl>
<ExtendedData>
<SchemaData schemaUrl="#kml_schema_ft_cb_2023_40_sldl_500k">
<SimpleData name="STATEFP">40</SimpleData>
<SimpleData name="SLDLST">054</SimpleData>
<SimpleData name="GEOIDFQ">620L800US40054</SimpleData>
<SimpleData name="GEOID">40054</SimpleData>
<SimpleData name="NAME">54</SimpleData>
<SimpleData name="NAMELSAD">State House District 54</SimpleData>
<SimpleData name="STUSPS">OK</SimpleData>
<SimpleData name="STATE_NAME">Oklahoma</SimpleData>
<SimpleData name="LSAD">LL</SimpleData>
<SimpleData name="LSY">2022</SimpleData>
<SimpleData name="ALAND">35659306</SimpleData>
<SimpleData name="AWATER">144247</SimpleData>
</SchemaData>
</ExtendedData>
<Polygon>
<extrude>0</extrude>
<tessellate>1</tessellate>
<altitudeMode>clampToGround</altitudeMode>
<outerBoundaryIs>
<LinearRing>
<coordinates>-97.547864,35.383393,0.0 -97.547864,35.382413,0.0 -97.547863,35.377131,0.0 -97.547826,35.377131,0.0 -97.54438,35.377135,0.0 -97.538975,35.37714,0.0 -97.530138,35.377148,0.0 -97.530106,35.377148,0.0 -97.530105,35.373453,0.0 -97.530069,35.369574,0.0 -97.530012,35.363278,0.0 -97.52113,35.363329,0.0 -97.521011,35.356038,0.0 -97.521042,35.348814,0.0 -97.529968,35.348775,0.0 -97.529924,35.341108,0.0 -97.52991,35.338627,0.0 -97.529885,35.334288,0.0 -97.520769,35.334275,0.0 -97.512091,35.334343,0.0 -97.504364,35.334286,0.0 -97.498516,35.334289,0.0 -97.49821,35.334292,0.0 -97.494526,35.334287,0.0 -97.494471,35.343354,0.0 -97.494187,35.343352,0.0 -97.49477,35.344977,0.0 -97.494961,35.348776,0.0 -97.494773,35.348776,0.0 -97.486316,35.348791,0.0 -97.484503,35.348793,0.0 -97.476918,35.34879,0.0 -97.47158,35.348732,0.0 -97.459186,35.348606,0.0 -97.459258,35.355888,0.0 -97.459242,35.363104,0.0 -97.459233,35.370364,0.0 -97.459227,35.37734,0.0 -97.459266,35.384515,0.0 -97.459302,35.391399,0.0 -97.476989,35.391549,0.0 -97.484482,35.391604,0.0 -97.493162,35.391586,0.0 -97.494948,35.391815,0.0 -97.497482,35.392078,0.0 -97.506789,35.392054,0.0 -97.515406,35.39198,0.0 -97.521281,35.391475,0.0 -97.530105,35.391475,0.0 -97.530113,35.387524,0.0 -97.53012,35.384586,0.0 -97.534789,35.384597,0.0 -97.536385,35.384526,0.0 -97.540158,35.384361,0.0 -97.54277,35.384366,0.0 -97.547864,35.384383,0.0 -97.547864,35.383393,0.0</coordinates>
</LinearRing>
</outerBoundaryIs>
</Polygon>
</Placemark>
<Placemark id="cb_2023_40_sldl_500k">
<name>&lt;at&gt;&lt;openparen&gt;40055&lt;closeparen&gt;</name>
<visibility>1</visibility>
<description><![CDATA[<center><table><tr><th colspan='2' align='center'><em>Attributes</em></th></tr><tr bgcolor="#E3E3F3">
<th>STATEFP</th>
<td>40</td>
</tr><tr bgcolor="">
<th>SLDLST</th>
<td>055</td>
</tr><tr bgcolor="#E3E3F3">
<th>GEOIDFQ</th>
<td>620L800US40055</td>
</tr><tr bgcolor="">
<th>GEOID</th>
<td>40055</td>
</tr><tr bgcolor="#E3E3F3">
<th>NAME</th>
<td>55</td>
</tr><tr bgcolor="">
<th>NAMELSAD</th>
<td>State House District 55</td>
</tr><tr bgcolor="#E3E3F3">
<th>STUSPS</th>
<td>OK</td>
</tr><tr bgcolor="">
<th>STATE_NAME</th>
<td>Oklahoma</td>
</tr><tr bgcolor="#E3E3F3">
<th>LSAD</th>
<td>LL</td>
</tr><tr bgcolor="">
<th>LSY</th>
<td>2022</td>
</tr><tr bgcolor="#E3E3F3">
<th>ALAND</th>
<td>5207846842</td>
</tr><tr bgcolor="">
<th>AWATER</th>
<td>25161055</td>
</tr></table></center>]]></description>
<LookAt>
<longitude>-102</longitude>
<latitude>38.5</latitude>
<range>7000000</range>
<tilt>10</tilt>
<heading>0</heading>
</LookAt>
<styleUrl>#KMLStyler</styleUrl>
<ExtendedData>
<SchemaData schemaUrl="#kml_schema_ft_cb_2023_40_sldl_500k">
<SimpleData name="STATEFP">40</SimpleData>
<SimpleData name="SLDLST">055</SimpleData>
<SimpleData name="GEOIDFQ">620L800US40055</SimpleData>
<SimpleData name="GEOID">40055</SimpleData>
<SimpleData name="NAME">55</SimpleData>
<SimpleData name="NAMELSAD">State House District 55</SimpleData>
<SimpleData name="STUSPS">OK</SimpleData>
<SimpleData name="STATE_NAME">Oklahoma</SimpleData>
<SimpleData name="LSAD">LL</SimpleData>
<SimpleData name="LSY">2022</SimpleData>
<SimpleData name="ALAND">5207846842</SimpleData>
<SimpleData name="AWATER">25161055</SimpleData>
</SchemaData>
</ExtendedData>
<Polygon>
<extrude>0</extrude>
<tessellate>1</tessellate>
<altitudeMode>clampToGround</altitudeMode>
<outerBoundaryIs>
<LinearRing>
<coordinates>-99.611576,35.233147,0.0 -99.611625,35.206257,0.0 -99.611359,35.204645,0.0 -99.606595,35.204191,0.0 -99.606625,35.135046,0.0 -99.606064,35.132802,0.0 -99.606627,35.131231,0.0 -99.606721,35.117014,0.0 -99.603932,35.116794,0.0 -99.55978,35.116745,0.0 -99.55721,35.116991,0.0 -99.518679,35.116925,0.0 -99.500988,35.11693,0.0 -99.492375,35.117006,0.0 -99.440444,35.116858,0.0 -99.440857,35.11654,0.0 -99.443711,35.114054,0.0 -99.443827,35.112848,0.0 -99.44041,35.109398,0.0 -99.43795,35.10884,0.0 -99.432876,35.108817,0.0 -99.430663,35.108218,0.0 -99.428173,35.109294,0.0 -99.426056,35.111206,0.0 -99.423945,35.114057,0.0 -99.421367,35.114128,0.0 -99.419802,35.112456,0.0 -99.415874,35.111766,0.0 -99.412584,35.11275,0.0 -99.409291,35.114509,0.0 -99.409285,35.116927,0.0 -99.408338,35.116915,0.0 -99.360226,35.116738,0.0 -99.185274,35.116605,0.0 -99.148722,35.116686,0.0 -99.13135,35.116654,0.0 -99.060658,35.116604,0.0 -98.990414,35.116471,0.0 -98.955057,35.116431,0.0 -98.944363,35.116427,0.0 -98.796989,35.116413,0.0 -98.749158,35.116346,0.0 -98.745401,35.113225,0.0 -98.744675,35.112011,0.0 -98.742473,35.111119,0.0 -98.742249,35.11034,0.0 -98.743586,35.108438,0.0 -98.741913,35.107546,0.0 -98.740381,35.108509,0.0 -98.738373,35.10686,0.0 -98.740017,35.105943,0.0 -98.737144,35.103013,0.0 -98.73692,35.101547,0.0 -98.73586,35.101044,0.0 -98.73469,35.101846,0.0 -98.734578,35.10336,0.0 -98.733549,35.104938,0.0 -98.733328,35.108351,0.0 -98.731712,35.109107,0.0 -98.729482,35.108055,0.0 -98.72887,35.109453,0.0 -98.729901,35.11023,0.0 -98.731601,35.110115,0.0 -98.733107,35.110893,0.0 -98.73177,35.113963,0.0 -98.730209,35.113712,0.0 -98.730487,35.112177,0.0 -98.724439,35.111286,0.0 -98.722906,35.111973,0.0 -98.722795,35.113325,0.0 -98.721625,35.113852,0.0 -98.719004,35.113051,0.0 -98.716384,35.113006,0.0 -98.718112,35.111539,0.0 -98.72009,35.109134,0.0 -98.719281,35.10776,0.0 -98.717721,35.108928,0.0 -98.715351,35.108356,0.0 -98.713707,35.10696,0.0 -98.712452,35.104761,0.0 -98.707463,35.106503,0.0 -98.703507,35.110511,0.0 -98.699855,35.110832,0.0 -98.696315,35.111909,0.0 -98.694364,35.111108,0.0 -98.691799,35.10884,0.0 -98.687786,35.108933,0.0 -98.684943,35.107078,0.0 -98.683633,35.107375,0.0 -98.683215,35.107856,0.0 -98.684079,35.111475,0.0 -98.6855,35.113123,0.0 -98.684776,35.1142,0.0 -98.68171,35.113764,0.0 -98.680316,35.110032,0.0 -98.678143,35.107925,0.0 -98.675941,35.108451,0.0 -98.674296,35.109665,0.0 -98.674937,35.111177,0.0 -98.674992,35.113948,0.0 -98.672539,35.117269,0.0 -98.673263,35.118138,0.0 -98.672232,35.119009,0.0 -98.668385,35.118872,0.0 -98.664933,35.118211,0.0 -98.664093,35.118092,0.0 -98.662203,35.118321,0.0 -98.660775,35.119397,0.0 -98.65924,35.12187,0.0 -98.657344,35.122557,0.0 -98.655477,35.121617,0.0 -98.653303,35.121594,0.0 -98.65227,35.123975,0.0 -98.650932,35.123929,0.0 -98.650013,35.122623,0.0 -98.647338,35.12134,0.0 -98.646084,35.119118,0.0 -98.642795,35.120101,0.0 -98.642461,35.119025,0.0 -98.644469,35.11701,0.0 -98.64575,35.118179,0.0 -98.647785,35.117721,0.0 -98.650435,35.114836,0.0 -98.645642,35.111605,0.0 -98.643803,35.111536,0.0 -98.64121,35.113275,0.0 -98.639422,35.119298,0.0 -98.639894,35.122849,0.0 -98.638918,35.123169,0.0 -98.6351,35.121335,0.0 -98.629975,35.116385,0.0 -98.628974,35.112858,0.0 -98.629338,35.110361,0.0 -98.627498,35.109261,0.0 -98.62591,35.109191,0.0 -98.624929,35.106879,0.0 -98.62534,35.102378,0.0 -98.622308,35.097237,0.0 -98.620692,35.097765,0.0 -98.619325,35.101315,0.0 -98.61875,35.101685,0.0 -98.618161,35.102063,0.0 -98.61824,35.117174,0.0 -98.61802,35.204135,0.0 -98.623593,35.204154,0.0 -98.623788,35.218647,0.0 -98.623629,35.262045,0.0 -98.62358,35.2764,0.0 -98.62355,35.283678,0.0 -98.623511,35.290792,0.0 -98.623386,35.334048,0.0 -98.623393,35.362907,0.0 -98.59806,35.363089,0.0 -98.597277,35.363069,0.0 -98.589581,35.363106,0.0 -98.587302,35.363376,0.0 -98.586388,35.363138,0.0 -98.526443,35.362839,0.0 -98.500378,35.362933,0.0 -98.465031,35.363018,0.0 -98.394584,35.362982,0.0 -98.394659,35.407074,0.0 -98.394615,35.413884,0.0 -98.394548,35.420873,0.0 -98.394329,35.423265,0.0 -98.394548,35.425555,0.0 -98.394638,35.471355,0.0 -98.385738,35.471479,0.0 -98.38584,35.536674,0.0 -98.385455,35.536674,0.0 -98.384418,35.537561,0.0 -98.384471,35.543894,0.0 -98.386731,35.543882,0.0 -98.387168,35.545101,0.0 -98.387159,35.547095,0.0 -98.38716,35.548517,0.0 -98.387235,35.550279,0.0 -98.386193,35.550578,0.0 -98.386198,35.551537,0.0 -98.383844,35.551525,0.0 -98.36941,35.551329,0.0 -98.368856,35.551448,0.0 -98.368357,35.551623,0.0 -98.3599,35.551639,0.0 -98.357711,35.551445,0.0 -98.34024,35.551431,0.0 -98.313248,35.551411,0.0 -98.313251,35.551523,0.0 -98.312833,35.551311,0.0 -98.308393,35.551313,0.0 -98.307037,35.551303,0.0 -98.306597,35.551797,0.0 -98.306183,35.551581,0.0 -98.305877,35.551457,0.0 -98.305405,35.55137,0.0 -98.304662,35.551532,0.0 -98.277901,35.551353,0.0 -98.273849,35.551387,0.0 -98.271084,35.550168,0.0 -98.266234,35.5486,0.0 -98.258715,35.545907,0.0 -98.250011,35.541737,0.0 -98.246104,35.540074,0.0 -98.245366,35.539733,0.0 -98.238223,35.536616,0.0 -98.237607,35.536578,0.0 -98.237045,35.536543,0.0 -98.219786,35.536586,0.0 -98.172477,35.536522,0.0 -98.169889,35.536756,0.0 -98.140499,35.53685,0.0 -98.131791,35.53689,0.0 -98.122829,35.536884,0.0 -98.121729,35.536885,0.0 -98.114174,35.536859,0.0 -98.074563,35.536988,0.0 -98.07018,35.537003,0.0 -98.061102,35.537042,0.0 -98.035155,35.53708,0.0 -98.033657,35.536936,0.0 -98.033325,35.536469,0.0 -98.033095,35.536048,0.0 -98.025658,35.537082,0.0 -97.990033,35.536965,0.0 -97.986694,35.536948,0.0 -97.98079,35.53685,0.0 -97.980537,35.536897,0.0 -97.972568,35.536829,0.0 -97.9726,35.533777,0.0 -97.973254,35.53235,0.0 -97.972356,35.532268,0.0 -97.972582,35.531377,0.0 -97.972639,35.52961,0.0 -97.972621,35.526653,0.0 -97.972636,35.522393,0.0 -97.972664,35.50798,0.0 -97.970206,35.508009,0.0 -97.970111,35.507974,0.0 -97.969906,35.507931,0.0 -97.969362,35.507904,0.0 -97.963748,35.507856,0.0 -97.96002,35.507849,0.0 -97.957315,35.507846,0.0 -97.956248,35.507846,0.0 -97.954886,35.507845,0.0 -97.95489,35.509718,0.0 -97.954838,35.522306,0.0 -97.952588,35.522301,0.0 -97.952659,35.529574,0.0 -97.952681,35.531379,0.0 -97.954915,35.53228,0.0 -97.9549,35.536816,0.0 -97.95489,35.544928,0.0 -97.954899,35.547525,0.0 -97.954905,35.549281,0.0 -97.954908,35.551293,0.0 -97.954956,35.555453,0.0 -97.955304,35.557893,0.0 -97.955785,35.559721,0.0 -97.957328,35.563124,0.0 -97.958594,35.56579,0.0 -97.959101,35.567685,0.0 -97.959223,35.568735,0.0 -97.959101,35.580379,0.0 -97.949647,35.580372,0.0 -97.87838,35.580322,0.0 -97.869798,35.580366,0.0 -97.833871,35.580226,0.0 -97.833885,35.60926,0.0 -97.833866,35.623827,0.0 -97.834128,35.642576,0.0 -97.833939,35.667488,0.0 -97.833913,35.674644,0.0 -97.83385,35.689238,0.0 -97.833869,35.696687,0.0 -97.833937,35.702237,0.0 -97.834102,35.725899,0.0 -97.869847,35.725996,0.0 -97.958986,35.726066,0.0 -97.968924,35.725895,0.0 -97.986156,35.725626,0.0 -98.092148,35.725371,0.0 -98.118447,35.725318,0.0 -98.120776,35.725317,0.0 -98.144836,35.725314,0.0 -98.162528,35.725093,0.0 -98.193546,35.725132,0.0 -98.207104,35.72514,0.0 -98.207104,35.725187,0.0 -98.313155,35.724741,0.0 -98.313196,35.710716,0.0 -98.364917,35.710751,0.0 -98.372068,35.721549,0.0 -98.373461,35.722945,0.0 -98.3756,35.724222,0.0 -98.378026,35.724967,0.0 -98.378662,35.725074,0.0 -98.379175,35.725135,0.0 -98.379851,35.725166,0.0 -98.38458,35.725305,0.0 -98.403407,35.725198,0.0 -98.403843,35.723054,0.0 -98.406152,35.722572,0.0 -98.410152,35.724014,0.0 -98.416231,35.724516,0.0 -98.419413,35.724264,0.0 -98.419408,35.72527,0.0 -98.454939,35.725206,0.0 -98.596361,35.725242,0.0 -98.596717,35.733812,0.0 -98.60272,35.732195,0.0 -98.605578,35.732688,0.0 -98.610039,35.730378,0.0 -98.611354,35.730185,0.0 -98.613989,35.729497,0.0 -98.613344,35.733153,0.0 -98.615349,35.737461,0.0 -98.619224,35.740735,0.0 -98.625284,35.743244,0.0 -98.627275,35.743134,0.0 -98.632204,35.74481,0.0 -98.631984,35.717696,0.0 -98.632181,35.669387,0.0 -98.632212,35.667496,0.0 -98.632185,35.65977,0.0 -98.632176,35.638524,0.0 -98.632206,35.551516,0.0 -98.623244,35.551522,0.0 -98.623252,35.536472,0.0 -98.623255,35.53626,0.0 -98.623297,35.522386,0.0 -98.623294,35.514812,0.0 -98.623344,35.495001,0.0 -98.62328,35.494511,0.0 -98.623336,35.464225,0.0 -98.634342,35.464492,0.0 -98.711619,35.464428,0.0 -98.729035,35.46445,0.0 -98.782308,35.464769,0.0 -98.835037,35.465078,0.0 -98.851025,35.465078,0.0 -98.852316,35.465033,0.0 -98.853165,35.465131,0.0 -98.861387,35.465069,0.0 -98.949392,35.465135,0.0 -98.958003,35.465145,0.0 -98.958204,35.465145,0.0 -98.958372,35.465145,0.0 -98.974285,35.46518,0.0 -98.975464,35.465177,0.0 -98.975672,35.465176,0.0 -98.975719,35.465176,0.0 -99.099316,35.465213,0.0 -99.116923,35.465199,0.0 -99.152122,35.465233,0.0 -99.169987,35.465268,0.0 -99.240857,35.465405,0.0 -99.355544,35.465321,0.0 -99.364217,35.465328,0.0 -99.417262,35.465479,0.0 -99.422667,35.465484,0.0 -99.466146,35.465783,0.0 -99.469996,35.465496,0.0 -99.470072,35.422134,0.0 -99.57582,35.421655,0.0 -99.593456,35.421544,0.0 -99.593516,35.407063,0.0 -99.593524,35.404313,0.0 -99.593651,35.370877,0.0 -99.593651,35.367462,0.0 -99.593626,35.36369,0.0 -99.593696,35.338606,0.0 -99.593693,35.338158,0.0 -99.593772,35.305844,0.0 -99.59378,35.298594,0.0 -99.593794,35.291595,0.0 -99.593792,35.291334,0.0 -99.59336,35.291048,0.0 -99.593751,35.262552,0.0 -99.593756,35.262011,0.0 -99.593785,35.233392,0.0 -99.611576,35.233147,0.0</coordinates>
</LinearRing>
</outerBoundaryIs>
</Polygon>
</Placemark>
<Placemark id="cb_2023_40_sldl_500k">
<name>&lt;at&gt;&lt;openparen&gt;40056&lt;closeparen&gt;</name>
<visibility>1</visibility>
<description><![CDATA[<center><table><tr><th colspan='2' align='center'><em>Attributes</em></th></tr><tr bgcolor="#E3E3F3">
<th>STATEFP</th>
<td>40</td>
</tr><tr bgcolor="">
<th>SLDLST</th>
<td>056</td>
</tr><tr bgcolor="#E3E3F3">
<th>GEOIDFQ</th>
<td>620L800US40056</td>
</tr><tr bgcolor="">
<th>GEOID</th>
<td>40056</td>
</tr><tr bgcolor="#E3E3F3">
<th>NAME</th>
<td>56</td>
</tr><tr bgcolor="">
<th>NAMELSAD</th>
<td>State House District 56</td>
</tr><tr bgcolor="#E3E3F3">
<th>STUSPS</th>
<td>OK</td>
</tr><tr bgcolor="">
<th>STATE_NAME</th>
<td>Oklahoma</td>
</tr><tr bgcolor="#E3E3F3">
<th>LSAD</th>
<td>LL</td>
</tr><tr bgcolor="">
<th>LSY</th>
<td>2022</td>
</tr><tr bgcolor="#E3E3F3">
<th>ALAND</th>
<td>1826724608</td>
</tr><tr bgcolor="">
<th>AWATER</th>
<td>8279467</td>
</tr></table></center>]]></description>
<LookAt>
<longitude>-102</longitude>
<latitude>38.5</latitude>
<range>7000000</range>
<tilt>10</tilt>
<heading>0</heading>
</LookAt>
<styleUrl>#KMLStyler</styleUrl>
<ExtendedData>
<SchemaData schemaUrl="#kml_schema_ft_cb_2023_40_sldl_500k">
<SimpleData name="STATEFP">40</SimpleData>
<SimpleData name="SLDLST">056</SimpleData>
<SimpleData name="GEOIDFQ">620L800US40056</SimpleData>
<SimpleData name="GEOID">40056</SimpleData>
<SimpleData name="NAME">56</SimpleData>
<SimpleData name="NAMELSAD">State House District 56</SimpleData>
<SimpleData name="STUSPS">OK</SimpleData>
<SimpleData name="STATE_NAME">Oklahoma</SimpleData>
<SimpleData name="LSAD">LL</SimpleData>
<SimpleData name="LSY">2022</SimpleData>
<SimpleData name="ALAND">1826724608</SimpleData>
<SimpleData name="AWATER">8279467</SimpleData>
</SchemaData>
</ExtendedData>
<Polygon>
<extrude>0</extrude>
<tessellate>1</tessellate>
<altitudeMode>clampToGround</altitudeMode>
<outerBoundaryIs>
<LinearRing>
<coordinates>-98.394615,35.413884,0.0 -98.394659,35.407074,0.0 -98.394584,35.362982,0.0 -98.372841,35.362814,0.0 -98.368272,35.362905,0.0 -98.368253,35.359356,0.0 -98.359397,35.359389,0.0 -98.359385,35.362909,0.0 -98.341114,35.363092,0.0 -98.324101,35.362988,0.0 -98.324189,35.377284,0.0 -98.306326,35.377239,0.0 -98.305204,35.377162,0.0 -98.303336,35.377272,0.0 -98.301966,35.37735,0.0 -98.289814,35.377328,0.0 -98.262833,35.377031,0.0 -98.255512,35.376783,0.0 -98.209965,35.376811,0.0 -98.192611,35.376955,0.0 -98.17088,35.377264,0.0 -98.167134,35.377286,0.0 -98.166415,35.377205,0.0 -98.131252,35.377416,0.0 -98.130927,35.377494,0.0 -98.096014,35.377753,0.0 -98.095354,35.305219,0.0 -98.095001,35.24734,0.0 -98.094974,35.23279,0.0 -98.094977,35.20372,0.0 -98.09134,35.20373,0.0 -98.091312,35.189207,0.0 -98.091146,35.116665,0.0 -98.091096,35.089181,0.0 -98.092386,35.088649,0.0 -98.092927,35.08689,0.0 -98.092884,35.083207,0.0 -98.092912,35.077255,0.0 -98.092959,35.076463,0.0 -98.093056,35.028817,0.0 -98.040186,35.02897,0.0 -98.014216,35.029036,0.0 -98.005038,35.029038,0.0 -97.99995,35.029039,0.0 -97.996626,35.029525,0.0 -97.987588,35.029591,0.0 -97.987573,35.021213,0.0 -97.987552,35.014992,0.0 -97.987829,35.014991,0.0 -97.987838,35.014007,0.0 -97.987841,35.01137,0.0 -97.987817,35.007787,0.0 -97.983408,35.007787,0.0 -97.979001,35.007764,0.0 -97.978021,35.007762,0.0 -97.97003,35.007741,0.0 -97.956892,35.007699,0.0 -97.954162,35.0076,0.0 -97.950429,35.011843,0.0 -97.948352,35.015071,0.0 -97.948223,35.015073,0.0 -97.946545,35.017621,0.0 -97.943744,35.020523,0.0 -97.943745,35.020658,0.0 -97.941695,35.022126,0.0 -97.939876,35.023079,0.0 -97.937588,35.024015,0.0 -97.928569,35.026756,0.0 -97.925202,35.028151,0.0 -97.921082,35.030492,0.0 -97.91807,35.032752,0.0 -97.915478,35.035281,0.0 -97.913067,35.038398,0.0 -97.91058,35.04338,0.0 -97.909597,35.047241,0.0 -97.908898,35.051516,0.0 -97.907066,35.061103,0.0 -97.904937,35.065922,0.0 -97.902256,35.070051,0.0 -97.899719,35.072881,0.0 -97.890802,35.081807,0.0 -97.888951,35.083377,0.0 -97.884029,35.086573,0.0 -97.882763,35.087639,0.0 -97.882603,35.087643,0.0 -97.871165,35.097474,0.0 -97.870104,35.098378,0.0 -97.858612,35.108339,0.0 -97.83612,35.130562,0.0 -97.832465,35.133814,0.0 -97.829214,35.136064,0.0 -97.829235,35.136188,0.0 -97.826421,35.137773,0.0 -97.815197,35.143159,0.0 -97.81029,35.146057,0.0 -97.808274,35.147586,0.0 -97.794804,35.159534,0.0 -97.777576,35.17475,0.0 -97.778275,35.174845,0.0 -97.780303,35.174709,0.0 -97.784224,35.174738,0.0 -97.784734,35.174725,0.0 -97.78476,35.181835,0.0 -97.784698,35.198047,0.0 -97.790742,35.19812,0.0 -97.790883,35.201893,0.0 -97.784734,35.203685,0.0 -97.785379,35.203687,0.0 -97.794566,35.203713,0.0 -97.794598,35.247232,0.0 -97.794571,35.261712,0.0 -97.79457,35.276263,0.0 -97.784626,35.276291,0.0 -97.776863,35.276307,0.0 -97.776873,35.283588,0.0 -97.776875,35.283769,0.0 -97.776871,35.29086,0.0 -97.72397,35.290924,0.0 -97.706234,35.290954,0.0 -97.706227,35.305485,0.0 -97.679524,35.305525,0.0 -97.670798,35.305531,0.0 -97.670865,35.32011,0.0 -97.670815,35.332378,0.0 -97.671414,35.335946,0.0 -97.678473,35.334974,0.0 -97.67933,35.334806,0.0 -97.685054,35.334301,0.0 -97.686718,35.333837,0.0 -97.689742,35.332237,0.0 -97.696478,35.327437,0.0 -97.701858,35.326244,0.0 -97.705267,35.325327,0.0 -97.706291,35.324973,0.0 -97.708158,35.324732,0.0 -97.711349,35.324854,0.0 -97.713112,35.325464,0.0 -97.713793,35.327934,0.0 -97.71561,35.328277,0.0 -97.718065,35.328178,0.0 -97.718427,35.328534,0.0 -97.720035,35.328515,0.0 -97.721528,35.327137,0.0 -97.723562,35.326589,0.0 -97.723816,35.326515,0.0 -97.724708,35.325832,0.0 -97.736282,35.323843,0.0 -97.737305,35.323762,0.0 -97.74631,35.328354,0.0 -97.748667,35.329364,0.0 -97.751084,35.331299,0.0 -97.751984,35.334284,0.0 -97.756641,35.338759,0.0 -97.76087,35.340304,0.0 -97.761499,35.340347,0.0 -97.763905,35.340848,0.0 -97.767841,35.345084,0.0 -97.769273,35.34565,0.0 -97.772406,35.345577,0.0 -97.773914,35.34335,0.0 -97.774708,35.339421,0.0 -97.777567,35.337087,0.0 -97.781189,35.336107,0.0 -97.783591,35.336286,0.0 -97.786078,35.337162,0.0 -97.788319,35.336643,0.0 -97.789632,35.333349,0.0 -97.790427,35.332921,0.0 -97.792022,35.332702,0.0 -97.793821,35.334911,0.0 -97.794681,35.336632,0.0 -97.796719,35.339105,0.0 -97.799298,35.339096,0.0 -97.803156,35.33966,0.0 -97.807186,35.340846,0.0 -97.809945,35.339961,0.0 -97.812111,35.338254,0.0 -97.812129,35.333788,0.0 -97.814696,35.333944,0.0 -97.81983,35.335347,0.0 -97.821806,35.335179,0.0 -97.824961,35.333741,0.0 -97.8256,35.333763,0.0 -97.827436,35.334384,0.0 -97.828705,35.334359,0.0 -97.832345,35.334697,0.0 -97.833675,35.335362,0.0 -97.831189,35.335583,0.0 -97.830592,35.335866,0.0 -97.830948,35.358396,0.0 -97.830666,35.360135,0.0 -97.830795,35.391662,0.0 -97.830788,35.4207,0.0 -97.830816,35.427999,0.0 -97.83087,35.449777,0.0 -97.830914,35.464468,0.0 -97.875255,35.464499,0.0 -97.883897,35.464488,0.0 -97.91934,35.464524,0.0 -97.928193,35.464512,0.0 -97.928192,35.464639,0.0 -97.954782,35.464573,0.0 -97.954822,35.471507,0.0 -97.954874,35.504324,0.0 -97.954876,35.506587,0.0 -97.954886,35.507845,0.0 -97.956248,35.507846,0.0 -97.957315,35.507846,0.0 -97.96002,35.507849,0.0 -97.963748,35.507856,0.0 -97.969362,35.507904,0.0 -97.969906,35.507931,0.0 -97.970111,35.507974,0.0 -97.970206,35.508009,0.0 -97.972664,35.50798,0.0 -97.972636,35.522393,0.0 -97.972621,35.526653,0.0 -97.972639,35.52961,0.0 -97.972582,35.531377,0.0 -97.972356,35.532268,0.0 -97.973254,35.53235,0.0 -97.9726,35.533777,0.0 -97.972568,35.536829,0.0 -97.980537,35.536897,0.0 -97.98079,35.53685,0.0 -97.986694,35.536948,0.0 -97.990033,35.536965,0.0 -98.025658,35.537082,0.0 -98.033095,35.536048,0.0 -98.033325,35.536469,0.0 -98.033657,35.536936,0.0 -98.035155,35.53708,0.0 -98.061102,35.537042,0.0 -98.07018,35.537003,0.0 -98.074563,35.536988,0.0 -98.114174,35.536859,0.0 -98.121729,35.536885,0.0 -98.122829,35.536884,0.0 -98.131791,35.53689,0.0 -98.140499,35.53685,0.0 -98.169889,35.536756,0.0 -98.172477,35.536522,0.0 -98.219786,35.536586,0.0 -98.237045,35.536543,0.0 -98.237607,35.536578,0.0 -98.238223,35.536616,0.0 -98.245366,35.539733,0.0 -98.246104,35.540074,0.0 -98.250011,35.541737,0.0 -98.258715,35.545907,0.0 -98.266234,35.5486,0.0 -98.271084,35.550168,0.0 -98.273849,35.551387,0.0 -98.277901,35.551353,0.0 -98.304662,35.551532,0.0 -98.305405,35.55137,0.0 -98.305877,35.551457,0.0 -98.306183,35.551581,0.0 -98.306597,35.551797,0.0 -98.307037,35.551303,0.0 -98.308393,35.551313,0.0 -98.312833,35.551311,0.0 -98.313251,35.551523,0.0 -98.313248,35.551411,0.0 -98.34024,35.551431,0.0 -98.357711,35.551445,0.0 -98.3599,35.551639,0.0 -98.368357,35.551623,0.0 -98.368856,35.551448,0.0 -98.36941,35.551329,0.0 -98.383844,35.551525,0.0 -98.386198,35.551537,0.0 -98.386193,35.550578,0.0 -98.387235,35.550279,0.0 -98.38716,35.548517,0.0 -98.387159,35.547095,0.0 -98.387168,35.545101,0.0 -98.386731,35.543882,0.0 -98.384471,35.543894,0.0 -98.384418,35.537561,0.0 -98.385455,35.536674,0.0 -98.38584,35.536674,0.0 -98.385738,35.471479,0.0 -98.394638,35.471355,0.0 -98.394548,35.425555,0.0 -98.394329,35.423265,0.0 -98.394548,35.420873,0.0 -98.394615,35.413884,0.0</coordinates>
</LinearRing>
</outerBoundaryIs>
</Polygon>
</Placemark>
<Placemark id="cb_2023_40_sldl_500k">
<name>&lt;at&gt;&lt;openparen&gt;40057&lt;closeparen&gt;</name>
<visibility>1</visibility>
<description><![CDATA[<center><table><tr><th colspan='2' align='center'><em>Attributes</em></th></tr><tr bgcolor="#E3E3F3">
<th>STATEFP</th>
<td>40</td>
</tr><tr bgcolor="">
<th>SLDLST</th>
<td>057</td>
</tr><tr bgcolor="#E3E3F3">
<th>GEOIDFQ</th>
<td>620L800US40057</td>
</tr><tr bgcolor="">
<th>GEOID</th>
<td>40057</td>
</tr><tr bgcolor="#E3E3F3">
<th>NAME</th>
<td>57</td>
</tr><tr bgcolor="">
<th>NAMELSAD</th>
<td>State House District 57</td>
</tr><tr bgcolor="#E3E3F3">
<th>STUSPS</th>
<td>OK</td>
</tr><tr bgcolor="">
<th>STATE_NAME</th>
<td>Oklahoma</td>
</tr><tr bgcolor="#E3E3F3">
<th>LSAD</th>
<td>LL</td>
</tr><tr bgcolor="">
<th>LSY</th>
<td>2022</td>
</tr><tr bgcolor="#E3E3F3">
<th>ALAND</th>
<td>7080421117</td>
</tr><tr bgcolor="">
<th>AWATER</th>
<td>50332088</td>
</tr></table></center>]]></description>
<LookAt>
<longitude>-102</longitude>
<latitude>38.5</latitude>
<range>7000000</range>
<tilt>10</tilt>
<heading>0</heading>
</LookAt>
<styleUrl>#KMLStyler</styleUrl>
<ExtendedData>
<SchemaData schemaUrl="#kml_schema_ft_cb_2023_40_sldl_500k">
<SimpleData name="STATEFP">40</SimpleData>
<SimpleData name="SLDLST">057</SimpleData>
<SimpleData name="GEOIDFQ">620L800US40057</SimpleData>
<SimpleData name="GEOID">40057</SimpleData>
<SimpleData name="NAME">57</SimpleData>
<SimpleData name="NAMELSAD">State House District 57</SimpleData>
<SimpleData name="STUSPS">OK</SimpleData>
<SimpleData name="STATE_NAME">Oklahoma</SimpleData>
<SimpleData name="LSAD">LL</SimpleData>
<SimpleData name="LSY">2022</SimpleData>
<SimpleData name="ALAND">7080421117</SimpleData>
<SimpleData name="AWATER">50332088</SimpleData>
</SchemaData>
</ExtendedData>
<Polygon>
<extrude>0</extrude>
<tessellate>1</tessellate>
<altitudeMode>clampToGround</altitudeMode>
<outerBoundaryIs>
<LinearRing>
<coordinates>-100.000396202899,35.8812329999967,0.0 -100.000394036975,35.7461530002767,0.0 -100.000392093753,35.6249619999825,0.0 -100.000392,35.619115,0.0 -100.000390930799,35.5524559997078,0.0 -100.000388942771,35.4285129531919,0.0 -100.000388844143,35.4223639883095,0.0 -100.000388841577,35.4222039948893,0.0 -100.000386884968,35.3002198225636,0.0 -100.000386882597,35.3000720000019,0.0 -100.000385600949,35.2201679976806,0.0 -100.000385585791,35.2192229979214,0.0 -100.000385,35.182702,0.0 -100.00038460233,35.1393320000036,0.0 -100.000383599196,35.0299300002039,0.0 -99.949735,35.029935,0.0 -99.888454,35.030263,0.0 -99.888444,35.029889,0.0 -99.852882,35.029977,0.0 -99.852797,35.029977,0.0 -99.782949,35.030111,0.0 -99.782848,35.069392,0.0 -99.782824,35.080304,0.0 -99.782707,35.105089,0.0 -99.782914,35.10904,0.0 -99.782727,35.11694,0.0 -99.765118,35.116937,0.0 -99.729694,35.116913,0.0 -99.720986,35.116909,0.0 -99.712122,35.116911,0.0 -99.711434,35.116919,0.0 -99.642255,35.116842,0.0 -99.641414,35.116841,0.0 -99.610498,35.1168,0.0 -99.606721,35.117014,0.0 -99.606627,35.131231,0.0 -99.606064,35.132802,0.0 -99.606625,35.135046,0.0 -99.606595,35.204191,0.0 -99.611359,35.204645,0.0 -99.611625,35.206257,0.0 -99.611576,35.233147,0.0 -99.593785,35.233392,0.0 -99.593756,35.262011,0.0 -99.593751,35.262552,0.0 -99.59336,35.291048,0.0 -99.593792,35.291334,0.0 -99.593794,35.291595,0.0 -99.59378,35.298594,0.0 -99.593772,35.305844,0.0 -99.593693,35.338158,0.0 -99.593696,35.338606,0.0 -99.593626,35.36369,0.0 -99.593651,35.367462,0.0 -99.593651,35.370877,0.0 -99.593524,35.404313,0.0 -99.593516,35.407063,0.0 -99.593456,35.421544,0.0 -99.57582,35.421655,0.0 -99.470072,35.422134,0.0 -99.469996,35.465496,0.0 -99.466146,35.465783,0.0 -99.422667,35.465484,0.0 -99.417262,35.465479,0.0 -99.364217,35.465328,0.0 -99.355544,35.465321,0.0 -99.240857,35.465405,0.0 -99.169987,35.465268,0.0 -99.152122,35.465233,0.0 -99.116923,35.465199,0.0 -99.099316,35.465213,0.0 -98.975719,35.465176,0.0 -98.975672,35.465176,0.0 -98.975464,35.465177,0.0 -98.974285,35.46518,0.0 -98.958372,35.465145,0.0 -98.958204,35.465145,0.0 -98.958003,35.465145,0.0 -98.949392,35.465135,0.0 -98.861387,35.465069,0.0 -98.853165,35.465131,0.0 -98.852316,35.465033,0.0 -98.851025,35.465078,0.0 -98.835037,35.465078,0.0 -98.782308,35.464769,0.0 -98.729035,35.46445,0.0 -98.711619,35.464428,0.0 -98.634342,35.464492,0.0 -98.623336,35.464225,0.0 -98.62328,35.494511,0.0 -98.623344,35.495001,0.0 -98.623294,35.514812,0.0 -98.623297,35.522386,0.0 -98.623255,35.53626,0.0 -98.623252,35.536472,0.0 -98.623244,35.551522,0.0 -98.632206,35.551516,0.0 -98.632176,35.638524,0.0 -98.632185,35.65977,0.0 -98.632212,35.667496,0.0 -98.632181,35.669387,0.0 -98.631984,35.717696,0.0 -98.632204,35.74481,0.0 -98.631985,35.812402,0.0 -98.649765,35.812455,0.0 -98.667602,35.81246,0.0 -98.702059,35.812471,0.0 -98.702502,35.812518,0.0 -98.709097,35.81244,0.0 -98.723217,35.812108,0.0 -98.830977,35.812465,0.0 -98.832586,35.812621,0.0 -98.84458,35.81271,0.0 -98.88107,35.81261,0.0 -98.882765,35.812461,0.0 -99.011267,35.812302,0.0 -99.01483,35.81239,0.0 -99.017333,35.812092,0.0 -99.018623,35.812354,0.0 -99.075111,35.812352,0.0 -99.110641,35.812412,0.0 -99.128375,35.812383,0.0 -99.14619,35.812402,0.0 -99.163643,35.812412,0.0 -99.217071,35.81234,0.0 -99.35919,35.812134,0.0 -99.359811,35.812158,0.0 -99.375817,35.812188,0.0 -99.376018,35.898893,0.0 -99.381191,35.898881,0.0 -99.381119,35.946582,0.0 -99.380891,35.948253,0.0 -99.380946,35.971363,0.0 -99.381019,36.012726,0.0 -99.381022,36.012925,0.0 -99.383472,36.013668,0.0 -99.386361,36.01317,0.0 -99.389632,36.013281,0.0 -99.396438,36.012505,0.0 -99.399515,36.011905,0.0 -99.40763,36.012519,0.0 -99.411516,36.012442,0.0 -99.42215,36.011926,0.0 -99.425517,36.011393,0.0 -99.431171,36.009571,0.0 -99.437206,36.00818,0.0 -99.446522,36.006987,0.0 -99.45189,36.005508,0.0 -99.458844,36.002378,0.0 -99.462871,36.000046,0.0 -99.46695,35.994654,0.0 -99.469779,35.991234,0.0 -99.477493,35.985731,0.0 -99.479424,35.985473,0.0 -99.4852,35.986289,0.0 -99.488105,35.984542,0.0 -99.49368,35.979679,0.0 -99.495812,35.978732,0.0 -99.496025,35.977734,0.0 -99.497926,35.975233,0.0 -99.499264,35.972142,0.0 -99.499566,35.968948,0.0 -99.500316,35.967035,0.0 -99.505396,35.957778,0.0 -99.506037,35.948902,0.0 -99.508937,35.945855,0.0 -99.509273,35.943745,0.0 -99.50899,35.941367,0.0 -99.509243,35.939224,0.0 -99.511108,35.936813,0.0 -99.511702,35.934407,0.0 -99.513897,35.927671,0.0 -99.515306,35.925796,0.0 -99.524698,35.91987,0.0 -99.525692,35.918463,0.0 -99.531652,35.913374,0.0 -99.534175,35.9116,0.0 -99.53486,35.909629,0.0 -99.53594,35.908434,0.0 -99.538625,35.906762,0.0 -99.544393,35.902584,0.0 -99.549632,35.90022,0.0 -99.55067,35.898894,0.0 -99.551903,35.896337,0.0 -99.55214,35.894803,0.0 -99.549713,35.887218,0.0 -99.549715,35.886046,0.0 -99.550337,35.88484,0.0 -99.555055,35.878979,0.0 -99.556631,35.875046,0.0 -99.557784,35.868771,0.0 -99.558486,35.865988,0.0 -99.560717,35.863977,0.0 -99.561915,35.863374,0.0 -99.56807,35.862638,0.0 -99.577363,35.85959,0.0 -99.580626,35.858886,0.0 -99.583683,35.858853,0.0 -99.58757,35.857864,0.0 -99.596043,35.857232,0.0 -99.601795,35.855905,0.0 -99.605489,35.853189,0.0 -99.607181,35.850976,0.0 -99.610942,35.847454,0.0 -99.615148,35.844973,0.0 -99.617666,35.84286,0.0 -99.620556,35.841955,0.0 -99.624397,35.84296,0.0 -99.629657,35.842563,0.0 -99.634971,35.843104,0.0 -99.640452,35.845354,0.0 -99.642512,35.845825,0.0 -99.649969,35.849215,0.0 -99.653183,35.850123,0.0 -99.664425,35.851805,0.0 -99.677824,35.851008,0.0 -99.681409,35.85101,0.0 -99.685489,35.851749,0.0 -99.68792,35.85289,0.0 -99.693815,35.854501,0.0 -99.702717,35.85628,0.0 -99.717101,35.859769,0.0 -99.722709,35.86255,0.0 -99.723885,35.86568,0.0 -99.726087,35.867672,0.0 -99.7274,35.870309,0.0 -99.727821,35.868611,0.0 -99.729391,35.870291,0.0 -99.738381,35.875044,0.0 -99.742386,35.879687,0.0 -99.746429,35.881961,0.0 -99.750389,35.882729,0.0 -99.753292,35.882626,0.0 -99.759187,35.88088,0.0 -99.761084,35.880745,0.0 -99.763807,35.881412,0.0 -99.766996,35.882645,0.0 -99.76822,35.883841,0.0 -99.77234,35.886301,0.0 -99.774951,35.887334,0.0 -99.77699,35.889062,0.0 -99.778658,35.89364,0.0 -99.779103,35.896393,0.0 -99.781551,35.898586,0.0 -99.785347,35.899487,0.0 -99.78653,35.900284,0.0 -99.786947,35.901856,0.0 -99.789774,35.904248,0.0 -99.796473,35.906867,0.0 -99.801389,35.910645,0.0 -99.802012,35.912721,0.0 -99.802315,35.920391,0.0 -99.80306,35.922031,0.0 -99.804963,35.924608,0.0 -99.809136,35.927483,0.0 -99.810219,35.928909,0.0 -99.810708,35.931839,0.0 -99.810439,35.934144,0.0 -99.807213,35.940872,0.0 -99.807838,35.942632,0.0 -99.809225,35.943684,0.0 -99.80977,35.945488,0.0 -99.809765,35.953339,0.0 -99.807921,35.960342,0.0 -99.805779,35.962555,0.0 -99.804873,35.964097,0.0 -99.803355,35.969089,0.0 -99.802287,35.971603,0.0 -99.804408,35.980174,0.0 -99.805943,35.983823,0.0 -99.805659,35.986269,0.0 -99.804919,35.988447,0.0 -99.807403,35.991358,0.0 -99.807242,35.993635,0.0 -99.808903,35.997719,0.0 -99.809444,36.000044,0.0 -99.810355,36.000044,0.0 -99.811842,36.001878,0.0 -99.813814,36.003076,0.0 -99.817344,36.004345,0.0 -99.82356,36.00553,0.0 -99.830464,36.006327,0.0 -99.837948,36.006794,0.0 -99.847304,36.006078,0.0 -99.85154,36.005128,0.0 -99.855014,36.003685,0.0 -99.859832,35.999451,0.0 -99.860047,35.998829,0.0 -99.864517,35.995186,0.0 -99.868893,35.990927,0.0 -99.872273,35.98871,0.0 -99.874047,35.988003,0.0 -99.875394,35.987798,0.0 -99.882273,35.987842,0.0 -99.884338,35.988191,0.0 -99.888309,35.987847,0.0 -99.893372,35.985295,0.0 -99.894415,35.984128,0.0 -99.894418,35.978324,0.0 -99.895047,35.97712,0.0 -99.902242,35.971395,0.0 -99.905862,35.968129,0.0 -99.908271,35.966634,0.0 -99.910521,35.964132,0.0 -99.911447,35.961924,0.0 -99.912531,35.954986,0.0 -99.911276,35.946021,0.0 -99.910668,35.94444,0.0 -99.908737,35.942986,0.0 -99.907047,35.942338,0.0 -99.905704,35.939545,0.0 -99.905601,35.936727,0.0 -99.908392,35.928122,0.0 -99.909938,35.926974,0.0 -99.916444,35.923072,0.0 -99.918933,35.921811,0.0 -99.921178,35.919812,0.0 -99.925147,35.913664,0.0 -99.929955,35.911311,0.0 -99.93447,35.909492,0.0 -99.943287,35.906492,0.0 -99.949045,35.903909,0.0 -99.956163,35.901803,0.0 -99.959628,35.900036,0.0 -99.963759,35.896385,0.0 -99.967008,35.892102,0.0 -99.968711,35.890569,0.0 -99.97211,35.888776,0.0 -99.977238,35.88753,0.0 -99.981712,35.885375,0.0 -99.985436,35.884053,0.0 -99.988701,35.883602,0.0 -99.994823,35.881823,0.0 -100.000396202899,35.8812329999967,0.0</coordinates>
</LinearRing>
</outerBoundaryIs>
</Polygon>
</Placemark>
<Placemark id="cb_2023_40_sldl_500k">
<name>&lt;at&gt;&lt;openparen&gt;40058&lt;closeparen&gt;</name>
<visibility>1</visibility>
<description><![CDATA[<center><table><tr><th colspan='2' align='center'><em>Attributes</em></th></tr><tr bgcolor="#E3E3F3">
<th>STATEFP</th>
<td>40</td>
</tr><tr bgcolor="">
<th>SLDLST</th>
<td>058</td>
</tr><tr bgcolor="#E3E3F3">
<th>GEOIDFQ</th>
<td>620L800US40058</td>
</tr><tr bgcolor="">
<th>GEOID</th>
<td>40058</td>
</tr><tr bgcolor="#E3E3F3">
<th>NAME</th>
<td>58</td>
</tr><tr bgcolor="">
<th>NAMELSAD</th>
<td>State House District 58</td>
</tr><tr bgcolor="#E3E3F3">
<th>STUSPS</th>
<td>OK</td>
</tr><tr bgcolor="">
<th>STATE_NAME</th>
<td>Oklahoma</td>
</tr><tr bgcolor="#E3E3F3">
<th>LSAD</th>
<td>LL</td>
</tr><tr bgcolor="">
<th>LSY</th>
<td>2022</td>
</tr><tr bgcolor="#E3E3F3">
<th>ALAND</th>
<td>10053113654</td>
</tr><tr bgcolor="">
<th>AWATER</th>
<td>58255438</td>
</tr></table></center>]]></description>
<LookAt>
<longitude>-102</longitude>
<latitude>38.5</latitude>
<range>7000000</range>
<tilt>10</tilt>
<heading>0</heading>
</LookAt>
<styleUrl>#KMLStyler</styleUrl>
<ExtendedData>
<SchemaData schemaUrl="#kml_schema_ft_cb_2023_40_sldl_500k">
<SimpleData name="STATEFP">40</SimpleData>
<SimpleData name="SLDLST">058</SimpleData>
<SimpleData name="GEOIDFQ">620L800US40058</SimpleData>
<SimpleData name="GEOID">40058</SimpleData>
<SimpleData name="NAME">58</SimpleData>
<SimpleData name="NAMELSAD">State House District 58</SimpleData>
<SimpleData name="STUSPS">OK</SimpleData>
<SimpleData name="STATE_NAME">Oklahoma</SimpleData>
<SimpleData name="LSAD">LL</SimpleData>
<SimpleData name="LSY">2022</SimpleData>
<SimpleData name="ALAND">10053113654</SimpleData>
<SimpleData name="AWATER">58255438</SimpleData>
</SchemaData>
</ExtendedData>
<Polygon>
<extrude>0</extrude>
<tessellate>1</tessellate>
<altitudeMode>clampToGround</altitudeMode>
<outerBoundaryIs>
<LinearRing>
<coordinates>-99.456203,36.999471,0.0 -99.455935,36.998581,0.0 -99.452885,36.995549,0.0 -99.451475,36.994804,0.0 -99.450058,36.994728,0.0 -99.446626,36.995578,0.0 -99.443415,36.995491,0.0 -99.442339,36.994747,0.0 -99.441188,36.993434,0.0 -99.439949,36.990734,0.0 -99.439971,36.987266,0.0 -99.438888,36.983845,0.0 -99.439191,36.980377,0.0 -99.43558,36.974864,0.0 -99.434054,36.970064,0.0 -99.429952,36.964211,0.0 -99.428435,36.963094,0.0 -99.427216,36.959951,0.0 -99.428218,36.955332,0.0 -99.42657,36.950935,0.0 -99.424787,36.947702,0.0 -99.423242,36.945793,0.0 -99.420519,36.941137,0.0 -99.41606,36.93756,0.0 -99.413992,36.935457,0.0 -99.410495,36.930621,0.0 -99.407435,36.927329,0.0 -99.404905,36.925144,0.0 -99.398092,36.921539,0.0 -99.396294,36.917707,0.0 -99.393,36.912726,0.0 -99.391013,36.911042,0.0 -99.386976,36.905874,0.0 -99.388141,36.903654,0.0 -99.38831,36.901579,0.0 -99.386325,36.896705,0.0 -99.3855,36.893933,0.0 -99.383679,36.891094,0.0 -99.377711,36.885947,0.0 -99.37653,36.884289,0.0 -99.375856,36.881776,0.0 -99.374218,36.879597,0.0 -99.371114,36.877957,0.0 -99.367903,36.8783,0.0 -99.365306,36.877569,0.0 -99.361694,36.87503,0.0 -99.356414,36.872015,0.0 -99.350127,36.870232,0.0 -99.338979,36.866162,0.0 -99.337002,36.864974,0.0 -99.333074,36.864046,0.0 -99.330252,36.862972,0.0 -99.326595,36.859299,0.0 -99.324779,36.858119,0.0 -99.322109,36.857214,0.0 -99.314288,36.856191,0.0 -99.313752,36.855495,0.0 -99.313423,36.853917,0.0 -99.315936,36.851832,0.0 -99.318246,36.85002,0.0 -99.318832,36.848134,0.0 -99.318037,36.845722,0.0 -99.317419,36.842331,0.0 -99.316547,36.840518,0.0 -99.313737,36.837184,0.0 -99.31075,36.834717,0.0 -99.309756,36.83012,0.0 -99.308433,36.828882,0.0 -99.303506,36.8264,0.0 -99.299082,36.823909,0.0 -99.296851,36.821959,0.0 -99.295186,36.819566,0.0 -99.294944,36.772321,0.0 -99.295399,36.681525,0.0 -99.295283,36.638221,0.0 -99.295339,36.596455,0.0 -99.295193,36.595122,0.0 -99.299922,36.59499,0.0 -99.299647,36.565174,0.0 -99.299443,36.536185,0.0 -99.299527,36.507372,0.0 -99.299749,36.507272,0.0 -99.33547,36.506649,0.0 -99.334856,36.477704,0.0 -99.335457,36.477353,0.0 -99.335509,36.455976,0.0 -99.355941,36.455748,0.0 -99.35829,36.455579,0.0 -99.390434,36.455203,0.0 -99.390594,36.446062,0.0 -99.390601,36.44465,0.0 -99.391503,36.44462,0.0 -99.395917,36.444646,0.0 -99.396462,36.444834,0.0 -99.397625,36.445496,0.0 -99.409179,36.44801,0.0 -99.409527,36.447992,0.0 -99.415272,36.447975,0.0 -99.436243,36.447963,0.0 -99.429731,36.436054,0.0 -99.428428,36.434538,0.0 -99.428355,36.433519,0.0 -99.443419,36.433585,0.0 -99.443478,36.426274,0.0 -99.443591,36.419074,0.0 -99.425419,36.419055,0.0 -99.425427,36.412036,0.0 -99.42544,36.404847,0.0 -99.416413,36.40468,0.0 -99.407397,36.404523,0.0 -99.398384,36.404541,0.0 -99.389428,36.404561,0.0 -99.370625,36.405015,0.0 -99.368712,36.403225,0.0 -99.368566,36.403085,0.0 -99.368487,36.403015,0.0 -99.368407,36.402945,0.0 -99.356343,36.392581,0.0 -99.353961,36.390761,0.0 -99.345051,36.386479,0.0 -99.34188,36.385294,0.0 -99.336123,36.382607,0.0 -99.324439,36.37686,0.0 -99.322757,36.377024,0.0 -99.264122,36.37728,0.0 -99.246337,36.377156,0.0 -99.245985,36.377281,0.0 -99.229081,36.377302,0.0 -99.228531,36.341061,0.0 -99.228529,36.333857,0.0 -99.210615,36.333809,0.0 -99.21086,36.319583,0.0 -99.192871,36.319184,0.0 -99.192869,36.315778,0.0 -99.181239,36.315694,0.0 -99.179538,36.314342,0.0 -99.181127,36.316522,0.0 -99.179822,36.317241,0.0 -99.17719,36.319079,0.0 -99.177022,36.321483,0.0 -99.176399,36.323335,0.0 -99.174124,36.324256,0.0 -99.171052,36.324911,0.0 -99.168606,36.32841,0.0 -99.166478,36.329076,0.0 -99.164866,36.328843,0.0 -99.163494,36.327703,0.0 -99.164997,36.321228,0.0 -99.163204,36.31773,0.0 -99.161139,36.317319,0.0 -99.159681,36.31621,0.0 -99.159935,36.314266,0.0 -99.158808,36.313317,0.0 -99.154798,36.312296,0.0 -99.153699,36.312451,0.0 -99.150362,36.314359,0.0 -99.149414,36.315384,0.0 -99.14675,36.321248,0.0 -99.144318,36.32207,0.0 -99.142319,36.320407,0.0 -99.140802,36.317775,0.0 -99.135586,36.31525,0.0 -99.134788,36.313221,0.0 -99.135742,36.309762,0.0 -99.140774,36.305724,0.0 -99.140492,36.304111,0.0 -99.137576,36.302826,0.0 -99.134546,36.303952,0.0 -99.132114,36.303719,0.0 -99.12999,36.302936,0.0 -99.127485,36.300729,0.0 -99.12499,36.300488,0.0 -99.123068,36.301591,0.0 -99.11973,36.301732,0.0 -99.117466,36.302655,0.0 -99.114272,36.30281,0.0 -99.112433,36.299928,0.0 -99.112153,36.29825,0.0 -99.109824,36.295876,0.0 -99.107549,36.295291,0.0 -99.10325,36.292433,0.0 -99.102822,36.289392,0.0 -99.106197,36.288763,0.0 -99.108013,36.287621,0.0 -99.108287,36.286007,0.0 -99.10602,36.282466,0.0 -99.103951,36.281203,0.0 -99.101008,36.280682,0.0 -99.09724,36.28125,0.0 -99.093774,36.281107,0.0 -99.089182,36.279029,0.0 -99.086226,36.276112,0.0 -99.084144,36.272355,0.0 -99.084159,36.270117,0.0 -99.082745,36.268793,0.0 -99.081936,36.266698,0.0 -99.082711,36.265399,0.0 -99.081882,36.2636,0.0 -99.080642,36.262727,0.0 -99.07209,36.261221,0.0 -99.068568,36.258899,0.0 -99.067934,36.258008,0.0 -99.066809,36.251513,0.0 -99.065021,36.247957,0.0 -99.062938,36.244676,0.0 -99.061106,36.242929,0.0 -99.057938,36.242593,0.0 -99.053433,36.241345,0.0 -99.051628,36.239372,0.0 -99.051106,36.237492,0.0 -99.044405,36.232836,0.0 -99.04223,36.230656,0.0 -99.040484,36.231639,0.0 -99.037898,36.231349,0.0 -99.019809,36.231247,0.0 -99.013437,36.229508,0.0 -99.012067,36.229376,0.0 -99.008134,36.230945,0.0 -98.95596,36.230901,0.0 -98.955887,36.188333,0.0 -98.955862,36.171377,0.0 -98.955852,36.165981,0.0 -98.955849,36.161577,0.0 -98.938457,36.161374,0.0 -98.937518,36.16137,0.0 -98.929583,36.161325,0.0 -98.925128,36.161288,0.0 -98.923073,36.161271,0.0 -98.920438,36.161271,0.0 -98.89476,36.161217,0.0 -98.726454,36.16324,0.0 -98.726183,36.163297,0.0 -98.725784,36.163263,0.0 -98.66333,36.164554,0.0 -98.636899,36.164894,0.0 -98.619067,36.165372,0.0 -98.477164,36.164939,0.0 -98.441585,36.164927,0.0 -98.432659,36.16491,0.0 -98.388703,36.164898,0.0 -98.379764,36.164903,0.0 -98.371022,36.164927,0.0 -98.353019,36.164909,0.0 -98.317243,36.164875,0.0 -98.23032,36.164951,0.0 -98.210405,36.164889,0.0 -98.175309,36.16478,0.0 -98.166855,36.164767,0.0 -98.152334,36.164897,0.0 -98.148652,36.164722,0.0 -98.148582,36.164723,0.0 -98.139711,36.164804,0.0 -98.125346,36.164924,0.0 -98.121809,36.164794,0.0 -98.103904,36.164877,0.0 -98.097349,36.165039,0.0 -98.09523,36.165035,0.0 -98.095166,36.165035,0.0 -98.077521,36.16501,0.0 -98.077475,36.16501,0.0 -98.073041,36.165003,0.0 -98.068605,36.164997,0.0 -98.037529,36.164955,0.0 -98.032964,36.164989,0.0 -98.033034,36.181323,0.0 -98.033005,36.274816,0.0 -98.032913,36.296501,0.0 -98.032905,36.303715,0.0 -98.032894,36.307211,0.0 -98.032862,36.318167,0.0 -98.033016,36.354645,0.0 -98.033014,36.36177,0.0 -98.033011,36.376256,0.0 -98.033091,36.39107,0.0 -98.033088,36.405253,0.0 -98.015177,36.405258,0.0 -98.006244,36.405313,0.0 -97.979585,36.405289,0.0 -97.975126,36.405311,0.0 -97.961737,36.405356,0.0 -97.943763,36.405325,0.0 -97.944036,36.419812,0.0 -97.944046,36.427042,0.0 -97.944038,36.434309,0.0 -97.953138,36.434309,0.0 -97.961966,36.434321,0.0 -97.961987,36.441675,0.0 -97.961978,36.454682,0.0 -97.962044,36.46329,0.0 -97.961635,36.463294,0.0 -97.961913,36.463648,0.0 -97.959689,36.466259,0.0 -97.958928,36.468683,0.0 -97.960119,36.470507,0.0 -97.960038,36.473227,0.0 -97.961821,36.47338,0.0 -97.961705,36.474908,0.0 -97.962761,36.4766,0.0 -97.961927,36.47787,0.0 -97.961419,36.514114,0.0 -97.961445,36.535525,0.0 -97.961643,36.593336,0.0 -97.96177,36.593552,0.0 -98.018674,36.593561,0.0 -98.028394,36.593528,0.0 -98.037423,36.593502,0.0 -98.068847,36.593506,0.0 -98.077873,36.593527,0.0 -98.104286,36.593578,0.0 -98.109311,36.593588,0.0 -98.109428,36.664981,0.0 -98.109647,36.666078,0.0 -98.110195,36.749189,0.0 -98.109846,36.750858,0.0 -98.109922,36.764331,0.0 -98.110015,36.764894,0.0 -98.110473,36.767649,0.0 -98.110182,36.796715,0.0 -98.110189,36.797571,0.0 -98.110169,36.811216,0.0 -98.109757,36.814032,0.0 -98.10965,36.840818,0.0 -98.109612,36.898277,0.0 -98.109576,36.942038,0.0 -98.111481,36.942041,0.0 -98.111542,36.949335,0.0 -98.111985,36.998133,0.0 -98.1281777220003,36.9981462401652,0.0 -98.1463112238645,36.9981610672313,0.0 -98.147452,36.998162,0.0 -98.177596,36.998009,0.0 -98.177722572632,36.9980089503993,0.0 -98.1903680175914,36.998003994964,0.0 -98.208218,36.997997,0.0 -98.219499,36.997824,0.0 -98.237712,36.997972,0.0 -98.2917921267673,36.9979670145537,0.0 -98.346188,36.997962,0.0 -98.3471489755077,36.9979618781261,0.0 -98.354073,36.997961,0.0 -98.408991,36.998513,0.0 -98.418268,36.998538,0.0 -98.420209,36.998516,0.0 -98.4764037804055,36.9987328220673,0.0 -98.5446600848551,36.9989961823461,0.0 -98.544872,36.998997,0.0 -98.6222650058374,36.9990257418024,0.0 -98.6518419384536,36.9990367259262,0.0 -98.714512,36.99906,0.0 -98.718465,36.99918,0.0 -98.761597,36.999425,0.0 -98.791936,36.999255,0.0 -98.793711,36.999227,0.0 -98.797452,36.999229,0.0 -98.8118320432389,36.9992403846753,0.0 -98.869449,36.999286,0.0 -98.880009,36.999263,0.0 -98.88058,36.999309,0.0 -98.9860503090387,36.9994795454461,0.0 -98.994371,36.999493,0.0 -99.0003029130325,36.9995103040991,0.0 -99.0136679087193,36.9995492913885,0.0 -99.029337,36.999595,0.0 -99.049695,36.999221,0.0 -99.124883,36.99942,0.0 -99.129449,36.999422,0.0 -99.2154330378231,36.9995256118126,0.0 -99.24812,36.999565,0.0 -99.277506,36.999579,0.0 -99.375391,37.000177,0.0 -99.3966738001589,36.9997745488713,0.0 -99.407015,36.999579,0.0 -99.456203,36.999471,0.0</coordinates>
</LinearRing>
</outerBoundaryIs>
</Polygon>
</Placemark>
<Placemark id="cb_2023_40_sldl_500k">
<name>&lt;at&gt;&lt;openparen&gt;40059&lt;closeparen&gt;</name>
<visibility>1</visibility>
<description><![CDATA[<center><table><tr><th colspan='2' align='center'><em>Attributes</em></th></tr><tr bgcolor="#E3E3F3">
<th>STATEFP</th>
<td>40</td>
</tr><tr bgcolor="">
<th>SLDLST</th>
<td>059</td>
</tr><tr bgcolor="#E3E3F3">
<th>GEOIDFQ</th>
<td>620L800US40059</td>
</tr><tr bgcolor="">
<th>GEOID</th>
<td>40059</td>
</tr><tr bgcolor="#E3E3F3">
<th>NAME</th>
<td>59</td>
</tr><tr bgcolor="">
<th>NAMELSAD</th>
<td>State House District 59</td>
</tr><tr bgcolor="#E3E3F3">
<th>STUSPS</th>
<td>OK</td>
</tr><tr bgcolor="">
<th>STATE_NAME</th>
<td>Oklahoma</td>
</tr><tr bgcolor="#E3E3F3">
<th>LSAD</th>
<td>LL</td>
</tr><tr bgcolor="">
<th>LSY</th>
<td>2022</td>
</tr><tr bgcolor="#E3E3F3">
<th>ALAND</th>
<td>8125264588</td>
</tr><tr bgcolor="">
<th>AWATER</th>
<td>67934706</td>
</tr></table></center>]]></description>
<LookAt>
<longitude>-102</longitude>
<latitude>38.5</latitude>
<range>7000000</range>
<tilt>10</tilt>
<heading>0</heading>
</LookAt>
<styleUrl>#KMLStyler</styleUrl>
<ExtendedData>
<SchemaData schemaUrl="#kml_schema_ft_cb_2023_40_sldl_500k">
<SimpleData name="STATEFP">40</SimpleData>
<SimpleData name="SLDLST">059</SimpleData>
<SimpleData name="GEOIDFQ">620L800US40059</SimpleData>
<SimpleData name="GEOID">40059</SimpleData>
<SimpleData name="NAME">59</SimpleData>
<SimpleData name="NAMELSAD">State House District 59</SimpleData>
<SimpleData name="STUSPS">OK</SimpleData>
<SimpleData name="STATE_NAME">Oklahoma</SimpleData>
<SimpleData name="LSAD">LL</SimpleData>
<SimpleData name="LSY">2022</SimpleData>
<SimpleData name="ALAND">8125264588</SimpleData>
<SimpleData name="AWATER">67934706</SimpleData>
</SchemaData>
</ExtendedData>
<Polygon>
<extrude>0</extrude>
<tessellate>1</tessellate>
<altitudeMode>clampToGround</altitudeMode>
<outerBoundaryIs>
<LinearRing>
<coordinates>-99.480004,36.383796,0.0 -99.479995,36.376542,0.0 -99.479649,36.333488,0.0 -99.461326,36.333334,0.0 -99.44363,36.33313,0.0 -99.407172,36.332751,0.0 -99.405715,36.332849,0.0 -99.389476,36.332724,0.0 -99.389754,36.304157,0.0 -99.389627,36.246733,0.0 -99.381865,36.246862,0.0 -99.381824,36.24667,0.0 -99.381896,36.202815,0.0 -99.382074,36.164301,0.0 -99.381901,36.098691,0.0 -99.382205,36.097196,0.0 -99.381022,36.012925,0.0 -99.381019,36.012726,0.0 -99.380946,35.971363,0.0 -99.380891,35.948253,0.0 -99.381119,35.946582,0.0 -99.381191,35.898881,0.0 -99.376018,35.898893,0.0 -99.375817,35.812188,0.0 -99.359811,35.812158,0.0 -99.35919,35.812134,0.0 -99.217071,35.81234,0.0 -99.163643,35.812412,0.0 -99.14619,35.812402,0.0 -99.128375,35.812383,0.0 -99.110641,35.812412,0.0 -99.075111,35.812352,0.0 -99.018623,35.812354,0.0 -99.017333,35.812092,0.0 -99.01483,35.81239,0.0 -99.011267,35.812302,0.0 -98.882765,35.812461,0.0 -98.88107,35.81261,0.0 -98.84458,35.81271,0.0 -98.832586,35.812621,0.0 -98.830977,35.812465,0.0 -98.723217,35.812108,0.0 -98.709097,35.81244,0.0 -98.702502,35.812518,0.0 -98.702059,35.812471,0.0 -98.667602,35.81246,0.0 -98.649765,35.812455,0.0 -98.631985,35.812402,0.0 -98.632204,35.74481,0.0 -98.627275,35.743134,0.0 -98.625284,35.743244,0.0 -98.619224,35.740735,0.0 -98.615349,35.737461,0.0 -98.613344,35.733153,0.0 -98.613989,35.729497,0.0 -98.611354,35.730185,0.0 -98.610039,35.730378,0.0 -98.605578,35.732688,0.0 -98.60272,35.732195,0.0 -98.596717,35.733812,0.0 -98.596361,35.725242,0.0 -98.454939,35.725206,0.0 -98.419408,35.72527,0.0 -98.419413,35.724264,0.0 -98.416231,35.724516,0.0 -98.410152,35.724014,0.0 -98.406152,35.722572,0.0 -98.403843,35.723054,0.0 -98.403407,35.725198,0.0 -98.38458,35.725305,0.0 -98.379851,35.725166,0.0 -98.379175,35.725135,0.0 -98.378662,35.725074,0.0 -98.378026,35.724967,0.0 -98.3756,35.724222,0.0 -98.373461,35.722945,0.0 -98.372068,35.721549,0.0 -98.364917,35.710751,0.0 -98.313196,35.710716,0.0 -98.313155,35.724741,0.0 -98.207104,35.725187,0.0 -98.207104,35.72514,0.0 -98.193546,35.725132,0.0 -98.162528,35.725093,0.0 -98.144836,35.725314,0.0 -98.120776,35.725317,0.0 -98.118447,35.725318,0.0 -98.092148,35.725371,0.0 -97.986156,35.725626,0.0 -97.968924,35.725895,0.0 -97.958986,35.726066,0.0 -97.869847,35.725996,0.0 -97.834102,35.725899,0.0 -97.82536,35.725866,0.0 -97.816214,35.725839,0.0 -97.807306,35.725778,0.0 -97.789584,35.725704,0.0 -97.780558,35.725722,0.0 -97.780625,35.783761,0.0 -97.788181,35.783793,0.0 -97.787627,35.785102,0.0 -97.786298,35.786091,0.0 -97.785475,35.785536,0.0 -97.783559,35.787387,0.0 -97.78103,35.787073,0.0 -97.77846,35.788562,0.0 -97.77703,35.788809,0.0 -97.77736,35.789836,0.0 -97.776037,35.790996,0.0 -97.774896,35.792941,0.0 -97.777965,35.794271,0.0 -97.773735,35.795413,0.0 -97.772553,35.797292,0.0 -97.772702,35.798206,0.0 -97.780645,35.798325,0.0 -97.780708,35.827283,0.0 -97.780701,35.841762,0.0 -97.763062,35.84202,0.0 -97.761155,35.841807,0.0 -97.760472,35.84179,0.0 -97.674348,35.842236,0.0 -97.674388,35.860431,0.0 -97.674391,35.861013,0.0 -97.674508,35.871164,0.0 -97.674528,35.898501,0.0 -97.675408,35.898504,0.0 -97.675683,35.956568,0.0 -97.675688,36.000184,0.0 -97.675681,36.04377,0.0 -97.675634,36.04402,0.0 -97.675562,36.072656,0.0 -97.675534,36.07278,0.0 -97.675727,36.149924,0.0 -97.675617,36.164663,0.0 -97.675393,36.289244,0.0 -97.67535,36.325574,0.0 -97.67535,36.347038,0.0 -97.738216,36.346847,0.0 -97.783089,36.347042,0.0 -97.783023,36.361541,0.0 -97.836843,36.361724,0.0 -97.836862,36.376251,0.0 -97.845763,36.376183,0.0 -97.854671,36.376208,0.0 -97.85479,36.376208,0.0 -97.872624,36.37614,0.0 -97.872623,36.376034,0.0 -97.872646,36.376032,0.0 -97.872717,36.376029,0.0 -97.872741,36.376028,0.0 -97.872794,36.376027,0.0 -97.882301,36.376152,0.0 -97.882072,36.376803,0.0 -97.88639,36.376101,0.0 -97.890063,36.37643,0.0 -97.907876,36.376283,0.0 -97.925728,36.376328,0.0 -97.925845,36.390859,0.0 -97.925836,36.398061,0.0 -97.925877,36.405294,0.0 -97.943763,36.405325,0.0 -97.961737,36.405356,0.0 -97.975126,36.405311,0.0 -97.979585,36.405289,0.0 -98.006244,36.405313,0.0 -98.015177,36.405258,0.0 -98.033088,36.405253,0.0 -98.033091,36.39107,0.0 -98.033011,36.376256,0.0 -98.033014,36.36177,0.0 -98.033016,36.354645,0.0 -98.032862,36.318167,0.0 -98.032894,36.307211,0.0 -98.032905,36.303715,0.0 -98.032913,36.296501,0.0 -98.033005,36.274816,0.0 -98.033034,36.181323,0.0 -98.032964,36.164989,0.0 -98.037529,36.164955,0.0 -98.068605,36.164997,0.0 -98.073041,36.165003,0.0 -98.077475,36.16501,0.0 -98.077521,36.16501,0.0 -98.095166,36.165035,0.0 -98.09523,36.165035,0.0 -98.097349,36.165039,0.0 -98.103904,36.164877,0.0 -98.121809,36.164794,0.0 -98.125346,36.164924,0.0 -98.139711,36.164804,0.0 -98.148582,36.164723,0.0 -98.148652,36.164722,0.0 -98.152334,36.164897,0.0 -98.166855,36.164767,0.0 -98.175309,36.16478,0.0 -98.210405,36.164889,0.0 -98.23032,36.164951,0.0 -98.317243,36.164875,0.0 -98.353019,36.164909,0.0 -98.371022,36.164927,0.0 -98.379764,36.164903,0.0 -98.388703,36.164898,0.0 -98.432659,36.16491,0.0 -98.441585,36.164927,0.0 -98.477164,36.164939,0.0 -98.619067,36.165372,0.0 -98.636899,36.164894,0.0 -98.66333,36.164554,0.0 -98.725784,36.163263,0.0 -98.726183,36.163297,0.0 -98.726454,36.16324,0.0 -98.89476,36.161217,0.0 -98.920438,36.161271,0.0 -98.923073,36.161271,0.0 -98.925128,36.161288,0.0 -98.929583,36.161325,0.0 -98.937518,36.16137,0.0 -98.938457,36.161374,0.0 -98.955849,36.161577,0.0 -98.955852,36.165981,0.0 -98.955862,36.171377,0.0 -98.955887,36.188333,0.0 -98.95596,36.230901,0.0 -99.008134,36.230945,0.0 -99.012067,36.229376,0.0 -99.013437,36.229508,0.0 -99.019809,36.231247,0.0 -99.037898,36.231349,0.0 -99.040484,36.231639,0.0 -99.04223,36.230656,0.0 -99.044405,36.232836,0.0 -99.051106,36.237492,0.0 -99.051628,36.239372,0.0 -99.053433,36.241345,0.0 -99.057938,36.242593,0.0 -99.061106,36.242929,0.0 -99.062938,36.244676,0.0 -99.065021,36.247957,0.0 -99.066809,36.251513,0.0 -99.067934,36.258008,0.0 -99.068568,36.258899,0.0 -99.07209,36.261221,0.0 -99.080642,36.262727,0.0 -99.081882,36.2636,0.0 -99.082711,36.265399,0.0 -99.081936,36.266698,0.0 -99.082745,36.268793,0.0 -99.084159,36.270117,0.0 -99.084144,36.272355,0.0 -99.086226,36.276112,0.0 -99.089182,36.279029,0.0 -99.093774,36.281107,0.0 -99.09724,36.28125,0.0 -99.101008,36.280682,0.0 -99.103951,36.281203,0.0 -99.10602,36.282466,0.0 -99.108287,36.286007,0.0 -99.108013,36.287621,0.0 -99.106197,36.288763,0.0 -99.102822,36.289392,0.0 -99.10325,36.292433,0.0 -99.107549,36.295291,0.0 -99.109824,36.295876,0.0 -99.112153,36.29825,0.0 -99.112433,36.299928,0.0 -99.114272,36.30281,0.0 -99.117466,36.302655,0.0 -99.11973,36.301732,0.0 -99.123068,36.301591,0.0 -99.12499,36.300488,0.0 -99.127485,36.300729,0.0 -99.12999,36.302936,0.0 -99.132114,36.303719,0.0 -99.134546,36.303952,0.0 -99.137576,36.302826,0.0 -99.140492,36.304111,0.0 -99.140774,36.305724,0.0 -99.135742,36.309762,0.0 -99.134788,36.313221,0.0 -99.135586,36.31525,0.0 -99.140802,36.317775,0.0 -99.142319,36.320407,0.0 -99.144318,36.32207,0.0 -99.14675,36.321248,0.0 -99.149414,36.315384,0.0 -99.150362,36.314359,0.0 -99.153699,36.312451,0.0 -99.154798,36.312296,0.0 -99.158808,36.313317,0.0 -99.159935,36.314266,0.0 -99.159681,36.31621,0.0 -99.161139,36.317319,0.0 -99.163204,36.31773,0.0 -99.164997,36.321228,0.0 -99.163494,36.327703,0.0 -99.164866,36.328843,0.0 -99.166478,36.329076,0.0 -99.168606,36.32841,0.0 -99.171052,36.324911,0.0 -99.174124,36.324256,0.0 -99.176399,36.323335,0.0 -99.177022,36.321483,0.0 -99.17719,36.319079,0.0 -99.179822,36.317241,0.0 -99.181127,36.316522,0.0 -99.179538,36.314342,0.0 -99.181239,36.315694,0.0 -99.192869,36.315778,0.0 -99.192871,36.319184,0.0 -99.21086,36.319583,0.0 -99.210615,36.333809,0.0 -99.228529,36.333857,0.0 -99.228531,36.341061,0.0 -99.229081,36.377302,0.0 -99.245985,36.377281,0.0 -99.246337,36.377156,0.0 -99.264122,36.37728,0.0 -99.322757,36.377024,0.0 -99.324439,36.37686,0.0 -99.336123,36.382607,0.0 -99.34188,36.385294,0.0 -99.345051,36.386479,0.0 -99.353961,36.390761,0.0 -99.356343,36.392581,0.0 -99.368407,36.402945,0.0 -99.368487,36.403015,0.0 -99.368566,36.403085,0.0 -99.368712,36.403225,0.0 -99.370625,36.405015,0.0 -99.389428,36.404561,0.0 -99.398384,36.404541,0.0 -99.407397,36.404523,0.0 -99.416413,36.40468,0.0 -99.42544,36.404847,0.0 -99.425427,36.412036,0.0 -99.425419,36.419055,0.0 -99.443591,36.419074,0.0 -99.443478,36.426274,0.0 -99.443419,36.433585,0.0 -99.461537,36.433629,0.0 -99.479652,36.433754,0.0 -99.47978,36.419554,0.0 -99.479892,36.405248,0.0 -99.480004,36.383796,0.0</coordinates>
</LinearRing>
</outerBoundaryIs>
</Polygon>
</Placemark>
<Placemark id="cb_2023_40_sldl_500k">
<name>&lt;at&gt;&lt;openparen&gt;40060&lt;closeparen&gt;</name>
<visibility>1</visibility>
<description><![CDATA[<center><table><tr><th colspan='2' align='center'><em>Attributes</em></th></tr><tr bgcolor="#E3E3F3">
<th>STATEFP</th>
<td>40</td>
</tr><tr bgcolor="">
<th>SLDLST</th>
<td>060</td>
</tr><tr bgcolor="#E3E3F3">
<th>GEOIDFQ</th>
<td>620L800US40060</td>
</tr><tr bgcolor="">
<th>GEOID</th>
<td>40060</td>
</tr><tr bgcolor="#E3E3F3">
<th>NAME</th>
<td>60</td>
</tr><tr bgcolor="">
<th>NAMELSAD</th>
<td>State House District 60</td>
</tr><tr bgcolor="#E3E3F3">
<th>STUSPS</th>
<td>OK</td>
</tr><tr bgcolor="">
<th>STATE_NAME</th>
<td>Oklahoma</td>
</tr><tr bgcolor="#E3E3F3">
<th>LSAD</th>
<td>LL</td>
</tr><tr bgcolor="">
<th>LSY</th>
<td>2022</td>
</tr><tr bgcolor="#E3E3F3">
<th>ALAND</th>
<td>357910547</td>
</tr><tr bgcolor="">
<th>AWATER</th>
<td>6207051</td>
</tr></table></center>]]></description>
<LookAt>
<longitude>-102</longitude>
<latitude>38.5</latitude>
<range>7000000</range>
<tilt>10</tilt>
<heading>0</heading>
</LookAt>
<styleUrl>#KMLStyler</styleUrl>
<ExtendedData>
<SchemaData schemaUrl="#kml_schema_ft_cb_2023_40_sldl_500k">
<SimpleData name="STATEFP">40</SimpleData>
<SimpleData name="SLDLST">060</SimpleData>
<SimpleData name="GEOIDFQ">620L800US40060</SimpleData>
<SimpleData name="GEOID">40060</SimpleData>
<SimpleData name="NAME">60</SimpleData>
<SimpleData name="NAMELSAD">State House District 60</SimpleData>
<SimpleData name="STUSPS">OK</SimpleData>
<SimpleData name="STATE_NAME">Oklahoma</SimpleData>
<SimpleData name="LSAD">LL</SimpleData>
<SimpleData name="LSY">2022</SimpleData>
<SimpleData name="ALAND">357910547</SimpleData>
<SimpleData name="AWATER">6207051</SimpleData>
</SchemaData>
</ExtendedData>
<Polygon>
<extrude>0</extrude>
<tessellate>1</tessellate>
<altitudeMode>clampToGround</altitudeMode>
<outerBoundaryIs>
<LinearRing>
<coordinates>-97.959223,35.568735,0.0 -97.959101,35.567685,0.0 -97.958594,35.56579,0.0 -97.957328,35.563124,0.0 -97.955785,35.559721,0.0 -97.955304,35.557893,0.0 -97.954956,35.555453,0.0 -97.954908,35.551293,0.0 -97.954905,35.549281,0.0 -97.954899,35.547525,0.0 -97.95489,35.544928,0.0 -97.9549,35.536816,0.0 -97.954915,35.53228,0.0 -97.952681,35.531379,0.0 -97.952659,35.529574,0.0 -97.952588,35.522301,0.0 -97.954838,35.522306,0.0 -97.95489,35.509718,0.0 -97.954886,35.507845,0.0 -97.954876,35.506587,0.0 -97.954874,35.504324,0.0 -97.954822,35.471507,0.0 -97.954782,35.464573,0.0 -97.928192,35.464639,0.0 -97.928193,35.464512,0.0 -97.91934,35.464524,0.0 -97.883897,35.464488,0.0 -97.875255,35.464499,0.0 -97.830914,35.464468,0.0 -97.83087,35.449777,0.0 -97.821912,35.449758,0.0 -97.821829,35.449758,0.0 -97.777685,35.449849,0.0 -97.7691,35.449876,0.0 -97.760278,35.449904,0.0 -97.760254,35.464386,0.0 -97.76024,35.471569,0.0 -97.760274,35.47893,0.0 -97.760245,35.483697,0.0 -97.760289,35.483855,0.0 -97.76032,35.484492,0.0 -97.760321,35.485355,0.0 -97.760147,35.485321,0.0 -97.760134,35.486635,0.0 -97.760131,35.487059,0.0 -97.76022,35.489155,0.0 -97.760214,35.493434,0.0 -97.760264,35.50067,0.0 -97.760219,35.507879,0.0 -97.752165,35.507881,0.0 -97.743809,35.507869,0.0 -97.742521,35.507718,0.0 -97.74252,35.507855,0.0 -97.741318,35.507731,0.0 -97.738672,35.507737,0.0 -97.733602,35.507749,0.0 -97.73252,35.507741,0.0 -97.726119,35.507789,0.0 -97.724705,35.508009,0.0 -97.724689,35.50766,0.0 -97.724148,35.507766,0.0 -97.715724,35.507865,0.0 -97.715776,35.493379,0.0 -97.7068,35.493329,0.0 -97.706793,35.478846,0.0 -97.706811,35.471384,0.0 -97.706875,35.460934,0.0 -97.706913,35.449634,0.0 -97.689249,35.449612,0.0 -97.689196,35.453238,0.0 -97.689097,35.460297,0.0 -97.689038,35.464261,0.0 -97.671539,35.464209,0.0 -97.671533,35.471354,0.0 -97.671465,35.478745,0.0 -97.671457,35.485839,0.0 -97.671485,35.486073,0.0 -97.671507,35.492955,0.0 -97.671491,35.507448,0.0 -97.671483,35.514918,0.0 -97.671467,35.53002,0.0 -97.671458,35.537369,0.0 -97.671443,35.551112,0.0 -97.672483,35.551114,0.0 -97.674047,35.551133,0.0 -97.674042,35.557309,0.0 -97.674052,35.565697,0.0 -97.674048,35.569321,0.0 -97.674047,35.570468,0.0 -97.674044,35.572967,0.0 -97.674043,35.573501,0.0 -97.674041,35.573656,0.0 -97.674039,35.576604,0.0 -97.674035,35.58028,0.0 -97.674036,35.587956,0.0 -97.674036,35.594759,0.0 -97.674036,35.594822,0.0 -97.691799,35.594962,0.0 -97.709417,35.59463,0.0 -97.709451,35.58895,0.0 -97.709506,35.580102,0.0 -97.718273,35.580114,0.0 -97.719613,35.580124,0.0 -97.718918,35.579568,0.0 -97.718903,35.569019,0.0 -97.721628,35.565617,0.0 -97.727279,35.565594,0.0 -97.727279,35.578919,0.0 -97.730935,35.580077,0.0 -97.745234,35.580079,0.0 -97.745217,35.601882,0.0 -97.745218,35.604525,0.0 -97.788926,35.623658,0.0 -97.798388,35.627752,0.0 -97.798389,35.628124,0.0 -97.82323,35.638492,0.0 -97.834128,35.642576,0.0 -97.833866,35.623827,0.0 -97.833885,35.60926,0.0 -97.833871,35.580226,0.0 -97.869798,35.580366,0.0 -97.87838,35.580322,0.0 -97.949647,35.580372,0.0 -97.959101,35.580379,0.0 -97.959223,35.568735,0.0</coordinates>
</LinearRing>
</outerBoundaryIs>
</Polygon>
</Placemark>
<Placemark id="cb_2023_40_sldl_500k">
<name>&lt;at&gt;&lt;openparen&gt;40061&lt;closeparen&gt;</name>
<visibility>1</visibility>
<description><![CDATA[<center><table><tr><th colspan='2' align='center'><em>Attributes</em></th></tr><tr bgcolor="#E3E3F3">
<th>STATEFP</th>
<td>40</td>
</tr><tr bgcolor="">
<th>SLDLST</th>
<td>061</td>
</tr><tr bgcolor="#E3E3F3">
<th>GEOIDFQ</th>
<td>620L800US40061</td>
</tr><tr bgcolor="">
<th>GEOID</th>
<td>40061</td>
</tr><tr bgcolor="#E3E3F3">
<th>NAME</th>
<td>61</td>
</tr><tr bgcolor="">
<th>NAMELSAD</th>
<td>State House District 61</td>
</tr><tr bgcolor="#E3E3F3">
<th>STUSPS</th>
<td>OK</td>
</tr><tr bgcolor="">
<th>STATE_NAME</th>
<td>Oklahoma</td>
</tr><tr bgcolor="#E3E3F3">
<th>LSAD</th>
<td>LL</td>
</tr><tr bgcolor="">
<th>LSY</th>
<td>2022</td>
</tr><tr bgcolor="#E3E3F3">
<th>ALAND</th>
<td>21543745061</td>
</tr><tr bgcolor="">
<th>AWATER</th>
<td>55687828</td>
</tr></table></center>]]></description>
<LookAt>
<longitude>-102</longitude>
<latitude>38.5</latitude>
<range>7000000</range>
<tilt>10</tilt>
<heading>0</heading>
</LookAt>
<styleUrl>#KMLStyler</styleUrl>
<ExtendedData>
<SchemaData schemaUrl="#kml_schema_ft_cb_2023_40_sldl_500k">
<SimpleData name="STATEFP">40</SimpleData>
<SimpleData name="SLDLST">061</SimpleData>
<SimpleData name="GEOIDFQ">620L800US40061</SimpleData>
<SimpleData name="GEOID">40061</SimpleData>
<SimpleData name="NAME">61</SimpleData>
<SimpleData name="NAMELSAD">State House District 61</SimpleData>
<SimpleData name="STUSPS">OK</SimpleData>
<SimpleData name="STATE_NAME">Oklahoma</SimpleData>
<SimpleData name="LSAD">LL</SimpleData>
<SimpleData name="LSY">2022</SimpleData>
<SimpleData name="ALAND">21543745061</SimpleData>
<SimpleData name="AWATER">55687828</SimpleData>
</SchemaData>
</ExtendedData>
<Polygon>
<extrude>0</extrude>
<tessellate>1</tessellate>
<altitudeMode>clampToGround</altitudeMode>
<outerBoundaryIs>
<LinearRing>
<coordinates>-103.002565,36.526588,0.0 -103.002434,36.500397,0.0 -102.792202179535,36.5003891720217,0.0 -102.570696000934,36.5003809242428,0.0 -102.382613575418,36.5003739209968,0.0 -102.250453,36.500369,0.0 -102.24499,36.500704,0.0 -102.162463,36.500326,0.0 -102.1438,36.5003249915435,0.0 -102.12545,36.500324,0.0 -102.122066,36.500684,0.0 -102.032339034056,36.5006100932816,0.0 -101.931657648976,36.5005271635772,0.0 -101.930245,36.500526,0.0 -101.914828339439,36.5003963382715,0.0 -101.826565,36.499654,0.0 -101.826498,36.499535,0.0 -101.814493093514,36.4995797197465,0.0 -101.78811,36.499678,0.0 -101.787183,36.4996840486213,0.0 -101.783359,36.499709,0.0 -101.781987,36.499718,0.0 -101.78061,36.499727,0.0 -101.779435,36.499734,0.0 -101.778134001578,36.4997337773565,0.0 -101.773235947556,36.499732939139,0.0 -101.751677321421,36.4997292497519,0.0 -101.709314,36.499722,0.0 -101.698685,36.499508,0.0 -101.690633999473,36.4995196351698,0.0 -101.672774979829,36.4995454447231,0.0 -101.653708,36.499573,0.0 -101.649966,36.499573,0.0 -101.623915,36.499528,0.0 -101.583013007148,36.4995064390312,0.0 -101.366842098845,36.4993924872681,0.0 -101.204790103731,36.4993070636063,0.0 -101.085156,36.499244,0.0 -101.052418,36.499563,0.0 -101.045331,36.49954,0.0 -100.977088,36.499595,0.0 -100.954152945903,36.4995989128779,0.0 -100.936058,36.499602,0.0 -100.918513,36.499621,0.0 -100.884174,36.499682,0.0 -100.88408,36.499682,0.0 -100.859657,36.499687,0.0 -100.85084,36.4997,0.0 -100.824236,36.499618,0.0 -100.824218,36.499618,0.0 -100.80619,36.499674,0.0 -100.806172,36.499634,0.0 -100.806126905829,36.4996338203419,0.0 -100.802909,36.499621,0.0 -100.802886,36.499621,0.0 -100.761811,36.499618,0.0 -100.761811,36.49958,0.0 -100.724362,36.49958,0.0 -100.724361,36.499558,0.0 -100.708626,36.499553,0.0 -100.708628,36.499521,0.0 -100.657763,36.499483,0.0 -100.657763,36.4995,0.0 -100.648343,36.499495,0.0 -100.648344,36.499463,0.0 -100.612161000742,36.4994668955319,0.0 -100.592614,36.499469,0.0 -100.592556,36.499469,0.0 -100.592551,36.499429,0.0 -100.583539,36.499483,0.0 -100.583379,36.499443,0.0 -100.578114,36.499463,0.0 -100.578114,36.499439,0.0 -100.546145,36.499343,0.0 -100.531215,36.499341,0.0 -100.531215,36.49929,0.0 -100.530478,36.49924,0.0 -100.530314,36.499357,0.0 -100.522227,36.499291,0.0 -100.522122998185,36.4992912550006,0.0 -100.489069748186,36.4993722978131,0.0 -100.486568034646,36.4993784317304,0.0 -100.450508913803,36.4994668445966,0.0 -100.441065,36.49949,0.0 -100.441064,36.499462,0.0 -100.433959,36.499456,0.0 -100.424473999828,36.4994492416276,0.0 -100.421328,36.499447,0.0 -100.421301,36.499488,0.0 -100.413634,36.499444,0.0 -100.41355,36.499469,0.0 -100.378634,36.499517,0.0 -100.378592,36.499445,0.0 -100.351852,36.499487,0.0 -100.351842,36.499473,0.0 -100.334464,36.49942,0.0 -100.334441,36.49944,0.0 -100.32415,36.499679,0.0 -100.311245,36.499631,0.0 -100.311018,36.499688,0.0 -100.310911387708,36.4996749222256,0.0 -100.310643,36.499642,0.0 -100.258247025541,36.4996383563863,0.0 -100.253333137412,36.4996380146747,0.0 -100.181221,36.499633,0.0 -100.090021,36.499634,0.0 -100.025724867049,36.4996827880047,0.0 -100.003761886524,36.4996994535481,0.0 -100.000406,36.499702,0.0 -100.000402433433,36.2734669993205,0.0 -100.000402224684,36.260225587313,0.0 -100.000401313985,36.202457999995,0.0 -100.000400703064,36.1637059999889,0.0 -100.000399,36.055677,0.0 -100.000398790976,36.0426410036671,0.0 -100.000396202899,35.8812329999967,0.0 -99.994823,35.881823,0.0 -99.988701,35.883602,0.0 -99.985436,35.884053,0.0 -99.981712,35.885375,0.0 -99.977238,35.88753,0.0 -99.97211,35.888776,0.0 -99.968711,35.890569,0.0 -99.967008,35.892102,0.0 -99.963759,35.896385,0.0 -99.959628,35.900036,0.0 -99.956163,35.901803,0.0 -99.949045,35.903909,0.0 -99.943287,35.906492,0.0 -99.93447,35.909492,0.0 -99.929955,35.911311,0.0 -99.925147,35.913664,0.0 -99.921178,35.919812,0.0 -99.918933,35.921811,0.0 -99.916444,35.923072,0.0 -99.909938,35.926974,0.0 -99.908392,35.928122,0.0 -99.905601,35.936727,0.0 -99.905704,35.939545,0.0 -99.907047,35.942338,0.0 -99.908737,35.942986,0.0 -99.910668,35.94444,0.0 -99.911276,35.946021,0.0 -99.912531,35.954986,0.0 -99.911447,35.961924,0.0 -99.910521,35.964132,0.0 -99.908271,35.966634,0.0 -99.905862,35.968129,0.0 -99.902242,35.971395,0.0 -99.895047,35.97712,0.0 -99.894418,35.978324,0.0 -99.894415,35.984128,0.0 -99.893372,35.985295,0.0 -99.888309,35.987847,0.0 -99.884338,35.988191,0.0 -99.882273,35.987842,0.0 -99.875394,35.987798,0.0 -99.874047,35.988003,0.0 -99.872273,35.98871,0.0 -99.868893,35.990927,0.0 -99.864517,35.995186,0.0 -99.860047,35.998829,0.0 -99.859832,35.999451,0.0 -99.855014,36.003685,0.0 -99.85154,36.005128,0.0 -99.847304,36.006078,0.0 -99.837948,36.006794,0.0 -99.830464,36.006327,0.0 -99.82356,36.00553,0.0 -99.817344,36.004345,0.0 -99.813814,36.003076,0.0 -99.811842,36.001878,0.0 -99.810355,36.000044,0.0 -99.809444,36.000044,0.0 -99.808903,35.997719,0.0 -99.807242,35.993635,0.0 -99.807403,35.991358,0.0 -99.804919,35.988447,0.0 -99.805659,35.986269,0.0 -99.805943,35.983823,0.0 -99.804408,35.980174,0.0 -99.802287,35.971603,0.0 -99.803355,35.969089,0.0 -99.804873,35.964097,0.0 -99.805779,35.962555,0.0 -99.807921,35.960342,0.0 -99.809765,35.953339,0.0 -99.80977,35.945488,0.0 -99.809225,35.943684,0.0 -99.807838,35.942632,0.0 -99.807213,35.940872,0.0 -99.810439,35.934144,0.0 -99.810708,35.931839,0.0 -99.810219,35.928909,0.0 -99.809136,35.927483,0.0 -99.804963,35.924608,0.0 -99.80306,35.922031,0.0 -99.802315,35.920391,0.0 -99.802012,35.912721,0.0 -99.801389,35.910645,0.0 -99.796473,35.906867,0.0 -99.789774,35.904248,0.0 -99.786947,35.901856,0.0 -99.78653,35.900284,0.0 -99.785347,35.899487,0.0 -99.781551,35.898586,0.0 -99.779103,35.896393,0.0 -99.778658,35.89364,0.0 -99.77699,35.889062,0.0 -99.774951,35.887334,0.0 -99.77234,35.886301,0.0 -99.76822,35.883841,0.0 -99.766996,35.882645,0.0 -99.763807,35.881412,0.0 -99.761084,35.880745,0.0 -99.759187,35.88088,0.0 -99.753292,35.882626,0.0 -99.750389,35.882729,0.0 -99.746429,35.881961,0.0 -99.742386,35.879687,0.0 -99.738381,35.875044,0.0 -99.729391,35.870291,0.0 -99.727821,35.868611,0.0 -99.7274,35.870309,0.0 -99.726087,35.867672,0.0 -99.723885,35.86568,0.0 -99.722709,35.86255,0.0 -99.717101,35.859769,0.0 -99.702717,35.85628,0.0 -99.693815,35.854501,0.0 -99.68792,35.85289,0.0 -99.685489,35.851749,0.0 -99.681409,35.85101,0.0 -99.677824,35.851008,0.0 -99.664425,35.851805,0.0 -99.653183,35.850123,0.0 -99.649969,35.849215,0.0 -99.642512,35.845825,0.0 -99.640452,35.845354,0.0 -99.634971,35.843104,0.0 -99.629657,35.842563,0.0 -99.624397,35.84296,0.0 -99.620556,35.841955,0.0 -99.617666,35.84286,0.0 -99.615148,35.844973,0.0 -99.610942,35.847454,0.0 -99.607181,35.850976,0.0 -99.605489,35.853189,0.0 -99.601795,35.855905,0.0 -99.596043,35.857232,0.0 -99.58757,35.857864,0.0 -99.583683,35.858853,0.0 -99.580626,35.858886,0.0 -99.577363,35.85959,0.0 -99.56807,35.862638,0.0 -99.561915,35.863374,0.0 -99.560717,35.863977,0.0 -99.558486,35.865988,0.0 -99.557784,35.868771,0.0 -99.556631,35.875046,0.0 -99.555055,35.878979,0.0 -99.550337,35.88484,0.0 -99.549715,35.886046,0.0 -99.549713,35.887218,0.0 -99.55214,35.894803,0.0 -99.551903,35.896337,0.0 -99.55067,35.898894,0.0 -99.549632,35.90022,0.0 -99.544393,35.902584,0.0 -99.538625,35.906762,0.0 -99.53594,35.908434,0.0 -99.53486,35.909629,0.0 -99.534175,35.9116,0.0 -99.531652,35.913374,0.0 -99.525692,35.918463,0.0 -99.524698,35.91987,0.0 -99.515306,35.925796,0.0 -99.513897,35.927671,0.0 -99.511702,35.934407,0.0 -99.511108,35.936813,0.0 -99.509243,35.939224,0.0 -99.50899,35.941367,0.0 -99.509273,35.943745,0.0 -99.508937,35.945855,0.0 -99.506037,35.948902,0.0 -99.505396,35.957778,0.0 -99.500316,35.967035,0.0 -99.499566,35.968948,0.0 -99.499264,35.972142,0.0 -99.497926,35.975233,0.0 -99.496025,35.977734,0.0 -99.495812,35.978732,0.0 -99.49368,35.979679,0.0 -99.488105,35.984542,0.0 -99.4852,35.986289,0.0 -99.479424,35.985473,0.0 -99.477493,35.985731,0.0 -99.469779,35.991234,0.0 -99.46695,35.994654,0.0 -99.462871,36.000046,0.0 -99.458844,36.002378,0.0 -99.45189,36.005508,0.0 -99.446522,36.006987,0.0 -99.437206,36.00818,0.0 -99.431171,36.009571,0.0 -99.425517,36.011393,0.0 -99.42215,36.011926,0.0 -99.411516,36.012442,0.0 -99.40763,36.012519,0.0 -99.399515,36.011905,0.0 -99.396438,36.012505,0.0 -99.389632,36.013281,0.0 -99.386361,36.01317,0.0 -99.383472,36.013668,0.0 -99.381022,36.012925,0.0 -99.382205,36.097196,0.0 -99.381901,36.098691,0.0 -99.382074,36.164301,0.0 -99.381896,36.202815,0.0 -99.381824,36.24667,0.0 -99.381865,36.246862,0.0 -99.389627,36.246733,0.0 -99.389754,36.304157,0.0 -99.389476,36.332724,0.0 -99.405715,36.332849,0.0 -99.407172,36.332751,0.0 -99.44363,36.33313,0.0 -99.461326,36.333334,0.0 -99.479649,36.333488,0.0 -99.479995,36.376542,0.0 -99.480004,36.383796,0.0 -99.479892,36.405248,0.0 -99.47978,36.419554,0.0 -99.479652,36.433754,0.0 -99.461537,36.433629,0.0 -99.443419,36.433585,0.0 -99.428355,36.433519,0.0 -99.428428,36.434538,0.0 -99.429731,36.436054,0.0 -99.436243,36.447963,0.0 -99.415272,36.447975,0.0 -99.409527,36.447992,0.0 -99.409179,36.44801,0.0 -99.397625,36.445496,0.0 -99.396462,36.444834,0.0 -99.395917,36.444646,0.0 -99.391503,36.44462,0.0 -99.390601,36.44465,0.0 -99.390594,36.446062,0.0 -99.390434,36.455203,0.0 -99.35829,36.455579,0.0 -99.355941,36.455748,0.0 -99.335509,36.455976,0.0 -99.335457,36.477353,0.0 -99.334856,36.477704,0.0 -99.33547,36.506649,0.0 -99.299749,36.507272,0.0 -99.299527,36.507372,0.0 -99.299443,36.536185,0.0 -99.299647,36.565174,0.0 -99.299922,36.59499,0.0 -99.295193,36.595122,0.0 -99.295339,36.596455,0.0 -99.295283,36.638221,0.0 -99.295399,36.681525,0.0 -99.294944,36.772321,0.0 -99.295186,36.819566,0.0 -99.296851,36.821959,0.0 -99.299082,36.823909,0.0 -99.303506,36.8264,0.0 -99.308433,36.828882,0.0 -99.309756,36.83012,0.0 -99.31075,36.834717,0.0 -99.313737,36.837184,0.0 -99.316547,36.840518,0.0 -99.317419,36.842331,0.0 -99.318037,36.845722,0.0 -99.318832,36.848134,0.0 -99.318246,36.85002,0.0 -99.315936,36.851832,0.0 -99.313423,36.853917,0.0 -99.313752,36.855495,0.0 -99.314288,36.856191,0.0 -99.322109,36.857214,0.0 -99.324779,36.858119,0.0 -99.326595,36.859299,0.0 -99.330252,36.862972,0.0 -99.333074,36.864046,0.0 -99.337002,36.864974,0.0 -99.338979,36.866162,0.0 -99.350127,36.870232,0.0 -99.356414,36.872015,0.0 -99.361694,36.87503,0.0 -99.365306,36.877569,0.0 -99.367903,36.8783,0.0 -99.371114,36.877957,0.0 -99.374218,36.879597,0.0 -99.375856,36.881776,0.0 -99.37653,36.884289,0.0 -99.377711,36.885947,0.0 -99.383679,36.891094,0.0 -99.3855,36.893933,0.0 -99.386325,36.896705,0.0 -99.38831,36.901579,0.0 -99.388141,36.903654,0.0 -99.386976,36.905874,0.0 -99.391013,36.911042,0.0 -99.393,36.912726,0.0 -99.396294,36.917707,0.0 -99.398092,36.921539,0.0 -99.404905,36.925144,0.0 -99.407435,36.927329,0.0 -99.410495,36.930621,0.0 -99.413992,36.935457,0.0 -99.41606,36.93756,0.0 -99.420519,36.941137,0.0 -99.423242,36.945793,0.0 -99.424787,36.947702,0.0 -99.42657,36.950935,0.0 -99.428218,36.955332,0.0 -99.427216,36.959951,0.0 -99.428435,36.963094,0.0 -99.429952,36.964211,0.0 -99.434054,36.970064,0.0 -99.43558,36.974864,0.0 -99.439191,36.980377,0.0 -99.438888,36.983845,0.0 -99.439971,36.987266,0.0 -99.439949,36.990734,0.0 -99.441188,36.993434,0.0 -99.442339,36.994747,0.0 -99.443415,36.995491,0.0 -99.446626,36.995578,0.0 -99.450058,36.994728,0.0 -99.451475,36.994804,0.0 -99.452885,36.995549,0.0 -99.455935,36.998581,0.0 -99.456203,36.999471,0.0 -99.484333,36.999626,0.0 -99.500395,36.999576,0.0 -99.500395,36.999637,0.0 -99.502665,36.999645,0.0 -99.504093,36.999648,0.0 -99.508574,36.999658,0.0 -99.5411159015717,36.9995725260596,0.0 -99.558068,36.999528,0.0 -99.625399,36.999671,0.0 -99.648652,36.999604,0.0 -99.657658,37.000197,0.0 -99.7225871545953,37.00055339561,0.0 -99.7741724011459,37.0008365466155,0.0 -99.774255,37.000837,0.0 -99.774816,37.000841,0.0 -99.786016,37.000931,0.0 -99.8286446159415,37.001278159536,0.0 -99.875409,37.001659,0.0 -99.9048971396057,37.0016521074871,0.0 -99.995201,37.001631,0.0 -100.001286,37.001699,0.0 -100.002563,37.001706,0.0 -100.005706,37.001726,0.0 -100.089483739431,37.0020915224233,0.0 -100.115722,37.002206,0.0 -100.124494240073,37.0021908554435,0.0 -100.187547,37.002082,0.0 -100.192371,37.002036,0.0 -100.193754,37.002133,0.0 -100.201676,37.002081,0.0 -100.216074999503,37.0020208810641,0.0 -100.269986614997,37.0017957884142,0.0 -100.434274261089,37.0011098519743,0.0 -100.551598,37.00062,0.0 -100.552218029947,37.0006857174598,0.0 -100.552683,37.000735,0.0 -100.591328,37.000376,0.0 -100.591413,37.000399,0.0 -100.62977,37.000025,0.0 -100.633327,36.999936,0.0 -100.675320239551,36.9996893611981,0.0 -100.675552,36.999688,0.0 -100.729364903664,36.9991139591893,0.0 -100.734517,36.999059,0.0 -100.756894,36.999357,0.0 -100.765484,36.999177,0.0 -100.806116,36.999091,0.0 -100.814277,36.999085,0.0 -100.849999795024,36.9986885311334,0.0 -100.855634,36.998626,0.0 -100.868239870722,36.998618301972,0.0 -100.89166,36.998604,0.0 -100.904215897903,36.9987443505315,0.0 -100.904274,36.998745,0.0 -100.904588,36.998561,0.0 -100.945468897552,36.9981529691762,0.0 -100.945566,36.998152,0.0 -100.958226495697,36.9981251558517,0.0 -100.996502,36.998044,0.0 -101.012641,36.998176,0.0 -101.017729108601,36.9981500301187,0.0 -101.053589,36.997967,0.0 -101.066451000186,36.9979220177139,0.0 -101.066742,36.997921,0.0 -101.090050193514,36.99779265872,0.0 -101.211486,36.997124,0.0 -101.212909,36.997044,0.0 -101.214917193591,36.997033285975,0.0 -101.283207834316,36.9966689447923,0.0 -101.357797,36.996271,0.0 -101.359674,36.996232,0.0 -101.361127690394,36.996226658438,0.0 -101.37818,36.996164,0.0 -101.39704079598,36.9960815553639,0.0 -101.413868,36.996008,0.0 -101.415005,36.995966,0.0 -101.485326,36.995611,0.0 -101.519066,36.995546,0.0 -101.555239,36.995414,0.0 -101.555260303913,36.9954138768669,0.0 -101.595196508927,36.9951830521994,0.0 -101.600396,36.995153,0.0 -101.601593,36.995095,0.0 -101.632505170711,36.994951868595,0.0 -101.703684195819,36.9946222911621,0.0 -101.718255341421,36.9945548229612,0.0 -101.826552132886,36.9940533805984,0.0 -101.862678891166,36.9938861042942,0.0 -101.88086906271,36.9938018790603,0.0 -101.898975209825,36.9937180428813,0.0 -101.90244,36.993702,0.0 -101.908051206128,36.9936760643385,0.0 -101.935216302728,36.993550504034,0.0 -102.000447,36.993249,0.0 -102.000447,36.993272,0.0 -102.028207,36.993125,0.0 -102.042089,36.993016,0.0 -102.054503,36.993109,0.0 -102.136450934193,36.9934146439195,0.0 -102.184271,36.993593,0.0 -102.208316,36.99373,0.0 -102.252197617289,36.9942802659306,0.0 -102.260789,36.994388,0.0 -102.27025005042,36.9943998139234,0.0 -102.325156624789,36.9944683752392,0.0 -102.355288,36.994506,0.0 -102.355367,36.994575,0.0 -102.698142,36.995149,0.0 -102.74206,36.997689,0.0 -102.812469,36.999725,0.0 -102.832541,36.999699,0.0 -102.841933096288,36.9996791058814,0.0 -102.877863,36.999603,0.0 -102.886686995862,36.9995115946768,0.0 -102.979613,36.998549,0.0 -102.985807,36.998571,0.0 -102.986976,36.998524,0.0 -103.002199,37.000104,0.0 -103.002247,36.911587,0.0 -103.001964,36.909573,0.0 -103.002143744581,36.7635143968073,0.0 -103.002198,36.719427,0.0 -103.002518,36.675186,0.0 -103.002252,36.61718,0.0 -103.002188,36.602716,0.0 -103.002565,36.526588,0.0</coordinates>
</LinearRing>
</outerBoundaryIs>
</Polygon>
</Placemark>
<Placemark id="cb_2023_40_sldl_500k">
<name>&lt;at&gt;&lt;openparen&gt;40062&lt;closeparen&gt;</name>
<visibility>1</visibility>
<description><![CDATA[<center><table><tr><th colspan='2' align='center'><em>Attributes</em></th></tr><tr bgcolor="#E3E3F3">
<th>STATEFP</th>
<td>40</td>
</tr><tr bgcolor="">
<th>SLDLST</th>
<td>062</td>
</tr><tr bgcolor="#E3E3F3">
<th>GEOIDFQ</th>
<td>620L800US40062</td>
</tr><tr bgcolor="">
<th>GEOID</th>
<td>40062</td>
</tr><tr bgcolor="#E3E3F3">
<th>NAME</th>
<td>62</td>
</tr><tr bgcolor="">
<th>NAMELSAD</th>
<td>State House District 62</td>
</tr><tr bgcolor="#E3E3F3">
<th>STUSPS</th>
<td>OK</td>
</tr><tr bgcolor="">
<th>STATE_NAME</th>
<td>Oklahoma</td>
</tr><tr bgcolor="#E3E3F3">
<th>LSAD</th>
<td>LL</td>
</tr><tr bgcolor="">
<th>LSY</th>
<td>2022</td>
</tr><tr bgcolor="#E3E3F3">
<th>ALAND</th>
<td>48439656</td>
</tr><tr bgcolor="">
<th>AWATER</th>
<td>56860</td>
</tr></table></center>]]></description>
<LookAt>
<longitude>-102</longitude>
<latitude>38.5</latitude>
<range>7000000</range>
<tilt>10</tilt>
<heading>0</heading>
</LookAt>
<styleUrl>#KMLStyler</styleUrl>
<ExtendedData>
<SchemaData schemaUrl="#kml_schema_ft_cb_2023_40_sldl_500k">
<SimpleData name="STATEFP">40</SimpleData>
<SimpleData name="SLDLST">062</SimpleData>
<SimpleData name="GEOIDFQ">620L800US40062</SimpleData>
<SimpleData name="GEOID">40062</SimpleData>
<SimpleData name="NAME">62</SimpleData>
<SimpleData name="NAMELSAD">State House District 62</SimpleData>
<SimpleData name="STUSPS">OK</SimpleData>
<SimpleData name="STATE_NAME">Oklahoma</SimpleData>
<SimpleData name="LSAD">LL</SimpleData>
<SimpleData name="LSY">2022</SimpleData>
<SimpleData name="ALAND">48439656</SimpleData>
<SimpleData name="AWATER">56860</SimpleData>
</SchemaData>
</ExtendedData>
<Polygon>
<extrude>0</extrude>
<tessellate>1</tessellate>
<altitudeMode>clampToGround</altitudeMode>
<outerBoundaryIs>
<LinearRing>
<coordinates>-98.545229,34.638021,0.0 -98.545196,34.608982,0.0 -98.53687,34.6083,0.0 -98.531996,34.607885,0.0 -98.527688,34.607186,0.0 -98.510175,34.604342,0.0 -98.505511,34.603747,0.0 -98.500771,34.60341,0.0 -98.492277,34.602833,0.0 -98.492274,34.601703,0.0 -98.492312,34.594768,0.0 -98.483391,34.594527,0.0 -98.474787,34.594495,0.0 -98.474851,34.579885,0.0 -98.457177,34.579822,0.0 -98.451062,34.579873,0.0 -98.44838,34.579895,0.0 -98.439776,34.579939,0.0 -98.439777,34.583562,0.0 -98.439735,34.594447,0.0 -98.439735,34.594881,0.0 -98.439693,34.602263,0.0 -98.43983,34.602286,0.0 -98.43979,34.608904,0.0 -98.439786,34.615866,0.0 -98.439791,34.620993,0.0 -98.43977,34.623413,0.0 -98.439767,34.623562,0.0 -98.429515,34.623512,0.0 -98.422184,34.623188,0.0 -98.422199,34.627413,0.0 -98.422186,34.630591,0.0 -98.422181,34.631005,0.0 -98.422186,34.632614,0.0 -98.42218,34.638225,0.0 -98.42238,34.638242,0.0 -98.428518,34.638148,0.0 -98.433972,34.638078,0.0 -98.439733,34.638145,0.0 -98.447882,34.638136,0.0 -98.457159,34.638117,0.0 -98.457191,34.638117,0.0 -98.474632,34.638139,0.0 -98.492191,34.638146,0.0 -98.500716,34.638041,0.0 -98.52748,34.63807,0.0 -98.545229,34.638021,0.0</coordinates>
</LinearRing>
</outerBoundaryIs>
</Polygon>
</Placemark>
<Placemark id="cb_2023_40_sldl_500k">
<name>&lt;at&gt;&lt;openparen&gt;40063&lt;closeparen&gt;</name>
<visibility>1</visibility>
<description><![CDATA[<center><table><tr><th colspan='2' align='center'><em>Attributes</em></th></tr><tr bgcolor="#E3E3F3">
<th>STATEFP</th>
<td>40</td>
</tr><tr bgcolor="">
<th>SLDLST</th>
<td>063</td>
</tr><tr bgcolor="#E3E3F3">
<th>GEOIDFQ</th>
<td>620L800US40063</td>
</tr><tr bgcolor="">
<th>GEOID</th>
<td>40063</td>
</tr><tr bgcolor="#E3E3F3">
<th>NAME</th>
<td>63</td>
</tr><tr bgcolor="">
<th>NAMELSAD</th>
<td>State House District 63</td>
</tr><tr bgcolor="#E3E3F3">
<th>STUSPS</th>
<td>OK</td>
</tr><tr bgcolor="">
<th>STATE_NAME</th>
<td>Oklahoma</td>
</tr><tr bgcolor="#E3E3F3">
<th>LSAD</th>
<td>LL</td>
</tr><tr bgcolor="">
<th>LSY</th>
<td>2022</td>
</tr><tr bgcolor="#E3E3F3">
<th>ALAND</th>
<td>7153038159</td>
</tr><tr bgcolor="">
<th>AWATER</th>
<td>66602442</td>
</tr></table></center>]]></description>
<LookAt>
<longitude>-102</longitude>
<latitude>38.5</latitude>
<range>7000000</range>
<tilt>10</tilt>
<heading>0</heading>
</LookAt>
<styleUrl>#KMLStyler</styleUrl>
<ExtendedData>
<SchemaData schemaUrl="#kml_schema_ft_cb_2023_40_sldl_500k">
<SimpleData name="STATEFP">40</SimpleData>
<SimpleData name="SLDLST">063</SimpleData>
<SimpleData name="GEOIDFQ">620L800US40063</SimpleData>
<SimpleData name="GEOID">40063</SimpleData>
<SimpleData name="NAME">63</SimpleData>
<SimpleData name="NAMELSAD">State House District 63</SimpleData>
<SimpleData name="STUSPS">OK</SimpleData>
<SimpleData name="STATE_NAME">Oklahoma</SimpleData>
<SimpleData name="LSAD">LL</SimpleData>
<SimpleData name="LSY">2022</SimpleData>
<SimpleData name="ALAND">7153038159</SimpleData>
<SimpleData name="AWATER">66602442</SimpleData>
</SchemaData>
</ExtendedData>
<Polygon>
<extrude>0</extrude>
<tessellate>1</tessellate>
<altitudeMode>clampToGround</altitudeMode>
<outerBoundaryIs>
<LinearRing>
<coordinates>-99.23806,34.425009,0.0 -99.237752,34.419901,0.0 -99.236562,34.417152,0.0 -99.236672,34.41532,0.0 -99.236007,34.413213,0.0 -99.236145,34.411678,0.0 -99.235285,34.408677,0.0 -99.235228,34.405699,0.0 -99.235752,34.402927,0.0 -99.235143,34.401072,0.0 -99.233567,34.400156,0.0 -99.231411,34.400272,0.0 -99.230168,34.401211,0.0 -99.228041,34.40167,0.0 -99.226631,34.401281,0.0 -99.225995,34.399976,0.0 -99.226464,34.399036,0.0 -99.226822,34.395418,0.0 -99.227429,34.393768,0.0 -99.229362,34.390927,0.0 -99.228863,34.387698,0.0 -99.227647,34.387034,0.0 -99.223116,34.387173,0.0 -99.219552,34.388617,0.0 -99.217591,34.389946,0.0 -99.213862,34.394734,0.0 -99.210186,34.393406,0.0 -99.208997,34.39178,0.0 -99.20872,34.389741,0.0 -99.209162,34.388619,0.0 -99.211344,34.386786,0.0 -99.216206,34.381264,0.0 -99.219272,34.379179,0.0 -99.220542,34.376934,0.0 -99.220252,34.37508,0.0 -99.218966,34.373686,0.0 -99.215623,34.37316,0.0 -99.20996,34.374536,0.0 -99.207639,34.374238,0.0 -99.204103,34.371491,0.0 -99.202776,34.369888,0.0 -99.20272,34.365146,0.0 -99.20167,34.362649,0.0 -99.199129,34.360129,0.0 -99.195068,34.358595,0.0 -99.193991,34.357564,0.0 -99.192747,34.354861,0.0 -99.192111,34.351723,0.0 -99.192322,34.346718,0.0 -99.195406,34.341476,0.0 -99.198281,34.339622,0.0 -99.2011,34.339271,0.0 -99.203433,34.338593,0.0 -99.206905,34.338277,0.0 -99.210078,34.337705,0.0 -99.210716,34.336304,0.0 -99.210779,34.330983,0.0 -99.209724,34.324935,0.0 -99.205824,34.320082,0.0 -99.206584,34.31696,0.0 -99.213476,34.310672,0.0 -99.2117284521077,34.3054011875413,0.0 -99.21025,34.300942,0.0 -99.211449,34.29275,0.0 -99.207766,34.283823,0.0 -99.200222,34.281152,0.0 -99.19626,34.281463,0.0 -99.194459,34.271881,0.0 -99.198017,34.262723,0.0 -99.1971286731115,34.2618250919941,0.0 -99.191805,34.256444,0.0 -99.197153,34.244298,0.0 -99.195553,34.24006,0.0 -99.191139,34.23234,0.0 -99.190146,34.22966,0.0 -99.190036,34.227186,0.0 -99.192076,34.222192,0.0 -99.192683,34.218825,0.0 -99.192104,34.216694,0.0 -99.189511,34.214312,0.0 -99.159016,34.20888,0.0 -99.156823,34.207214,0.0 -99.15134,34.207603,0.0 -99.147848,34.209444,0.0 -99.144481,34.213329,0.0 -99.143985,34.214763,0.0 -99.142471,34.215408,0.0 -99.141504,34.216655,0.0 -99.13918,34.217605,0.0 -99.13822,34.219159,0.0 -99.133397,34.219665,0.0 -99.130609,34.219408,0.0 -99.128514,34.218766,0.0 -99.127549,34.217986,0.0 -99.126799,34.217115,0.0 -99.126614,34.215329,0.0 -99.127525,34.213771,0.0 -99.13009,34.212192,0.0 -99.131553,34.209352,0.0 -99.131885,34.207382,0.0 -99.131168,34.205742,0.0 -99.129792,34.204403,0.0 -99.126567,34.203004,0.0 -99.1199699913805,34.2018777688667,0.0 -99.119204,34.201747,0.0 -99.116965,34.203729,0.0 -99.112844,34.205818,0.0 -99.1093,34.205453,0.0 -99.106301,34.204698,0.0 -99.102186,34.205483,0.0 -99.100249,34.208867,0.0 -99.097876,34.211019,0.0 -99.095271,34.211842,0.0 -99.092851,34.210742,0.0 -99.092191,34.209316,0.0 -99.088923,34.208475,0.0 -99.084609,34.209434,0.0 -99.079535,34.211518,0.0 -99.075978,34.211221,0.0 -99.066465,34.208404,0.0 -99.060344,34.204761,0.0 -99.059159,34.202929,0.0 -99.0588,34.201256,0.0 -99.058084,34.200569,0.0 -99.048792,34.198209,0.0 -99.043471,34.198208,0.0 -99.040962,34.200842,0.0 -99.039004,34.204667,0.0 -99.037459,34.206454,0.0 -99.036273,34.206912,0.0 -99.0279353408577,34.2055857666077,0.0 -99.013075,34.203222,0.0 -99.00579,34.206647,0.0 -99.002916,34.208782,0.0 -99.003433,34.214466,0.0 -99.000761,34.217643,0.0 -98.990852,34.221633,0.0 -98.987294,34.221223,0.0 -98.981364,34.217583,0.0 -98.978685,34.210231,0.0 -98.976587,34.206291,0.0 -98.974132,34.203566,0.0 -98.969003,34.201299,0.0 -98.966302,34.201323,0.0 -98.96247,34.204668,0.0 -98.962085,34.206386,0.0 -98.962307,34.211312,0.0 -98.960791,34.21303,0.0 -98.958475,34.213855,0.0 -98.952513,34.21265,0.0 -98.9523575349127,34.2125787665873,0.0 -98.950396,34.21168,0.0 -98.94022,34.203686,0.0 -98.928145,34.192689,0.0 -98.927456,34.191155,0.0 -98.9234311062024,34.1863394522324,0.0 -98.923129,34.185978,0.0 -98.920704,34.183435,0.0 -98.918333,34.181831,0.0 -98.909349,34.177499,0.0 -98.892146,34.172345,0.0 -98.888958,34.169406,0.0 -98.886037,34.167916,0.0 -98.881326,34.16735,0.0 -98.876291,34.167593,0.0 -98.874849,34.167522,0.0 -98.872922,34.166584,0.0 -98.871543,34.165027,0.0 -98.871211,34.163012,0.0 -98.872229,34.160446,0.0 -98.874955,34.157031,0.0 -98.874872,34.155657,0.0 -98.873271,34.153596,0.0 -98.868116,34.149635,0.0 -98.86255,34.149111,0.0 -98.860125,34.149913,0.0 -98.858419,34.152732,0.0 -98.8579,34.159627,0.0 -98.857322,34.161094,0.0 -98.855585,34.161621,0.0 -98.854184,34.161652,0.0 -98.851671,34.160294,0.0 -98.84966,34.159699,0.0 -98.847774,34.159949,0.0 -98.8469919765873,34.1597264813591,0.0 -98.844727,34.159082,0.0 -98.843542,34.158143,0.0 -98.842191,34.158051,0.0 -98.840676,34.157296,0.0 -98.83668,34.156495,0.0 -98.833346,34.159107,0.0 -98.832135,34.161787,0.0 -98.831115,34.162154,0.0 -98.815269,34.158101,0.0 -98.812954,34.158444,0.0 -98.80681,34.155901,0.0 -98.804413,34.153931,0.0 -98.799756,34.147883,0.0 -98.796203,34.142775,0.0 -98.792015,34.143736,0.0 -98.788405,34.146668,0.0 -98.779425,34.140232,0.0 -98.76557,34.136376,0.0 -98.761797,34.133785,0.0 -98.760558,34.132388,0.0 -98.759486,34.128882,0.0 -98.759653,34.126912,0.0 -98.757037,34.124633,0.0 -98.7537096045264,34.1244633225907,0.0 -98.7507600071388,34.1243129106403,0.0 -98.749291,34.124238,0.0 -98.741966,34.12553,0.0 -98.739461,34.127394,0.0 -98.737232,34.130992,0.0 -98.73682,34.133374,0.0 -98.735471,34.135208,0.0 -98.734287,34.135758,0.0 -98.73043,34.135917,0.0 -98.728502,34.135279,0.0 -98.725003,34.135463,0.0 -98.723626,34.135189,0.0 -98.722717,34.135281,0.0 -98.71922,34.13638,0.0 -98.717537,34.13645,0.0 -98.716104,34.135947,0.0 -98.714947,34.134847,0.0 -98.71423,34.133404,0.0 -98.71412,34.132144,0.0 -98.712467,34.13116,0.0 -98.70996,34.131549,0.0 -98.706132,34.134986,0.0 -98.703047,34.135903,0.0 -98.700182,34.135995,0.0 -98.696518,34.133521,0.0 -98.693405,34.13375,0.0 -98.690595,34.132972,0.0 -98.685627,34.136568,0.0 -98.68412,34.13879,0.0 -98.678693,34.142135,0.0 -98.677379,34.142537,0.0 -98.655655,34.158258,0.0 -98.650583,34.163113,0.0 -98.648073,34.164441,0.0 -98.643223,34.164531,0.0 -98.63573,34.161618,0.0 -98.621666,34.157195,0.0 -98.6186161579993,34.1567146174266,0.0 -98.616733,34.156418,0.0 -98.611829,34.156558,0.0 -98.6099870025661,34.1571540495728,0.0 -98.608853,34.157521,0.0 -98.603978,34.160249,0.0 -98.599789,34.160571,0.0 -98.58554,34.152328,0.0 -98.577136,34.148962,0.0 -98.572451,34.145091,0.0 -98.567215,34.138105,0.0 -98.560191,34.133202,0.0 -98.552836,34.133568,0.0 -98.551982,34.13295,0.0 -98.550522,34.132194,0.0 -98.550219,34.130132,0.0 -98.551046,34.127818,0.0 -98.551845,34.127131,0.0 -98.554324,34.126605,0.0 -98.556252,34.127727,0.0 -98.558593,34.128254,0.0 -98.560136,34.126926,0.0 -98.560977,34.124631,0.0 -98.560574,34.123567,0.0 -98.559557,34.123418,0.0 -98.558027,34.122856,0.0 -98.55682,34.121079,0.0 -98.55387,34.119542,0.0 -98.550917,34.119334,0.0 -98.536257,34.107343,0.0 -98.5282,34.094961,0.0 -98.516875,34.085984,0.0 -98.504149,34.072287,0.0 -98.494154,34.069825,0.0 -98.4888,34.066076,0.0 -98.486328,34.062598,0.0 -98.48204,34.06227,0.0 -98.471465,34.065665,0.0 -98.466002,34.073081,0.0 -98.462951,34.073836,0.0 -98.454665,34.072577,0.0 -98.449034,34.073462,0.0 -98.445784,34.076827,0.0 -98.443724,34.082152,0.0 -98.440092,34.084311,0.0 -98.42914,34.085564,0.0 -98.42523,34.084799,0.0 -98.423533,34.082843,0.0 -98.418805,34.082655,0.0 -98.4173555174827,34.0837398025157,0.0 -98.411587,34.088057,0.0 -98.409596,34.09407,0.0 -98.411511,34.098615,0.0 -98.411374,34.100324,0.0 -98.409318,34.101293,0.0 -98.406735,34.10114,0.0 -98.402158,34.098653,0.0 -98.399777,34.099973,0.0 -98.398389,34.104566,0.0 -98.39816,34.121396,0.0 -98.400494,34.121778,0.0 -98.400967,34.122236,0.0 -98.395024,34.131318,0.0 -98.388686,34.133217,0.0 -98.385271,34.13175,0.0 -98.382959,34.129549,0.0 -98.380865,34.130534,0.0 -98.379762,34.131174,0.0 -98.379927,34.132274,0.0 -98.381055,34.134771,0.0 -98.384965,34.136651,0.0 -98.386232,34.137728,0.0 -98.387084,34.140912,0.0 -98.38485,34.143844,0.0 -98.384546,34.145997,0.0 -98.381651,34.149202,0.0 -98.376911,34.150552,0.0 -98.374461,34.150758,0.0 -98.370495,34.152135,0.0 -98.367494,34.156191,0.0 -98.365621,34.156993,0.0 -98.364023,34.157109,0.0 -98.3481544432287,34.1546064260097,0.0 -98.325445,34.151025,0.0 -98.32258,34.14972,0.0 -98.31875,34.146421,0.0 -98.300209,34.134579,0.0 -98.293901,34.13302,0.0 -98.280321,34.13075,0.0 -98.276878,34.131046,0.0 -98.272994,34.132213,0.0 -98.271561,34.132282,0.0 -98.268972,34.131616,0.0 -98.268338,34.131662,0.0 -98.2676640848058,34.1318531679204,0.0 -98.267291,34.131959,0.0 -98.266217,34.132051,0.0 -98.2617,34.131568,0.0 -98.257955,34.129825,0.0 -98.256467,34.129481,0.0 -98.247954,34.130717,0.0 -98.241013,34.133103,0.0 -98.231042,34.134023,0.0 -98.2236,34.125093,0.0 -98.216463,34.121821,0.0 -98.203711,34.117676,0.0 -98.200075,34.116783,0.0 -98.191455,34.115753,0.0 -98.16912,34.114171,0.0 -98.157412,34.120467,0.0 -98.154354,34.122734,0.0 -98.142754,34.136359,0.0 -98.1389788043646,34.1418054010562,0.0 -98.139155,34.159235,0.0 -98.139297,34.180984,0.0 -98.139298,34.181067,0.0 -98.139227,34.289824,0.0 -98.139314,34.333384,0.0 -98.139299,34.340446,0.0 -98.139299,34.340601,0.0 -98.13919,34.36233,0.0 -98.139191,34.369616,0.0 -98.139169,34.398502,0.0 -98.139041,34.40576,0.0 -98.13904,34.40586,0.0 -98.138962,34.420238,0.0 -98.139237,34.507003,0.0 -98.142148,34.506994,0.0 -98.14212,34.543362,0.0 -98.142119,34.543757,0.0 -98.142102,34.550541,0.0 -98.167876,34.550514,0.0 -98.170329,34.550575,0.0 -98.238855,34.550683,0.0 -98.28217,34.550741,0.0 -98.282223,34.579672,0.0 -98.282282,34.59425,0.0 -98.317255,34.594375,0.0 -98.326035,34.594356,0.0 -98.325991,34.586632,0.0 -98.32736,34.586586,0.0 -98.333143,34.586703,0.0 -98.334785,34.586619,0.0 -98.334785,34.586704,0.0 -98.334772,34.594345,0.0 -98.341577,34.594348,0.0 -98.343387,34.594352,0.0 -98.352325,34.594329,0.0 -98.369528,34.594422,0.0 -98.381729,34.594444,0.0 -98.386978,34.594224,0.0 -98.387193,34.579748,0.0 -98.387129,34.565269,0.0 -98.396189,34.565296,0.0 -98.40458,34.565336,0.0 -98.404615,34.5725,0.0 -98.404625,34.575807,0.0 -98.404637,34.579818,0.0 -98.409296,34.57983,0.0 -98.413611,34.579836,0.0 -98.422169,34.579906,0.0 -98.433779,34.579932,0.0 -98.439776,34.579939,0.0 -98.44838,34.579895,0.0 -98.451062,34.579873,0.0 -98.457177,34.579822,0.0 -98.474851,34.579885,0.0 -98.474787,34.594495,0.0 -98.483391,34.594527,0.0 -98.492312,34.594768,0.0 -98.492274,34.601703,0.0 -98.492277,34.602833,0.0 -98.500771,34.60341,0.0 -98.505511,34.603747,0.0 -98.510175,34.604342,0.0 -98.527688,34.607186,0.0 -98.531996,34.607885,0.0 -98.53687,34.6083,0.0 -98.545196,34.608982,0.0 -98.545229,34.638021,0.0 -98.52748,34.63807,0.0 -98.500716,34.638041,0.0 -98.492191,34.638146,0.0 -98.474632,34.638139,0.0 -98.457191,34.638117,0.0 -98.457159,34.638117,0.0 -98.447882,34.638136,0.0 -98.439733,34.638145,0.0 -98.433972,34.638078,0.0 -98.428518,34.638148,0.0 -98.42238,34.638242,0.0 -98.42218,34.638225,0.0 -98.418732,34.637901,0.0 -98.416933,34.637882,0.0 -98.415182,34.637891,0.0 -98.408786,34.637905,0.0 -98.404765,34.638194,0.0 -98.389294,34.637998,0.0 -98.389458,34.643685,0.0 -98.391585,34.645368,0.0 -98.399423,34.651441,0.0 -98.399218,34.653529,0.0 -98.399142,34.66088,0.0 -98.396152,34.664876,0.0 -98.391336,34.663995,0.0 -98.388257,34.663281,0.0 -98.383478,34.661288,0.0 -98.382322,34.660468,0.0 -98.38127,34.663516,0.0 -98.380875,34.666309,0.0 -98.381162,34.668234,0.0 -98.386726,34.685094,0.0 -98.390095,34.695553,0.0 -98.390137,34.695678,0.0 -98.391915,34.700338,0.0 -98.397392,34.711179,0.0 -98.399135,34.711562,0.0 -98.400957,34.712496,0.0 -98.404805,34.715305,0.0 -98.406823,34.716782,0.0 -98.407524,34.717176,0.0 -98.413209,34.719377,0.0 -98.425299,34.723827,0.0 -98.42675,34.724208,0.0 -98.428656,34.724425,0.0 -98.457537,34.724407,0.0 -98.46186,34.724427,0.0 -98.463512,34.724426,0.0 -98.463827,34.726603,0.0 -98.464309,34.72821,0.0 -98.465719,34.730908,0.0 -98.467099,34.732594,0.0 -98.469718,34.734683,0.0 -98.475491,34.737432,0.0 -98.479121,34.73928,0.0 -98.483023,34.742523,0.0 -98.485361,34.746171,0.0 -98.485783,34.747122,0.0 -98.48645,34.749525,0.0 -98.48731,34.753603,0.0 -98.488357,34.758407,0.0 -98.490145,34.763539,0.0 -98.491962,34.766997,0.0 -98.494393,34.770383,0.0 -98.496209,34.772477,0.0 -98.499994,34.775943,0.0 -98.504179,34.778912,0.0 -98.512026,34.783447,0.0 -98.514523,34.78557,0.0 -98.51647,34.788266,0.0 -98.519286,34.796005,0.0 -98.52056,34.798818,0.0 -98.523508,34.804401,0.0 -98.525163,34.808506,0.0 -98.52584,34.811095,0.0 -98.526779,34.8176,0.0 -98.527681,34.821293,0.0 -98.528709,34.823908,0.0 -98.531604,34.82884,0.0 -98.534633,34.832791,0.0 -98.536238,34.8362,0.0 -98.537427,34.841625,0.0 -98.53935,34.846077,0.0 -98.545461,34.855272,0.0 -98.562119,34.855287,0.0 -98.619816,34.85534,0.0 -98.620152,34.884337,0.0 -98.620165,34.912171,0.0 -98.619947,34.913276,0.0 -98.620021,34.941568,0.0 -98.620181,34.942328,0.0 -98.62026,34.962524,0.0 -98.620356,35.014935,0.0 -98.620772,35.097399,0.0 -98.620692,35.097765,0.0 -98.622308,35.097237,0.0 -98.62534,35.102378,0.0 -98.624929,35.106879,0.0 -98.62591,35.109191,0.0 -98.627498,35.109261,0.0 -98.629338,35.110361,0.0 -98.628974,35.112858,0.0 -98.629975,35.116385,0.0 -98.6351,35.121335,0.0 -98.638918,35.123169,0.0 -98.639894,35.122849,0.0 -98.639422,35.119298,0.0 -98.64121,35.113275,0.0 -98.643803,35.111536,0.0 -98.645642,35.111605,0.0 -98.650435,35.114836,0.0 -98.647785,35.117721,0.0 -98.64575,35.118179,0.0 -98.644469,35.11701,0.0 -98.642461,35.119025,0.0 -98.642795,35.120101,0.0 -98.646084,35.119118,0.0 -98.647338,35.12134,0.0 -98.650013,35.122623,0.0 -98.650932,35.123929,0.0 -98.65227,35.123975,0.0 -98.653303,35.121594,0.0 -98.655477,35.121617,0.0 -98.657344,35.122557,0.0 -98.65924,35.12187,0.0 -98.660775,35.119397,0.0 -98.662203,35.118321,0.0 -98.664093,35.118092,0.0 -98.664933,35.118211,0.0 -98.668385,35.118872,0.0 -98.672232,35.119009,0.0 -98.673263,35.118138,0.0 -98.672539,35.117269,0.0 -98.674992,35.113948,0.0 -98.674937,35.111177,0.0 -98.674296,35.109665,0.0 -98.675941,35.108451,0.0 -98.678143,35.107925,0.0 -98.680316,35.110032,0.0 -98.68171,35.113764,0.0 -98.684776,35.1142,0.0 -98.6855,35.113123,0.0 -98.684079,35.111475,0.0 -98.683215,35.107856,0.0 -98.683633,35.107375,0.0 -98.684943,35.107078,0.0 -98.687786,35.108933,0.0 -98.691799,35.10884,0.0 -98.694364,35.111108,0.0 -98.696315,35.111909,0.0 -98.699855,35.110832,0.0 -98.703507,35.110511,0.0 -98.707463,35.106503,0.0 -98.712452,35.104761,0.0 -98.713707,35.10696,0.0 -98.715351,35.108356,0.0 -98.717721,35.108928,0.0 -98.719281,35.10776,0.0 -98.72009,35.109134,0.0 -98.718112,35.111539,0.0 -98.716384,35.113006,0.0 -98.719004,35.113051,0.0 -98.721625,35.113852,0.0 -98.722795,35.113325,0.0 -98.722906,35.111973,0.0 -98.724439,35.111286,0.0 -98.730487,35.112177,0.0 -98.730209,35.113712,0.0 -98.73177,35.113963,0.0 -98.733107,35.110893,0.0 -98.731601,35.110115,0.0 -98.729901,35.11023,0.0 -98.72887,35.109453,0.0 -98.729482,35.108055,0.0 -98.731712,35.109107,0.0 -98.733328,35.108351,0.0 -98.733549,35.104938,0.0 -98.734578,35.10336,0.0 -98.73469,35.101846,0.0 -98.73586,35.101044,0.0 -98.73692,35.101547,0.0 -98.737144,35.103013,0.0 -98.740017,35.105943,0.0 -98.738373,35.10686,0.0 -98.740381,35.108509,0.0 -98.741913,35.107546,0.0 -98.743586,35.108438,0.0 -98.742249,35.11034,0.0 -98.742473,35.111119,0.0 -98.744675,35.112011,0.0 -98.745401,35.113225,0.0 -98.749158,35.116346,0.0 -98.796989,35.116413,0.0 -98.944363,35.116427,0.0 -98.955057,35.116431,0.0 -98.990414,35.116471,0.0 -99.060658,35.116604,0.0 -99.060604,35.058624,0.0 -99.060737,35.029347,0.0 -99.060745,35.028471,0.0 -99.060763,35.026406,0.0 -99.060762,35.02282,0.0 -99.060773,35.015536,0.0 -99.060859,35.004678,0.0 -99.060974,34.972049,0.0 -99.060893,34.952211,0.0 -99.060361,34.950412,0.0 -99.048226,34.917997,0.0 -99.046567,34.914053,0.0 -99.041292,34.899513,0.0 -99.026098,34.857804,0.0 -99.025739,34.856478,0.0 -99.025689,34.85595,0.0 -99.025414,34.849786,0.0 -99.028193,34.849876,0.0 -99.028184,34.844987,0.0 -99.025144,34.84501,0.0 -99.024865,34.841915,0.0 -99.023151,34.841884,0.0 -99.02326,34.838652,0.0 -99.019673,34.838641,0.0 -99.016949,34.83285,0.0 -99.015023,34.829676,0.0 -99.012491,34.827269,0.0 -98.998098,34.817394,0.0 -98.997455,34.81687,0.0 -98.990096,34.806903,0.0 -98.987602,34.80464,0.0 -98.983763,34.8024,0.0 -98.979576,34.800669,0.0 -98.974826,34.798142,0.0 -98.958974,34.787675,0.0 -98.955628,34.785111,0.0 -98.95189,34.780657,0.0 -98.949962,34.776734,0.0 -98.949212,34.774011,0.0 -98.948911,34.768671,0.0 -98.948707,34.710436,0.0 -98.948638,34.700187,0.0 -98.945461,34.70019,0.0 -98.945405,34.695898,0.0 -98.948636,34.695904,0.0 -98.948403,34.692691,0.0 -98.948567,34.688615,0.0 -98.948595,34.683283,0.0 -98.949098,34.681448,0.0 -98.946556,34.66808,0.0 -98.946588,34.667131,0.0 -98.947316,34.667023,0.0 -98.94421,34.666959,0.0 -98.944175,34.652592,0.0 -98.94854,34.652661,0.0 -98.948728,34.646374,0.0 -98.952248,34.646326,0.0 -98.951571,34.645478,0.0 -98.948544,34.645316,0.0 -98.948552,34.638273,0.0 -98.983807,34.638125,0.0 -98.983812,34.637869,0.0 -99.001025,34.637872,0.0 -99.10315,34.63795,0.0 -99.102513,34.636019,0.0 -99.09819,34.635516,0.0 -99.096056,34.634074,0.0 -99.093698,34.62876,0.0 -99.091868,34.626562,0.0 -99.090012,34.625562,0.0 -99.082723,34.624319,0.0 -99.080284,34.622349,0.0 -99.079619,34.620517,0.0 -99.079203,34.618113,0.0 -99.080006,34.615341,0.0 -99.081834,34.613806,0.0 -99.085021,34.613347,0.0 -99.088457,34.615248,0.0 -99.090756,34.614514,0.0 -99.091781,34.613071,0.0 -99.091753,34.611742,0.0 -99.086599,34.609361,0.0 -99.084881,34.606727,0.0 -99.085018,34.603566,0.0 -99.083604,34.600268,0.0 -99.08255,34.596054,0.0 -99.083103,34.590442,0.0 -99.08457,34.589136,0.0 -99.086648,34.588265,0.0 -99.090664,34.587417,0.0 -99.09396,34.587095,0.0 -99.096647,34.588125,0.0 -99.098281,34.589751,0.0 -99.09892,34.593164,0.0 -99.099668,34.594126,0.0 -99.102881,34.593713,0.0 -99.104792,34.592315,0.0 -99.107838,34.591718,0.0 -99.11155,34.592221,0.0 -99.114623,34.590685,0.0 -99.119304,34.589377,0.0 -99.121796,34.587887,0.0 -99.12459,34.582983,0.0 -99.127123,34.583373,0.0 -99.129255,34.584359,0.0 -99.131026,34.586949,0.0 -99.132568,34.588084,0.0 -99.133239,34.590225,0.0 -99.132213,34.59208,0.0 -99.135426,34.592105,0.0 -99.13839,34.592609,0.0 -99.140993,34.592541,0.0 -99.144761,34.591809,0.0 -99.151438,34.589453,0.0 -99.156368,34.587966,0.0 -99.160052,34.587463,0.0 -99.16332,34.588036,0.0 -99.166894,34.583845,0.0 -99.167781,34.58231,0.0 -99.171105,34.578233,0.0 -99.173404,34.574179,0.0 -99.174651,34.570972,0.0 -99.177753,34.566483,0.0 -99.181492,34.563552,0.0 -99.18451,34.562315,0.0 -99.184842,34.560025,0.0 -99.183402,34.557459,0.0 -99.179887,34.554733,0.0 -99.179333,34.553611,0.0 -99.179832,34.550358,0.0 -99.1777,34.548502,0.0 -99.175762,34.548067,0.0 -99.173906,34.549143,0.0 -99.172495,34.549258,0.0 -99.171028,34.547929,0.0 -99.171111,34.54715,0.0 -99.171831,34.546394,0.0 -99.176233,34.544791,0.0 -99.177756,34.542685,0.0 -99.177978,34.540097,0.0 -99.179611,34.539707,0.0 -99.182213,34.540555,0.0 -99.188607,34.540624,0.0 -99.190074,34.541105,0.0 -99.193313,34.54454,0.0 -99.195666,34.544998,0.0 -99.196801,34.542386,0.0 -99.197326,34.537508,0.0 -99.197188,34.535263,0.0 -99.198405,34.530751,0.0 -99.201255,34.527933,0.0 -99.203662,34.52287,0.0 -99.206734,34.51767,0.0 -99.208697,34.513066,0.0 -99.208558,34.509836,0.0 -99.207838,34.505347,0.0 -99.208391,34.503697,0.0 -99.210106,34.501658,0.0 -99.215712,34.498373,0.0 -99.217393,34.495067,0.0 -99.220707,34.494484,0.0 -99.222083,34.49277,0.0 -99.222054,34.491121,0.0 -99.220421,34.487892,0.0 -99.221083,34.484823,0.0 -99.223296,34.482829,0.0 -99.224595,34.481042,0.0 -99.223017,34.479095,0.0 -99.220279,34.477951,0.0 -99.218094,34.479738,0.0 -99.217985,34.483083,0.0 -99.21591,34.483954,0.0 -99.214858,34.481022,0.0 -99.216875,34.47534,0.0 -99.217261,34.471057,0.0 -99.218781,34.467712,0.0 -99.221158,34.464184,0.0 -99.220992,34.462947,0.0 -99.219277,34.461825,0.0 -99.216012,34.461207,0.0 -99.213412,34.459376,0.0 -99.213052,34.456994,0.0 -99.214406,34.455046,0.0 -99.216259,34.454473,0.0 -99.222868,34.453761,0.0 -99.223835,34.451791,0.0 -99.22519,34.451264,0.0 -99.226739,34.451974,0.0 -99.228536,34.451354,0.0 -99.229889,34.447872,0.0 -99.23077,34.441366,0.0 -99.230299,34.438343,0.0 -99.229109,34.435594,0.0 -99.227891,34.4339,0.0 -99.224296,34.433786,0.0 -99.222969,34.432847,0.0 -99.221947,34.428291,0.0 -99.221639,34.425404,0.0 -99.223545,34.421486,0.0 -99.226115,34.419813,0.0 -99.228022,34.419561,0.0 -99.230012,34.420293,0.0 -99.230842,34.421209,0.0 -99.231148,34.423041,0.0 -99.230734,34.424393,0.0 -99.231509,34.425951,0.0 -99.234026,34.428514,0.0 -99.236707,34.428559,0.0 -99.237619,34.427528,0.0 -99.23806,34.425009,0.0</coordinates>
</LinearRing>
</outerBoundaryIs>
</Polygon>
</Placemark>
<Placemark id="cb_2023_40_sldl_500k">
<name>&lt;at&gt;&lt;openparen&gt;40064&lt;closeparen&gt;</name>
<visibility>1</visibility>
<description><![CDATA[<center><table><tr><th colspan='2' align='center'><em>Attributes</em></th></tr><tr bgcolor="#E3E3F3">
<th>STATEFP</th>
<td>40</td>
</tr><tr bgcolor="">
<th>SLDLST</th>
<td>064</td>
</tr><tr bgcolor="#E3E3F3">
<th>GEOIDFQ</th>
<td>620L800US40064</td>
</tr><tr bgcolor="">
<th>GEOID</th>
<td>40064</td>
</tr><tr bgcolor="#E3E3F3">
<th>NAME</th>
<td>64</td>
</tr><tr bgcolor="">
<th>NAMELSAD</th>
<td>State House District 64</td>
</tr><tr bgcolor="#E3E3F3">
<th>STUSPS</th>
<td>OK</td>
</tr><tr bgcolor="">
<th>STATE_NAME</th>
<td>Oklahoma</td>
</tr><tr bgcolor="#E3E3F3">
<th>LSAD</th>
<td>LL</td>
</tr><tr bgcolor="">
<th>LSY</th>
<td>2022</td>
</tr><tr bgcolor="#E3E3F3">
<th>ALAND</th>
<td>263874909</td>
</tr><tr bgcolor="">
<th>AWATER</th>
<td>485687</td>
</tr></table></center>]]></description>
<LookAt>
<longitude>-102</longitude>
<latitude>38.5</latitude>
<range>7000000</range>
<tilt>10</tilt>
<heading>0</heading>
</LookAt>
<styleUrl>#KMLStyler</styleUrl>
<ExtendedData>
<SchemaData schemaUrl="#kml_schema_ft_cb_2023_40_sldl_500k">
<SimpleData name="STATEFP">40</SimpleData>
<SimpleData name="SLDLST">064</SimpleData>
<SimpleData name="GEOIDFQ">620L800US40064</SimpleData>
<SimpleData name="GEOID">40064</SimpleData>
<SimpleData name="NAME">64</SimpleData>
<SimpleData name="NAMELSAD">State House District 64</SimpleData>
<SimpleData name="STUSPS">OK</SimpleData>
<SimpleData name="STATE_NAME">Oklahoma</SimpleData>
<SimpleData name="LSAD">LL</SimpleData>
<SimpleData name="LSY">2022</SimpleData>
<SimpleData name="ALAND">263874909</SimpleData>
<SimpleData name="AWATER">485687</SimpleData>
</SchemaData>
</ExtendedData>
<Polygon>
<extrude>0</extrude>
<tessellate>1</tessellate>
<altitudeMode>clampToGround</altitudeMode>
<outerBoundaryIs>
<LinearRing>
<coordinates>-98.43979,34.608904,0.0 -98.43983,34.602286,0.0 -98.439693,34.602263,0.0 -98.439735,34.594881,0.0 -98.439735,34.594447,0.0 -98.439777,34.583562,0.0 -98.439776,34.579939,0.0 -98.433779,34.579932,0.0 -98.422169,34.579906,0.0 -98.413611,34.579836,0.0 -98.409296,34.57983,0.0 -98.404637,34.579818,0.0 -98.404625,34.575807,0.0 -98.404615,34.5725,0.0 -98.40458,34.565336,0.0 -98.396189,34.565296,0.0 -98.387129,34.565269,0.0 -98.387193,34.579748,0.0 -98.386978,34.594224,0.0 -98.381729,34.594444,0.0 -98.369528,34.594422,0.0 -98.352325,34.594329,0.0 -98.343387,34.594352,0.0 -98.341577,34.594348,0.0 -98.334772,34.594345,0.0 -98.334785,34.586704,0.0 -98.334785,34.586619,0.0 -98.333143,34.586703,0.0 -98.32736,34.586586,0.0 -98.325991,34.586632,0.0 -98.326035,34.594356,0.0 -98.317255,34.594375,0.0 -98.282282,34.59425,0.0 -98.282223,34.579672,0.0 -98.28217,34.550741,0.0 -98.238855,34.550683,0.0 -98.170329,34.550575,0.0 -98.167876,34.550514,0.0 -98.142102,34.550541,0.0 -98.142101,34.550605,0.0 -98.142046,34.594248,0.0 -98.14199,34.659261,0.0 -98.141799,34.681158,0.0 -98.221264,34.681076,0.0 -98.282608,34.68076,0.0 -98.282628,34.63757,0.0 -98.285021,34.637681,0.0 -98.334685,34.637862,0.0 -98.352046,34.637828,0.0 -98.35243,34.637603,0.0 -98.361779,34.637749,0.0 -98.369785,34.637683,0.0 -98.38763,34.638008,0.0 -98.389294,34.637998,0.0 -98.404765,34.638194,0.0 -98.408786,34.637905,0.0 -98.415182,34.637891,0.0 -98.416933,34.637882,0.0 -98.418732,34.637901,0.0 -98.42218,34.638225,0.0 -98.422186,34.632614,0.0 -98.422181,34.631005,0.0 -98.422186,34.630591,0.0 -98.422199,34.627413,0.0 -98.422184,34.623188,0.0 -98.429515,34.623512,0.0 -98.439767,34.623562,0.0 -98.43977,34.623413,0.0 -98.439791,34.620993,0.0 -98.439786,34.615866,0.0 -98.43979,34.608904,0.0</coordinates>
</LinearRing>
</outerBoundaryIs>
</Polygon>
</Placemark>
<Placemark id="cb_2023_40_sldl_500k">
<name>&lt;at&gt;&lt;openparen&gt;40065&lt;closeparen&gt;</name>
<visibility>1</visibility>
<description><![CDATA[<center><table><tr><th colspan='2' align='center'><em>Attributes</em></th></tr><tr bgcolor="#E3E3F3">
<th>STATEFP</th>
<td>40</td>
</tr><tr bgcolor="">
<th>SLDLST</th>
<td>065</td>
</tr><tr bgcolor="#E3E3F3">
<th>GEOIDFQ</th>
<td>620L800US40065</td>
</tr><tr bgcolor="">
<th>GEOID</th>
<td>40065</td>
</tr><tr bgcolor="#E3E3F3">
<th>NAME</th>
<td>65</td>
</tr><tr bgcolor="">
<th>NAMELSAD</th>
<td>State House District 65</td>
</tr><tr bgcolor="#E3E3F3">
<th>STUSPS</th>
<td>OK</td>
</tr><tr bgcolor="">
<th>STATE_NAME</th>
<td>Oklahoma</td>
</tr><tr bgcolor="#E3E3F3">
<th>LSAD</th>
<td>LL</td>
</tr><tr bgcolor="">
<th>LSY</th>
<td>2022</td>
</tr><tr bgcolor="#E3E3F3">
<th>ALAND</th>
<td>3431509403</td>
</tr><tr bgcolor="">
<th>AWATER</th>
<td>51220473</td>
</tr></table></center>]]></description>
<LookAt>
<longitude>-102</longitude>
<latitude>38.5</latitude>
<range>7000000</range>
<tilt>10</tilt>
<heading>0</heading>
</LookAt>
<styleUrl>#KMLStyler</styleUrl>
<ExtendedData>
<SchemaData schemaUrl="#kml_schema_ft_cb_2023_40_sldl_500k">
<SimpleData name="STATEFP">40</SimpleData>
<SimpleData name="SLDLST">065</SimpleData>
<SimpleData name="GEOIDFQ">620L800US40065</SimpleData>
<SimpleData name="GEOID">40065</SimpleData>
<SimpleData name="NAME">65</SimpleData>
<SimpleData name="NAMELSAD">State House District 65</SimpleData>
<SimpleData name="STUSPS">OK</SimpleData>
<SimpleData name="STATE_NAME">Oklahoma</SimpleData>
<SimpleData name="LSAD">LL</SimpleData>
<SimpleData name="LSY">2022</SimpleData>
<SimpleData name="ALAND">3431509403</SimpleData>
<SimpleData name="AWATER">51220473</SimpleData>
</SchemaData>
</ExtendedData>
<Polygon>
<extrude>0</extrude>
<tessellate>1</tessellate>
<altitudeMode>clampToGround</altitudeMode>
<outerBoundaryIs>
<LinearRing>
<coordinates>-98.623629,35.262045,0.0 -98.623788,35.218647,0.0 -98.623593,35.204154,0.0 -98.61802,35.204135,0.0 -98.61824,35.117174,0.0 -98.618161,35.102063,0.0 -98.61875,35.101685,0.0 -98.619325,35.101315,0.0 -98.620692,35.097765,0.0 -98.620772,35.097399,0.0 -98.620356,35.014935,0.0 -98.62026,34.962524,0.0 -98.620181,34.942328,0.0 -98.620021,34.941568,0.0 -98.619947,34.913276,0.0 -98.620165,34.912171,0.0 -98.620152,34.884337,0.0 -98.619816,34.85534,0.0 -98.562119,34.855287,0.0 -98.545461,34.855272,0.0 -98.53935,34.846077,0.0 -98.537427,34.841625,0.0 -98.536238,34.8362,0.0 -98.534633,34.832791,0.0 -98.531604,34.82884,0.0 -98.528709,34.823908,0.0 -98.527681,34.821293,0.0 -98.526779,34.8176,0.0 -98.52584,34.811095,0.0 -98.525163,34.808506,0.0 -98.523508,34.804401,0.0 -98.52056,34.798818,0.0 -98.519286,34.796005,0.0 -98.51647,34.788266,0.0 -98.514523,34.78557,0.0 -98.512026,34.783447,0.0 -98.504179,34.778912,0.0 -98.499994,34.775943,0.0 -98.496209,34.772477,0.0 -98.494393,34.770383,0.0 -98.491962,34.766997,0.0 -98.490145,34.763539,0.0 -98.488357,34.758407,0.0 -98.48731,34.753603,0.0 -98.48645,34.749525,0.0 -98.485783,34.747122,0.0 -98.485361,34.746171,0.0 -98.483023,34.742523,0.0 -98.479121,34.73928,0.0 -98.475491,34.737432,0.0 -98.469718,34.734683,0.0 -98.467099,34.732594,0.0 -98.465719,34.730908,0.0 -98.464309,34.72821,0.0 -98.463827,34.726603,0.0 -98.463512,34.724426,0.0 -98.46186,34.724427,0.0 -98.457537,34.724407,0.0 -98.428656,34.724425,0.0 -98.42675,34.724208,0.0 -98.425299,34.723827,0.0 -98.413209,34.719377,0.0 -98.407524,34.717176,0.0 -98.406823,34.716782,0.0 -98.404805,34.715305,0.0 -98.400957,34.712496,0.0 -98.399135,34.711562,0.0 -98.397392,34.711179,0.0 -98.391915,34.700338,0.0 -98.390137,34.695678,0.0 -98.390095,34.695553,0.0 -98.386726,34.685094,0.0 -98.381162,34.668234,0.0 -98.380875,34.666309,0.0 -98.38127,34.663516,0.0 -98.382322,34.660468,0.0 -98.383478,34.661288,0.0 -98.388257,34.663281,0.0 -98.391336,34.663995,0.0 -98.396152,34.664876,0.0 -98.399142,34.66088,0.0 -98.399218,34.653529,0.0 -98.399423,34.651441,0.0 -98.391585,34.645368,0.0 -98.389458,34.643685,0.0 -98.389294,34.637998,0.0 -98.38763,34.638008,0.0 -98.369785,34.637683,0.0 -98.361779,34.637749,0.0 -98.35243,34.637603,0.0 -98.352046,34.637828,0.0 -98.334685,34.637862,0.0 -98.285021,34.637681,0.0 -98.282628,34.63757,0.0 -98.282608,34.68076,0.0 -98.221264,34.681076,0.0 -98.141799,34.681158,0.0 -98.11575,34.681198,0.0 -98.115572,34.6812,0.0 -98.090209,34.681208,0.0 -98.089097,34.681163,0.0 -98.089099,34.688395,0.0 -98.0891,34.688486,0.0 -98.089085,34.753635,0.0 -98.089089,34.811439,0.0 -98.089083,34.811598,0.0 -98.089013,34.82624,0.0 -98.08901,34.834806,0.0 -98.089036,34.840718,0.0 -98.089558,34.854929,0.0 -98.093127,34.854988,0.0 -98.093078,34.883934,0.0 -98.093018,34.954357,0.0 -98.09298,34.954696,0.0 -98.093049,34.970693,0.0 -98.093057,34.985228,0.0 -98.093005,35.014147,0.0 -98.093056,35.028817,0.0 -98.092959,35.076463,0.0 -98.092912,35.077255,0.0 -98.092884,35.083207,0.0 -98.092927,35.08689,0.0 -98.092386,35.088649,0.0 -98.091096,35.089181,0.0 -98.091146,35.116665,0.0 -98.091312,35.189207,0.0 -98.09134,35.20373,0.0 -98.094977,35.20372,0.0 -98.094974,35.23279,0.0 -98.095001,35.24734,0.0 -98.095354,35.305219,0.0 -98.096014,35.377753,0.0 -98.130927,35.377494,0.0 -98.131252,35.377416,0.0 -98.166415,35.377205,0.0 -98.167134,35.377286,0.0 -98.17088,35.377264,0.0 -98.192611,35.376955,0.0 -98.209965,35.376811,0.0 -98.255512,35.376783,0.0 -98.262833,35.377031,0.0 -98.289814,35.377328,0.0 -98.301966,35.37735,0.0 -98.303336,35.377272,0.0 -98.305204,35.377162,0.0 -98.306326,35.377239,0.0 -98.324189,35.377284,0.0 -98.324101,35.362988,0.0 -98.341114,35.363092,0.0 -98.359385,35.362909,0.0 -98.359397,35.359389,0.0 -98.368253,35.359356,0.0 -98.368272,35.362905,0.0 -98.372841,35.362814,0.0 -98.394584,35.362982,0.0 -98.465031,35.363018,0.0 -98.500378,35.362933,0.0 -98.526443,35.362839,0.0 -98.586388,35.363138,0.0 -98.587302,35.363376,0.0 -98.589581,35.363106,0.0 -98.597277,35.363069,0.0 -98.59806,35.363089,0.0 -98.623393,35.362907,0.0 -98.623386,35.334048,0.0 -98.623511,35.290792,0.0 -98.62355,35.283678,0.0 -98.62358,35.2764,0.0 -98.623629,35.262045,0.0</coordinates>
</LinearRing>
</outerBoundaryIs>
</Polygon>
</Placemark>
<Placemark id="cb_2023_40_sldl_500k">
<name>&lt;at&gt;&lt;openparen&gt;40066&lt;closeparen&gt;</name>
<visibility>1</visibility>
<description><![CDATA[<center><table><tr><th colspan='2' align='center'><em>Attributes</em></th></tr><tr bgcolor="#E3E3F3">
<th>STATEFP</th>
<td>40</td>
</tr><tr bgcolor="">
<th>SLDLST</th>
<td>066</td>
</tr><tr bgcolor="#E3E3F3">
<th>GEOIDFQ</th>
<td>620L800US40066</td>
</tr><tr bgcolor="">
<th>GEOID</th>
<td>40066</td>
</tr><tr bgcolor="#E3E3F3">
<th>NAME</th>
<td>66</td>
</tr><tr bgcolor="">
<th>NAMELSAD</th>
<td>State House District 66</td>
</tr><tr bgcolor="#E3E3F3">
<th>STUSPS</th>
<td>OK</td>
</tr><tr bgcolor="">
<th>STATE_NAME</th>
<td>Oklahoma</td>
</tr><tr bgcolor="#E3E3F3">
<th>LSAD</th>
<td>LL</td>
</tr><tr bgcolor="">
<th>LSY</th>
<td>2022</td>
</tr><tr bgcolor="#E3E3F3">
<th>ALAND</th>
<td>562221485</td>
</tr><tr bgcolor="">
<th>AWATER</th>
<td>40414607</td>
</tr></table></center>]]></description>
<LookAt>
<longitude>-102</longitude>
<latitude>38.5</latitude>
<range>7000000</range>
<tilt>10</tilt>
<heading>0</heading>
</LookAt>
<styleUrl>#KMLStyler</styleUrl>
<ExtendedData>
<SchemaData schemaUrl="#kml_schema_ft_cb_2023_40_sldl_500k">
<SimpleData name="STATEFP">40</SimpleData>
<SimpleData name="SLDLST">066</SimpleData>
<SimpleData name="GEOIDFQ">620L800US40066</SimpleData>
<SimpleData name="GEOID">40066</SimpleData>
<SimpleData name="NAME">66</SimpleData>
<SimpleData name="NAMELSAD">State House District 66</SimpleData>
<SimpleData name="STUSPS">OK</SimpleData>
<SimpleData name="STATE_NAME">Oklahoma</SimpleData>
<SimpleData name="LSAD">LL</SimpleData>
<SimpleData name="LSY">2022</SimpleData>
<SimpleData name="ALAND">562221485</SimpleData>
<SimpleData name="AWATER">40414607</SimpleData>
</SchemaData>
</ExtendedData>
<Polygon>
<extrude>0</extrude>
<tessellate>1</tessellate>
<altitudeMode>clampToGround</altitudeMode>
<outerBoundaryIs>
<LinearRing>
<coordinates>-96.269439,36.173096,0.0 -96.270207,36.167624,0.0 -96.268287,36.16198,0.0 -96.266894,36.16198,0.0 -96.265612,36.160365,0.0 -96.256923,36.151772,0.0 -96.25296,36.150106,0.0 -96.252717,36.149999,0.0 -96.249403,36.148236,0.0 -96.24436,36.142597,0.0 -96.242655,36.141209,0.0 -96.239573,36.139845,0.0 -96.238045,36.139473,0.0 -96.233314,36.139325,0.0 -96.226384,36.140081,0.0 -96.226385,36.139664,0.0 -96.216726,36.141329,0.0 -96.207514,36.144318,0.0 -96.202942,36.145556,0.0 -96.197002,36.146288,0.0 -96.193695,36.146022,0.0 -96.193131,36.146369,0.0 -96.190425,36.146133,0.0 -96.190138,36.145567,0.0 -96.190032,36.138528,0.0 -96.190031,36.138285,0.0 -96.190071,36.117574,0.0 -96.190228,36.104877,0.0 -96.19003,36.104867,0.0 -96.188177,36.104771,0.0 -96.181596,36.104893,0.0 -96.175037,36.104689,0.0 -96.172901,36.10476,0.0 -96.154537,36.104668,0.0 -96.149976,36.104692,0.0 -96.14632,36.104805,0.0 -96.143145,36.104745,0.0 -96.141304,36.104711,0.0 -96.136798,36.104735,0.0 -96.134581,36.10476,0.0 -96.131992,36.10478,0.0 -96.128671,36.104776,0.0 -96.127717,36.104737,0.0 -96.117048,36.104665,0.0 -96.111156,36.104509,0.0 -96.108378,36.104571,0.0 -96.107024,36.104616,0.0 -96.10556,36.104678,0.0 -96.101065,36.104618,0.0 -96.097046,36.104693,0.0 -96.080822,36.104576,0.0 -96.078668,36.104534,0.0 -96.076208,36.104514,0.0 -96.074237,36.104595,0.0 -96.073034,36.104592,0.0 -96.069979,36.104527,0.0 -96.06591,36.104558,0.0 -96.065218,36.104552,0.0 -96.063631,36.104563,0.0 -96.063894,36.105108,0.0 -96.065236,36.105821,0.0 -96.065169,36.119607,0.0 -96.065223,36.122777,0.0 -96.065173,36.130912,0.0 -96.060736,36.13194,0.0 -96.059322,36.133743,0.0 -96.057351,36.133556,0.0 -96.057173,36.139157,0.0 -96.056157,36.139298,0.0 -96.047377,36.140743,0.0 -96.047363,36.14228,0.0 -96.047188,36.143166,0.0 -96.047249,36.143783,0.0 -96.047239,36.145004,0.0 -96.047186,36.148017,0.0 -96.056212,36.148088,0.0 -96.056158,36.149786,0.0 -96.056187,36.150508,0.0 -96.056164,36.15073,0.0 -96.056193,36.161089,0.0 -96.055316,36.161088,0.0 -96.047288,36.161133,0.0 -96.043752,36.161127,0.0 -96.043717,36.161834,0.0 -96.041415,36.162048,0.0 -96.039585,36.164189,0.0 -96.040093,36.1652,0.0 -96.038603,36.165996,0.0 -96.037315,36.168499,0.0 -96.038087,36.169493,0.0 -96.037592,36.17041,0.0 -96.038892,36.172245,0.0 -96.036629,36.173562,0.0 -96.03774,36.17449,0.0 -96.038532,36.176879,0.0 -96.036607,36.179718,0.0 -96.036423,36.18142,0.0 -96.033192,36.182852,0.0 -96.032439,36.184637,0.0 -96.032357,36.186987,0.0 -96.036959,36.187038,0.0 -96.037201,36.194176,0.0 -96.037206,36.196708,0.0 -96.037181,36.201734,0.0 -96.037172,36.208906,0.0 -96.037319,36.216012,0.0 -96.019762,36.216285,0.0 -96.011757,36.215989,0.0 -96.011231,36.213909,0.0 -96.00948,36.216044,0.0 -96.005184,36.216366,0.0 -96.006227,36.217365,0.0 -96.003874,36.219182,0.0 -96.001275,36.219252,0.0 -96.001418,36.220637,0.0 -96.001416,36.223827,0.0 -96.001457,36.226966,0.0 -96.001418,36.230782,0.0 -96.001399,36.234953,0.0 -96.001396,36.242135,0.0 -96.001407,36.244824,0.0 -96.001409,36.245225,0.0 -96.001409,36.245301,0.0 -96.001391,36.249265,0.0 -96.001313,36.250019,0.0 -96.001317,36.279372,0.0 -95.997965,36.278406,0.0 -95.995248,36.278204,0.0 -95.993184,36.27792,0.0 -95.992338,36.27654,0.0 -95.991439,36.276687,0.0 -95.991725,36.277815,0.0 -95.991421,36.278584,0.0 -95.973663,36.278585,0.0 -95.973638,36.285838,0.0 -95.959521,36.285765,0.0 -95.937633,36.286033,0.0 -95.937677,36.307537,0.0 -95.951356,36.307389,0.0 -95.955809,36.307604,0.0 -95.955841,36.322053,0.0 -95.955844,36.322239,0.0 -95.956042,36.33666,0.0 -95.956065,36.336659,0.0 -95.956034,36.351146,0.0 -95.95604,36.357852,0.0 -95.956075,36.358258,0.0 -95.956078,36.365549,0.0 -95.956078,36.365737,0.0 -95.980123,36.365747,0.0 -95.98228,36.365867,0.0 -95.985958,36.36564,0.0 -95.991348,36.365644,0.0 -95.991372,36.367477,0.0 -95.991363,36.369285,0.0 -95.995793,36.369327,0.0 -95.995827,36.371658,0.0 -96.00119,36.372074,0.0 -96.001189,36.372174,0.0 -96.001258,36.373977,0.0 -96.001213,36.398427,0.0 -96.001205,36.402451,0.0 -96.001168,36.423477,0.0 -96.001171,36.423686,0.0 -96.001145,36.439763,0.0 -96.001441,36.440003,0.0 -96.001397,36.448208,0.0 -96.011653,36.448321,0.0 -96.012841,36.448328,0.0 -96.0302,36.44823,0.0 -96.030906,36.448227,0.0 -96.030821,36.433841,0.0 -96.03082,36.43355,0.0 -96.041353,36.433607,0.0 -96.041526,36.433802,0.0 -96.041627,36.433909,0.0 -96.066893,36.433922,0.0 -96.066941,36.419322,0.0 -96.102799,36.419391,0.0 -96.103025,36.397409,0.0 -96.103063,36.390309,0.0 -96.123411,36.390208,0.0 -96.129548,36.390251,0.0 -96.145952,36.390329,0.0 -96.147965,36.390142,0.0 -96.15171,36.389352,0.0 -96.15515,36.388183,0.0 -96.159874,36.385893,0.0 -96.164833,36.384092,0.0 -96.170997,36.382517,0.0 -96.17435,36.381461,0.0 -96.189183,36.376217,0.0 -96.194512,36.373924,0.0 -96.204772,36.369143,0.0 -96.20633,36.368622,0.0 -96.207108,36.361836,0.0 -96.191798,36.361899,0.0 -96.19185,36.354814,0.0 -96.192091,36.354356,0.0 -96.192231,36.337115,0.0 -96.191995,36.33704,0.0 -96.192032,36.332843,0.0 -96.186736,36.332821,0.0 -96.186851,36.332623,0.0 -96.189772,36.32996,0.0 -96.190195,36.327862,0.0 -96.189684,36.32581,0.0 -96.18728,36.323486,0.0 -96.185949,36.321595,0.0 -96.185468,36.31895,0.0 -96.184392,36.316785,0.0 -96.185474,36.312407,0.0 -96.188043,36.308676,0.0 -96.189472,36.307925,0.0 -96.188526,36.303756,0.0 -96.188536,36.303563,0.0 -96.188446,36.30305,0.0 -96.188336,36.302337,0.0 -96.192398,36.302336,0.0 -96.192749,36.302337,0.0 -96.192824,36.289146,0.0 -96.192823,36.288735,0.0 -96.192654,36.282235,0.0 -96.19234,36.281762,0.0 -96.192344,36.24538,0.0 -96.164964,36.245193,0.0 -96.164518,36.24175,0.0 -96.16196,36.239327,0.0 -96.161851,36.235843,0.0 -96.165456,36.228783,0.0 -96.166063,36.216378,0.0 -96.179956,36.216339,0.0 -96.183033,36.214206,0.0 -96.184361,36.212108,0.0 -96.187025,36.21018,0.0 -96.187791,36.206748,0.0 -96.187284,36.202918,0.0 -96.18567,36.202646,0.0 -96.185174,36.202275,0.0 -96.184911,36.202047,0.0 -96.184911,36.201723,0.0 -96.185239,36.201701,0.0 -96.19715,36.201846,0.0 -96.211833,36.201881,0.0 -96.222533,36.201909,0.0 -96.224379,36.201911,0.0 -96.242429,36.201958,0.0 -96.242873,36.201896,0.0 -96.243047,36.200241,0.0 -96.243967,36.196965,0.0 -96.245583,36.194141,0.0 -96.247559,36.191549,0.0 -96.250735,36.188908,0.0 -96.257727,36.183661,0.0 -96.264525,36.179443,0.0 -96.269183,36.173684,0.0 -96.269439,36.173096,0.0</coordinates>
</LinearRing>
</outerBoundaryIs>
</Polygon>
</Placemark>
<Placemark id="cb_2023_40_sldl_500k">
<name>&lt;at&gt;&lt;openparen&gt;40067&lt;closeparen&gt;</name>
<visibility>1</visibility>
<description><![CDATA[<center><table><tr><th colspan='2' align='center'><em>Attributes</em></th></tr><tr bgcolor="#E3E3F3">
<th>STATEFP</th>
<td>40</td>
</tr><tr bgcolor="">
<th>SLDLST</th>
<td>067</td>
</tr><tr bgcolor="#E3E3F3">
<th>GEOIDFQ</th>
<td>620L800US40067</td>
</tr><tr bgcolor="">
<th>GEOID</th>
<td>40067</td>
</tr><tr bgcolor="#E3E3F3">
<th>NAME</th>
<td>67</td>
</tr><tr bgcolor="">
<th>NAMELSAD</th>
<td>State House District 67</td>
</tr><tr bgcolor="#E3E3F3">
<th>STUSPS</th>
<td>OK</td>
</tr><tr bgcolor="">
<th>STATE_NAME</th>
<td>Oklahoma</td>
</tr><tr bgcolor="#E3E3F3">
<th>LSAD</th>
<td>LL</td>
</tr><tr bgcolor="">
<th>LSY</th>
<td>2022</td>
</tr><tr bgcolor="#E3E3F3">
<th>ALAND</th>
<td>27593058</td>
</tr><tr bgcolor="">
<th>AWATER</th>
<td>20682</td>
</tr></table></center>]]></description>
<LookAt>
<longitude>-102</longitude>
<latitude>38.5</latitude>
<range>7000000</range>
<tilt>10</tilt>
<heading>0</heading>
</LookAt>
<styleUrl>#KMLStyler</styleUrl>
<ExtendedData>
<SchemaData schemaUrl="#kml_schema_ft_cb_2023_40_sldl_500k">
<SimpleData name="STATEFP">40</SimpleData>
<SimpleData name="SLDLST">067</SimpleData>
<SimpleData name="GEOIDFQ">620L800US40067</SimpleData>
<SimpleData name="GEOID">40067</SimpleData>
<SimpleData name="NAME">67</SimpleData>
<SimpleData name="NAMELSAD">State House District 67</SimpleData>
<SimpleData name="STUSPS">OK</SimpleData>
<SimpleData name="STATE_NAME">Oklahoma</SimpleData>
<SimpleData name="LSAD">LL</SimpleData>
<SimpleData name="LSY">2022</SimpleData>
<SimpleData name="ALAND">27593058</SimpleData>
<SimpleData name="AWATER">20682</SimpleData>
</SchemaData>
</ExtendedData>
<Polygon>
<extrude>0</extrude>
<tessellate>1</tessellate>
<altitudeMode>clampToGround</altitudeMode>
<outerBoundaryIs>
<LinearRing>
<coordinates>-95.932099,36.039924,0.0 -95.932691,36.03875,0.0 -95.931544,36.03851,0.0 -95.930478,36.035696,0.0 -95.930455,36.031891,0.0 -95.92215,36.031868,0.0 -95.92212,36.025626,0.0 -95.922171,36.017334,0.0 -95.904232,36.017334,0.0 -95.904289,36.010678,0.0 -95.904353,36.005832,0.0 -95.904335,36.002804,0.0 -95.898163,36.002823,0.0 -95.886637,36.002805,0.0 -95.883062,36.0029,0.0 -95.877402,36.002835,0.0 -95.868562,36.002861,0.0 -95.86848,36.01058,0.0 -95.86853,36.017378,0.0 -95.868529,36.017606,0.0 -95.868535,36.024974,0.0 -95.868513,36.031929,0.0 -95.868522,36.046413,0.0 -95.868475,36.050048,0.0 -95.868496,36.053629,0.0 -95.868561,36.056059,0.0 -95.869217,36.054218,0.0 -95.871706,36.05633,0.0 -95.874833,36.057756,0.0 -95.87713,36.056201,0.0 -95.878324,36.055001,0.0 -95.879364,36.054904,0.0 -95.886159,36.055041,0.0 -95.886192,36.053831,0.0 -95.89359,36.053787,0.0 -95.899235,36.053757,0.0 -95.904269,36.053728,0.0 -95.904242,36.054731,0.0 -95.904225,36.055884,0.0 -95.904221,36.060865,0.0 -95.911691,36.060799,0.0 -95.913202,36.060823,0.0 -95.914878,36.0608,0.0 -95.92207,36.060825,0.0 -95.922051,36.053567,0.0 -95.922086,36.052581,0.0 -95.922044,36.051391,0.0 -95.922128,36.046384,0.0 -95.92704,36.046376,0.0 -95.930495,36.046393,0.0 -95.930539,36.042715,0.0 -95.931634,36.040563,0.0 -95.932099,36.039924,0.0</coordinates>
</LinearRing>
</outerBoundaryIs>
</Polygon>
</Placemark>
<Placemark id="cb_2023_40_sldl_500k">
<name>&lt;at&gt;&lt;openparen&gt;40068&lt;closeparen&gt;</name>
<visibility>1</visibility>
<description><![CDATA[<center><table><tr><th colspan='2' align='center'><em>Attributes</em></th></tr><tr bgcolor="#E3E3F3">
<th>STATEFP</th>
<td>40</td>
</tr><tr bgcolor="">
<th>SLDLST</th>
<td>068</td>
</tr><tr bgcolor="#E3E3F3">
<th>GEOIDFQ</th>
<td>620L800US40068</td>
</tr><tr bgcolor="">
<th>GEOID</th>
<td>40068</td>
</tr><tr bgcolor="#E3E3F3">
<th>NAME</th>
<td>68</td>
</tr><tr bgcolor="">
<th>NAMELSAD</th>
<td>State House District 68</td>
</tr><tr bgcolor="#E3E3F3">
<th>STUSPS</th>
<td>OK</td>
</tr><tr bgcolor="">
<th>STATE_NAME</th>
<td>Oklahoma</td>
</tr><tr bgcolor="#E3E3F3">
<th>LSAD</th>
<td>LL</td>
</tr><tr bgcolor="">
<th>LSY</th>
<td>2022</td>
</tr><tr bgcolor="#E3E3F3">
<th>ALAND</th>
<td>93779736</td>
</tr><tr bgcolor="">
<th>AWATER</th>
<td>4311353</td>
</tr></table></center>]]></description>
<LookAt>
<longitude>-102</longitude>
<latitude>38.5</latitude>
<range>7000000</range>
<tilt>10</tilt>
<heading>0</heading>
</LookAt>
<styleUrl>#KMLStyler</styleUrl>
<ExtendedData>
<SchemaData schemaUrl="#kml_schema_ft_cb_2023_40_sldl_500k">
<SimpleData name="STATEFP">40</SimpleData>
<SimpleData name="SLDLST">068</SimpleData>
<SimpleData name="GEOIDFQ">620L800US40068</SimpleData>
<SimpleData name="GEOID">40068</SimpleData>
<SimpleData name="NAME">68</SimpleData>
<SimpleData name="NAMELSAD">State House District 68</SimpleData>
<SimpleData name="STUSPS">OK</SimpleData>
<SimpleData name="STATE_NAME">Oklahoma</SimpleData>
<SimpleData name="LSAD">LL</SimpleData>
<SimpleData name="LSY">2022</SimpleData>
<SimpleData name="ALAND">93779736</SimpleData>
<SimpleData name="AWATER">4311353</SimpleData>
</SchemaData>
</ExtendedData>
<Polygon>
<extrude>0</extrude>
<tessellate>1</tessellate>
<altitudeMode>clampToGround</altitudeMode>
<outerBoundaryIs>
<LinearRing>
<coordinates>-96.065169,36.119607,0.0 -96.065236,36.105821,0.0 -96.063894,36.105108,0.0 -96.063631,36.104563,0.0 -96.062973,36.104563,0.0 -96.058579,36.104528,0.0 -96.056309,36.10452,0.0 -96.054069,36.10453,0.0 -96.04736,36.104493,0.0 -96.040199,36.104399,0.0 -96.038412,36.104468,0.0 -96.037125,36.104483,0.0 -96.03544,36.104455,0.0 -96.033965,36.104467,0.0 -96.030736,36.104466,0.0 -96.029464,36.104453,0.0 -96.029509,36.097778,0.0 -96.02952,36.095435,0.0 -96.029545,36.091734,0.0 -96.029565,36.089012,0.0 -96.029583,36.075366,0.0 -96.029544,36.069246,0.0 -96.029755,36.069246,0.0 -96.034978,36.069279,0.0 -96.036296,36.068291,0.0 -96.03756,36.068113,0.0 -96.0377,36.064753,0.0 -96.038108,36.06383,0.0 -96.038185,36.061022,0.0 -96.03811,36.060934,0.0 -96.034067,36.060959,0.0 -96.030353,36.060936,0.0 -96.029781,36.060951,0.0 -96.029542,36.060957,0.0 -96.029547,36.050027,0.0 -96.02956,36.046427,0.0 -96.029795,36.046426,0.0 -96.033048,36.046422,0.0 -96.038531,36.046415,0.0 -96.043002,36.046451,0.0 -96.043503,36.046439,0.0 -96.044092,36.046249,0.0 -96.047454,36.04643,0.0 -96.047498,36.044947,0.0 -96.047414,36.043365,0.0 -96.047457,36.039209,0.0 -96.047459,36.031923,0.0 -96.047228,36.03192,0.0 -96.029747,36.031965,0.0 -96.029518,36.031966,0.0 -96.029559,36.009016,0.0 -96.029559,36.008822,0.0 -96.029524,35.999124,0.0 -96.029624,35.995632,0.0 -96.029765,35.994767,0.0 -96.029523,35.99366,0.0 -96.029544,35.988387,0.0 -96.029486,35.966562,0.0 -96.029477,35.959198,0.0 -96.029266,35.959205,0.0 -96.02063,35.959195,0.0 -96.018872,35.959211,0.0 -96.020144,35.95975,0.0 -96.020107,35.961244,0.0 -96.018822,35.961212,0.0 -96.016715,35.963023,0.0 -96.016607,35.964304,0.0 -96.012208,35.964291,0.0 -96.011948,35.959159,0.0 -96.011663,35.959155,0.0 -95.995545,35.959225,0.0 -95.993826,35.959174,0.0 -95.993802,35.966907,0.0 -95.993814,35.973711,0.0 -95.983715,35.973747,0.0 -95.982646,35.973719,0.0 -95.981186,35.973688,0.0 -95.97597,35.973744,0.0 -95.975983,35.981052,0.0 -95.975965,35.984576,0.0 -95.975946,35.988347,0.0 -95.975903,36.002878,0.0 -95.98375,36.002903,0.0 -95.984864,36.002848,0.0 -95.993788,36.002873,0.0 -95.993845,36.009454,0.0 -95.993771,36.015816,0.0 -95.993961,36.016596,0.0 -95.993758,36.024639,0.0 -95.982089,36.02474,0.0 -95.977716,36.022745,0.0 -95.977172,36.022635,0.0 -95.975816,36.022621,0.0 -95.975892,36.031955,0.0 -95.975862,36.042997,0.0 -95.976272,36.046695,0.0 -95.976272,36.050094,0.0 -95.978691,36.06001,0.0 -95.979026,36.060763,0.0 -95.986073,36.075194,0.0 -95.987955,36.089953,0.0 -95.986743,36.098286,0.0 -95.985873,36.104293,0.0 -95.986974,36.118993,0.0 -95.987401,36.121198,0.0 -95.992178,36.131829,0.0 -96.000826,36.140049,0.0 -96.005876,36.142745,0.0 -96.011277,36.145494,0.0 -96.020444,36.146655,0.0 -96.026157,36.145936,0.0 -96.029247,36.145014,0.0 -96.043236,36.14122,0.0 -96.047377,36.140743,0.0 -96.056157,36.139298,0.0 -96.057173,36.139157,0.0 -96.057351,36.133556,0.0 -96.059322,36.133743,0.0 -96.060736,36.13194,0.0 -96.065173,36.130912,0.0 -96.065223,36.122777,0.0 -96.065169,36.119607,0.0</coordinates>
</LinearRing>
</outerBoundaryIs>
</Polygon>
</Placemark>
<Placemark id="cb_2023_40_sldl_500k">
<name>&lt;at&gt;&lt;openparen&gt;40069&lt;closeparen&gt;</name>
<visibility>1</visibility>
<description><![CDATA[<center><table><tr><th colspan='2' align='center'><em>Attributes</em></th></tr><tr bgcolor="#E3E3F3">
<th>STATEFP</th>
<td>40</td>
</tr><tr bgcolor="">
<th>SLDLST</th>
<td>069</td>
</tr><tr bgcolor="#E3E3F3">
<th>GEOIDFQ</th>
<td>620L800US40069</td>
</tr><tr bgcolor="">
<th>GEOID</th>
<td>40069</td>
</tr><tr bgcolor="#E3E3F3">
<th>NAME</th>
<td>69</td>
</tr><tr bgcolor="">
<th>NAMELSAD</th>
<td>State House District 69</td>
</tr><tr bgcolor="#E3E3F3">
<th>STUSPS</th>
<td>OK</td>
</tr><tr bgcolor="">
<th>STATE_NAME</th>
<td>Oklahoma</td>
</tr><tr bgcolor="#E3E3F3">
<th>LSAD</th>
<td>LL</td>
</tr><tr bgcolor="">
<th>LSY</th>
<td>2022</td>
</tr><tr bgcolor="#E3E3F3">
<th>ALAND</th>
<td>49413006</td>
</tr><tr bgcolor="">
<th>AWATER</th>
<td>5507856</td>
</tr></table></center>]]></description>
<LookAt>
<longitude>-102</longitude>
<latitude>38.5</latitude>
<range>7000000</range>
<tilt>10</tilt>
<heading>0</heading>
</LookAt>
<styleUrl>#KMLStyler</styleUrl>
<ExtendedData>
<SchemaData schemaUrl="#kml_schema_ft_cb_2023_40_sldl_500k">
<SimpleData name="STATEFP">40</SimpleData>
<SimpleData name="SLDLST">069</SimpleData>
<SimpleData name="GEOIDFQ">620L800US40069</SimpleData>
<SimpleData name="GEOID">40069</SimpleData>
<SimpleData name="NAME">69</SimpleData>
<SimpleData name="NAMELSAD">State House District 69</SimpleData>
<SimpleData name="STUSPS">OK</SimpleData>
<SimpleData name="STATE_NAME">Oklahoma</SimpleData>
<SimpleData name="LSAD">LL</SimpleData>
<SimpleData name="LSY">2022</SimpleData>
<SimpleData name="ALAND">49413006</SimpleData>
<SimpleData name="AWATER">5507856</SimpleData>
</SchemaData>
</ExtendedData>
<Polygon>
<extrude>0</extrude>
<tessellate>1</tessellate>
<altitudeMode>clampToGround</altitudeMode>
<outerBoundaryIs>
<LinearRing>
<coordinates>-95.993961,36.016596,0.0 -95.993771,36.015816,0.0 -95.993845,36.009454,0.0 -95.993788,36.002873,0.0 -95.984864,36.002848,0.0 -95.98375,36.002903,0.0 -95.975903,36.002878,0.0 -95.975946,35.988347,0.0 -95.975965,35.984576,0.0 -95.975983,35.981052,0.0 -95.97597,35.973744,0.0 -95.968109,35.973785,0.0 -95.95808,35.973818,0.0 -95.94021,35.973784,0.0 -95.922781,35.973645,0.0 -95.920094,35.973791,0.0 -95.917369,35.973897,0.0 -95.912157,35.972117,0.0 -95.909806,35.968798,0.0 -95.905742,35.967416,0.0 -95.904468,35.965398,0.0 -95.904392,35.968348,0.0 -95.904528,35.973663,0.0 -95.904445,35.98829,0.0 -95.895256,35.988295,0.0 -95.886505,35.988299,0.0 -95.886466,35.996361,0.0 -95.886637,36.002805,0.0 -95.898163,36.002823,0.0 -95.904335,36.002804,0.0 -95.904353,36.005832,0.0 -95.904289,36.010678,0.0 -95.904232,36.017334,0.0 -95.922171,36.017334,0.0 -95.92212,36.025626,0.0 -95.92215,36.031868,0.0 -95.930455,36.031891,0.0 -95.930478,36.035696,0.0 -95.931544,36.03851,0.0 -95.932691,36.03875,0.0 -95.932099,36.039924,0.0 -95.931634,36.040563,0.0 -95.930539,36.042715,0.0 -95.930495,36.046393,0.0 -95.937959,36.046353,0.0 -95.94002,36.046411,0.0 -95.941199,36.052831,0.0 -95.940709,36.053936,0.0 -95.939951,36.055021,0.0 -95.939898,36.060831,0.0 -95.94686,36.060864,0.0 -95.957884,36.060776,0.0 -95.957949,36.060189,0.0 -95.957876,36.058017,0.0 -95.957833,36.046412,0.0 -95.964105,36.046382,0.0 -95.965355,36.046616,0.0 -95.972216,36.046295,0.0 -95.974472,36.046295,0.0 -95.975772,36.047995,0.0 -95.976272,36.050094,0.0 -95.976272,36.046695,0.0 -95.975862,36.042997,0.0 -95.975892,36.031955,0.0 -95.975816,36.022621,0.0 -95.977172,36.022635,0.0 -95.977716,36.022745,0.0 -95.982089,36.02474,0.0 -95.993758,36.024639,0.0 -95.993961,36.016596,0.0</coordinates>
</LinearRing>
</outerBoundaryIs>
</Polygon>
</Placemark>
<Placemark id="cb_2023_40_sldl_500k">
<name>&lt;at&gt;&lt;openparen&gt;40070&lt;closeparen&gt;</name>
<visibility>1</visibility>
<description><![CDATA[<center><table><tr><th colspan='2' align='center'><em>Attributes</em></th></tr><tr bgcolor="#E3E3F3">
<th>STATEFP</th>
<td>40</td>
</tr><tr bgcolor="">
<th>SLDLST</th>
<td>070</td>
</tr><tr bgcolor="#E3E3F3">
<th>GEOIDFQ</th>
<td>620L800US40070</td>
</tr><tr bgcolor="">
<th>GEOID</th>
<td>40070</td>
</tr><tr bgcolor="#E3E3F3">
<th>NAME</th>
<td>70</td>
</tr><tr bgcolor="">
<th>NAMELSAD</th>
<td>State House District 70</td>
</tr><tr bgcolor="#E3E3F3">
<th>STUSPS</th>
<td>OK</td>
</tr><tr bgcolor="">
<th>STATE_NAME</th>
<td>Oklahoma</td>
</tr><tr bgcolor="#E3E3F3">
<th>LSAD</th>
<td>LL</td>
</tr><tr bgcolor="">
<th>LSY</th>
<td>2022</td>
</tr><tr bgcolor="#E3E3F3">
<th>ALAND</th>
<td>35216121</td>
</tr><tr bgcolor="">
<th>AWATER</th>
<td>31890</td>
</tr></table></center>]]></description>
<LookAt>
<longitude>-102</longitude>
<latitude>38.5</latitude>
<range>7000000</range>
<tilt>10</tilt>
<heading>0</heading>
</LookAt>
<styleUrl>#KMLStyler</styleUrl>
<ExtendedData>
<SchemaData schemaUrl="#kml_schema_ft_cb_2023_40_sldl_500k">
<SimpleData name="STATEFP">40</SimpleData>
<SimpleData name="SLDLST">070</SimpleData>
<SimpleData name="GEOIDFQ">620L800US40070</SimpleData>
<SimpleData name="GEOID">40070</SimpleData>
<SimpleData name="NAME">70</SimpleData>
<SimpleData name="NAMELSAD">State House District 70</SimpleData>
<SimpleData name="STUSPS">OK</SimpleData>
<SimpleData name="STATE_NAME">Oklahoma</SimpleData>
<SimpleData name="LSAD">LL</SimpleData>
<SimpleData name="LSY">2022</SimpleData>
<SimpleData name="ALAND">35216121</SimpleData>
<SimpleData name="AWATER">31890</SimpleData>
</SchemaData>
</ExtendedData>
<Polygon>
<extrude>0</extrude>
<tessellate>1</tessellate>
<altitudeMode>clampToGround</altitudeMode>
<outerBoundaryIs>
<LinearRing>
<coordinates>-95.967719,36.118811,0.0 -95.967101,36.118781,0.0 -95.95815,36.118789,0.0 -95.958073,36.111522,0.0 -95.95799,36.104252,0.0 -95.957943,36.090398,0.0 -95.957975,36.081427,0.0 -95.957957,36.076396,0.0 -95.958007,36.075281,0.0 -95.957884,36.060776,0.0 -95.94686,36.060864,0.0 -95.939898,36.060831,0.0 -95.939951,36.055021,0.0 -95.940709,36.053936,0.0 -95.941199,36.052831,0.0 -95.94002,36.046411,0.0 -95.937959,36.046353,0.0 -95.930495,36.046393,0.0 -95.92704,36.046376,0.0 -95.922128,36.046384,0.0 -95.922044,36.051391,0.0 -95.922086,36.052581,0.0 -95.922051,36.053567,0.0 -95.92207,36.060825,0.0 -95.922122,36.068235,0.0 -95.922138,36.075326,0.0 -95.922358,36.080593,0.0 -95.922193,36.083039,0.0 -95.922231,36.089827,0.0 -95.915583,36.089849,0.0 -95.915634,36.097095,0.0 -95.912757,36.097109,0.0 -95.912798,36.100799,0.0 -95.913206,36.101247,0.0 -95.9086,36.104401,0.0 -95.904532,36.104365,0.0 -95.886612,36.104424,0.0 -95.88656,36.108558,0.0 -95.896495,36.113701,0.0 -95.889183,36.118939,0.0 -95.891058,36.118919,0.0 -95.904541,36.118897,0.0 -95.917291,36.118891,0.0 -95.921203,36.118837,0.0 -95.922367,36.118809,0.0 -95.922378,36.119469,0.0 -95.922461,36.127437,0.0 -95.922477,36.133309,0.0 -95.931437,36.133269,0.0 -95.940354,36.133284,0.0 -95.948705,36.133257,0.0 -95.949087,36.133278,0.0 -95.958199,36.13323,0.0 -95.960134,36.133276,0.0 -95.962031,36.133251,0.0 -95.962698,36.129656,0.0 -95.962545,36.126096,0.0 -95.963444,36.124516,0.0 -95.967198,36.125091,0.0 -95.966669,36.12257,0.0 -95.967719,36.118811,0.0</coordinates>
</LinearRing>
</outerBoundaryIs>
</Polygon>
</Placemark>
<Placemark id="cb_2023_40_sldl_500k">
<name>&lt;at&gt;&lt;openparen&gt;40071&lt;closeparen&gt;</name>
<visibility>1</visibility>
<description><![CDATA[<center><table><tr><th colspan='2' align='center'><em>Attributes</em></th></tr><tr bgcolor="#E3E3F3">
<th>STATEFP</th>
<td>40</td>
</tr><tr bgcolor="">
<th>SLDLST</th>
<td>071</td>
</tr><tr bgcolor="#E3E3F3">
<th>GEOIDFQ</th>
<td>620L800US40071</td>
</tr><tr bgcolor="">
<th>GEOID</th>
<td>40071</td>
</tr><tr bgcolor="#E3E3F3">
<th>NAME</th>
<td>71</td>
</tr><tr bgcolor="">
<th>NAMELSAD</th>
<td>State House District 71</td>
</tr><tr bgcolor="#E3E3F3">
<th>STUSPS</th>
<td>OK</td>
</tr><tr bgcolor="">
<th>STATE_NAME</th>
<td>Oklahoma</td>
</tr><tr bgcolor="#E3E3F3">
<th>LSAD</th>
<td>LL</td>
</tr><tr bgcolor="">
<th>LSY</th>
<td>2022</td>
</tr><tr bgcolor="#E3E3F3">
<th>ALAND</th>
<td>21468702</td>
</tr><tr bgcolor="">
<th>AWATER</th>
<td>2466408</td>
</tr></table></center>]]></description>
<LookAt>
<longitude>-102</longitude>
<latitude>38.5</latitude>
<range>7000000</range>
<tilt>10</tilt>
<heading>0</heading>
</LookAt>
<styleUrl>#KMLStyler</styleUrl>
<ExtendedData>
<SchemaData schemaUrl="#kml_schema_ft_cb_2023_40_sldl_500k">
<SimpleData name="STATEFP">40</SimpleData>
<SimpleData name="SLDLST">071</SimpleData>
<SimpleData name="GEOIDFQ">620L800US40071</SimpleData>
<SimpleData name="GEOID">40071</SimpleData>
<SimpleData name="NAME">71</SimpleData>
<SimpleData name="NAMELSAD">State House District 71</SimpleData>
<SimpleData name="STUSPS">OK</SimpleData>
<SimpleData name="STATE_NAME">Oklahoma</SimpleData>
<SimpleData name="LSAD">LL</SimpleData>
<SimpleData name="LSY">2022</SimpleData>
<SimpleData name="ALAND">21468702</SimpleData>
<SimpleData name="AWATER">2466408</SimpleData>
</SchemaData>
</ExtendedData>
<Polygon>
<extrude>0</extrude>
<tessellate>1</tessellate>
<altitudeMode>clampToGround</altitudeMode>
<outerBoundaryIs>
<LinearRing>
<coordinates>-96.003088,36.14672,0.0 -96.005876,36.142745,0.0 -96.000826,36.140049,0.0 -95.992178,36.131829,0.0 -95.987401,36.121198,0.0 -95.986974,36.118993,0.0 -95.985873,36.104293,0.0 -95.986743,36.098286,0.0 -95.987955,36.089953,0.0 -95.986073,36.075194,0.0 -95.979026,36.060763,0.0 -95.978691,36.06001,0.0 -95.976272,36.050094,0.0 -95.975772,36.047995,0.0 -95.974472,36.046295,0.0 -95.972216,36.046295,0.0 -95.965355,36.046616,0.0 -95.964105,36.046382,0.0 -95.957833,36.046412,0.0 -95.957876,36.058017,0.0 -95.957949,36.060189,0.0 -95.957884,36.060776,0.0 -95.958007,36.075281,0.0 -95.957957,36.076396,0.0 -95.957975,36.081427,0.0 -95.957943,36.090398,0.0 -95.95799,36.104252,0.0 -95.958073,36.111522,0.0 -95.95815,36.118789,0.0 -95.967101,36.118781,0.0 -95.967719,36.118811,0.0 -95.966669,36.12257,0.0 -95.967198,36.125091,0.0 -95.963444,36.124516,0.0 -95.962545,36.126096,0.0 -95.962698,36.129656,0.0 -95.962031,36.133251,0.0 -95.967256,36.13331,0.0 -95.975636,36.133354,0.0 -95.983388,36.133351,0.0 -95.983399,36.136158,0.0 -95.98736,36.136058,0.0 -95.98962,36.136089,0.0 -95.989604,36.143794,0.0 -95.992347,36.144047,0.0 -95.994988,36.14518,0.0 -96.000511,36.145316,0.0 -96.001823,36.145958,0.0 -96.00273,36.147786,0.0 -96.003088,36.14672,0.0</coordinates>
</LinearRing>
</outerBoundaryIs>
</Polygon>
</Placemark>
<Placemark id="cb_2023_40_sldl_500k">
<name>&lt;at&gt;&lt;openparen&gt;40072&lt;closeparen&gt;</name>
<visibility>1</visibility>
<description><![CDATA[<center><table><tr><th colspan='2' align='center'><em>Attributes</em></th></tr><tr bgcolor="#E3E3F3">
<th>STATEFP</th>
<td>40</td>
</tr><tr bgcolor="">
<th>SLDLST</th>
<td>072</td>
</tr><tr bgcolor="#E3E3F3">
<th>GEOIDFQ</th>
<td>620L800US40072</td>
</tr><tr bgcolor="">
<th>GEOID</th>
<td>40072</td>
</tr><tr bgcolor="#E3E3F3">
<th>NAME</th>
<td>72</td>
</tr><tr bgcolor="">
<th>NAMELSAD</th>
<td>State House District 72</td>
</tr><tr bgcolor="#E3E3F3">
<th>STUSPS</th>
<td>OK</td>
</tr><tr bgcolor="">
<th>STATE_NAME</th>
<td>Oklahoma</td>
</tr><tr bgcolor="#E3E3F3">
<th>LSAD</th>
<td>LL</td>
</tr><tr bgcolor="">
<th>LSY</th>
<td>2022</td>
</tr><tr bgcolor="#E3E3F3">
<th>ALAND</th>
<td>101280821</td>
</tr><tr bgcolor="">
<th>AWATER</th>
<td>2961522</td>
</tr></table></center>]]></description>
<LookAt>
<longitude>-102</longitude>
<latitude>38.5</latitude>
<range>7000000</range>
<tilt>10</tilt>
<heading>0</heading>
</LookAt>
<styleUrl>#KMLStyler</styleUrl>
<ExtendedData>
<SchemaData schemaUrl="#kml_schema_ft_cb_2023_40_sldl_500k">
<SimpleData name="STATEFP">40</SimpleData>
<SimpleData name="SLDLST">072</SimpleData>
<SimpleData name="GEOIDFQ">620L800US40072</SimpleData>
<SimpleData name="GEOID">40072</SimpleData>
<SimpleData name="NAME">72</SimpleData>
<SimpleData name="NAMELSAD">State House District 72</SimpleData>
<SimpleData name="STUSPS">OK</SimpleData>
<SimpleData name="STATE_NAME">Oklahoma</SimpleData>
<SimpleData name="LSAD">LL</SimpleData>
<SimpleData name="LSY">2022</SimpleData>
<SimpleData name="ALAND">101280821</SimpleData>
<SimpleData name="AWATER">2961522</SimpleData>
</SchemaData>
</ExtendedData>
<Polygon>
<extrude>0</extrude>
<tessellate>1</tessellate>
<altitudeMode>clampToGround</altitudeMode>
<outerBoundaryIs>
<LinearRing>
<coordinates>-96.056158,36.149786,0.0 -96.056212,36.148088,0.0 -96.047186,36.148017,0.0 -96.047239,36.145004,0.0 -96.047249,36.143783,0.0 -96.047188,36.143166,0.0 -96.047363,36.14228,0.0 -96.047377,36.140743,0.0 -96.043236,36.14122,0.0 -96.029247,36.145014,0.0 -96.026157,36.145936,0.0 -96.020444,36.146655,0.0 -96.011277,36.145494,0.0 -96.005876,36.142745,0.0 -96.003088,36.14672,0.0 -96.00273,36.147786,0.0 -96.001823,36.145958,0.0 -96.000511,36.145316,0.0 -95.994988,36.14518,0.0 -95.992347,36.144047,0.0 -95.989604,36.143794,0.0 -95.987314,36.143647,0.0 -95.983733,36.142031,0.0 -95.981648,36.141734,0.0 -95.979469,36.142492,0.0 -95.978841,36.143472,0.0 -95.975617,36.143134,0.0 -95.969723,36.142979,0.0 -95.967114,36.143001,0.0 -95.958192,36.142932,0.0 -95.958184,36.147783,0.0 -95.957108,36.147752,0.0 -95.951496,36.147783,0.0 -95.949307,36.147815,0.0 -95.948375,36.14779,0.0 -95.946124,36.147812,0.0 -95.9404,36.147836,0.0 -95.940317,36.154693,0.0 -95.940318,36.155084,0.0 -95.94033,36.159359,0.0 -95.940302,36.160786,0.0 -95.933516,36.160784,0.0 -95.933023,36.162604,0.0 -95.933085,36.166238,0.0 -95.932015,36.166239,0.0 -95.931932,36.173443,0.0 -95.932825,36.177158,0.0 -95.932381,36.177162,0.0 -95.927586,36.177097,0.0 -95.925244,36.177096,0.0 -95.924688,36.177106,0.0 -95.923614,36.177087,0.0 -95.922503,36.177068,0.0 -95.922492,36.180249,0.0 -95.922637,36.181483,0.0 -95.922477,36.181964,0.0 -95.922525,36.187956,0.0 -95.922446,36.191576,0.0 -95.922437,36.198191,0.0 -95.922451,36.205576,0.0 -95.896542,36.208704,0.0 -95.894712,36.209229,0.0 -95.893313,36.210049,0.0 -95.886677,36.215299,0.0 -95.886726,36.231258,0.0 -95.886569,36.233194,0.0 -95.886414,36.23465,0.0 -95.886579,36.235099,0.0 -95.889656,36.235139,0.0 -95.889283,36.236549,0.0 -95.886976,36.238106,0.0 -95.886721,36.239245,0.0 -95.886788,36.247687,0.0 -95.884099,36.249046,0.0 -95.883978,36.249193,0.0 -95.883814,36.249583,0.0 -95.883988,36.264045,0.0 -95.883989,36.264177,0.0 -95.884006,36.267691,0.0 -95.884025,36.271266,0.0 -95.884025,36.271366,0.0 -95.884046,36.27492,0.0 -95.884067,36.278439,0.0 -95.884068,36.278607,0.0 -95.884093,36.286125,0.0 -95.884276,36.286158,0.0 -95.88461,36.286161,0.0 -95.924058,36.286187,0.0 -95.937299,36.286031,0.0 -95.937633,36.286033,0.0 -95.959521,36.285765,0.0 -95.973638,36.285838,0.0 -95.973663,36.278585,0.0 -95.991421,36.278584,0.0 -95.991725,36.277815,0.0 -95.991439,36.276687,0.0 -95.992338,36.27654,0.0 -95.993184,36.27792,0.0 -95.995248,36.278204,0.0 -95.997965,36.278406,0.0 -96.001317,36.279372,0.0 -96.001313,36.250019,0.0 -95.995698,36.24999,0.0 -95.995696,36.249551,0.0 -95.994382,36.249479,0.0 -95.994234,36.249356,0.0 -95.98456,36.249355,0.0 -95.984512,36.242166,0.0 -95.984518,36.234966,0.0 -95.975546,36.235011,0.0 -95.958904,36.23512,0.0 -95.958406,36.235124,0.0 -95.958331,36.22789,0.0 -95.958275,36.220656,0.0 -95.958253,36.20614,0.0 -95.958204,36.204778,0.0 -95.958168,36.191624,0.0 -95.95819,36.190137,0.0 -95.958231,36.180811,0.0 -95.958239,36.177129,0.0 -95.958235,36.175273,0.0 -95.958201,36.169777,0.0 -95.958179,36.166279,0.0 -95.958173,36.160957,0.0 -95.958178,36.160747,0.0 -95.958153,36.156547,0.0 -95.958186,36.154677,0.0 -95.958207,36.151735,0.0 -95.961197,36.152092,0.0 -95.965336,36.152111,0.0 -95.975608,36.152209,0.0 -95.980172,36.152754,0.0 -95.980374,36.156722,0.0 -95.982201,36.156553,0.0 -95.994624,36.152149,0.0 -96.000857,36.150185,0.0 -96.002695,36.150194,0.0 -96.002428,36.151169,0.0 -96.001522,36.155187,0.0 -96.001874,36.157076,0.0 -96.002092,36.158483,0.0 -96.002091,36.159104,0.0 -95.999097,36.160762,0.0 -95.99942,36.161257,0.0 -96.001055,36.161294,0.0 -96.001226,36.161296,0.0 -96.010951,36.161317,0.0 -96.014882,36.161287,0.0 -96.029233,36.16122,0.0 -96.043752,36.161127,0.0 -96.047288,36.161133,0.0 -96.055316,36.161088,0.0 -96.056193,36.161089,0.0 -96.056164,36.15073,0.0 -96.056187,36.150508,0.0 -96.056158,36.149786,0.0</coordinates>
</LinearRing>
</outerBoundaryIs>
</Polygon>
</Placemark>
<Placemark id="cb_2023_40_sldl_500k">
<name>&lt;at&gt;&lt;openparen&gt;40073&lt;closeparen&gt;</name>
<visibility>1</visibility>
<description><![CDATA[<center><table><tr><th colspan='2' align='center'><em>Attributes</em></th></tr><tr bgcolor="#E3E3F3">
<th>STATEFP</th>
<td>40</td>
</tr><tr bgcolor="">
<th>SLDLST</th>
<td>073</td>
</tr><tr bgcolor="#E3E3F3">
<th>GEOIDFQ</th>
<td>620L800US40073</td>
</tr><tr bgcolor="">
<th>GEOID</th>
<td>40073</td>
</tr><tr bgcolor="#E3E3F3">
<th>NAME</th>
<td>73</td>
</tr><tr bgcolor="">
<th>NAMELSAD</th>
<td>State House District 73</td>
</tr><tr bgcolor="#E3E3F3">
<th>STUSPS</th>
<td>OK</td>
</tr><tr bgcolor="">
<th>STATE_NAME</th>
<td>Oklahoma</td>
</tr><tr bgcolor="#E3E3F3">
<th>LSAD</th>
<td>LL</td>
</tr><tr bgcolor="">
<th>LSY</th>
<td>2022</td>
</tr><tr bgcolor="#E3E3F3">
<th>ALAND</th>
<td>57515565</td>
</tr><tr bgcolor="">
<th>AWATER</th>
<td>160261</td>
</tr></table></center>]]></description>
<LookAt>
<longitude>-102</longitude>
<latitude>38.5</latitude>
<range>7000000</range>
<tilt>10</tilt>
<heading>0</heading>
</LookAt>
<styleUrl>#KMLStyler</styleUrl>
<ExtendedData>
<SchemaData schemaUrl="#kml_schema_ft_cb_2023_40_sldl_500k">
<SimpleData name="STATEFP">40</SimpleData>
<SimpleData name="SLDLST">073</SimpleData>
<SimpleData name="GEOIDFQ">620L800US40073</SimpleData>
<SimpleData name="GEOID">40073</SimpleData>
<SimpleData name="NAME">73</SimpleData>
<SimpleData name="NAMELSAD">State House District 73</SimpleData>
<SimpleData name="STUSPS">OK</SimpleData>
<SimpleData name="STATE_NAME">Oklahoma</SimpleData>
<SimpleData name="LSAD">LL</SimpleData>
<SimpleData name="LSY">2022</SimpleData>
<SimpleData name="ALAND">57515565</SimpleData>
<SimpleData name="AWATER">160261</SimpleData>
</SchemaData>
</ExtendedData>
<Polygon>
<extrude>0</extrude>
<tessellate>1</tessellate>
<altitudeMode>clampToGround</altitudeMode>
<outerBoundaryIs>
<LinearRing>
<coordinates>-96.043717,36.161834,0.0 -96.043752,36.161127,0.0 -96.029233,36.16122,0.0 -96.014882,36.161287,0.0 -96.010951,36.161317,0.0 -96.001226,36.161296,0.0 -96.001055,36.161294,0.0 -95.99942,36.161257,0.0 -95.999097,36.160762,0.0 -96.002091,36.159104,0.0 -96.002092,36.158483,0.0 -96.001874,36.157076,0.0 -96.001522,36.155187,0.0 -96.002428,36.151169,0.0 -96.002695,36.150194,0.0 -96.000857,36.150185,0.0 -95.994624,36.152149,0.0 -95.982201,36.156553,0.0 -95.980374,36.156722,0.0 -95.980172,36.152754,0.0 -95.975608,36.152209,0.0 -95.965336,36.152111,0.0 -95.961197,36.152092,0.0 -95.958207,36.151735,0.0 -95.958186,36.154677,0.0 -95.958153,36.156547,0.0 -95.958178,36.160747,0.0 -95.958173,36.160957,0.0 -95.958179,36.166279,0.0 -95.958201,36.169777,0.0 -95.958235,36.175273,0.0 -95.958239,36.177129,0.0 -95.958231,36.180811,0.0 -95.95819,36.190137,0.0 -95.958168,36.191624,0.0 -95.958204,36.204778,0.0 -95.958253,36.20614,0.0 -95.958275,36.220656,0.0 -95.958331,36.22789,0.0 -95.958406,36.235124,0.0 -95.958904,36.23512,0.0 -95.975546,36.235011,0.0 -95.984518,36.234966,0.0 -95.984512,36.242166,0.0 -95.98456,36.249355,0.0 -95.994234,36.249356,0.0 -95.994382,36.249479,0.0 -95.995696,36.249551,0.0 -95.995698,36.24999,0.0 -96.001313,36.250019,0.0 -96.001391,36.249265,0.0 -96.001409,36.245301,0.0 -96.001409,36.245225,0.0 -96.001407,36.244824,0.0 -96.001396,36.242135,0.0 -96.001399,36.234953,0.0 -96.001418,36.230782,0.0 -96.001457,36.226966,0.0 -96.001416,36.223827,0.0 -96.001418,36.220637,0.0 -96.001275,36.219252,0.0 -96.003874,36.219182,0.0 -96.006227,36.217365,0.0 -96.005184,36.216366,0.0 -96.00948,36.216044,0.0 -96.011231,36.213909,0.0 -96.011757,36.215989,0.0 -96.019762,36.216285,0.0 -96.037319,36.216012,0.0 -96.037172,36.208906,0.0 -96.037181,36.201734,0.0 -96.037206,36.196708,0.0 -96.037201,36.194176,0.0 -96.036959,36.187038,0.0 -96.032357,36.186987,0.0 -96.032439,36.184637,0.0 -96.033192,36.182852,0.0 -96.036423,36.18142,0.0 -96.036607,36.179718,0.0 -96.038532,36.176879,0.0 -96.03774,36.17449,0.0 -96.036629,36.173562,0.0 -96.038892,36.172245,0.0 -96.037592,36.17041,0.0 -96.038087,36.169493,0.0 -96.037315,36.168499,0.0 -96.038603,36.165996,0.0 -96.040093,36.1652,0.0 -96.039585,36.164189,0.0 -96.041415,36.162048,0.0 -96.043717,36.161834,0.0</coordinates>
</LinearRing>
</outerBoundaryIs>
</Polygon>
</Placemark>
<Placemark id="cb_2023_40_sldl_500k">
<name>&lt;at&gt;&lt;openparen&gt;40074&lt;closeparen&gt;</name>
<visibility>1</visibility>
<description><![CDATA[<center><table><tr><th colspan='2' align='center'><em>Attributes</em></th></tr><tr bgcolor="#E3E3F3">
<th>STATEFP</th>
<td>40</td>
</tr><tr bgcolor="">
<th>SLDLST</th>
<td>074</td>
</tr><tr bgcolor="#E3E3F3">
<th>GEOIDFQ</th>
<td>620L800US40074</td>
</tr><tr bgcolor="">
<th>GEOID</th>
<td>40074</td>
</tr><tr bgcolor="#E3E3F3">
<th>NAME</th>
<td>74</td>
</tr><tr bgcolor="">
<th>NAMELSAD</th>
<td>State House District 74</td>
</tr><tr bgcolor="#E3E3F3">
<th>STUSPS</th>
<td>OK</td>
</tr><tr bgcolor="">
<th>STATE_NAME</th>
<td>Oklahoma</td>
</tr><tr bgcolor="#E3E3F3">
<th>LSAD</th>
<td>LL</td>
</tr><tr bgcolor="">
<th>LSY</th>
<td>2022</td>
</tr><tr bgcolor="#E3E3F3">
<th>ALAND</th>
<td>89737078</td>
</tr><tr bgcolor="">
<th>AWATER</th>
<td>130432</td>
</tr></table></center>]]></description>
<LookAt>
<longitude>-102</longitude>
<latitude>38.5</latitude>
<range>7000000</range>
<tilt>10</tilt>
<heading>0</heading>
</LookAt>
<styleUrl>#KMLStyler</styleUrl>
<ExtendedData>
<SchemaData schemaUrl="#kml_schema_ft_cb_2023_40_sldl_500k">
<SimpleData name="STATEFP">40</SimpleData>
<SimpleData name="SLDLST">074</SimpleData>
<SimpleData name="GEOIDFQ">620L800US40074</SimpleData>
<SimpleData name="GEOID">40074</SimpleData>
<SimpleData name="NAME">74</SimpleData>
<SimpleData name="NAMELSAD">State House District 74</SimpleData>
<SimpleData name="STUSPS">OK</SimpleData>
<SimpleData name="STATE_NAME">Oklahoma</SimpleData>
<SimpleData name="LSAD">LL</SimpleData>
<SimpleData name="LSY">2022</SimpleData>
<SimpleData name="ALAND">89737078</SimpleData>
<SimpleData name="AWATER">130432</SimpleData>
</SchemaData>
</ExtendedData>
<Polygon>
<extrude>0</extrude>
<tessellate>1</tessellate>
<altitudeMode>clampToGround</altitudeMode>
<outerBoundaryIs>
<LinearRing>
<coordinates>-95.884241,36.322045,0.0 -95.884218,36.314752,0.0 -95.884223,36.311417,0.0 -95.884217,36.309733,0.0 -95.884211,36.307483,0.0 -95.883871,36.293027,0.0 -95.884117,36.293027,0.0 -95.884093,36.286125,0.0 -95.884068,36.278607,0.0 -95.884067,36.278439,0.0 -95.884046,36.27492,0.0 -95.884025,36.271366,0.0 -95.884025,36.271266,0.0 -95.884006,36.267691,0.0 -95.883989,36.264177,0.0 -95.883988,36.264045,0.0 -95.883814,36.249583,0.0 -95.866585,36.24945,0.0 -95.866719,36.24919,0.0 -95.862824,36.24919,0.0 -95.862426,36.249439,0.0 -95.859808,36.249428,0.0 -95.848012,36.24952,0.0 -95.830165,36.249519,0.0 -95.81534,36.24953,0.0 -95.815339,36.249444,0.0 -95.815336,36.249107,0.0 -95.815335,36.248966,0.0 -95.815328,36.247882,0.0 -95.815325,36.247451,0.0 -95.81525,36.23507,0.0 -95.815,36.22941,0.0 -95.81526,36.226569,0.0 -95.815261,36.225957,0.0 -95.81527,36.22445,0.0 -95.807956,36.225449,0.0 -95.80205,36.2258,0.0 -95.7685,36.23078,0.0 -95.761329,36.232209,0.0 -95.7602,36.232469,0.0 -95.76002,36.23251,0.0 -95.76004,36.23496,0.0 -95.76004,36.23516,0.0 -95.76052,36.23977,0.0 -95.75841,36.24304,0.0 -95.758382,36.245889,0.0 -95.75838,36.246078,0.0 -95.75838,36.24949,0.0 -95.75838,36.249731,0.0 -95.75836,36.258523,0.0 -95.75834,36.26326,0.0 -95.7586,36.26398,0.0 -95.776073,36.263982,0.0 -95.776174,36.292958,0.0 -95.77633,36.29296,0.0 -95.776585,36.292962,0.0 -95.776507,36.307442,0.0 -95.794297,36.30754,0.0 -95.81218,36.30754,0.0 -95.812192,36.312421,0.0 -95.812203,36.314797,0.0 -95.81218,36.31935,0.0 -95.812184,36.319723,0.0 -95.8122,36.320803,0.0 -95.8122,36.32205,0.0 -95.813402,36.322061,0.0 -95.81676,36.322059,0.0 -95.830073,36.322037,0.0 -95.831595,36.322061,0.0 -95.832525,36.322045,0.0 -95.833108,36.322036,0.0 -95.839166,36.322045,0.0 -95.840284,36.322035,0.0 -95.84141,36.322025,0.0 -95.842394,36.322033,0.0 -95.845255,36.322058,0.0 -95.847038,36.322072,0.0 -95.848162,36.322072,0.0 -95.860592,36.322051,0.0 -95.866292,36.322112,0.0 -95.866292,36.322298,0.0 -95.866245,36.334187,0.0 -95.866339,36.336458,0.0 -95.866283,36.336671,0.0 -95.884217,36.336644,0.0 -95.884241,36.322045,0.0</coordinates>
</LinearRing>
</outerBoundaryIs>
</Polygon>
</Placemark>
<Placemark id="cb_2023_40_sldl_500k">
<name>&lt;at&gt;&lt;openparen&gt;40075&lt;closeparen&gt;</name>
<visibility>1</visibility>
<description><![CDATA[<center><table><tr><th colspan='2' align='center'><em>Attributes</em></th></tr><tr bgcolor="#E3E3F3">
<th>STATEFP</th>
<td>40</td>
</tr><tr bgcolor="">
<th>SLDLST</th>
<td>075</td>
</tr><tr bgcolor="#E3E3F3">
<th>GEOIDFQ</th>
<td>620L800US40075</td>
</tr><tr bgcolor="">
<th>GEOID</th>
<td>40075</td>
</tr><tr bgcolor="#E3E3F3">
<th>NAME</th>
<td>75</td>
</tr><tr bgcolor="">
<th>NAMELSAD</th>
<td>State House District 75</td>
</tr><tr bgcolor="#E3E3F3">
<th>STUSPS</th>
<td>OK</td>
</tr><tr bgcolor="">
<th>STATE_NAME</th>
<td>Oklahoma</td>
</tr><tr bgcolor="#E3E3F3">
<th>LSAD</th>
<td>LL</td>
</tr><tr bgcolor="">
<th>LSY</th>
<td>2022</td>
</tr><tr bgcolor="#E3E3F3">
<th>ALAND</th>
<td>39599827</td>
</tr><tr bgcolor="">
<th>AWATER</th>
<td>167030</td>
</tr></table></center>]]></description>
<LookAt>
<longitude>-102</longitude>
<latitude>38.5</latitude>
<range>7000000</range>
<tilt>10</tilt>
<heading>0</heading>
</LookAt>
<styleUrl>#KMLStyler</styleUrl>
<ExtendedData>
<SchemaData schemaUrl="#kml_schema_ft_cb_2023_40_sldl_500k">
<SimpleData name="STATEFP">40</SimpleData>
<SimpleData name="SLDLST">075</SimpleData>
<SimpleData name="GEOIDFQ">620L800US40075</SimpleData>
<SimpleData name="GEOID">40075</SimpleData>
<SimpleData name="NAME">75</SimpleData>
<SimpleData name="NAMELSAD">State House District 75</SimpleData>
<SimpleData name="STUSPS">OK</SimpleData>
<SimpleData name="STATE_NAME">Oklahoma</SimpleData>
<SimpleData name="LSAD">LL</SimpleData>
<SimpleData name="LSY">2022</SimpleData>
<SimpleData name="ALAND">39599827</SimpleData>
<SimpleData name="AWATER">167030</SimpleData>
</SchemaData>
</ExtendedData>
<Polygon>
<extrude>0</extrude>
<tessellate>1</tessellate>
<altitudeMode>clampToGround</altitudeMode>
<outerBoundaryIs>
<LinearRing>
<coordinates>-95.8596,36.119017,0.0 -95.85954,36.104473,0.0 -95.859551,36.095354,0.0 -95.858591,36.089967,0.0 -95.858311,36.087737,0.0 -95.859365,36.082024,0.0 -95.859255,36.075397,0.0 -95.856725,36.075367,0.0 -95.853871,36.075468,0.0 -95.851195,36.07539,0.0 -95.851042,36.075387,0.0 -95.846287,36.075399,0.0 -95.817314,36.075449,0.0 -95.815305,36.075388,0.0 -95.811882,36.075471,0.0 -95.807778,36.075431,0.0 -95.802076,36.072677,0.0 -95.797384,36.070871,0.0 -95.797448,36.075403,0.0 -95.796331,36.075371,0.0 -95.795121,36.075581,0.0 -95.793402,36.076793,0.0 -95.780378,36.075537,0.0 -95.779465,36.075524,0.0 -95.779582,36.084145,0.0 -95.779652,36.089943,0.0 -95.77965,36.090202,0.0 -95.761851,36.09029,0.0 -95.761656,36.090289,0.0 -95.76166,36.092497,0.0 -95.761667,36.10445,0.0 -95.761641,36.118981,0.0 -95.761858,36.118905,0.0 -95.810622,36.1188,0.0 -95.815393,36.118945,0.0 -95.821123,36.119022,0.0 -95.823766,36.118948,0.0 -95.824778,36.118944,0.0 -95.826428,36.11898,0.0 -95.833236,36.118926,0.0 -95.841658,36.11897,0.0 -95.851105,36.119003,0.0 -95.85113,36.115742,0.0 -95.856455,36.115743,0.0 -95.856439,36.118968,0.0 -95.8596,36.119017,0.0</coordinates>
</LinearRing>
</outerBoundaryIs>
</Polygon>
</Placemark>
<Placemark id="cb_2023_40_sldl_500k">
<name>&lt;at&gt;&lt;openparen&gt;40076&lt;closeparen&gt;</name>
<visibility>1</visibility>
<description><![CDATA[<center><table><tr><th colspan='2' align='center'><em>Attributes</em></th></tr><tr bgcolor="#E3E3F3">
<th>STATEFP</th>
<td>40</td>
</tr><tr bgcolor="">
<th>SLDLST</th>
<td>076</td>
</tr><tr bgcolor="#E3E3F3">
<th>GEOIDFQ</th>
<td>620L800US40076</td>
</tr><tr bgcolor="">
<th>GEOID</th>
<td>40076</td>
</tr><tr bgcolor="#E3E3F3">
<th>NAME</th>
<td>76</td>
</tr><tr bgcolor="">
<th>NAMELSAD</th>
<td>State House District 76</td>
</tr><tr bgcolor="#E3E3F3">
<th>STUSPS</th>
<td>OK</td>
</tr><tr bgcolor="">
<th>STATE_NAME</th>
<td>Oklahoma</td>
</tr><tr bgcolor="#E3E3F3">
<th>LSAD</th>
<td>LL</td>
</tr><tr bgcolor="">
<th>LSY</th>
<td>2022</td>
</tr><tr bgcolor="#E3E3F3">
<th>ALAND</th>
<td>31023389</td>
</tr><tr bgcolor="">
<th>AWATER</th>
<td>10566</td>
</tr></table></center>]]></description>
<LookAt>
<longitude>-102</longitude>
<latitude>38.5</latitude>
<range>7000000</range>
<tilt>10</tilt>
<heading>0</heading>
</LookAt>
<styleUrl>#KMLStyler</styleUrl>
<ExtendedData>
<SchemaData schemaUrl="#kml_schema_ft_cb_2023_40_sldl_500k">
<SimpleData name="STATEFP">40</SimpleData>
<SimpleData name="SLDLST">076</SimpleData>
<SimpleData name="GEOIDFQ">620L800US40076</SimpleData>
<SimpleData name="GEOID">40076</SimpleData>
<SimpleData name="NAME">76</SimpleData>
<SimpleData name="NAMELSAD">State House District 76</SimpleData>
<SimpleData name="STUSPS">OK</SimpleData>
<SimpleData name="STATE_NAME">Oklahoma</SimpleData>
<SimpleData name="LSAD">LL</SimpleData>
<SimpleData name="LSY">2022</SimpleData>
<SimpleData name="ALAND">31023389</SimpleData>
<SimpleData name="AWATER">10566</SimpleData>
</SchemaData>
</ExtendedData>
<Polygon>
<extrude>0</extrude>
<tessellate>1</tessellate>
<altitudeMode>clampToGround</altitudeMode>
<outerBoundaryIs>
<LinearRing>
<coordinates>-95.855492,36.070249,0.0 -95.855494,36.066959,0.0 -95.853752,36.06698,0.0 -95.851182,36.067813,0.0 -95.851241,36.060875,0.0 -95.85096,36.060874,0.0 -95.850935,36.056165,0.0 -95.85101,36.046301,0.0 -95.851028,36.04233,0.0 -95.850994,36.031851,0.0 -95.851007,36.024186,0.0 -95.850972,36.017315,0.0 -95.835341,36.0174,0.0 -95.833099,36.017401,0.0 -95.822354,36.017457,0.0 -95.818084,36.017481,0.0 -95.815272,36.017407,0.0 -95.809108,36.017411,0.0 -95.804757,36.017453,0.0 -95.797462,36.017464,0.0 -95.797476,36.026621,0.0 -95.797457,36.031914,0.0 -95.797555,36.037899,0.0 -95.797493,36.039645,0.0 -95.797436,36.046457,0.0 -95.797442,36.054439,0.0 -95.797439,36.060988,0.0 -95.797447,36.066342,0.0 -95.797384,36.070871,0.0 -95.802076,36.072677,0.0 -95.807778,36.075431,0.0 -95.811882,36.075471,0.0 -95.815305,36.075388,0.0 -95.817314,36.075449,0.0 -95.846287,36.075399,0.0 -95.851042,36.075387,0.0 -95.851195,36.07539,0.0 -95.851153,36.072295,0.0 -95.854733,36.072306,0.0 -95.855492,36.070249,0.0</coordinates>
</LinearRing>
</outerBoundaryIs>
</Polygon>
</Placemark>
<Placemark id="cb_2023_40_sldl_500k">
<name>&lt;at&gt;&lt;openparen&gt;40077&lt;closeparen&gt;</name>
<visibility>1</visibility>
<description><![CDATA[<center><table><tr><th colspan='2' align='center'><em>Attributes</em></th></tr><tr bgcolor="#E3E3F3">
<th>STATEFP</th>
<td>40</td>
</tr><tr bgcolor="">
<th>SLDLST</th>
<td>077</td>
</tr><tr bgcolor="#E3E3F3">
<th>GEOIDFQ</th>
<td>620L800US40077</td>
</tr><tr bgcolor="">
<th>GEOID</th>
<td>40077</td>
</tr><tr bgcolor="#E3E3F3">
<th>NAME</th>
<td>77</td>
</tr><tr bgcolor="">
<th>NAMELSAD</th>
<td>State House District 77</td>
</tr><tr bgcolor="#E3E3F3">
<th>STUSPS</th>
<td>OK</td>
</tr><tr bgcolor="">
<th>STATE_NAME</th>
<td>Oklahoma</td>
</tr><tr bgcolor="#E3E3F3">
<th>LSAD</th>
<td>LL</td>
</tr><tr bgcolor="">
<th>LSY</th>
<td>2022</td>
</tr><tr bgcolor="#E3E3F3">
<th>ALAND</th>
<td>97983538</td>
</tr><tr bgcolor="">
<th>AWATER</th>
<td>419474</td>
</tr></table></center>]]></description>
<LookAt>
<longitude>-102</longitude>
<latitude>38.5</latitude>
<range>7000000</range>
<tilt>10</tilt>
<heading>0</heading>
</LookAt>
<styleUrl>#KMLStyler</styleUrl>
<ExtendedData>
<SchemaData schemaUrl="#kml_schema_ft_cb_2023_40_sldl_500k">
<SimpleData name="STATEFP">40</SimpleData>
<SimpleData name="SLDLST">077</SimpleData>
<SimpleData name="GEOIDFQ">620L800US40077</SimpleData>
<SimpleData name="GEOID">40077</SimpleData>
<SimpleData name="NAME">77</SimpleData>
<SimpleData name="NAMELSAD">State House District 77</SimpleData>
<SimpleData name="STUSPS">OK</SimpleData>
<SimpleData name="STATE_NAME">Oklahoma</SimpleData>
<SimpleData name="LSAD">LL</SimpleData>
<SimpleData name="LSY">2022</SimpleData>
<SimpleData name="ALAND">97983538</SimpleData>
<SimpleData name="AWATER">419474</SimpleData>
</SchemaData>
</ExtendedData>
<Polygon>
<extrude>0</extrude>
<tessellate>1</tessellate>
<altitudeMode>clampToGround</altitudeMode>
<outerBoundaryIs>
<LinearRing>
<coordinates>-95.940317,36.154693,0.0 -95.9404,36.147836,0.0 -95.939231,36.147859,0.0 -95.931453,36.147793,0.0 -95.930365,36.147829,0.0 -95.922513,36.147758,0.0 -95.913539,36.147859,0.0 -95.904547,36.14793,0.0 -95.895606,36.147987,0.0 -95.894561,36.148031,0.0 -95.886665,36.14799,0.0 -95.877724,36.148019,0.0 -95.86882,36.147976,0.0 -95.867439,36.148025,0.0 -95.864575,36.147979,0.0 -95.860281,36.147987,0.0 -95.859937,36.139602,0.0 -95.851106,36.14581,0.0 -95.848069,36.147997,0.0 -95.837785,36.147977,0.0 -95.833292,36.148004,0.0 -95.823225,36.147971,0.0 -95.815402,36.147976,0.0 -95.815415,36.160631,0.0 -95.815392,36.162443,0.0 -95.8154,36.16263,0.0 -95.815352,36.206133,0.0 -95.815344,36.222296,0.0 -95.81527,36.22445,0.0 -95.815261,36.225957,0.0 -95.81526,36.226569,0.0 -95.815,36.22941,0.0 -95.81525,36.23507,0.0 -95.815325,36.247451,0.0 -95.815328,36.247882,0.0 -95.815335,36.248966,0.0 -95.815336,36.249107,0.0 -95.815339,36.249444,0.0 -95.81534,36.24953,0.0 -95.830165,36.249519,0.0 -95.848012,36.24952,0.0 -95.859808,36.249428,0.0 -95.862426,36.249439,0.0 -95.862824,36.24919,0.0 -95.866719,36.24919,0.0 -95.866585,36.24945,0.0 -95.883814,36.249583,0.0 -95.883978,36.249193,0.0 -95.884099,36.249046,0.0 -95.886788,36.247687,0.0 -95.886721,36.239245,0.0 -95.886976,36.238106,0.0 -95.889283,36.236549,0.0 -95.889656,36.235139,0.0 -95.886579,36.235099,0.0 -95.886414,36.23465,0.0 -95.886569,36.233194,0.0 -95.886726,36.231258,0.0 -95.886677,36.215299,0.0 -95.893313,36.210049,0.0 -95.894712,36.209229,0.0 -95.896542,36.208704,0.0 -95.922451,36.205576,0.0 -95.922437,36.198191,0.0 -95.922446,36.191576,0.0 -95.922525,36.187956,0.0 -95.922477,36.181964,0.0 -95.922637,36.181483,0.0 -95.922492,36.180249,0.0 -95.922503,36.177068,0.0 -95.923614,36.177087,0.0 -95.924688,36.177106,0.0 -95.925244,36.177096,0.0 -95.927586,36.177097,0.0 -95.932381,36.177162,0.0 -95.932825,36.177158,0.0 -95.931932,36.173443,0.0 -95.932015,36.166239,0.0 -95.933085,36.166238,0.0 -95.933023,36.162604,0.0 -95.933516,36.160784,0.0 -95.940302,36.160786,0.0 -95.94033,36.159359,0.0 -95.940318,36.155084,0.0 -95.940317,36.154693,0.0</coordinates>
</LinearRing>
</outerBoundaryIs>
</Polygon>
</Placemark>
<Placemark id="cb_2023_40_sldl_500k">
<name>&lt;at&gt;&lt;openparen&gt;40078&lt;closeparen&gt;</name>
<visibility>1</visibility>
<description><![CDATA[<center><table><tr><th colspan='2' align='center'><em>Attributes</em></th></tr><tr bgcolor="#E3E3F3">
<th>STATEFP</th>
<td>40</td>
</tr><tr bgcolor="">
<th>SLDLST</th>
<td>078</td>
</tr><tr bgcolor="#E3E3F3">
<th>GEOIDFQ</th>
<td>620L800US40078</td>
</tr><tr bgcolor="">
<th>GEOID</th>
<td>40078</td>
</tr><tr bgcolor="#E3E3F3">
<th>NAME</th>
<td>78</td>
</tr><tr bgcolor="">
<th>NAMELSAD</th>
<td>State House District 78</td>
</tr><tr bgcolor="#E3E3F3">
<th>STUSPS</th>
<td>OK</td>
</tr><tr bgcolor="">
<th>STATE_NAME</th>
<td>Oklahoma</td>
</tr><tr bgcolor="#E3E3F3">
<th>LSAD</th>
<td>LL</td>
</tr><tr bgcolor="">
<th>LSY</th>
<td>2022</td>
</tr><tr bgcolor="#E3E3F3">
<th>ALAND</th>
<td>29381396</td>
</tr><tr bgcolor="">
<th>AWATER</th>
<td>156099</td>
</tr></table></center>]]></description>
<LookAt>
<longitude>-102</longitude>
<latitude>38.5</latitude>
<range>7000000</range>
<tilt>10</tilt>
<heading>0</heading>
</LookAt>
<styleUrl>#KMLStyler</styleUrl>
<ExtendedData>
<SchemaData schemaUrl="#kml_schema_ft_cb_2023_40_sldl_500k">
<SimpleData name="STATEFP">40</SimpleData>
<SimpleData name="SLDLST">078</SimpleData>
<SimpleData name="GEOIDFQ">620L800US40078</SimpleData>
<SimpleData name="GEOID">40078</SimpleData>
<SimpleData name="NAME">78</SimpleData>
<SimpleData name="NAMELSAD">State House District 78</SimpleData>
<SimpleData name="STUSPS">OK</SimpleData>
<SimpleData name="STATE_NAME">Oklahoma</SimpleData>
<SimpleData name="LSAD">LL</SimpleData>
<SimpleData name="LSY">2022</SimpleData>
<SimpleData name="ALAND">29381396</SimpleData>
<SimpleData name="AWATER">156099</SimpleData>
</SchemaData>
</ExtendedData>
<Polygon>
<extrude>0</extrude>
<tessellate>1</tessellate>
<altitudeMode>clampToGround</altitudeMode>
<outerBoundaryIs>
<LinearRing>
<coordinates>-95.989604,36.143794,0.0 -95.98962,36.136089,0.0 -95.98736,36.136058,0.0 -95.983399,36.136158,0.0 -95.983388,36.133351,0.0 -95.975636,36.133354,0.0 -95.967256,36.13331,0.0 -95.962031,36.133251,0.0 -95.960134,36.133276,0.0 -95.958199,36.13323,0.0 -95.949087,36.133278,0.0 -95.948705,36.133257,0.0 -95.940354,36.133284,0.0 -95.931437,36.133269,0.0 -95.922477,36.133309,0.0 -95.922461,36.127437,0.0 -95.922378,36.119469,0.0 -95.922367,36.118809,0.0 -95.921203,36.118837,0.0 -95.917291,36.118891,0.0 -95.904541,36.118897,0.0 -95.891058,36.118919,0.0 -95.889183,36.118939,0.0 -95.896495,36.113701,0.0 -95.88656,36.108558,0.0 -95.886511,36.112187,0.0 -95.878252,36.112672,0.0 -95.878199,36.113509,0.0 -95.878249,36.118916,0.0 -95.869877,36.118963,0.0 -95.868679,36.118952,0.0 -95.865641,36.11894,0.0 -95.863607,36.119012,0.0 -95.861299,36.119048,0.0 -95.8596,36.119017,0.0 -95.856439,36.118968,0.0 -95.856455,36.115743,0.0 -95.85113,36.115742,0.0 -95.851105,36.119003,0.0 -95.851106,36.128571,0.0 -95.851065,36.133459,0.0 -95.851115,36.137983,0.0 -95.851106,36.14581,0.0 -95.859937,36.139602,0.0 -95.860281,36.147987,0.0 -95.864575,36.147979,0.0 -95.867439,36.148025,0.0 -95.86882,36.147976,0.0 -95.877724,36.148019,0.0 -95.886665,36.14799,0.0 -95.894561,36.148031,0.0 -95.895606,36.147987,0.0 -95.904547,36.14793,0.0 -95.913539,36.147859,0.0 -95.922513,36.147758,0.0 -95.930365,36.147829,0.0 -95.931453,36.147793,0.0 -95.939231,36.147859,0.0 -95.9404,36.147836,0.0 -95.946124,36.147812,0.0 -95.948375,36.14779,0.0 -95.949307,36.147815,0.0 -95.951496,36.147783,0.0 -95.957108,36.147752,0.0 -95.958184,36.147783,0.0 -95.958192,36.142932,0.0 -95.967114,36.143001,0.0 -95.969723,36.142979,0.0 -95.975617,36.143134,0.0 -95.978841,36.143472,0.0 -95.979469,36.142492,0.0 -95.981648,36.141734,0.0 -95.983733,36.142031,0.0 -95.987314,36.143647,0.0 -95.989604,36.143794,0.0</coordinates>
</LinearRing>
</outerBoundaryIs>
</Polygon>
</Placemark>
<Placemark id="cb_2023_40_sldl_500k">
<name>&lt;at&gt;&lt;openparen&gt;40079&lt;closeparen&gt;</name>
<visibility>1</visibility>
<description><![CDATA[<center><table><tr><th colspan='2' align='center'><em>Attributes</em></th></tr><tr bgcolor="#E3E3F3">
<th>STATEFP</th>
<td>40</td>
</tr><tr bgcolor="">
<th>SLDLST</th>
<td>079</td>
</tr><tr bgcolor="#E3E3F3">
<th>GEOIDFQ</th>
<td>620L800US40079</td>
</tr><tr bgcolor="">
<th>GEOID</th>
<td>40079</td>
</tr><tr bgcolor="#E3E3F3">
<th>NAME</th>
<td>79</td>
</tr><tr bgcolor="">
<th>NAMELSAD</th>
<td>State House District 79</td>
</tr><tr bgcolor="#E3E3F3">
<th>STUSPS</th>
<td>OK</td>
</tr><tr bgcolor="">
<th>STATE_NAME</th>
<td>Oklahoma</td>
</tr><tr bgcolor="#E3E3F3">
<th>LSAD</th>
<td>LL</td>
</tr><tr bgcolor="">
<th>LSY</th>
<td>2022</td>
</tr><tr bgcolor="#E3E3F3">
<th>ALAND</th>
<td>32641912</td>
</tr><tr bgcolor="">
<th>AWATER</th>
<td>84680</td>
</tr></table></center>]]></description>
<LookAt>
<longitude>-102</longitude>
<latitude>38.5</latitude>
<range>7000000</range>
<tilt>10</tilt>
<heading>0</heading>
</LookAt>
<styleUrl>#KMLStyler</styleUrl>
<ExtendedData>
<SchemaData schemaUrl="#kml_schema_ft_cb_2023_40_sldl_500k">
<SimpleData name="STATEFP">40</SimpleData>
<SimpleData name="SLDLST">079</SimpleData>
<SimpleData name="GEOIDFQ">620L800US40079</SimpleData>
<SimpleData name="GEOID">40079</SimpleData>
<SimpleData name="NAME">79</SimpleData>
<SimpleData name="NAMELSAD">State House District 79</SimpleData>
<SimpleData name="STUSPS">OK</SimpleData>
<SimpleData name="STATE_NAME">Oklahoma</SimpleData>
<SimpleData name="LSAD">LL</SimpleData>
<SimpleData name="LSY">2022</SimpleData>
<SimpleData name="ALAND">32641912</SimpleData>
<SimpleData name="AWATER">84680</SimpleData>
</SchemaData>
</ExtendedData>
<Polygon>
<extrude>0</extrude>
<tessellate>1</tessellate>
<altitudeMode>clampToGround</altitudeMode>
<outerBoundaryIs>
<LinearRing>
<coordinates>-95.922193,36.083039,0.0 -95.922358,36.080593,0.0 -95.922138,36.075326,0.0 -95.922122,36.068235,0.0 -95.92207,36.060825,0.0 -95.914878,36.0608,0.0 -95.913202,36.060823,0.0 -95.911691,36.060799,0.0 -95.904221,36.060865,0.0 -95.904225,36.055884,0.0 -95.904242,36.054731,0.0 -95.904269,36.053728,0.0 -95.899235,36.053757,0.0 -95.89359,36.053787,0.0 -95.886192,36.053831,0.0 -95.886159,36.055041,0.0 -95.879364,36.054904,0.0 -95.878324,36.055001,0.0 -95.87713,36.056201,0.0 -95.874833,36.057756,0.0 -95.871706,36.05633,0.0 -95.869217,36.054218,0.0 -95.868561,36.056059,0.0 -95.868485,36.06091,0.0 -95.859521,36.06088,0.0 -95.851241,36.060875,0.0 -95.851182,36.067813,0.0 -95.853752,36.06698,0.0 -95.855494,36.066959,0.0 -95.855492,36.070249,0.0 -95.854733,36.072306,0.0 -95.851153,36.072295,0.0 -95.851195,36.07539,0.0 -95.853871,36.075468,0.0 -95.856725,36.075367,0.0 -95.859255,36.075397,0.0 -95.859365,36.082024,0.0 -95.858311,36.087737,0.0 -95.858591,36.089967,0.0 -95.859551,36.095354,0.0 -95.85954,36.104473,0.0 -95.8596,36.119017,0.0 -95.861299,36.119048,0.0 -95.863607,36.119012,0.0 -95.865641,36.11894,0.0 -95.868679,36.118952,0.0 -95.869877,36.118963,0.0 -95.878249,36.118916,0.0 -95.878199,36.113509,0.0 -95.878252,36.112672,0.0 -95.886511,36.112187,0.0 -95.88656,36.108558,0.0 -95.886612,36.104424,0.0 -95.904532,36.104365,0.0 -95.9086,36.104401,0.0 -95.913206,36.101247,0.0 -95.912798,36.100799,0.0 -95.912757,36.097109,0.0 -95.915634,36.097095,0.0 -95.915583,36.089849,0.0 -95.922231,36.089827,0.0 -95.922193,36.083039,0.0</coordinates>
</LinearRing>
</outerBoundaryIs>
</Polygon>
</Placemark>
<Placemark id="cb_2023_40_sldl_500k">
<name>&lt;at&gt;&lt;openparen&gt;40080&lt;closeparen&gt;</name>
<visibility>1</visibility>
<description><![CDATA[<center><table><tr><th colspan='2' align='center'><em>Attributes</em></th></tr><tr bgcolor="#E3E3F3">
<th>STATEFP</th>
<td>40</td>
</tr><tr bgcolor="">
<th>SLDLST</th>
<td>080</td>
</tr><tr bgcolor="#E3E3F3">
<th>GEOIDFQ</th>
<td>620L800US40080</td>
</tr><tr bgcolor="">
<th>GEOID</th>
<td>40080</td>
</tr><tr bgcolor="#E3E3F3">
<th>NAME</th>
<td>80</td>
</tr><tr bgcolor="">
<th>NAMELSAD</th>
<td>State House District 80</td>
</tr><tr bgcolor="#E3E3F3">
<th>STUSPS</th>
<td>OK</td>
</tr><tr bgcolor="">
<th>STATE_NAME</th>
<td>Oklahoma</td>
</tr><tr bgcolor="#E3E3F3">
<th>LSAD</th>
<td>LL</td>
</tr><tr bgcolor="">
<th>LSY</th>
<td>2022</td>
</tr><tr bgcolor="#E3E3F3">
<th>ALAND</th>
<td>58823406</td>
</tr><tr bgcolor="">
<th>AWATER</th>
<td>0</td>
</tr></table></center>]]></description>
<LookAt>
<longitude>-102</longitude>
<latitude>38.5</latitude>
<range>7000000</range>
<tilt>10</tilt>
<heading>0</heading>
</LookAt>
<styleUrl>#KMLStyler</styleUrl>
<ExtendedData>
<SchemaData schemaUrl="#kml_schema_ft_cb_2023_40_sldl_500k">
<SimpleData name="STATEFP">40</SimpleData>
<SimpleData name="SLDLST">080</SimpleData>
<SimpleData name="GEOIDFQ">620L800US40080</SimpleData>
<SimpleData name="GEOID">40080</SimpleData>
<SimpleData name="NAME">80</SimpleData>
<SimpleData name="NAMELSAD">State House District 80</SimpleData>
<SimpleData name="STUSPS">OK</SimpleData>
<SimpleData name="STATE_NAME">Oklahoma</SimpleData>
<SimpleData name="LSAD">LL</SimpleData>
<SimpleData name="LSY">2022</SimpleData>
<SimpleData name="ALAND">58823406</SimpleData>
<SimpleData name="AWATER">0</SimpleData>
</SchemaData>
</ExtendedData>
<Polygon>
<extrude>0</extrude>
<tessellate>1</tessellate>
<altitudeMode>clampToGround</altitudeMode>
<outerBoundaryIs>
<LinearRing>
<coordinates>-95.868702,36.001637,0.0 -95.868659,35.996286,0.0 -95.868621,35.988326,0.0 -95.868673,35.973767,0.0 -95.866503,35.9737,0.0 -95.859745,35.973768,0.0 -95.851275,35.973819,0.0 -95.850816,35.973822,0.0 -95.850566,35.973825,0.0 -95.835107,35.97389,0.0 -95.833003,35.973841,0.0 -95.830764,35.973817,0.0 -95.824065,35.973849,0.0 -95.815142,35.973853,0.0 -95.815087,35.966208,0.0 -95.815051,35.962782,0.0 -95.809431,35.961911,0.0 -95.805902,35.962687,0.0 -95.799349,35.963699,0.0 -95.796309,35.963722,0.0 -95.792908,35.962889,0.0 -95.789304,35.96112,0.0 -95.782758,35.959498,0.0 -95.782537,35.959392,0.0 -95.78108,35.958755,0.0 -95.778551,35.959784,0.0 -95.777895,35.961452,0.0 -95.778215,35.963964,0.0 -95.776159,35.96366,0.0 -95.774999,35.96466,0.0 -95.776807,35.965896,0.0 -95.774591,35.965896,0.0 -95.775831,35.966856,0.0 -95.776591,35.96936,0.0 -95.777655,35.969976,0.0 -95.775935,35.971164,0.0 -95.778967,35.9727,0.0 -95.779117,35.97379,0.0 -95.761623,35.973795,0.0 -95.761656,35.988387,0.0 -95.761632,36.002901,0.0 -95.761638,36.006569,0.0 -95.76165,36.017439,0.0 -95.770623,36.017462,0.0 -95.77962,36.017438,0.0 -95.797462,36.017464,0.0 -95.804757,36.017453,0.0 -95.809108,36.017411,0.0 -95.815272,36.017407,0.0 -95.818084,36.017481,0.0 -95.822354,36.017457,0.0 -95.833099,36.017401,0.0 -95.835341,36.0174,0.0 -95.850972,36.017315,0.0 -95.851007,36.024186,0.0 -95.850994,36.031851,0.0 -95.851028,36.04233,0.0 -95.85101,36.046301,0.0 -95.850935,36.056165,0.0 -95.85096,36.060874,0.0 -95.851241,36.060875,0.0 -95.859521,36.06088,0.0 -95.868485,36.06091,0.0 -95.868561,36.056059,0.0 -95.868496,36.053629,0.0 -95.868475,36.050048,0.0 -95.868522,36.046413,0.0 -95.868513,36.031929,0.0 -95.868535,36.024974,0.0 -95.868529,36.017606,0.0 -95.86853,36.017378,0.0 -95.86848,36.01058,0.0 -95.868562,36.002861,0.0 -95.868702,36.001637,0.0</coordinates>
</LinearRing>
</outerBoundaryIs>
</Polygon>
</Placemark>
<Placemark id="cb_2023_40_sldl_500k">
<name>&lt;at&gt;&lt;openparen&gt;40081&lt;closeparen&gt;</name>
<visibility>1</visibility>
<description><![CDATA[<center><table><tr><th colspan='2' align='center'><em>Attributes</em></th></tr><tr bgcolor="#E3E3F3">
<th>STATEFP</th>
<td>40</td>
</tr><tr bgcolor="">
<th>SLDLST</th>
<td>081</td>
</tr><tr bgcolor="#E3E3F3">
<th>GEOIDFQ</th>
<td>620L800US40081</td>
</tr><tr bgcolor="">
<th>GEOID</th>
<td>40081</td>
</tr><tr bgcolor="#E3E3F3">
<th>NAME</th>
<td>81</td>
</tr><tr bgcolor="">
<th>NAMELSAD</th>
<td>State House District 81</td>
</tr><tr bgcolor="#E3E3F3">
<th>STUSPS</th>
<td>OK</td>
</tr><tr bgcolor="">
<th>STATE_NAME</th>
<td>Oklahoma</td>
</tr><tr bgcolor="#E3E3F3">
<th>LSAD</th>
<td>LL</td>
</tr><tr bgcolor="">
<th>LSY</th>
<td>2022</td>
</tr><tr bgcolor="#E3E3F3">
<th>ALAND</th>
<td>38844265</td>
</tr><tr bgcolor="">
<th>AWATER</th>
<td>45746</td>
</tr></table></center>]]></description>
<LookAt>
<longitude>-102</longitude>
<latitude>38.5</latitude>
<range>7000000</range>
<tilt>10</tilt>
<heading>0</heading>
</LookAt>
<styleUrl>#KMLStyler</styleUrl>
<ExtendedData>
<SchemaData schemaUrl="#kml_schema_ft_cb_2023_40_sldl_500k">
<SimpleData name="STATEFP">40</SimpleData>
<SimpleData name="SLDLST">081</SimpleData>
<SimpleData name="GEOIDFQ">620L800US40081</SimpleData>
<SimpleData name="GEOID">40081</SimpleData>
<SimpleData name="NAME">81</SimpleData>
<SimpleData name="NAMELSAD">State House District 81</SimpleData>
<SimpleData name="STUSPS">OK</SimpleData>
<SimpleData name="STATE_NAME">Oklahoma</SimpleData>
<SimpleData name="LSAD">LL</SimpleData>
<SimpleData name="LSY">2022</SimpleData>
<SimpleData name="ALAND">38844265</SimpleData>
<SimpleData name="AWATER">45746</SimpleData>
</SchemaData>
</ExtendedData>
<Polygon>
<extrude>0</extrude>
<tessellate>1</tessellate>
<altitudeMode>clampToGround</altitudeMode>
<outerBoundaryIs>
<LinearRing>
<coordinates>-97.495998,35.638318,0.0 -97.496049,35.623632,0.0 -97.48863,35.623547,0.0 -97.486791,35.623508,0.0 -97.478206,35.623471,0.0 -97.478209,35.616167,0.0 -97.4782,35.614008,0.0 -97.478181,35.6089,0.0 -97.464862,35.609078,0.0 -97.4604,35.609138,0.0 -97.451679,35.609164,0.0 -97.44286,35.609191,0.0 -97.442823,35.616442,0.0 -97.442839,35.623683,0.0 -97.42476,35.623745,0.0 -97.424714,35.631251,0.0 -97.424951,35.631053,0.0 -97.424914,35.637967,0.0 -97.424691,35.638212,0.0 -97.424913,35.638212,0.0 -97.424913,35.64808,0.0 -97.426589,35.652485,0.0 -97.426432,35.652763,0.0 -97.425023,35.65395,0.0 -97.424983,35.667238,0.0 -97.425015,35.681708,0.0 -97.442736,35.681682,0.0 -97.460495,35.681755,0.0 -97.460475,35.674023,0.0 -97.460454,35.667193,0.0 -97.469213,35.667241,0.0 -97.478127,35.667285,0.0 -97.478226,35.66729,0.0 -97.481725,35.667358,0.0 -97.487114,35.667425,0.0 -97.48708,35.6591,0.0 -97.486946,35.653711,0.0 -97.486945,35.653636,0.0 -97.486948,35.652911,0.0 -97.487018,35.646731,0.0 -97.487018,35.646599,0.0 -97.487227,35.638269,0.0 -97.495998,35.638318,0.0</coordinates>
</LinearRing>
</outerBoundaryIs>
</Polygon>
</Placemark>
<Placemark id="cb_2023_40_sldl_500k">
<name>&lt;at&gt;&lt;openparen&gt;40082&lt;closeparen&gt;</name>
<visibility>1</visibility>
<description><![CDATA[<center><table><tr><th colspan='2' align='center'><em>Attributes</em></th></tr><tr bgcolor="#E3E3F3">
<th>STATEFP</th>
<td>40</td>
</tr><tr bgcolor="">
<th>SLDLST</th>
<td>082</td>
</tr><tr bgcolor="#E3E3F3">
<th>GEOIDFQ</th>
<td>620L800US40082</td>
</tr><tr bgcolor="">
<th>GEOID</th>
<td>40082</td>
</tr><tr bgcolor="#E3E3F3">
<th>NAME</th>
<td>82</td>
</tr><tr bgcolor="">
<th>NAMELSAD</th>
<td>State House District 82</td>
</tr><tr bgcolor="#E3E3F3">
<th>STUSPS</th>
<td>OK</td>
</tr><tr bgcolor="">
<th>STATE_NAME</th>
<td>Oklahoma</td>
</tr><tr bgcolor="#E3E3F3">
<th>LSAD</th>
<td>LL</td>
</tr><tr bgcolor="">
<th>LSY</th>
<td>2022</td>
</tr><tr bgcolor="#E3E3F3">
<th>ALAND</th>
<td>51399330</td>
</tr><tr bgcolor="">
<th>AWATER</th>
<td>229371</td>
</tr></table></center>]]></description>
<LookAt>
<longitude>-102</longitude>
<latitude>38.5</latitude>
<range>7000000</range>
<tilt>10</tilt>
<heading>0</heading>
</LookAt>
<styleUrl>#KMLStyler</styleUrl>
<ExtendedData>
<SchemaData schemaUrl="#kml_schema_ft_cb_2023_40_sldl_500k">
<SimpleData name="STATEFP">40</SimpleData>
<SimpleData name="SLDLST">082</SimpleData>
<SimpleData name="GEOIDFQ">620L800US40082</SimpleData>
<SimpleData name="GEOID">40082</SimpleData>
<SimpleData name="NAME">82</SimpleData>
<SimpleData name="NAMELSAD">State House District 82</SimpleData>
<SimpleData name="STUSPS">OK</SimpleData>
<SimpleData name="STATE_NAME">Oklahoma</SimpleData>
<SimpleData name="LSAD">LL</SimpleData>
<SimpleData name="LSY">2022</SimpleData>
<SimpleData name="ALAND">51399330</SimpleData>
<SimpleData name="AWATER">229371</SimpleData>
</SchemaData>
</ExtendedData>
<Polygon>
<extrude>0</extrude>
<tessellate>1</tessellate>
<altitudeMode>clampToGround</altitudeMode>
<outerBoundaryIs>
<LinearRing>
<coordinates>-97.638552,35.63854,0.0 -97.638579,35.623618,0.0 -97.638532,35.609284,0.0 -97.638531,35.608766,0.0 -97.631951,35.608443,0.0 -97.623729,35.608503,0.0 -97.623586,35.608602,0.0 -97.620769,35.608689,0.0 -97.620741,35.603549,0.0 -97.620731,35.60186,0.0 -97.620722,35.600263,0.0 -97.62069,35.594635,0.0 -97.619141,35.594636,0.0 -97.611781,35.594644,0.0 -97.605459,35.594649,0.0 -97.602971,35.594651,0.0 -97.602963,35.596712,0.0 -97.602938,35.601352,0.0 -97.602927,35.605018,0.0 -97.602912,35.60902,0.0 -97.597887,35.609028,0.0 -97.595308,35.609032,0.0 -97.585194,35.608845,0.0 -97.585093,35.623662,0.0 -97.567153,35.623734,0.0 -97.567146,35.638537,0.0 -97.560642,35.638543,0.0 -97.558372,35.638528,0.0 -97.549486,35.638521,0.0 -97.531621,35.638481,0.0 -97.522737,35.638448,0.0 -97.522745,35.641703,0.0 -97.522796,35.652981,0.0 -97.52284,35.658611,0.0 -97.52257,35.659656,0.0 -97.522847,35.659652,0.0 -97.522905,35.667505,0.0 -97.531745,35.667463,0.0 -97.531772,35.674696,0.0 -97.531774,35.681934,0.0 -97.532668,35.684486,0.0 -97.532652,35.689209,0.0 -97.532645,35.689309,0.0 -97.532621,35.689621,0.0 -97.536282,35.689617,0.0 -97.549642,35.689609,0.0 -97.549627,35.696531,0.0 -97.567213,35.696749,0.0 -97.567148,35.682214,0.0 -97.567172,35.674883,0.0 -97.558251,35.674846,0.0 -97.558313,35.667601,0.0 -97.558346,35.655202,0.0 -97.55835,35.65306,0.0 -97.567155,35.653079,0.0 -97.585031,35.653084,0.0 -97.593953,35.653077,0.0 -97.637194,35.653014,0.0 -97.638457,35.652865,0.0 -97.638552,35.63854,0.0</coordinates>
</LinearRing>
</outerBoundaryIs>
</Polygon>
</Placemark>
<Placemark id="cb_2023_40_sldl_500k">
<name>&lt;at&gt;&lt;openparen&gt;40083&lt;closeparen&gt;</name>
<visibility>1</visibility>
<description><![CDATA[<center><table><tr><th colspan='2' align='center'><em>Attributes</em></th></tr><tr bgcolor="#E3E3F3">
<th>STATEFP</th>
<td>40</td>
</tr><tr bgcolor="">
<th>SLDLST</th>
<td>083</td>
</tr><tr bgcolor="#E3E3F3">
<th>GEOIDFQ</th>
<td>620L800US40083</td>
</tr><tr bgcolor="">
<th>GEOID</th>
<td>40083</td>
</tr><tr bgcolor="#E3E3F3">
<th>NAME</th>
<td>83</td>
</tr><tr bgcolor="">
<th>NAMELSAD</th>
<td>State House District 83</td>
</tr><tr bgcolor="#E3E3F3">
<th>STUSPS</th>
<td>OK</td>
</tr><tr bgcolor="">
<th>STATE_NAME</th>
<td>Oklahoma</td>
</tr><tr bgcolor="#E3E3F3">
<th>LSAD</th>
<td>LL</td>
</tr><tr bgcolor="">
<th>LSY</th>
<td>2022</td>
</tr><tr bgcolor="#E3E3F3">
<th>ALAND</th>
<td>32796392</td>
</tr><tr bgcolor="">
<th>AWATER</th>
<td>550430</td>
</tr></table></center>]]></description>
<LookAt>
<longitude>-102</longitude>
<latitude>38.5</latitude>
<range>7000000</range>
<tilt>10</tilt>
<heading>0</heading>
</LookAt>
<styleUrl>#KMLStyler</styleUrl>
<ExtendedData>
<SchemaData schemaUrl="#kml_schema_ft_cb_2023_40_sldl_500k">
<SimpleData name="STATEFP">40</SimpleData>
<SimpleData name="SLDLST">083</SimpleData>
<SimpleData name="GEOIDFQ">620L800US40083</SimpleData>
<SimpleData name="GEOID">40083</SimpleData>
<SimpleData name="NAME">83</SimpleData>
<SimpleData name="NAMELSAD">State House District 83</SimpleData>
<SimpleData name="STUSPS">OK</SimpleData>
<SimpleData name="STATE_NAME">Oklahoma</SimpleData>
<SimpleData name="LSAD">LL</SimpleData>
<SimpleData name="LSY">2022</SimpleData>
<SimpleData name="ALAND">32796392</SimpleData>
<SimpleData name="AWATER">550430</SimpleData>
</SchemaData>
</ExtendedData>
<Polygon>
<extrude>0</extrude>
<tessellate>1</tessellate>
<altitudeMode>clampToGround</altitudeMode>
<outerBoundaryIs>
<LinearRing>
<coordinates>-97.638531,35.608766,0.0 -97.638509,35.604013,0.0 -97.638498,35.601933,0.0 -97.638463,35.594583,0.0 -97.638451,35.580061,0.0 -97.638448,35.579148,0.0 -97.638419,35.572386,0.0 -97.638396,35.565609,0.0 -97.632815,35.565613,0.0 -97.622358,35.565619,0.0 -97.620707,35.56562,0.0 -97.620694,35.572872,0.0 -97.620688,35.576472,0.0 -97.616871,35.576594,0.0 -97.61666,35.576736,0.0 -97.6146,35.580143,0.0 -97.611776,35.580148,0.0 -97.608684,35.58083,0.0 -97.608526,35.580835,0.0 -97.607765,35.58108,0.0 -97.603758,35.58154,0.0 -97.597697,35.582162,0.0 -97.586982,35.582187,0.0 -97.585101,35.58167,0.0 -97.583552,35.579982,0.0 -97.580201,35.580204,0.0 -97.576612,35.58021,0.0 -97.576089,35.580211,0.0 -97.567188,35.580226,0.0 -97.56719,35.585275,0.0 -97.567191,35.588034,0.0 -97.567191,35.588945,0.0 -97.567193,35.594721,0.0 -97.567187,35.59791,0.0 -97.56718,35.601896,0.0 -97.567168,35.608611,0.0 -97.567166,35.609838,0.0 -97.549486,35.609741,0.0 -97.546655,35.609696,0.0 -97.541641,35.609689,0.0 -97.531626,35.60902,0.0 -97.531669,35.616124,0.0 -97.531714,35.620604,0.0 -97.531242,35.62353,0.0 -97.531655,35.625892,0.0 -97.531621,35.638481,0.0 -97.549486,35.638521,0.0 -97.558372,35.638528,0.0 -97.560642,35.638543,0.0 -97.567146,35.638537,0.0 -97.567153,35.623734,0.0 -97.585093,35.623662,0.0 -97.585194,35.608845,0.0 -97.595308,35.609032,0.0 -97.597887,35.609028,0.0 -97.602912,35.60902,0.0 -97.602927,35.605018,0.0 -97.602938,35.601352,0.0 -97.602963,35.596712,0.0 -97.602971,35.594651,0.0 -97.605459,35.594649,0.0 -97.611781,35.594644,0.0 -97.619141,35.594636,0.0 -97.62069,35.594635,0.0 -97.620722,35.600263,0.0 -97.620731,35.60186,0.0 -97.620741,35.603549,0.0 -97.620769,35.608689,0.0 -97.623586,35.608602,0.0 -97.623729,35.608503,0.0 -97.631951,35.608443,0.0 -97.638531,35.608766,0.0</coordinates>
</LinearRing>
</outerBoundaryIs>
</Polygon>
</Placemark>
<Placemark id="cb_2023_40_sldl_500k">
<name>&lt;at&gt;&lt;openparen&gt;40084&lt;closeparen&gt;</name>
<visibility>1</visibility>
<description><![CDATA[<center><table><tr><th colspan='2' align='center'><em>Attributes</em></th></tr><tr bgcolor="#E3E3F3">
<th>STATEFP</th>
<td>40</td>
</tr><tr bgcolor="">
<th>SLDLST</th>
<td>084</td>
</tr><tr bgcolor="#E3E3F3">
<th>GEOIDFQ</th>
<td>620L800US40084</td>
</tr><tr bgcolor="">
<th>GEOID</th>
<td>40084</td>
</tr><tr bgcolor="#E3E3F3">
<th>NAME</th>
<td>84</td>
</tr><tr bgcolor="">
<th>NAMELSAD</th>
<td>State House District 84</td>
</tr><tr bgcolor="#E3E3F3">
<th>STUSPS</th>
<td>OK</td>
</tr><tr bgcolor="">
<th>STATE_NAME</th>
<td>Oklahoma</td>
</tr><tr bgcolor="#E3E3F3">
<th>LSAD</th>
<td>LL</td>
</tr><tr bgcolor="">
<th>LSY</th>
<td>2022</td>
</tr><tr bgcolor="#E3E3F3">
<th>ALAND</th>
<td>27022244</td>
</tr><tr bgcolor="">
<th>AWATER</th>
<td>1912188</td>
</tr></table></center>]]></description>
<LookAt>
<longitude>-102</longitude>
<latitude>38.5</latitude>
<range>7000000</range>
<tilt>10</tilt>
<heading>0</heading>
</LookAt>
<styleUrl>#KMLStyler</styleUrl>
<ExtendedData>
<SchemaData schemaUrl="#kml_schema_ft_cb_2023_40_sldl_500k">
<SimpleData name="STATEFP">40</SimpleData>
<SimpleData name="SLDLST">084</SimpleData>
<SimpleData name="GEOIDFQ">620L800US40084</SimpleData>
<SimpleData name="GEOID">40084</SimpleData>
<SimpleData name="NAME">84</SimpleData>
<SimpleData name="NAMELSAD">State House District 84</SimpleData>
<SimpleData name="STUSPS">OK</SimpleData>
<SimpleData name="STATE_NAME">Oklahoma</SimpleData>
<SimpleData name="LSAD">LL</SimpleData>
<SimpleData name="LSY">2022</SimpleData>
<SimpleData name="ALAND">27022244</SimpleData>
<SimpleData name="AWATER">1912188</SimpleData>
</SchemaData>
</ExtendedData>
<Polygon>
<extrude>0</extrude>
<tessellate>1</tessellate>
<altitudeMode>clampToGround</altitudeMode>
<outerBoundaryIs>
<LinearRing>
<coordinates>-97.671491,35.507448,0.0 -97.671507,35.492955,0.0 -97.671485,35.486073,0.0 -97.669469,35.485929,0.0 -97.669428,35.485259,0.0 -97.667648,35.485951,0.0 -97.668064,35.485687,0.0 -97.666895,35.485478,0.0 -97.664683,35.4856,0.0 -97.664741,35.486048,0.0 -97.663164,35.486033,0.0 -97.654302,35.486045,0.0 -97.645482,35.486033,0.0 -97.636671,35.486105,0.0 -97.627947,35.486052,0.0 -97.627934,35.489674,0.0 -97.623445,35.489659,0.0 -97.623555,35.493285,0.0 -97.619063,35.493264,0.0 -97.610022,35.493287,0.0 -97.601142,35.493309,0.0 -97.60116,35.499565,0.0 -97.601163,35.500529,0.0 -97.601172,35.503747,0.0 -97.601183,35.507785,0.0 -97.601185,35.51122,0.0 -97.601187,35.515057,0.0 -97.601187,35.515496,0.0 -97.601134,35.516546,0.0 -97.601191,35.522329,0.0 -97.601184,35.528363,0.0 -97.601181,35.529652,0.0 -97.60118,35.53138,0.0 -97.601173,35.536819,0.0 -97.601172,35.541605,0.0 -97.60566,35.543563,0.0 -97.610081,35.545515,0.0 -97.619022,35.549389,0.0 -97.61901,35.543288,0.0 -97.618998,35.536825,0.0 -97.618986,35.530394,0.0 -97.618984,35.529584,0.0 -97.625086,35.529613,0.0 -97.6256,35.529615,0.0 -97.625589,35.525985,0.0 -97.625564,35.524265,0.0 -97.626514,35.524255,0.0 -97.62582,35.522327,0.0 -97.627836,35.522338,0.0 -97.62911,35.522345,0.0 -97.636683,35.522386,0.0 -97.649896,35.522341,0.0 -97.654335,35.522326,0.0 -97.656992,35.522303,0.0 -97.65781,35.52229,0.0 -97.663231,35.5222,0.0 -97.664297,35.524547,0.0 -97.66721,35.52535,0.0 -97.668485,35.528091,0.0 -97.671467,35.53002,0.0 -97.671483,35.514918,0.0 -97.671491,35.507448,0.0</coordinates>
</LinearRing>
</outerBoundaryIs>
</Polygon>
</Placemark>
<Placemark id="cb_2023_40_sldl_500k">
<name>&lt;at&gt;&lt;openparen&gt;40085&lt;closeparen&gt;</name>
<visibility>1</visibility>
<description><![CDATA[<center><table><tr><th colspan='2' align='center'><em>Attributes</em></th></tr><tr bgcolor="#E3E3F3">
<th>STATEFP</th>
<td>40</td>
</tr><tr bgcolor="">
<th>SLDLST</th>
<td>085</td>
</tr><tr bgcolor="#E3E3F3">
<th>GEOIDFQ</th>
<td>620L800US40085</td>
</tr><tr bgcolor="">
<th>GEOID</th>
<td>40085</td>
</tr><tr bgcolor="#E3E3F3">
<th>NAME</th>
<td>85</td>
</tr><tr bgcolor="">
<th>NAMELSAD</th>
<td>State House District 85</td>
</tr><tr bgcolor="#E3E3F3">
<th>STUSPS</th>
<td>OK</td>
</tr><tr bgcolor="">
<th>STATE_NAME</th>
<td>Oklahoma</td>
</tr><tr bgcolor="#E3E3F3">
<th>LSAD</th>
<td>LL</td>
</tr><tr bgcolor="">
<th>LSY</th>
<td>2022</td>
</tr><tr bgcolor="#E3E3F3">
<th>ALAND</th>
<td>36647448</td>
</tr><tr bgcolor="">
<th>AWATER</th>
<td>9271421</td>
</tr></table></center>]]></description>
<LookAt>
<longitude>-102</longitude>
<latitude>38.5</latitude>
<range>7000000</range>
<tilt>10</tilt>
<heading>0</heading>
</LookAt>
<styleUrl>#KMLStyler</styleUrl>
<ExtendedData>
<SchemaData schemaUrl="#kml_schema_ft_cb_2023_40_sldl_500k">
<SimpleData name="STATEFP">40</SimpleData>
<SimpleData name="SLDLST">085</SimpleData>
<SimpleData name="GEOIDFQ">620L800US40085</SimpleData>
<SimpleData name="GEOID">40085</SimpleData>
<SimpleData name="NAME">85</SimpleData>
<SimpleData name="NAMELSAD">State House District 85</SimpleData>
<SimpleData name="STUSPS">OK</SimpleData>
<SimpleData name="STATE_NAME">Oklahoma</SimpleData>
<SimpleData name="LSAD">LL</SimpleData>
<SimpleData name="LSY">2022</SimpleData>
<SimpleData name="ALAND">36647448</SimpleData>
<SimpleData name="AWATER">9271421</SimpleData>
</SchemaData>
</ExtendedData>
<Polygon>
<extrude>0</extrude>
<tessellate>1</tessellate>
<altitudeMode>clampToGround</altitudeMode>
<outerBoundaryIs>
<LinearRing>
<coordinates>-97.638398,35.563136,0.0 -97.638402,35.557894,0.0 -97.631768,35.555003,0.0 -97.623706,35.55147,0.0 -97.623054,35.55119,0.0 -97.619022,35.549389,0.0 -97.610081,35.545515,0.0 -97.60566,35.543563,0.0 -97.601172,35.541605,0.0 -97.59021,35.536819,0.0 -97.583444,35.536819,0.0 -97.578732,35.536742,0.0 -97.578194,35.536733,0.0 -97.574547,35.536673,0.0 -97.565694,35.536527,0.0 -97.565686,35.531853,0.0 -97.565641,35.529221,0.0 -97.565758,35.529217,0.0 -97.565629,35.52637,0.0 -97.565629,35.526238,0.0 -97.556536,35.524603,0.0 -97.547609,35.523178,0.0 -97.542048,35.521951,0.0 -97.540119,35.521761,0.0 -97.538737,35.521891,0.0 -97.538711,35.518668,0.0 -97.54033,35.518674,0.0 -97.540341,35.514598,0.0 -97.540343,35.513706,0.0 -97.543708,35.513703,0.0 -97.543709,35.511368,0.0 -97.543714,35.507792,0.0 -97.539075,35.507768,0.0 -97.538748,35.507768,0.0 -97.534422,35.507769,0.0 -97.529829,35.50777,0.0 -97.525436,35.50778,0.0 -97.52098,35.50779,0.0 -97.517349,35.507798,0.0 -97.514649,35.507807,0.0 -97.514724,35.50828,0.0 -97.515308,35.511657,0.0 -97.517981,35.519896,0.0 -97.51774,35.522441,0.0 -97.52097,35.522427,0.0 -97.529834,35.522337,0.0 -97.529809,35.53108,0.0 -97.529803,35.533155,0.0 -97.529793,35.536871,0.0 -97.529761,35.545772,0.0 -97.529751,35.548444,0.0 -97.529745,35.550341,0.0 -97.529742,35.551115,0.0 -97.531459,35.551114,0.0 -97.534267,35.551113,0.0 -97.53423,35.557632,0.0 -97.534226,35.558621,0.0 -97.537314,35.558635,0.0 -97.537306,35.560613,0.0 -97.538863,35.56062,0.0 -97.538834,35.565573,0.0 -97.540367,35.56558,0.0 -97.540358,35.571361,0.0 -97.540294,35.576465,0.0 -97.540365,35.580113,0.0 -97.549304,35.580159,0.0 -97.553082,35.580173,0.0 -97.555033,35.580181,0.0 -97.558812,35.580195,0.0 -97.567188,35.580226,0.0 -97.576089,35.580211,0.0 -97.576612,35.58021,0.0 -97.580201,35.580204,0.0 -97.583552,35.579982,0.0 -97.585101,35.58167,0.0 -97.586982,35.582187,0.0 -97.597697,35.582162,0.0 -97.603758,35.58154,0.0 -97.607765,35.58108,0.0 -97.608526,35.580835,0.0 -97.608684,35.58083,0.0 -97.611776,35.580148,0.0 -97.6146,35.580143,0.0 -97.61666,35.576736,0.0 -97.616871,35.576594,0.0 -97.620688,35.576472,0.0 -97.620694,35.572872,0.0 -97.620707,35.56562,0.0 -97.622358,35.565619,0.0 -97.632815,35.565613,0.0 -97.638396,35.565609,0.0 -97.638398,35.563136,0.0</coordinates>
</LinearRing>
</outerBoundaryIs>
</Polygon>
</Placemark>
<Placemark id="cb_2023_40_sldl_500k">
<name>&lt;at&gt;&lt;openparen&gt;40086&lt;closeparen&gt;</name>
<visibility>1</visibility>
<description><![CDATA[<center><table><tr><th colspan='2' align='center'><em>Attributes</em></th></tr><tr bgcolor="#E3E3F3">
<th>STATEFP</th>
<td>40</td>
</tr><tr bgcolor="">
<th>SLDLST</th>
<td>086</td>
</tr><tr bgcolor="#E3E3F3">
<th>GEOIDFQ</th>
<td>620L800US40086</td>
</tr><tr bgcolor="">
<th>GEOID</th>
<td>40086</td>
</tr><tr bgcolor="#E3E3F3">
<th>NAME</th>
<td>86</td>
</tr><tr bgcolor="">
<th>NAMELSAD</th>
<td>State House District 86</td>
</tr><tr bgcolor="#E3E3F3">
<th>STUSPS</th>
<td>OK</td>
</tr><tr bgcolor="">
<th>STATE_NAME</th>
<td>Oklahoma</td>
</tr><tr bgcolor="#E3E3F3">
<th>LSAD</th>
<td>LL</td>
</tr><tr bgcolor="">
<th>LSY</th>
<td>2022</td>
</tr><tr bgcolor="#E3E3F3">
<th>ALAND</th>
<td>2976783106</td>
</tr><tr bgcolor="">
<th>AWATER</th>
<td>15978218</td>
</tr></table></center>]]></description>
<LookAt>
<longitude>-102</longitude>
<latitude>38.5</latitude>
<range>7000000</range>
<tilt>10</tilt>
<heading>0</heading>
</LookAt>
<styleUrl>#KMLStyler</styleUrl>
<ExtendedData>
<SchemaData schemaUrl="#kml_schema_ft_cb_2023_40_sldl_500k">
<SimpleData name="STATEFP">40</SimpleData>
<SimpleData name="SLDLST">086</SimpleData>
<SimpleData name="GEOIDFQ">620L800US40086</SimpleData>
<SimpleData name="GEOID">40086</SimpleData>
<SimpleData name="NAME">86</SimpleData>
<SimpleData name="NAMELSAD">State House District 86</SimpleData>
<SimpleData name="STUSPS">OK</SimpleData>
<SimpleData name="STATE_NAME">Oklahoma</SimpleData>
<SimpleData name="LSAD">LL</SimpleData>
<SimpleData name="LSY">2022</SimpleData>
<SimpleData name="ALAND">2976783106</SimpleData>
<SimpleData name="AWATER">15978218</SimpleData>
</SchemaData>
</ExtendedData>
<Polygon>
<extrude>0</extrude>
<tessellate>1</tessellate>
<altitudeMode>clampToGround</altitudeMode>
<outerBoundaryIs>
<LinearRing>
<coordinates>-95.264469,36.108613,0.0 -95.264,36.105661,0.0 -95.262081,36.102663,0.0 -95.258698,36.098314,0.0 -95.25655,36.094599,0.0 -95.256265,36.090435,0.0 -95.255713,36.08887,0.0 -95.252838,36.084455,0.0 -95.252414,36.08285,0.0 -95.253304,36.079499,0.0 -95.255429,36.074838,0.0 -95.23855,36.074716,0.0 -95.23582,36.074833,0.0 -95.207943,36.074772,0.0 -95.189947,36.074677,0.0 -95.171975,36.074644,0.0 -95.134165,36.074577,0.0 -95.118377,36.074544,0.0 -95.100635,36.074587,0.0 -95.077609,36.074697,0.0 -95.06517,36.060365,0.0 -95.064924,36.060366,0.0 -95.064923,36.060155,0.0 -95.045464,36.037759,0.0 -95.044732,36.036936,0.0 -95.029178,36.019406,0.0 -95.020469,36.009462,0.0 -95.01735,36.005908,0.0 -95.013048,36.002335,0.0 -95.011422,36.002328,0.0 -94.993397,36.002347,0.0 -94.993664,35.996035,0.0 -94.993328,35.991412,0.0 -94.993343,35.987832,0.0 -94.993372,35.98424,0.0 -94.993425,35.975222,0.0 -94.993451,35.973369,0.0 -94.980141,35.973373,0.0 -94.978295,35.969777,0.0 -94.975646,35.967986,0.0 -94.971786,35.96602,0.0 -94.966797,35.961642,0.0 -94.966788,35.960592,0.0 -94.965289,35.96058,0.0 -94.959951,35.956691,0.0 -94.957962,35.955187,0.0 -94.957882,35.955072,0.0 -94.956755,35.954128,0.0 -94.94955,35.946997,0.0 -94.94879,35.945895,0.0 -94.943597,35.940542,0.0 -94.940277,35.93712,0.0 -94.939884,35.936715,0.0 -94.933672,35.930279,0.0 -94.929472,35.925986,0.0 -94.928648,35.925156,0.0 -94.926789,35.923678,0.0 -94.924463,35.920898,0.0 -94.915981,35.912558,0.0 -94.905322,35.900975,0.0 -94.904414,35.901763,0.0 -94.903524,35.900924,0.0 -94.896574,35.900932,0.0 -94.892096,35.900923,0.0 -94.87886,35.90092,0.0 -94.871301,35.900858,0.0 -94.869884,35.899145,0.0 -94.869881,35.894611,0.0 -94.867199,35.892502,0.0 -94.865406,35.892298,0.0 -94.864643,35.889445,0.0 -94.865139,35.89257,0.0 -94.864164,35.895544,0.0 -94.866185,35.89843,0.0 -94.866089,35.899812,0.0 -94.864416,35.901533,0.0 -94.866866,35.902657,0.0 -94.863341,35.904079,0.0 -94.85981,35.902844,0.0 -94.858452,35.905517,0.0 -94.857692,35.905686,0.0 -94.856782,35.905506,0.0 -94.856147,35.905169,0.0 -94.855795,35.905158,0.0 -94.856339,35.903958,0.0 -94.855505,35.903909,0.0 -94.851231,35.907445,0.0 -94.849361,35.907088,0.0 -94.846384,35.907939,0.0 -94.846768,35.910906,0.0 -94.846511,35.911763,0.0 -94.846043,35.914497,0.0 -94.843655,35.917382,0.0 -94.841842,35.918308,0.0 -94.840775,35.918846,0.0 -94.840363,35.918901,0.0 -94.838094,35.920845,0.0 -94.83753,35.921484,0.0 -94.837452,35.921546,0.0 -94.836872,35.920597,0.0 -94.833219,35.911823,0.0 -94.829926,35.906904,0.0 -94.826862,35.904386,0.0 -94.823073,35.903216,0.0 -94.807456,35.900319,0.0 -94.807398,35.877945,0.0 -94.807452,35.870513,0.0 -94.80745,35.855403,0.0 -94.807447,35.836316,0.0 -94.807444,35.81271,0.0 -94.807475,35.800687,0.0 -94.80748,35.799588,0.0 -94.807422,35.769208,0.0 -94.807436,35.768181,0.0 -94.807577,35.761424,0.0 -94.807608,35.750745,0.0 -94.807714,35.682199,0.0 -94.807721,35.674347,0.0 -94.807736,35.660232,0.0 -94.807757,35.638546,0.0 -94.772266,35.638504,0.0 -94.76877,35.638495,0.0 -94.753685,35.638471,0.0 -94.701178,35.638378,0.0 -94.675188,35.638373,0.0 -94.647747,35.638362,0.0 -94.630719,35.638352,0.0 -94.629908,35.638352,0.0 -94.594993,35.638328,0.0 -94.533755,35.63835,0.0 -94.52061,35.638354,0.0 -94.50273,35.638353,0.0 -94.472647,35.638556,0.0 -94.482467889927,35.6961421272993,0.0 -94.4827901857518,35.6980319528175,0.0 -94.4842849384655,35.7067966391843,0.0 -94.484290897927,35.7068315832993,0.0 -94.487585,35.726147,0.0 -94.48821,35.72924,0.0 -94.4929444807692,35.7592458746266,0.0 -94.493362,35.761892,0.0 -94.494549,35.768303,0.0 -94.4969010859034,35.781463904153,0.0 -94.4988745559854,35.7925062944671,0.0 -94.499045,35.79346,0.0 -94.499647,35.79691,0.0 -94.500526,35.802642,0.0 -94.5005730968878,35.8028751098062,0.0 -94.500764,35.80382,0.0 -94.501162,35.80643,0.0 -94.5014072135405,35.8078596387055,0.0 -94.503011,35.81721,0.0 -94.504438,35.826369,0.0 -94.505642,35.833628,0.0 -94.5074064046839,35.8445151486605,0.0 -94.507631,35.845901,0.0 -94.5173768949372,35.900773133819,0.0 -94.517571,35.901866,0.0 -94.5182312922163,35.9060694407576,0.0 -94.5182645152154,35.9062809394019,0.0 -94.5222486385274,35.9316439921507,0.0 -94.522658,35.93425,0.0 -94.522658,35.934799,0.0 -94.522634,35.934892,0.0 -94.52291,35.936127,0.0 -94.524344,35.94405,0.0 -94.52464,35.945727,0.0 -94.528162,35.965665,0.0 -94.528305,35.966054,0.0 -94.528327413129,35.9661837295236,0.0 -94.5320470706678,35.9877134945346,0.0 -94.532061349361,35.9877961410969,0.0 -94.5320670297716,35.9878290199046,0.0 -94.532071,35.987852,0.0 -94.5320909497439,35.9879653905444,0.0 -94.533646,35.996804,0.0 -94.5336729618048,35.9969353214272,0.0 -94.534852,36.002678,0.0 -94.5351632586096,36.0045087860192,0.0 -94.5352129388301,36.0048009991507,0.0 -94.535724,36.007807,0.0 -94.5373035799916,36.0169575249384,0.0 -94.5373052130243,36.0169669851155,0.0 -94.5432555854101,36.0514375603309,0.0 -94.5432560772227,36.0514404094066,0.0 -94.547715,36.077271,0.0 -94.547871,36.078281,0.0 -94.5498705372997,36.089385546359,0.0 -94.5521649859981,36.1021279002748,0.0 -94.5572280270755,36.1302457925349,0.0 -94.5595093429662,36.142915212641,0.0 -94.5596915051255,36.1439268607574,0.0 -94.561165,36.15211,0.0 -94.562803,36.161749,0.0 -94.5628276914512,36.1618934952038,0.0 -94.5637647229573,36.1673770351184,0.0 -94.5653132454486,36.1764390408616,0.0 -94.565655,36.178439,0.0 -94.5661775595238,36.1814270547262,0.0 -94.566588,36.183774,0.0 -94.567160656394,36.187104,0.0 -94.5678088060604,36.1908729937836,0.0 -94.5680666816587,36.19237254177,0.0 -94.5692910067671,36.1994919988363,0.0 -94.571253,36.210901,0.0 -94.5712670678049,36.2109734250281,0.0 -94.571806,36.213748,0.0 -94.5737612373227,36.226018643499,0.0 -94.574395,36.229996,0.0 -94.57488,36.232741,0.0 -94.575071,36.233682,0.0 -94.576003,36.24007,0.0 -94.577899,36.249548,0.0 -94.577883,36.25008,0.0 -94.5810876072279,36.2693026343628,0.0 -94.5825881113666,36.2783033138119,0.0 -94.5847308972076,36.2911566795471,0.0 -94.5859324183216,36.2983639281769,0.0 -94.5862,36.299969,0.0 -94.5913192812009,36.3325276853428,0.0 -94.592511,36.333349,0.0 -94.593528,36.335356,0.0 -94.596024,36.336492,0.0 -94.598489,36.33482,0.0 -94.601957,36.33374,0.0 -94.604022,36.33218,0.0 -94.606521,36.331474,0.0 -94.606383,36.329882,0.0 -94.608811,36.328001,0.0 -94.610857,36.328252,0.0 -94.613073,36.327743,0.0 -94.620476,36.327226,0.0 -94.621229,36.327496,0.0 -94.621275,36.330272,0.0 -94.622217,36.330337,0.0 -94.624071,36.330652,0.0 -94.625787,36.331665,0.0 -94.626342,36.333419,0.0 -94.628901,36.333295,0.0 -94.632408,36.334674,0.0 -94.632263,36.337033,0.0 -94.632897,36.338377,0.0 -94.633834,36.337632,0.0 -94.638261,36.336979,0.0 -94.643821,36.335458,0.0 -94.645053,36.335596,0.0 -94.651363,36.334268,0.0 -94.654144,36.33105,0.0 -94.657141,36.329848,0.0 -94.656893,36.322494,0.0 -94.658952,36.322856,0.0 -94.659523,36.322074,0.0 -94.662549,36.322852,0.0 -94.664952,36.321729,0.0 -94.667848,36.321824,0.0 -94.674178,36.321125,0.0 -94.675238,36.322843,0.0 -94.677538,36.32273,0.0 -94.678493,36.320668,0.0 -94.679546,36.320322,0.0 -94.68394,36.320535,0.0 -94.685411,36.322455,0.0 -94.685102,36.323154,0.0 -94.690392,36.325802,0.0 -94.693828,36.326713,0.0 -94.695519,36.326395,0.0 -94.699348,36.32423,0.0 -94.703754,36.323778,0.0 -94.704882,36.324333,0.0 -94.707244,36.323618,0.0 -94.708968,36.322074,0.0 -94.711732,36.321392,0.0 -94.712621,36.322958,0.0 -94.713646,36.321947,0.0 -94.714791,36.32193,0.0 -94.717504,36.323957,0.0 -94.718441,36.325638,0.0 -94.719182,36.325669,0.0 -94.72094,36.325362,0.0 -94.723249,36.325861,0.0 -94.724789,36.324125,0.0 -94.726127,36.32513,0.0 -94.726769,36.328546,0.0 -94.73268,36.328497,0.0 -94.734956,36.329296,0.0 -94.738752,36.328811,0.0 -94.737842,36.330602,0.0 -94.739075,36.331845,0.0 -94.741612,36.332089,0.0 -94.74141,36.33376,0.0 -94.743232,36.336704,0.0 -94.744522,36.336456,0.0 -94.747865,36.338158,0.0 -94.750502,36.337292,0.0 -94.751567,36.338605,0.0 -94.753088,36.339034,0.0 -94.753261,36.341776,0.0 -94.756107,36.341923,0.0 -94.757798,36.342888,0.0 -94.758117,36.344135,0.0 -94.760523,36.345492,0.0 -94.762792,36.344953,0.0 -94.765638,36.342443,0.0 -94.769044,36.342469,0.0 -94.770728,36.343986,0.0 -94.772188,36.343844,0.0 -94.775149,36.345388,0.0 -94.777912,36.348257,0.0 -94.780363,36.348543,0.0 -94.782525,36.348213,0.0 -94.784146,36.349969,0.0 -94.786556,36.350131,0.0 -94.789421,36.350854,0.0 -94.791928,36.352124,0.0 -94.793512,36.351989,0.0 -94.795668,36.353375,0.0 -94.797425,36.353906,0.0 -94.79866,36.354959,0.0 -94.800209,36.355076,0.0 -94.804957,36.352654,0.0 -94.808523,36.350105,0.0 -94.815077,36.350153,0.0 -94.818713,36.35074,0.0 -94.822464,36.350653,0.0 -94.826068,36.349971,0.0 -94.830376,36.347169,0.0 -94.833063,36.346073,0.0 -94.839085,36.344711,0.0 -94.845829,36.342853,0.0 -94.853928,36.340926,0.0 -94.853836,36.329139,0.0 -94.86277,36.329169,0.0 -94.862708,36.309659,0.0 -94.862546,36.309621,0.0 -94.862707,36.309149,0.0 -94.866863,36.308778,0.0 -94.868382,36.307772,0.0 -94.868916,36.304404,0.0 -94.871456,36.301622,0.0 -94.873342,36.301691,0.0 -94.875651,36.304027,0.0 -94.876892,36.304184,0.0 -94.881591,36.303443,0.0 -94.882766,36.30285,0.0 -94.883845,36.300342,0.0 -94.885397,36.298127,0.0 -94.888147,36.295477,0.0 -94.888996,36.292501,0.0 -94.892711,36.287609,0.0 -94.894616,36.28342,0.0 -94.89726,36.283506,0.0 -94.901237,36.285015,0.0 -94.905481,36.285201,0.0 -94.910476,36.284923,0.0 -94.911372,36.284515,0.0 -94.913154,36.28183,0.0 -94.914673,36.277552,0.0 -94.91448,36.276333,0.0 -94.915467,36.27368,0.0 -94.917107,36.271893,0.0 -94.920328,36.271114,0.0 -94.921239,36.269771,0.0 -94.922956,36.268972,0.0 -94.924042,36.267404,0.0 -94.923811,36.265625,0.0 -94.92116,36.26296,0.0 -94.918279,36.261192,0.0 -94.915266,36.25838,0.0 -94.916689,36.256266,0.0 -94.916022,36.252657,0.0 -94.918089,36.250518,0.0 -94.921734,36.243936,0.0 -94.923389,36.243244,0.0 -94.926392,36.242724,0.0 -94.926858,36.244379,0.0 -94.92659,36.246345,0.0 -94.930137,36.249257,0.0 -94.933444,36.252957,0.0 -94.934472,36.255347,0.0 -94.93608,36.257938,0.0 -94.938798,36.259953,0.0 -94.939185,36.263927,0.0 -94.941961,36.265203,0.0 -94.945023,36.263992,0.0 -94.948137,36.26399,0.0 -94.951432,36.263171,0.0 -94.95431,36.263904,0.0 -94.96564,36.263881,0.0 -94.966434,36.265561,0.0 -94.96873,36.264598,0.0 -94.972446,36.263855,0.0 -94.983604,36.26382,0.0 -94.984635,36.264718,0.0 -94.987117,36.265661,0.0 -94.991389,36.26543,0.0 -94.993554,36.263248,0.0 -94.995574,36.263707,0.0 -95.002317,36.263858,0.0 -95.004395,36.265615,0.0 -95.005663,36.264847,0.0 -95.005654,36.263855,0.0 -95.005538,36.248706,0.0 -95.010173,36.248822,0.0 -95.010733,36.234372,0.0 -95.010734,36.234356,0.0 -95.065,36.23411,0.0 -95.08282,36.2341,0.0 -95.09163,36.234125,0.0 -95.118702,36.234241,0.0 -95.11871,36.22531,0.0 -95.11857,36.2112,0.0 -95.11858,36.20664,0.0 -95.11857,36.2008,0.0 -95.123539,36.197437,0.0 -95.125306,36.195536,0.0 -95.12822,36.19038,0.0 -95.13111,36.18805,0.0 -95.13284,36.18732,0.0 -95.13657,36.18679,0.0 -95.14546,36.18688,0.0 -95.15343,36.18829,0.0 -95.15609,36.18843,0.0 -95.15933,36.18812,0.0 -95.16925,36.1857,0.0 -95.17226,36.18553,0.0 -95.17784,36.18548,0.0 -95.18188,36.18509,0.0 -95.18838,36.18408,0.0 -95.19107,36.18392,0.0 -95.19956,36.18401,0.0 -95.204652,36.183675,0.0 -95.2253,36.18065,0.0 -95.225344,36.162788,0.0 -95.226451,36.161636,0.0 -95.228083,36.161262,0.0 -95.23017,36.162063,0.0 -95.231572,36.161409,0.0 -95.233555,36.158782,0.0 -95.233467,36.157816,0.0 -95.235931,36.156178,0.0 -95.235165,36.155354,0.0 -95.235916,36.153354,0.0 -95.237209,36.152359,0.0 -95.238808,36.152908,0.0 -95.241679,36.152044,0.0 -95.241117,36.151451,0.0 -95.244631,36.149345,0.0 -95.244826,36.148274,0.0 -95.247393,36.147702,0.0 -95.249938,36.145481,0.0 -95.250746,36.143947,0.0 -95.251816,36.144123,0.0 -95.254668,36.142487,0.0 -95.25463,36.139856,0.0 -95.257293,36.137501,0.0 -95.259727,36.132981,0.0 -95.260777,36.132905,0.0 -95.259599,36.132421,0.0 -95.256313,36.134243,0.0 -95.259051,36.130536,0.0 -95.262306,36.13379,0.0 -95.263736,36.133257,0.0 -95.262186,36.131883,0.0 -95.262484,36.130944,0.0 -95.259153,36.129784,0.0 -95.256684,36.127344,0.0 -95.256853,36.125006,0.0 -95.257507,36.125007,0.0 -95.25827,36.117497,0.0 -95.259658,36.114508,0.0 -95.26208,36.111863,0.0 -95.264469,36.108613,0.0</coordinates>
</LinearRing>
</outerBoundaryIs>
</Polygon>
</Placemark>
<Placemark id="cb_2023_40_sldl_500k">
<name>&lt;at&gt;&lt;openparen&gt;40087&lt;closeparen&gt;</name>
<visibility>1</visibility>
<description><![CDATA[<center><table><tr><th colspan='2' align='center'><em>Attributes</em></th></tr><tr bgcolor="#E3E3F3">
<th>STATEFP</th>
<td>40</td>
</tr><tr bgcolor="">
<th>SLDLST</th>
<td>087</td>
</tr><tr bgcolor="#E3E3F3">
<th>GEOIDFQ</th>
<td>620L800US40087</td>
</tr><tr bgcolor="">
<th>GEOID</th>
<td>40087</td>
</tr><tr bgcolor="#E3E3F3">
<th>NAME</th>
<td>87</td>
</tr><tr bgcolor="">
<th>NAMELSAD</th>
<td>State House District 87</td>
</tr><tr bgcolor="#E3E3F3">
<th>STUSPS</th>
<td>OK</td>
</tr><tr bgcolor="">
<th>STATE_NAME</th>
<td>Oklahoma</td>
</tr><tr bgcolor="#E3E3F3">
<th>LSAD</th>
<td>LL</td>
</tr><tr bgcolor="">
<th>LSY</th>
<td>2022</td>
</tr><tr bgcolor="#E3E3F3">
<th>ALAND</th>
<td>23590254</td>
</tr><tr bgcolor="">
<th>AWATER</th>
<td>115625</td>
</tr></table></center>]]></description>
<LookAt>
<longitude>-102</longitude>
<latitude>38.5</latitude>
<range>7000000</range>
<tilt>10</tilt>
<heading>0</heading>
</LookAt>
<styleUrl>#KMLStyler</styleUrl>
<ExtendedData>
<SchemaData schemaUrl="#kml_schema_ft_cb_2023_40_sldl_500k">
<SimpleData name="STATEFP">40</SimpleData>
<SimpleData name="SLDLST">087</SimpleData>
<SimpleData name="GEOIDFQ">620L800US40087</SimpleData>
<SimpleData name="GEOID">40087</SimpleData>
<SimpleData name="NAME">87</SimpleData>
<SimpleData name="NAMELSAD">State House District 87</SimpleData>
<SimpleData name="STUSPS">OK</SimpleData>
<SimpleData name="STATE_NAME">Oklahoma</SimpleData>
<SimpleData name="LSAD">LL</SimpleData>
<SimpleData name="LSY">2022</SimpleData>
<SimpleData name="ALAND">23590254</SimpleData>
<SimpleData name="AWATER">115625</SimpleData>
</SchemaData>
</ExtendedData>
<Polygon>
<extrude>0</extrude>
<tessellate>1</tessellate>
<altitudeMode>clampToGround</altitudeMode>
<outerBoundaryIs>
<LinearRing>
<coordinates>-97.636671,35.486105,0.0 -97.636666,35.478853,0.0 -97.630033,35.478828,0.0 -97.627816,35.478819,0.0 -97.626345,35.478814,0.0 -97.625599,35.478811,0.0 -97.618931,35.478785,0.0 -97.610061,35.47878,0.0 -97.601085,35.478774,0.0 -97.601113,35.486047,0.0 -97.59226,35.486058,0.0 -97.583353,35.48603,0.0 -97.579229,35.486017,0.0 -97.579723,35.489208,0.0 -97.578818,35.493291,0.0 -97.578809,35.496912,0.0 -97.576698,35.496886,0.0 -97.574515,35.49686,0.0 -97.574519,35.498666,0.0 -97.572308,35.498641,0.0 -97.572309,35.499546,0.0 -97.570097,35.499522,0.0 -97.565663,35.499473,0.0 -97.565666,35.502224,0.0 -97.56567,35.504994,0.0 -97.565673,35.50759,0.0 -97.565605,35.511309,0.0 -97.563562,35.511309,0.0 -97.556105,35.511339,0.0 -97.552845,35.512025,0.0 -97.549458,35.513144,0.0 -97.547345,35.514164,0.0 -97.54719,35.514242,0.0 -97.547152,35.514262,0.0 -97.544522,35.516306,0.0 -97.543469,35.519721,0.0 -97.542048,35.521951,0.0 -97.547609,35.523178,0.0 -97.556536,35.524603,0.0 -97.565629,35.526238,0.0 -97.565629,35.52637,0.0 -97.565758,35.529217,0.0 -97.565641,35.529221,0.0 -97.565686,35.531853,0.0 -97.565694,35.536527,0.0 -97.574547,35.536673,0.0 -97.578194,35.536733,0.0 -97.578732,35.536742,0.0 -97.583444,35.536819,0.0 -97.59021,35.536819,0.0 -97.601172,35.541605,0.0 -97.601173,35.536819,0.0 -97.60118,35.53138,0.0 -97.601181,35.529652,0.0 -97.601184,35.528363,0.0 -97.601191,35.522329,0.0 -97.601134,35.516546,0.0 -97.601187,35.515496,0.0 -97.601187,35.515057,0.0 -97.601185,35.51122,0.0 -97.601183,35.507785,0.0 -97.601172,35.503747,0.0 -97.601163,35.500529,0.0 -97.60116,35.499565,0.0 -97.601142,35.493309,0.0 -97.610022,35.493287,0.0 -97.619063,35.493264,0.0 -97.623555,35.493285,0.0 -97.623445,35.489659,0.0 -97.627934,35.489674,0.0 -97.627947,35.486052,0.0 -97.636671,35.486105,0.0</coordinates>
</LinearRing>
</outerBoundaryIs>
</Polygon>
</Placemark>
<Placemark id="cb_2023_40_sldl_500k">
<name>&lt;at&gt;&lt;openparen&gt;40088&lt;closeparen&gt;</name>
<visibility>1</visibility>
<description><![CDATA[<center><table><tr><th colspan='2' align='center'><em>Attributes</em></th></tr><tr bgcolor="#E3E3F3">
<th>STATEFP</th>
<td>40</td>
</tr><tr bgcolor="">
<th>SLDLST</th>
<td>088</td>
</tr><tr bgcolor="#E3E3F3">
<th>GEOIDFQ</th>
<td>620L800US40088</td>
</tr><tr bgcolor="">
<th>GEOID</th>
<td>40088</td>
</tr><tr bgcolor="#E3E3F3">
<th>NAME</th>
<td>88</td>
</tr><tr bgcolor="">
<th>NAMELSAD</th>
<td>State House District 88</td>
</tr><tr bgcolor="#E3E3F3">
<th>STUSPS</th>
<td>OK</td>
</tr><tr bgcolor="">
<th>STATE_NAME</th>
<td>Oklahoma</td>
</tr><tr bgcolor="#E3E3F3">
<th>LSAD</th>
<td>LL</td>
</tr><tr bgcolor="">
<th>LSY</th>
<td>2022</td>
</tr><tr bgcolor="#E3E3F3">
<th>ALAND</th>
<td>20315057</td>
</tr><tr bgcolor="">
<th>AWATER</th>
<td>0</td>
</tr></table></center>]]></description>
<LookAt>
<longitude>-102</longitude>
<latitude>38.5</latitude>
<range>7000000</range>
<tilt>10</tilt>
<heading>0</heading>
</LookAt>
<styleUrl>#KMLStyler</styleUrl>
<ExtendedData>
<SchemaData schemaUrl="#kml_schema_ft_cb_2023_40_sldl_500k">
<SimpleData name="STATEFP">40</SimpleData>
<SimpleData name="SLDLST">088</SimpleData>
<SimpleData name="GEOIDFQ">620L800US40088</SimpleData>
<SimpleData name="GEOID">40088</SimpleData>
<SimpleData name="NAME">88</SimpleData>
<SimpleData name="NAMELSAD">State House District 88</SimpleData>
<SimpleData name="STUSPS">OK</SimpleData>
<SimpleData name="STATE_NAME">Oklahoma</SimpleData>
<SimpleData name="LSAD">LL</SimpleData>
<SimpleData name="LSY">2022</SimpleData>
<SimpleData name="ALAND">20315057</SimpleData>
<SimpleData name="AWATER">0</SimpleData>
</SchemaData>
</ExtendedData>
<Polygon>
<extrude>0</extrude>
<tessellate>1</tessellate>
<altitudeMode>clampToGround</altitudeMode>
<outerBoundaryIs>
<LinearRing>
<coordinates>-97.601113,35.486047,0.0 -97.601085,35.478774,0.0 -97.592236,35.478755,0.0 -97.583344,35.478765,0.0 -97.578843,35.478741,0.0 -97.574515,35.478694,0.0 -97.565748,35.478616,0.0 -97.565686,35.478616,0.0 -97.561317,35.478641,0.0 -97.556714,35.478668,0.0 -97.552279,35.478694,0.0 -97.547841,35.47872,0.0 -97.538934,35.47872,0.0 -97.535541,35.478741,0.0 -97.533249,35.478745,0.0 -97.533254,35.481722,0.0 -97.530018,35.481731,0.0 -97.530015,35.482434,0.0 -97.525536,35.482374,0.0 -97.521124,35.482376,0.0 -97.515985,35.482377,0.0 -97.515985,35.482348,0.0 -97.511928,35.482327,0.0 -97.511776,35.487028,0.0 -97.512345,35.492896,0.0 -97.512562,35.493255,0.0 -97.513746,35.496034,0.0 -97.514021,35.500565,0.0 -97.514231,35.505099,0.0 -97.514649,35.507807,0.0 -97.517349,35.507798,0.0 -97.52098,35.50779,0.0 -97.525436,35.50778,0.0 -97.529829,35.50777,0.0 -97.534422,35.507769,0.0 -97.538748,35.507768,0.0 -97.539075,35.507768,0.0 -97.543714,35.507792,0.0 -97.543709,35.511368,0.0 -97.543708,35.513703,0.0 -97.540343,35.513706,0.0 -97.540341,35.514598,0.0 -97.54033,35.518674,0.0 -97.538711,35.518668,0.0 -97.538737,35.521891,0.0 -97.540119,35.521761,0.0 -97.542048,35.521951,0.0 -97.543469,35.519721,0.0 -97.544522,35.516306,0.0 -97.547152,35.514262,0.0 -97.54719,35.514242,0.0 -97.547345,35.514164,0.0 -97.549458,35.513144,0.0 -97.552845,35.512025,0.0 -97.556105,35.511339,0.0 -97.563562,35.511309,0.0 -97.565605,35.511309,0.0 -97.565673,35.50759,0.0 -97.56567,35.504994,0.0 -97.565666,35.502224,0.0 -97.565663,35.499473,0.0 -97.570097,35.499522,0.0 -97.572309,35.499546,0.0 -97.572308,35.498641,0.0 -97.574519,35.498666,0.0 -97.574515,35.49686,0.0 -97.576698,35.496886,0.0 -97.578809,35.496912,0.0 -97.578818,35.493291,0.0 -97.579723,35.489208,0.0 -97.579229,35.486017,0.0 -97.583353,35.48603,0.0 -97.59226,35.486058,0.0 -97.601113,35.486047,0.0</coordinates>
</LinearRing>
</outerBoundaryIs>
</Polygon>
</Placemark>
<Placemark id="cb_2023_40_sldl_500k">
<name>&lt;at&gt;&lt;openparen&gt;40089&lt;closeparen&gt;</name>
<visibility>1</visibility>
<description><![CDATA[<center><table><tr><th colspan='2' align='center'><em>Attributes</em></th></tr><tr bgcolor="#E3E3F3">
<th>STATEFP</th>
<td>40</td>
</tr><tr bgcolor="">
<th>SLDLST</th>
<td>089</td>
</tr><tr bgcolor="#E3E3F3">
<th>GEOIDFQ</th>
<td>620L800US40089</td>
</tr><tr bgcolor="">
<th>GEOID</th>
<td>40089</td>
</tr><tr bgcolor="#E3E3F3">
<th>NAME</th>
<td>89</td>
</tr><tr bgcolor="">
<th>NAMELSAD</th>
<td>State House District 89</td>
</tr><tr bgcolor="#E3E3F3">
<th>STUSPS</th>
<td>OK</td>
</tr><tr bgcolor="">
<th>STATE_NAME</th>
<td>Oklahoma</td>
</tr><tr bgcolor="#E3E3F3">
<th>LSAD</th>
<td>LL</td>
</tr><tr bgcolor="">
<th>LSY</th>
<td>2022</td>
</tr><tr bgcolor="#E3E3F3">
<th>ALAND</th>
<td>27665471</td>
</tr><tr bgcolor="">
<th>AWATER</th>
<td>0</td>
</tr></table></center>]]></description>
<LookAt>
<longitude>-102</longitude>
<latitude>38.5</latitude>
<range>7000000</range>
<tilt>10</tilt>
<heading>0</heading>
</LookAt>
<styleUrl>#KMLStyler</styleUrl>
<ExtendedData>
<SchemaData schemaUrl="#kml_schema_ft_cb_2023_40_sldl_500k">
<SimpleData name="STATEFP">40</SimpleData>
<SimpleData name="SLDLST">089</SimpleData>
<SimpleData name="GEOIDFQ">620L800US40089</SimpleData>
<SimpleData name="GEOID">40089</SimpleData>
<SimpleData name="NAME">89</SimpleData>
<SimpleData name="NAMELSAD">State House District 89</SimpleData>
<SimpleData name="STUSPS">OK</SimpleData>
<SimpleData name="STATE_NAME">Oklahoma</SimpleData>
<SimpleData name="LSAD">LL</SimpleData>
<SimpleData name="LSY">2022</SimpleData>
<SimpleData name="ALAND">27665471</SimpleData>
<SimpleData name="AWATER">0</SimpleData>
</SchemaData>
</ExtendedData>
<Polygon>
<extrude>0</extrude>
<tessellate>1</tessellate>
<altitudeMode>clampToGround</altitudeMode>
<outerBoundaryIs>
<LinearRing>
<coordinates>-97.583346,35.44469,0.0 -97.583335,35.438113,0.0 -97.583329,35.435199,0.0 -97.583326,35.428359,0.0 -97.583323,35.420722,0.0 -97.583304,35.417012,0.0 -97.580472,35.413963,0.0 -97.579526,35.412619,0.0 -97.577806,35.409266,0.0 -97.577186,35.406907,0.0 -97.574455,35.406416,0.0 -97.573097,35.406191,0.0 -97.569505,35.406171,0.0 -97.565569,35.406159,0.0 -97.565565,35.408291,0.0 -97.565558,35.413034,0.0 -97.565556,35.414037,0.0 -97.565554,35.415383,0.0 -97.565545,35.420686,0.0 -97.561384,35.420694,0.0 -97.556811,35.420702,0.0 -97.554597,35.420706,0.0 -97.552382,35.42071,0.0 -97.547941,35.420719,0.0 -97.539084,35.420733,0.0 -97.530225,35.420749,0.0 -97.521375,35.420746,0.0 -97.521366,35.428187,0.0 -97.521338,35.43027,0.0 -97.521437,35.435237,0.0 -97.521418,35.442451,0.0 -97.521412,35.444514,0.0 -97.521234,35.44832,0.0 -97.521223,35.456357,0.0 -97.523068,35.45648,0.0 -97.525797,35.457059,0.0 -97.530132,35.458029,0.0 -97.530127,35.464265,0.0 -97.547904,35.464151,0.0 -97.565595,35.464179,0.0 -97.574304,35.464095,0.0 -97.576638,35.464074,0.0 -97.577743,35.464111,0.0 -97.574196,35.456856,0.0 -97.573321,35.455084,0.0 -97.574422,35.454531,0.0 -97.581439,35.450536,0.0 -97.583279,35.44999,0.0 -97.583272,35.449738,0.0 -97.583308,35.448101,0.0 -97.583346,35.44469,0.0</coordinates>
</LinearRing>
</outerBoundaryIs>
</Polygon>
</Placemark>
<Placemark id="cb_2023_40_sldl_500k">
<name>&lt;at&gt;&lt;openparen&gt;40090&lt;closeparen&gt;</name>
<visibility>1</visibility>
<description><![CDATA[<center><table><tr><th colspan='2' align='center'><em>Attributes</em></th></tr><tr bgcolor="#E3E3F3">
<th>STATEFP</th>
<td>40</td>
</tr><tr bgcolor="">
<th>SLDLST</th>
<td>090</td>
</tr><tr bgcolor="#E3E3F3">
<th>GEOIDFQ</th>
<td>620L800US40090</td>
</tr><tr bgcolor="">
<th>GEOID</th>
<td>40090</td>
</tr><tr bgcolor="#E3E3F3">
<th>NAME</th>
<td>90</td>
</tr><tr bgcolor="">
<th>NAMELSAD</th>
<td>State House District 90</td>
</tr><tr bgcolor="#E3E3F3">
<th>STUSPS</th>
<td>OK</td>
</tr><tr bgcolor="">
<th>STATE_NAME</th>
<td>Oklahoma</td>
</tr><tr bgcolor="#E3E3F3">
<th>LSAD</th>
<td>LL</td>
</tr><tr bgcolor="">
<th>LSY</th>
<td>2022</td>
</tr><tr bgcolor="#E3E3F3">
<th>ALAND</th>
<td>151350465</td>
</tr><tr bgcolor="">
<th>AWATER</th>
<td>960805</td>
</tr></table></center>]]></description>
<LookAt>
<longitude>-102</longitude>
<latitude>38.5</latitude>
<range>7000000</range>
<tilt>10</tilt>
<heading>0</heading>
</LookAt>
<styleUrl>#KMLStyler</styleUrl>
<ExtendedData>
<SchemaData schemaUrl="#kml_schema_ft_cb_2023_40_sldl_500k">
<SimpleData name="STATEFP">40</SimpleData>
<SimpleData name="SLDLST">090</SimpleData>
<SimpleData name="GEOIDFQ">620L800US40090</SimpleData>
<SimpleData name="GEOID">40090</SimpleData>
<SimpleData name="NAME">90</SimpleData>
<SimpleData name="NAMELSAD">State House District 90</SimpleData>
<SimpleData name="STUSPS">OK</SimpleData>
<SimpleData name="STATE_NAME">Oklahoma</SimpleData>
<SimpleData name="LSAD">LL</SimpleData>
<SimpleData name="LSY">2022</SimpleData>
<SimpleData name="ALAND">151350465</SimpleData>
<SimpleData name="AWATER">960805</SimpleData>
</SchemaData>
</ExtendedData>
<Polygon>
<extrude>0</extrude>
<tessellate>1</tessellate>
<altitudeMode>clampToGround</altitudeMode>
<outerBoundaryIs>
<LinearRing>
<coordinates>-97.671533,35.471354,0.0 -97.671539,35.464209,0.0 -97.67153,35.46042,0.0 -97.671503,35.448444,0.0 -97.67143,35.447893,0.0 -97.671411,35.435471,0.0 -97.671411,35.435346,0.0 -97.6714,35.428319,0.0 -97.671423,35.420788,0.0 -97.671422,35.420777,0.0 -97.671383,35.406217,0.0 -97.671379,35.393078,0.0 -97.671374,35.391654,0.0 -97.671358,35.379459,0.0 -97.671369,35.377151,0.0 -97.671356,35.348123,0.0 -97.671463,35.346896,0.0 -97.671415,35.337465,0.0 -97.669408,35.336736,0.0 -97.662965,35.336617,0.0 -97.656526,35.335148,0.0 -97.654725,35.334447,0.0 -97.652537,35.333381,0.0 -97.649978,35.331322,0.0 -97.646815,35.329383,0.0 -97.642359,35.325994,0.0 -97.638105,35.321127,0.0 -97.631517,35.316929,0.0 -97.627406,35.314627,0.0 -97.625289,35.312504,0.0 -97.624067,35.311946,0.0 -97.619978,35.306947,0.0 -97.617799,35.305211,0.0 -97.602908,35.303521,0.0 -97.599013,35.303351,0.0 -97.596768,35.32045,0.0 -97.596233,35.323216,0.0 -97.594946,35.327409,0.0 -97.592307,35.334002,0.0 -97.586486,35.348518,0.0 -97.574772,35.348559,0.0 -97.565344,35.348587,0.0 -97.565387,35.354453,0.0 -97.56545,35.36312,0.0 -97.565472,35.365895,0.0 -97.565534,35.373449,0.0 -97.565552,35.377103,0.0 -97.565564,35.377103,0.0 -97.56557,35.380763,0.0 -97.565572,35.382343,0.0 -97.565577,35.383868,0.0 -97.565584,35.383967,0.0 -97.565583,35.387252,0.0 -97.565591,35.391622,0.0 -97.565587,35.394038,0.0 -97.572488,35.395513,0.0 -97.574358,35.396334,0.0 -97.575465,35.397041,0.0 -97.576256,35.397137,0.0 -97.577373,35.399203,0.0 -97.577186,35.406907,0.0 -97.577806,35.409266,0.0 -97.579526,35.412619,0.0 -97.580472,35.413963,0.0 -97.583304,35.417012,0.0 -97.583323,35.420722,0.0 -97.583326,35.428359,0.0 -97.583329,35.435199,0.0 -97.583335,35.438113,0.0 -97.583346,35.44469,0.0 -97.583308,35.448101,0.0 -97.583272,35.449738,0.0 -97.583279,35.44999,0.0 -97.581439,35.450536,0.0 -97.574422,35.454531,0.0 -97.573321,35.455084,0.0 -97.574196,35.456856,0.0 -97.577743,35.464111,0.0 -97.579171,35.46756,0.0 -97.579542,35.47074,0.0 -97.579525,35.471479,0.0 -97.578843,35.478741,0.0 -97.583344,35.478765,0.0 -97.592236,35.478755,0.0 -97.601085,35.478774,0.0 -97.610061,35.47878,0.0 -97.618931,35.478785,0.0 -97.625599,35.478811,0.0 -97.626345,35.478814,0.0 -97.627816,35.478819,0.0 -97.630033,35.478828,0.0 -97.636666,35.478853,0.0 -97.636671,35.486105,0.0 -97.645482,35.486033,0.0 -97.654302,35.486045,0.0 -97.663164,35.486033,0.0 -97.664741,35.486048,0.0 -97.664683,35.4856,0.0 -97.666895,35.485478,0.0 -97.668064,35.485687,0.0 -97.667648,35.485951,0.0 -97.669428,35.485259,0.0 -97.669469,35.485929,0.0 -97.671485,35.486073,0.0 -97.671457,35.485839,0.0 -97.671465,35.478745,0.0 -97.671533,35.471354,0.0</coordinates>
</LinearRing>
</outerBoundaryIs>
</Polygon>
</Placemark>
<Placemark id="cb_2023_40_sldl_500k">
<name>&lt;at&gt;&lt;openparen&gt;40091&lt;closeparen&gt;</name>
<visibility>1</visibility>
<description><![CDATA[<center><table><tr><th colspan='2' align='center'><em>Attributes</em></th></tr><tr bgcolor="#E3E3F3">
<th>STATEFP</th>
<td>40</td>
</tr><tr bgcolor="">
<th>SLDLST</th>
<td>091</td>
</tr><tr bgcolor="#E3E3F3">
<th>GEOIDFQ</th>
<td>620L800US40091</td>
</tr><tr bgcolor="">
<th>GEOID</th>
<td>40091</td>
</tr><tr bgcolor="#E3E3F3">
<th>NAME</th>
<td>91</td>
</tr><tr bgcolor="">
<th>NAMELSAD</th>
<td>State House District 91</td>
</tr><tr bgcolor="#E3E3F3">
<th>STUSPS</th>
<td>OK</td>
</tr><tr bgcolor="">
<th>STATE_NAME</th>
<td>Oklahoma</td>
</tr><tr bgcolor="#E3E3F3">
<th>LSAD</th>
<td>LL</td>
</tr><tr bgcolor="">
<th>LSY</th>
<td>2022</td>
</tr><tr bgcolor="#E3E3F3">
<th>ALAND</th>
<td>48927350</td>
</tr><tr bgcolor="">
<th>AWATER</th>
<td>1012866</td>
</tr></table></center>]]></description>
<LookAt>
<longitude>-102</longitude>
<latitude>38.5</latitude>
<range>7000000</range>
<tilt>10</tilt>
<heading>0</heading>
</LookAt>
<styleUrl>#KMLStyler</styleUrl>
<ExtendedData>
<SchemaData schemaUrl="#kml_schema_ft_cb_2023_40_sldl_500k">
<SimpleData name="STATEFP">40</SimpleData>
<SimpleData name="SLDLST">091</SimpleData>
<SimpleData name="GEOIDFQ">620L800US40091</SimpleData>
<SimpleData name="GEOID">40091</SimpleData>
<SimpleData name="NAME">91</SimpleData>
<SimpleData name="NAMELSAD">State House District 91</SimpleData>
<SimpleData name="STUSPS">OK</SimpleData>
<SimpleData name="STATE_NAME">Oklahoma</SimpleData>
<SimpleData name="LSAD">LL</SimpleData>
<SimpleData name="LSY">2022</SimpleData>
<SimpleData name="ALAND">48927350</SimpleData>
<SimpleData name="AWATER">1012866</SimpleData>
</SchemaData>
</ExtendedData>
<Polygon>
<extrude>0</extrude>
<tessellate>1</tessellate>
<altitudeMode>clampToGround</altitudeMode>
<outerBoundaryIs>
<LinearRing>
<coordinates>-97.599013,35.303351,0.0 -97.598831,35.303349,0.0 -97.581359,35.30246,0.0 -97.579004,35.30182,0.0 -97.576641,35.300892,0.0 -97.560699,35.292074,0.0 -97.559322,35.290727,0.0 -97.547236,35.290785,0.0 -97.529736,35.290723,0.0 -97.529908,35.305228,0.0 -97.521036,35.305252,0.0 -97.52098,35.312512,0.0 -97.520998,35.319757,0.0 -97.512052,35.319759,0.0 -97.512091,35.334343,0.0 -97.520769,35.334275,0.0 -97.529885,35.334288,0.0 -97.52991,35.338627,0.0 -97.529924,35.341108,0.0 -97.529968,35.348775,0.0 -97.521042,35.348814,0.0 -97.521011,35.356038,0.0 -97.52113,35.363329,0.0 -97.530012,35.363278,0.0 -97.530069,35.369574,0.0 -97.530105,35.373453,0.0 -97.530106,35.377148,0.0 -97.530138,35.377148,0.0 -97.538975,35.37714,0.0 -97.54438,35.377135,0.0 -97.547826,35.377131,0.0 -97.547863,35.377131,0.0 -97.559176,35.377113,0.0 -97.565552,35.377103,0.0 -97.565534,35.373449,0.0 -97.565472,35.365895,0.0 -97.56545,35.36312,0.0 -97.565387,35.354453,0.0 -97.565344,35.348587,0.0 -97.574772,35.348559,0.0 -97.586486,35.348518,0.0 -97.592307,35.334002,0.0 -97.594946,35.327409,0.0 -97.596233,35.323216,0.0 -97.596768,35.32045,0.0 -97.599013,35.303351,0.0</coordinates>
</LinearRing>
</outerBoundaryIs>
</Polygon>
</Placemark>
<Placemark id="cb_2023_40_sldl_500k">
<name>&lt;at&gt;&lt;openparen&gt;40092&lt;closeparen&gt;</name>
<visibility>1</visibility>
<description><![CDATA[<center><table><tr><th colspan='2' align='center'><em>Attributes</em></th></tr><tr bgcolor="#E3E3F3">
<th>STATEFP</th>
<td>40</td>
</tr><tr bgcolor="">
<th>SLDLST</th>
<td>092</td>
</tr><tr bgcolor="#E3E3F3">
<th>GEOIDFQ</th>
<td>620L800US40092</td>
</tr><tr bgcolor="">
<th>GEOID</th>
<td>40092</td>
</tr><tr bgcolor="#E3E3F3">
<th>NAME</th>
<td>92</td>
</tr><tr bgcolor="">
<th>NAMELSAD</th>
<td>State House District 92</td>
</tr><tr bgcolor="#E3E3F3">
<th>STUSPS</th>
<td>OK</td>
</tr><tr bgcolor="">
<th>STATE_NAME</th>
<td>Oklahoma</td>
</tr><tr bgcolor="#E3E3F3">
<th>LSAD</th>
<td>LL</td>
</tr><tr bgcolor="">
<th>LSY</th>
<td>2022</td>
</tr><tr bgcolor="#E3E3F3">
<th>ALAND</th>
<td>41175458</td>
</tr><tr bgcolor="">
<th>AWATER</th>
<td>0</td>
</tr></table></center>]]></description>
<LookAt>
<longitude>-102</longitude>
<latitude>38.5</latitude>
<range>7000000</range>
<tilt>10</tilt>
<heading>0</heading>
</LookAt>
<styleUrl>#KMLStyler</styleUrl>
<ExtendedData>
<SchemaData schemaUrl="#kml_schema_ft_cb_2023_40_sldl_500k">
<SimpleData name="STATEFP">40</SimpleData>
<SimpleData name="SLDLST">092</SimpleData>
<SimpleData name="GEOIDFQ">620L800US40092</SimpleData>
<SimpleData name="GEOID">40092</SimpleData>
<SimpleData name="NAME">92</SimpleData>
<SimpleData name="NAMELSAD">State House District 92</SimpleData>
<SimpleData name="STUSPS">OK</SimpleData>
<SimpleData name="STATE_NAME">Oklahoma</SimpleData>
<SimpleData name="LSAD">LL</SimpleData>
<SimpleData name="LSY">2022</SimpleData>
<SimpleData name="ALAND">41175458</SimpleData>
<SimpleData name="AWATER">0</SimpleData>
</SchemaData>
</ExtendedData>
<Polygon>
<extrude>0</extrude>
<tessellate>1</tessellate>
<altitudeMode>clampToGround</altitudeMode>
<outerBoundaryIs>
<LinearRing>
<coordinates>-97.579525,35.471479,0.0 -97.579542,35.47074,0.0 -97.579171,35.46756,0.0 -97.577743,35.464111,0.0 -97.576638,35.464074,0.0 -97.574304,35.464095,0.0 -97.565595,35.464179,0.0 -97.547904,35.464151,0.0 -97.530127,35.464265,0.0 -97.530132,35.458029,0.0 -97.525797,35.457059,0.0 -97.523068,35.45648,0.0 -97.521223,35.456357,0.0 -97.521234,35.44832,0.0 -97.521412,35.444514,0.0 -97.521418,35.442451,0.0 -97.521437,35.435237,0.0 -97.521338,35.43027,0.0 -97.521366,35.428187,0.0 -97.521375,35.420746,0.0 -97.52137,35.417145,0.0 -97.530215,35.417114,0.0 -97.530202,35.413986,0.0 -97.530187,35.406233,0.0 -97.52135,35.406221,0.0 -97.521299,35.399993,0.0 -97.521287,35.39843,0.0 -97.521281,35.391475,0.0 -97.515406,35.39198,0.0 -97.506789,35.392054,0.0 -97.497482,35.392078,0.0 -97.494948,35.391815,0.0 -97.493162,35.391586,0.0 -97.484482,35.391604,0.0 -97.476989,35.391549,0.0 -97.459302,35.391399,0.0 -97.459177,35.406286,0.0 -97.472409,35.406279,0.0 -97.472477,35.413996,0.0 -97.469862,35.414443,0.0 -97.468594,35.415522,0.0 -97.468603,35.420826,0.0 -97.476968,35.420839,0.0 -97.48816,35.420831,0.0 -97.486115,35.425852,0.0 -97.486045,35.428082,0.0 -97.486055,35.44258,0.0 -97.486257,35.446265,0.0 -97.487423,35.449851,0.0 -97.494646,35.449866,0.0 -97.494635,35.454397,0.0 -97.503498,35.45542,0.0 -97.50984,35.456131,0.0 -97.512403,35.455614,0.0 -97.512398,35.456196,0.0 -97.512748,35.456196,0.0 -97.512725,35.456848,0.0 -97.512633,35.45793,0.0 -97.512462,35.462513,0.0 -97.512442,35.464276,0.0 -97.512426,35.466466,0.0 -97.512329,35.469747,0.0 -97.51226,35.471814,0.0 -97.512157,35.47602,0.0 -97.512049,35.478101,0.0 -97.511928,35.482327,0.0 -97.515985,35.482348,0.0 -97.515985,35.482377,0.0 -97.521124,35.482376,0.0 -97.525536,35.482374,0.0 -97.530015,35.482434,0.0 -97.530018,35.481731,0.0 -97.533254,35.481722,0.0 -97.533249,35.478745,0.0 -97.535541,35.478741,0.0 -97.538934,35.47872,0.0 -97.547841,35.47872,0.0 -97.552279,35.478694,0.0 -97.556714,35.478668,0.0 -97.561317,35.478641,0.0 -97.565686,35.478616,0.0 -97.565748,35.478616,0.0 -97.574515,35.478694,0.0 -97.578843,35.478741,0.0 -97.579525,35.471479,0.0</coordinates>
</LinearRing>
</outerBoundaryIs>
</Polygon>
</Placemark>
<Placemark id="cb_2023_40_sldl_500k">
<name>&lt;at&gt;&lt;openparen&gt;40093&lt;closeparen&gt;</name>
<visibility>1</visibility>
<description><![CDATA[<center><table><tr><th colspan='2' align='center'><em>Attributes</em></th></tr><tr bgcolor="#E3E3F3">
<th>STATEFP</th>
<td>40</td>
</tr><tr bgcolor="">
<th>SLDLST</th>
<td>093</td>
</tr><tr bgcolor="#E3E3F3">
<th>GEOIDFQ</th>
<td>620L800US40093</td>
</tr><tr bgcolor="">
<th>GEOID</th>
<td>40093</td>
</tr><tr bgcolor="#E3E3F3">
<th>NAME</th>
<td>93</td>
</tr><tr bgcolor="">
<th>NAMELSAD</th>
<td>State House District 93</td>
</tr><tr bgcolor="#E3E3F3">
<th>STUSPS</th>
<td>OK</td>
</tr><tr bgcolor="">
<th>STATE_NAME</th>
<td>Oklahoma</td>
</tr><tr bgcolor="#E3E3F3">
<th>LSAD</th>
<td>LL</td>
</tr><tr bgcolor="">
<th>LSY</th>
<td>2022</td>
</tr><tr bgcolor="#E3E3F3">
<th>ALAND</th>
<td>17153516</td>
</tr><tr bgcolor="">
<th>AWATER</th>
<td>0</td>
</tr></table></center>]]></description>
<LookAt>
<longitude>-102</longitude>
<latitude>38.5</latitude>
<range>7000000</range>
<tilt>10</tilt>
<heading>0</heading>
</LookAt>
<styleUrl>#KMLStyler</styleUrl>
<ExtendedData>
<SchemaData schemaUrl="#kml_schema_ft_cb_2023_40_sldl_500k">
<SimpleData name="STATEFP">40</SimpleData>
<SimpleData name="SLDLST">093</SimpleData>
<SimpleData name="GEOIDFQ">620L800US40093</SimpleData>
<SimpleData name="GEOID">40093</SimpleData>
<SimpleData name="NAME">93</SimpleData>
<SimpleData name="NAMELSAD">State House District 93</SimpleData>
<SimpleData name="STUSPS">OK</SimpleData>
<SimpleData name="STATE_NAME">Oklahoma</SimpleData>
<SimpleData name="LSAD">LL</SimpleData>
<SimpleData name="LSY">2022</SimpleData>
<SimpleData name="ALAND">17153516</SimpleData>
<SimpleData name="AWATER">0</SimpleData>
</SchemaData>
</ExtendedData>
<Polygon>
<extrude>0</extrude>
<tessellate>1</tessellate>
<altitudeMode>clampToGround</altitudeMode>
<outerBoundaryIs>
<LinearRing>
<coordinates>-97.577186,35.406907,0.0 -97.577373,35.399203,0.0 -97.576256,35.397137,0.0 -97.575465,35.397041,0.0 -97.574358,35.396334,0.0 -97.572488,35.395513,0.0 -97.565587,35.394038,0.0 -97.565591,35.391622,0.0 -97.565583,35.387252,0.0 -97.565584,35.383967,0.0 -97.565577,35.383868,0.0 -97.565572,35.382343,0.0 -97.56557,35.380763,0.0 -97.565564,35.377103,0.0 -97.565552,35.377103,0.0 -97.559176,35.377113,0.0 -97.547863,35.377131,0.0 -97.547864,35.382413,0.0 -97.547864,35.383393,0.0 -97.547864,35.384383,0.0 -97.54277,35.384366,0.0 -97.540158,35.384361,0.0 -97.536385,35.384526,0.0 -97.534789,35.384597,0.0 -97.53012,35.384586,0.0 -97.530113,35.387524,0.0 -97.530105,35.391475,0.0 -97.521281,35.391475,0.0 -97.521287,35.39843,0.0 -97.521299,35.399993,0.0 -97.52135,35.406221,0.0 -97.530187,35.406233,0.0 -97.530202,35.413986,0.0 -97.530215,35.417114,0.0 -97.52137,35.417145,0.0 -97.521375,35.420746,0.0 -97.530225,35.420749,0.0 -97.539084,35.420733,0.0 -97.547941,35.420719,0.0 -97.552382,35.42071,0.0 -97.554597,35.420706,0.0 -97.556811,35.420702,0.0 -97.561384,35.420694,0.0 -97.565545,35.420686,0.0 -97.565554,35.415383,0.0 -97.565556,35.414037,0.0 -97.565558,35.413034,0.0 -97.565565,35.408291,0.0 -97.565569,35.406159,0.0 -97.569505,35.406171,0.0 -97.573097,35.406191,0.0 -97.574455,35.406416,0.0 -97.577186,35.406907,0.0</coordinates>
</LinearRing>
</outerBoundaryIs>
</Polygon>
</Placemark>
<Placemark id="cb_2023_40_sldl_500k">
<name>&lt;at&gt;&lt;openparen&gt;40094&lt;closeparen&gt;</name>
<visibility>1</visibility>
<description><![CDATA[<center><table><tr><th colspan='2' align='center'><em>Attributes</em></th></tr><tr bgcolor="#E3E3F3">
<th>STATEFP</th>
<td>40</td>
</tr><tr bgcolor="">
<th>SLDLST</th>
<td>094</td>
</tr><tr bgcolor="#E3E3F3">
<th>GEOIDFQ</th>
<td>620L800US40094</td>
</tr><tr bgcolor="">
<th>GEOID</th>
<td>40094</td>
</tr><tr bgcolor="#E3E3F3">
<th>NAME</th>
<td>94</td>
</tr><tr bgcolor="">
<th>NAMELSAD</th>
<td>State House District 94</td>
</tr><tr bgcolor="#E3E3F3">
<th>STUSPS</th>
<td>OK</td>
</tr><tr bgcolor="">
<th>STATE_NAME</th>
<td>Oklahoma</td>
</tr><tr bgcolor="#E3E3F3">
<th>LSAD</th>
<td>LL</td>
</tr><tr bgcolor="">
<th>LSY</th>
<td>2022</td>
</tr><tr bgcolor="#E3E3F3">
<th>ALAND</th>
<td>48013330</td>
</tr><tr bgcolor="">
<th>AWATER</th>
<td>5972</td>
</tr></table></center>]]></description>
<LookAt>
<longitude>-102</longitude>
<latitude>38.5</latitude>
<range>7000000</range>
<tilt>10</tilt>
<heading>0</heading>
</LookAt>
<styleUrl>#KMLStyler</styleUrl>
<ExtendedData>
<SchemaData schemaUrl="#kml_schema_ft_cb_2023_40_sldl_500k">
<SimpleData name="STATEFP">40</SimpleData>
<SimpleData name="SLDLST">094</SimpleData>
<SimpleData name="GEOIDFQ">620L800US40094</SimpleData>
<SimpleData name="GEOID">40094</SimpleData>
<SimpleData name="NAME">94</SimpleData>
<SimpleData name="NAMELSAD">State House District 94</SimpleData>
<SimpleData name="STUSPS">OK</SimpleData>
<SimpleData name="STATE_NAME">Oklahoma</SimpleData>
<SimpleData name="LSAD">LL</SimpleData>
<SimpleData name="LSY">2022</SimpleData>
<SimpleData name="ALAND">48013330</SimpleData>
<SimpleData name="AWATER">5972</SimpleData>
</SchemaData>
</ExtendedData>
<Polygon>
<extrude>0</extrude>
<tessellate>1</tessellate>
<altitudeMode>clampToGround</altitudeMode>
<outerBoundaryIs>
<LinearRing>
<coordinates>-97.486115,35.425852,0.0 -97.48816,35.420831,0.0 -97.476968,35.420839,0.0 -97.468603,35.420826,0.0 -97.468594,35.415522,0.0 -97.469862,35.414443,0.0 -97.472477,35.413996,0.0 -97.472409,35.406279,0.0 -97.459177,35.406286,0.0 -97.459302,35.391399,0.0 -97.459266,35.384515,0.0 -97.459227,35.37734,0.0 -97.441222,35.377274,0.0 -97.433236,35.377293,0.0 -97.423566,35.377316,0.0 -97.423587,35.384138,0.0 -97.423588,35.38437,0.0 -97.423555,35.391061,0.0 -97.423613,35.406272,0.0 -97.423579,35.416847,0.0 -97.423569,35.420739,0.0 -97.423569,35.423911,0.0 -97.423569,35.430067,0.0 -97.423569,35.431659,0.0 -97.423568,35.431902,0.0 -97.423568,35.434742,0.0 -97.423568,35.435131,0.0 -97.423568,35.435229,0.0 -97.423624,35.445176,0.0 -97.423682,35.449602,0.0 -97.423794,35.456052,0.0 -97.423886,35.461054,0.0 -97.423952,35.464077,0.0 -97.423953,35.46423,0.0 -97.423982,35.471362,0.0 -97.423986,35.478674,0.0 -97.425122,35.478673,0.0 -97.433252,35.478679,0.0 -97.441574,35.47868,0.0 -97.444649,35.47867,0.0 -97.451535,35.475381,0.0 -97.4561,35.471383,0.0 -97.457747,35.469732,0.0 -97.459005,35.468912,0.0 -97.46158,35.467903,0.0 -97.468923,35.463948,0.0 -97.470598,35.463166,0.0 -97.472719,35.463823,0.0 -97.473535,35.464014,0.0 -97.476753,35.464013,0.0 -97.476786,35.461792,0.0 -97.476966,35.449823,0.0 -97.487423,35.449851,0.0 -97.486257,35.446265,0.0 -97.486055,35.44258,0.0 -97.486045,35.428082,0.0 -97.486115,35.425852,0.0</coordinates>
</LinearRing>
</outerBoundaryIs>
</Polygon>
</Placemark>
<Placemark id="cb_2023_40_sldl_500k">
<name>&lt;at&gt;&lt;openparen&gt;40095&lt;closeparen&gt;</name>
<visibility>1</visibility>
<description><![CDATA[<center><table><tr><th colspan='2' align='center'><em>Attributes</em></th></tr><tr bgcolor="#E3E3F3">
<th>STATEFP</th>
<td>40</td>
</tr><tr bgcolor="">
<th>SLDLST</th>
<td>095</td>
</tr><tr bgcolor="#E3E3F3">
<th>GEOIDFQ</th>
<td>620L800US40095</td>
</tr><tr bgcolor="">
<th>GEOID</th>
<td>40095</td>
</tr><tr bgcolor="#E3E3F3">
<th>NAME</th>
<td>95</td>
</tr><tr bgcolor="">
<th>NAMELSAD</th>
<td>State House District 95</td>
</tr><tr bgcolor="#E3E3F3">
<th>STUSPS</th>
<td>OK</td>
</tr><tr bgcolor="">
<th>STATE_NAME</th>
<td>Oklahoma</td>
</tr><tr bgcolor="#E3E3F3">
<th>LSAD</th>
<td>LL</td>
</tr><tr bgcolor="">
<th>LSY</th>
<td>2022</td>
</tr><tr bgcolor="#E3E3F3">
<th>ALAND</th>
<td>120648660</td>
</tr><tr bgcolor="">
<th>AWATER</th>
<td>7267795</td>
</tr></table></center>]]></description>
<LookAt>
<longitude>-102</longitude>
<latitude>38.5</latitude>
<range>7000000</range>
<tilt>10</tilt>
<heading>0</heading>
</LookAt>
<styleUrl>#KMLStyler</styleUrl>
<ExtendedData>
<SchemaData schemaUrl="#kml_schema_ft_cb_2023_40_sldl_500k">
<SimpleData name="STATEFP">40</SimpleData>
<SimpleData name="SLDLST">095</SimpleData>
<SimpleData name="GEOIDFQ">620L800US40095</SimpleData>
<SimpleData name="GEOID">40095</SimpleData>
<SimpleData name="NAME">95</SimpleData>
<SimpleData name="NAMELSAD">State House District 95</SimpleData>
<SimpleData name="STUSPS">OK</SimpleData>
<SimpleData name="STATE_NAME">Oklahoma</SimpleData>
<SimpleData name="LSAD">LL</SimpleData>
<SimpleData name="LSY">2022</SimpleData>
<SimpleData name="ALAND">120648660</SimpleData>
<SimpleData name="AWATER">7267795</SimpleData>
</SchemaData>
</ExtendedData>
<Polygon>
<extrude>0</extrude>
<tessellate>1</tessellate>
<altitudeMode>clampToGround</altitudeMode>
<outerBoundaryIs>
<LinearRing>
<coordinates>-97.459242,35.363104,0.0 -97.459258,35.355888,0.0 -97.459186,35.348606,0.0 -97.441367,35.348768,0.0 -97.424439,35.348731,0.0 -97.388413,35.348651,0.0 -97.370872,35.348633,0.0 -97.370884,35.344914,0.0 -97.370693,35.344328,0.0 -97.370809,35.341306,0.0 -97.34613,35.341219,0.0 -97.345031,35.341219,0.0 -97.342498,35.341194,0.0 -97.338313,35.341188,0.0 -97.317996,35.341157,0.0 -97.317949,35.348586,0.0 -97.300305,35.348383,0.0 -97.300174,35.377322,0.0 -97.317737,35.377286,0.0 -97.317832,35.377286,0.0 -97.317931,35.406356,0.0 -97.317946,35.414701,0.0 -97.317966,35.427798,0.0 -97.317977,35.435368,0.0 -97.333547,35.435385,0.0 -97.335661,35.435388,0.0 -97.335727,35.435387,0.0 -97.344586,35.435283,0.0 -97.353188,35.435181,0.0 -97.370784,35.43521,0.0 -97.37079,35.433978,0.0 -97.370817,35.427987,0.0 -97.370818,35.427745,0.0 -97.37261,35.427862,0.0 -97.379087,35.427759,0.0 -97.37893,35.433455,0.0 -97.378974,35.43365,0.0 -97.378993,35.435223,0.0 -97.388375,35.435237,0.0 -97.388417,35.440544,0.0 -97.388438,35.449649,0.0 -97.388474,35.453272,0.0 -97.388493,35.455524,0.0 -97.38848,35.456404,0.0 -97.38852,35.459236,0.0 -97.386771,35.459286,0.0 -97.384499,35.461804,0.0 -97.383497,35.461672,0.0 -97.383112,35.462466,0.0 -97.383056,35.464037,0.0 -97.380499,35.464056,0.0 -97.379692,35.464058,0.0 -97.379713,35.467655,0.0 -97.379825,35.471357,0.0 -97.379881,35.47142,0.0 -97.380219,35.471912,0.0 -97.380209,35.47856,0.0 -97.38854,35.478601,0.0 -97.389669,35.478603,0.0 -97.392202,35.478597,0.0 -97.396896,35.478604,0.0 -97.397486,35.478598,0.0 -97.39809,35.478596,0.0 -97.406248,35.47858,0.0 -97.406326,35.478581,0.0 -97.415256,35.478631,0.0 -97.423986,35.478674,0.0 -97.423982,35.471362,0.0 -97.423953,35.46423,0.0 -97.423952,35.464077,0.0 -97.423886,35.461054,0.0 -97.423794,35.456052,0.0 -97.423682,35.449602,0.0 -97.423624,35.445176,0.0 -97.423568,35.435229,0.0 -97.423568,35.435131,0.0 -97.423568,35.434742,0.0 -97.423568,35.431902,0.0 -97.423569,35.431659,0.0 -97.423569,35.430067,0.0 -97.423569,35.423911,0.0 -97.423569,35.420739,0.0 -97.423579,35.416847,0.0 -97.423613,35.406272,0.0 -97.423555,35.391061,0.0 -97.423588,35.38437,0.0 -97.423587,35.384138,0.0 -97.423566,35.377316,0.0 -97.433236,35.377293,0.0 -97.441222,35.377274,0.0 -97.459227,35.37734,0.0 -97.459233,35.370364,0.0 -97.459242,35.363104,0.0</coordinates>
</LinearRing>
</outerBoundaryIs>
</Polygon>
</Placemark>
<Placemark id="cb_2023_40_sldl_500k">
<name>&lt;at&gt;&lt;openparen&gt;40096&lt;closeparen&gt;</name>
<visibility>1</visibility>
<description><![CDATA[<center><table><tr><th colspan='2' align='center'><em>Attributes</em></th></tr><tr bgcolor="#E3E3F3">
<th>STATEFP</th>
<td>40</td>
</tr><tr bgcolor="">
<th>SLDLST</th>
<td>096</td>
</tr><tr bgcolor="#E3E3F3">
<th>GEOIDFQ</th>
<td>620L800US40096</td>
</tr><tr bgcolor="">
<th>GEOID</th>
<td>40096</td>
</tr><tr bgcolor="#E3E3F3">
<th>NAME</th>
<td>96</td>
</tr><tr bgcolor="">
<th>NAMELSAD</th>
<td>State House District 96</td>
</tr><tr bgcolor="#E3E3F3">
<th>STUSPS</th>
<td>OK</td>
</tr><tr bgcolor="">
<th>STATE_NAME</th>
<td>Oklahoma</td>
</tr><tr bgcolor="#E3E3F3">
<th>LSAD</th>
<td>LL</td>
</tr><tr bgcolor="">
<th>LSY</th>
<td>2022</td>
</tr><tr bgcolor="#E3E3F3">
<th>ALAND</th>
<td>182269699</td>
</tr><tr bgcolor="">
<th>AWATER</th>
<td>9245224</td>
</tr></table></center>]]></description>
<LookAt>
<longitude>-102</longitude>
<latitude>38.5</latitude>
<range>7000000</range>
<tilt>10</tilt>
<heading>0</heading>
</LookAt>
<styleUrl>#KMLStyler</styleUrl>
<ExtendedData>
<SchemaData schemaUrl="#kml_schema_ft_cb_2023_40_sldl_500k">
<SimpleData name="STATEFP">40</SimpleData>
<SimpleData name="SLDLST">096</SimpleData>
<SimpleData name="GEOIDFQ">620L800US40096</SimpleData>
<SimpleData name="GEOID">40096</SimpleData>
<SimpleData name="NAME">96</SimpleData>
<SimpleData name="NAMELSAD">State House District 96</SimpleData>
<SimpleData name="STUSPS">OK</SimpleData>
<SimpleData name="STATE_NAME">Oklahoma</SimpleData>
<SimpleData name="LSAD">LL</SimpleData>
<SimpleData name="LSY">2022</SimpleData>
<SimpleData name="ALAND">182269699</SimpleData>
<SimpleData name="AWATER">9245224</SimpleData>
</SchemaData>
</ExtendedData>
<Polygon>
<extrude>0</extrude>
<tessellate>1</tessellate>
<altitudeMode>clampToGround</altitudeMode>
<outerBoundaryIs>
<LinearRing>
<coordinates>-97.567187,35.59791,0.0 -97.567193,35.594721,0.0 -97.561637,35.594694,0.0 -97.558256,35.594677,0.0 -97.557162,35.594672,0.0 -97.55385,35.594656,0.0 -97.553869,35.597193,0.0 -97.554084,35.598066,0.0 -97.554367,35.598877,0.0 -97.554485,35.60092,0.0 -97.554132,35.602118,0.0 -97.553339,35.601966,0.0 -97.549432,35.601908,0.0 -97.549433,35.602079,0.0 -97.531565,35.601594,0.0 -97.513736,35.600743,0.0 -97.507223,35.601122,0.0 -97.508428,35.599684,0.0 -97.504027,35.599211,0.0 -97.503867,35.599429,0.0 -97.496983,35.599532,0.0 -97.489073,35.600737,0.0 -97.484763,35.601113,0.0 -97.478215,35.601218,0.0 -97.478223,35.601006,0.0 -97.460424,35.601149,0.0 -97.451635,35.601202,0.0 -97.451635,35.601344,0.0 -97.442841,35.601254,0.0 -97.432018,35.601099,0.0 -97.429233,35.600136,0.0 -97.427199,35.599348,0.0 -97.425102,35.599166,0.0 -97.42506,35.594673,0.0 -97.398352,35.594703,0.0 -97.353813,35.594601,0.0 -97.353797,35.60175,0.0 -97.35378,35.609148,0.0 -97.353784,35.613099,0.0 -97.353797,35.623686,0.0 -97.345181,35.623624,0.0 -97.300452,35.623537,0.0 -97.300509,35.630336,0.0 -97.300576,35.638086,0.0 -97.300573,35.645084,0.0 -97.300573,35.652499,0.0 -97.300569,35.659745,0.0 -97.30058,35.667003,0.0 -97.300672,35.696003,0.0 -97.300665,35.710483,0.0 -97.300638,35.725125,0.0 -97.317882,35.725107,0.0 -97.318447,35.725215,0.0 -97.336318,35.725219,0.0 -97.355212,35.725355,0.0 -97.359671,35.725341,0.0 -97.371579,35.725294,0.0 -97.389482,35.725273,0.0 -97.413026,35.725294,0.0 -97.416155,35.725031,0.0 -97.419373,35.725255,0.0 -97.443055,35.725279,0.0 -97.451949,35.725312,0.0 -97.460514,35.72534,0.0 -97.460503,35.710756,0.0 -97.460536,35.696241,0.0 -97.460495,35.681755,0.0 -97.442736,35.681682,0.0 -97.425015,35.681708,0.0 -97.424983,35.667238,0.0 -97.425023,35.65395,0.0 -97.426432,35.652763,0.0 -97.426589,35.652485,0.0 -97.424913,35.64808,0.0 -97.424913,35.638212,0.0 -97.424691,35.638212,0.0 -97.424914,35.637967,0.0 -97.424951,35.631053,0.0 -97.424714,35.631251,0.0 -97.42476,35.623745,0.0 -97.442839,35.623683,0.0 -97.442823,35.616442,0.0 -97.44286,35.609191,0.0 -97.451679,35.609164,0.0 -97.4604,35.609138,0.0 -97.464862,35.609078,0.0 -97.478181,35.6089,0.0 -97.4782,35.614008,0.0 -97.478209,35.616167,0.0 -97.478206,35.623471,0.0 -97.486791,35.623508,0.0 -97.48863,35.623547,0.0 -97.496049,35.623632,0.0 -97.495998,35.638318,0.0 -97.501719,35.638327,0.0 -97.504912,35.638333,0.0 -97.513847,35.638359,0.0 -97.513847,35.638413,0.0 -97.522737,35.638448,0.0 -97.531621,35.638481,0.0 -97.531655,35.625892,0.0 -97.531242,35.62353,0.0 -97.531714,35.620604,0.0 -97.531669,35.616124,0.0 -97.531626,35.60902,0.0 -97.541641,35.609689,0.0 -97.546655,35.609696,0.0 -97.549486,35.609741,0.0 -97.567166,35.609838,0.0 -97.567168,35.608611,0.0 -97.56718,35.601896,0.0 -97.567187,35.59791,0.0</coordinates>
</LinearRing>
</outerBoundaryIs>
</Polygon>
</Placemark>
<Placemark id="cb_2023_40_sldl_500k">
<name>&lt;at&gt;&lt;openparen&gt;40097&lt;closeparen&gt;</name>
<visibility>1</visibility>
<description><![CDATA[<center><table><tr><th colspan='2' align='center'><em>Attributes</em></th></tr><tr bgcolor="#E3E3F3">
<th>STATEFP</th>
<td>40</td>
</tr><tr bgcolor="">
<th>SLDLST</th>
<td>097</td>
</tr><tr bgcolor="#E3E3F3">
<th>GEOIDFQ</th>
<td>620L800US40097</td>
</tr><tr bgcolor="">
<th>GEOID</th>
<td>40097</td>
</tr><tr bgcolor="#E3E3F3">
<th>NAME</th>
<td>97</td>
</tr><tr bgcolor="">
<th>NAMELSAD</th>
<td>State House District 97</td>
</tr><tr bgcolor="#E3E3F3">
<th>STUSPS</th>
<td>OK</td>
</tr><tr bgcolor="">
<th>STATE_NAME</th>
<td>Oklahoma</td>
</tr><tr bgcolor="#E3E3F3">
<th>LSAD</th>
<td>LL</td>
</tr><tr bgcolor="">
<th>LSY</th>
<td>2022</td>
</tr><tr bgcolor="#E3E3F3">
<th>ALAND</th>
<td>211330558</td>
</tr><tr bgcolor="">
<th>AWATER</th>
<td>409641</td>
</tr></table></center>]]></description>
<LookAt>
<longitude>-102</longitude>
<latitude>38.5</latitude>
<range>7000000</range>
<tilt>10</tilt>
<heading>0</heading>
</LookAt>
<styleUrl>#KMLStyler</styleUrl>
<ExtendedData>
<SchemaData schemaUrl="#kml_schema_ft_cb_2023_40_sldl_500k">
<SimpleData name="STATEFP">40</SimpleData>
<SimpleData name="SLDLST">097</SimpleData>
<SimpleData name="GEOIDFQ">620L800US40097</SimpleData>
<SimpleData name="GEOID">40097</SimpleData>
<SimpleData name="NAME">97</SimpleData>
<SimpleData name="NAMELSAD">State House District 97</SimpleData>
<SimpleData name="STUSPS">OK</SimpleData>
<SimpleData name="STATE_NAME">Oklahoma</SimpleData>
<SimpleData name="LSAD">LL</SimpleData>
<SimpleData name="LSY">2022</SimpleData>
<SimpleData name="ALAND">211330558</SimpleData>
<SimpleData name="AWATER">409641</SimpleData>
</SchemaData>
</ExtendedData>
<Polygon>
<extrude>0</extrude>
<tessellate>1</tessellate>
<altitudeMode>clampToGround</altitudeMode>
<outerBoundaryIs>
<LinearRing>
<coordinates>-97.514482,35.526693,0.0 -97.516592,35.522437,0.0 -97.502908,35.522296,0.0 -97.5031,35.521009,0.0 -97.503173,35.507785,0.0 -97.503173,35.500489,0.0 -97.494442,35.500459,0.0 -97.485557,35.500412,0.0 -97.485539,35.493172,0.0 -97.476725,35.493125,0.0 -97.468476,35.493136,0.0 -97.467941,35.493137,0.0 -97.459161,35.493147,0.0 -97.427781,35.493201,0.0 -97.424126,35.493196,0.0 -97.424125,35.493062,0.0 -97.424017,35.485149,0.0 -97.424002,35.479497,0.0 -97.423986,35.478674,0.0 -97.415256,35.478631,0.0 -97.406326,35.478581,0.0 -97.406248,35.47858,0.0 -97.39809,35.478596,0.0 -97.397486,35.478598,0.0 -97.396896,35.478604,0.0 -97.392202,35.478597,0.0 -97.389669,35.478603,0.0 -97.38854,35.478601,0.0 -97.380209,35.47856,0.0 -97.379685,35.478557,0.0 -97.378319,35.478549,0.0 -97.370826,35.478535,0.0 -97.365833,35.478526,0.0 -97.364167,35.478531,0.0 -97.358528,35.478551,0.0 -97.353112,35.478539,0.0 -97.353102,35.486759,0.0 -97.353103,35.486875,0.0 -97.353111,35.487701,0.0 -97.353119,35.493006,0.0 -97.352242,35.492994,0.0 -97.349221,35.493011,0.0 -97.344496,35.493019,0.0 -97.34435,35.500273,0.0 -97.348662,35.500242,0.0 -97.348651,35.507489,0.0 -97.335718,35.507537,0.0 -97.334588,35.50754,0.0 -97.318064,35.507588,0.0 -97.309268,35.507627,0.0 -97.304251,35.507649,0.0 -97.300472,35.507666,0.0 -97.300522,35.52217,0.0 -97.30049,35.536672,0.0 -97.300498,35.543869,0.0 -97.304702,35.543835,0.0 -97.309287,35.543873,0.0 -97.30927,35.551186,0.0 -97.309956,35.551166,0.0 -97.318166,35.55118,0.0 -97.318135,35.558545,0.0 -97.318086,35.565788,0.0 -97.327,35.565734,0.0 -97.3268,35.580268,0.0 -97.327139,35.587483,0.0 -97.327005,35.594664,0.0 -97.336358,35.594581,0.0 -97.33932,35.595124,0.0 -97.342825,35.59468,0.0 -97.353813,35.594601,0.0 -97.398352,35.594703,0.0 -97.42506,35.594673,0.0 -97.425102,35.599166,0.0 -97.427199,35.599348,0.0 -97.429233,35.600136,0.0 -97.432018,35.601099,0.0 -97.442841,35.601254,0.0 -97.451635,35.601344,0.0 -97.451635,35.601202,0.0 -97.460424,35.601149,0.0 -97.478223,35.601006,0.0 -97.478215,35.601218,0.0 -97.484763,35.601113,0.0 -97.489073,35.600737,0.0 -97.496983,35.599532,0.0 -97.503867,35.599429,0.0 -97.504027,35.599211,0.0 -97.508428,35.599684,0.0 -97.507223,35.601122,0.0 -97.513736,35.600743,0.0 -97.513712,35.594617,0.0 -97.513809,35.586774,0.0 -97.513169,35.586458,0.0 -97.513715,35.584883,0.0 -97.513864,35.580105,0.0 -97.513826,35.569363,0.0 -97.513799,35.565589,0.0 -97.51378,35.551129,0.0 -97.513963,35.536804,0.0 -97.513565,35.532244,0.0 -97.513953,35.529489,0.0 -97.514482,35.526693,0.0</coordinates>
</LinearRing>
</outerBoundaryIs>
</Polygon>
</Placemark>
<Placemark id="cb_2023_40_sldl_500k">
<name>&lt;at&gt;&lt;openparen&gt;40098&lt;closeparen&gt;</name>
<visibility>1</visibility>
<description><![CDATA[<center><table><tr><th colspan='2' align='center'><em>Attributes</em></th></tr><tr bgcolor="#E3E3F3">
<th>STATEFP</th>
<td>40</td>
</tr><tr bgcolor="">
<th>SLDLST</th>
<td>098</td>
</tr><tr bgcolor="#E3E3F3">
<th>GEOIDFQ</th>
<td>620L800US40098</td>
</tr><tr bgcolor="">
<th>GEOID</th>
<td>40098</td>
</tr><tr bgcolor="#E3E3F3">
<th>NAME</th>
<td>98</td>
</tr><tr bgcolor="">
<th>NAMELSAD</th>
<td>State House District 98</td>
</tr><tr bgcolor="#E3E3F3">
<th>STUSPS</th>
<td>OK</td>
</tr><tr bgcolor="">
<th>STATE_NAME</th>
<td>Oklahoma</td>
</tr><tr bgcolor="#E3E3F3">
<th>LSAD</th>
<td>LL</td>
</tr><tr bgcolor="">
<th>LSY</th>
<td>2022</td>
</tr><tr bgcolor="#E3E3F3">
<th>ALAND</th>
<td>61462841</td>
</tr><tr bgcolor="">
<th>AWATER</th>
<td>63271</td>
</tr></table></center>]]></description>
<LookAt>
<longitude>-102</longitude>
<latitude>38.5</latitude>
<range>7000000</range>
<tilt>10</tilt>
<heading>0</heading>
</LookAt>
<styleUrl>#KMLStyler</styleUrl>
<ExtendedData>
<SchemaData schemaUrl="#kml_schema_ft_cb_2023_40_sldl_500k">
<SimpleData name="STATEFP">40</SimpleData>
<SimpleData name="SLDLST">098</SimpleData>
<SimpleData name="GEOIDFQ">620L800US40098</SimpleData>
<SimpleData name="GEOID">40098</SimpleData>
<SimpleData name="NAME">98</SimpleData>
<SimpleData name="NAMELSAD">State House District 98</SimpleData>
<SimpleData name="STUSPS">OK</SimpleData>
<SimpleData name="STATE_NAME">Oklahoma</SimpleData>
<SimpleData name="LSAD">LL</SimpleData>
<SimpleData name="LSY">2022</SimpleData>
<SimpleData name="ALAND">61462841</SimpleData>
<SimpleData name="AWATER">63271</SimpleData>
</SchemaData>
</ExtendedData>
<Polygon>
<extrude>0</extrude>
<tessellate>1</tessellate>
<altitudeMode>clampToGround</altitudeMode>
<outerBoundaryIs>
<LinearRing>
<coordinates>-95.797493,36.039645,0.0 -95.797555,36.037899,0.0 -95.797457,36.031914,0.0 -95.797476,36.026621,0.0 -95.797462,36.017464,0.0 -95.77962,36.017438,0.0 -95.770623,36.017462,0.0 -95.76165,36.017439,0.0 -95.761649,36.024702,0.0 -95.761629,36.031919,0.0 -95.74823,36.031892,0.0 -95.748873,36.032552,0.0 -95.743315,36.030661,0.0 -95.741176,36.036691,0.0 -95.735374,36.031504,0.0 -95.734906,36.031875,0.0 -95.725985,36.031867,0.0 -95.708112,36.031783,0.0 -95.706337,36.032071,0.0 -95.705457,36.032866,0.0 -95.703267,36.031811,0.0 -95.699234,36.031761,0.0 -95.690247,36.031741,0.0 -95.690214,36.046202,0.0 -95.694699,36.046221,0.0 -95.703536,36.046245,0.0 -95.708045,36.046254,0.0 -95.708068,36.053545,0.0 -95.708073,36.057185,0.0 -95.708084,36.059361,0.0 -95.708092,36.060768,0.0 -95.71259,36.060805,0.0 -95.72159,36.060865,0.0 -95.723785,36.060878,0.0 -95.725998,36.060881,0.0 -95.726168,36.065556,0.0 -95.726028,36.068089,0.0 -95.726024,36.075409,0.0 -95.726069,36.089884,0.0 -95.72612,36.10444,0.0 -95.726129,36.111638,0.0 -95.734376,36.111657,0.0 -95.734401,36.118981,0.0 -95.743962,36.119028,0.0 -95.752963,36.11901,0.0 -95.761641,36.118981,0.0 -95.761667,36.10445,0.0 -95.76166,36.092497,0.0 -95.761656,36.090289,0.0 -95.761851,36.09029,0.0 -95.77965,36.090202,0.0 -95.779652,36.089943,0.0 -95.779582,36.084145,0.0 -95.779465,36.075524,0.0 -95.780378,36.075537,0.0 -95.793402,36.076793,0.0 -95.795121,36.075581,0.0 -95.796331,36.075371,0.0 -95.797448,36.075403,0.0 -95.797384,36.070871,0.0 -95.797447,36.066342,0.0 -95.797439,36.060988,0.0 -95.797442,36.054439,0.0 -95.797436,36.046457,0.0 -95.797493,36.039645,0.0</coordinates>
</LinearRing>
</outerBoundaryIs>
</Polygon>
</Placemark>
<Placemark id="cb_2023_40_sldl_500k">
<name>&lt;at&gt;&lt;openparen&gt;40099&lt;closeparen&gt;</name>
<visibility>1</visibility>
<description><![CDATA[<center><table><tr><th colspan='2' align='center'><em>Attributes</em></th></tr><tr bgcolor="#E3E3F3">
<th>STATEFP</th>
<td>40</td>
</tr><tr bgcolor="">
<th>SLDLST</th>
<td>099</td>
</tr><tr bgcolor="#E3E3F3">
<th>GEOIDFQ</th>
<td>620L800US40099</td>
</tr><tr bgcolor="">
<th>GEOID</th>
<td>40099</td>
</tr><tr bgcolor="#E3E3F3">
<th>NAME</th>
<td>99</td>
</tr><tr bgcolor="">
<th>NAMELSAD</th>
<td>State House District 99</td>
</tr><tr bgcolor="#E3E3F3">
<th>STUSPS</th>
<td>OK</td>
</tr><tr bgcolor="">
<th>STATE_NAME</th>
<td>Oklahoma</td>
</tr><tr bgcolor="#E3E3F3">
<th>LSAD</th>
<td>LL</td>
</tr><tr bgcolor="">
<th>LSY</th>
<td>2022</td>
</tr><tr bgcolor="#E3E3F3">
<th>ALAND</th>
<td>52265038</td>
</tr><tr bgcolor="">
<th>AWATER</th>
<td>16515</td>
</tr></table></center>]]></description>
<LookAt>
<longitude>-102</longitude>
<latitude>38.5</latitude>
<range>7000000</range>
<tilt>10</tilt>
<heading>0</heading>
</LookAt>
<styleUrl>#KMLStyler</styleUrl>
<ExtendedData>
<SchemaData schemaUrl="#kml_schema_ft_cb_2023_40_sldl_500k">
<SimpleData name="STATEFP">40</SimpleData>
<SimpleData name="SLDLST">099</SimpleData>
<SimpleData name="GEOIDFQ">620L800US40099</SimpleData>
<SimpleData name="GEOID">40099</SimpleData>
<SimpleData name="NAME">99</SimpleData>
<SimpleData name="NAMELSAD">State House District 99</SimpleData>
<SimpleData name="STUSPS">OK</SimpleData>
<SimpleData name="STATE_NAME">Oklahoma</SimpleData>
<SimpleData name="LSAD">LL</SimpleData>
<SimpleData name="LSY">2022</SimpleData>
<SimpleData name="ALAND">52265038</SimpleData>
<SimpleData name="AWATER">16515</SimpleData>
</SchemaData>
</ExtendedData>
<Polygon>
<extrude>0</extrude>
<tessellate>1</tessellate>
<altitudeMode>clampToGround</altitudeMode>
<outerBoundaryIs>
<LinearRing>
<coordinates>-97.567193,35.594721,0.0 -97.567191,35.588945,0.0 -97.567191,35.588034,0.0 -97.56719,35.585275,0.0 -97.567188,35.580226,0.0 -97.558812,35.580195,0.0 -97.555033,35.580181,0.0 -97.553082,35.580173,0.0 -97.549304,35.580159,0.0 -97.540365,35.580113,0.0 -97.540294,35.576465,0.0 -97.540358,35.571361,0.0 -97.540367,35.56558,0.0 -97.538834,35.565573,0.0 -97.538863,35.56062,0.0 -97.537306,35.560613,0.0 -97.537314,35.558635,0.0 -97.534226,35.558621,0.0 -97.53423,35.557632,0.0 -97.534267,35.551113,0.0 -97.531459,35.551114,0.0 -97.529742,35.551115,0.0 -97.529745,35.550341,0.0 -97.529751,35.548444,0.0 -97.529761,35.545772,0.0 -97.529793,35.536871,0.0 -97.529803,35.533155,0.0 -97.529809,35.53108,0.0 -97.529834,35.522337,0.0 -97.52097,35.522427,0.0 -97.51774,35.522441,0.0 -97.517981,35.519896,0.0 -97.515308,35.511657,0.0 -97.514724,35.50828,0.0 -97.514649,35.507807,0.0 -97.514231,35.505099,0.0 -97.514021,35.500565,0.0 -97.513746,35.496034,0.0 -97.512562,35.493255,0.0 -97.512345,35.492896,0.0 -97.511776,35.487028,0.0 -97.511928,35.482327,0.0 -97.512049,35.478101,0.0 -97.512157,35.47602,0.0 -97.51226,35.471814,0.0 -97.512329,35.469747,0.0 -97.512426,35.466466,0.0 -97.512442,35.464276,0.0 -97.512462,35.462513,0.0 -97.512633,35.45793,0.0 -97.512725,35.456848,0.0 -97.512748,35.456196,0.0 -97.512398,35.456196,0.0 -97.512403,35.455614,0.0 -97.50984,35.456131,0.0 -97.503498,35.45542,0.0 -97.494635,35.454397,0.0 -97.494646,35.449866,0.0 -97.487423,35.449851,0.0 -97.476966,35.449823,0.0 -97.476786,35.461792,0.0 -97.476753,35.464013,0.0 -97.473535,35.464014,0.0 -97.472719,35.463823,0.0 -97.470598,35.463166,0.0 -97.468923,35.463948,0.0 -97.46158,35.467903,0.0 -97.459005,35.468912,0.0 -97.457747,35.469732,0.0 -97.4561,35.471383,0.0 -97.451535,35.475381,0.0 -97.444649,35.47867,0.0 -97.441574,35.47868,0.0 -97.433252,35.478679,0.0 -97.425122,35.478673,0.0 -97.423986,35.478674,0.0 -97.424002,35.479497,0.0 -97.424017,35.485149,0.0 -97.424125,35.493062,0.0 -97.424126,35.493196,0.0 -97.427781,35.493201,0.0 -97.459161,35.493147,0.0 -97.467941,35.493137,0.0 -97.468476,35.493136,0.0 -97.476725,35.493125,0.0 -97.485539,35.493172,0.0 -97.485557,35.500412,0.0 -97.494442,35.500459,0.0 -97.503173,35.500489,0.0 -97.503173,35.507785,0.0 -97.5031,35.521009,0.0 -97.502908,35.522296,0.0 -97.516592,35.522437,0.0 -97.514482,35.526693,0.0 -97.513953,35.529489,0.0 -97.513565,35.532244,0.0 -97.513963,35.536804,0.0 -97.51378,35.551129,0.0 -97.513799,35.565589,0.0 -97.513826,35.569363,0.0 -97.513864,35.580105,0.0 -97.513715,35.584883,0.0 -97.513169,35.586458,0.0 -97.513809,35.586774,0.0 -97.513712,35.594617,0.0 -97.513736,35.600743,0.0 -97.531565,35.601594,0.0 -97.549433,35.602079,0.0 -97.549432,35.601908,0.0 -97.553339,35.601966,0.0 -97.554132,35.602118,0.0 -97.554485,35.60092,0.0 -97.554367,35.598877,0.0 -97.554084,35.598066,0.0 -97.553869,35.597193,0.0 -97.55385,35.594656,0.0 -97.557162,35.594672,0.0 -97.558256,35.594677,0.0 -97.561637,35.594694,0.0 -97.567193,35.594721,0.0</coordinates>
</LinearRing>
</outerBoundaryIs>
</Polygon>
</Placemark>
<Placemark id="cb_2023_40_sldl_500k">
<name>&lt;at&gt;&lt;openparen&gt;40100&lt;closeparen&gt;</name>
<visibility>1</visibility>
<description><![CDATA[<center><table><tr><th colspan='2' align='center'><em>Attributes</em></th></tr><tr bgcolor="#E3E3F3">
<th>STATEFP</th>
<td>40</td>
</tr><tr bgcolor="">
<th>SLDLST</th>
<td>100</td>
</tr><tr bgcolor="#E3E3F3">
<th>GEOIDFQ</th>
<td>620L800US40100</td>
</tr><tr bgcolor="">
<th>GEOID</th>
<td>40100</td>
</tr><tr bgcolor="#E3E3F3">
<th>NAME</th>
<td>100</td>
</tr><tr bgcolor="">
<th>NAMELSAD</th>
<td>State House District 100</td>
</tr><tr bgcolor="#E3E3F3">
<th>STUSPS</th>
<td>OK</td>
</tr><tr bgcolor="">
<th>STATE_NAME</th>
<td>Oklahoma</td>
</tr><tr bgcolor="#E3E3F3">
<th>LSAD</th>
<td>LL</td>
</tr><tr bgcolor="">
<th>LSY</th>
<td>2022</td>
</tr><tr bgcolor="#E3E3F3">
<th>ALAND</th>
<td>30143335</td>
</tr><tr bgcolor="">
<th>AWATER</th>
<td>291510</td>
</tr></table></center>]]></description>
<LookAt>
<longitude>-102</longitude>
<latitude>38.5</latitude>
<range>7000000</range>
<tilt>10</tilt>
<heading>0</heading>
</LookAt>
<styleUrl>#KMLStyler</styleUrl>
<ExtendedData>
<SchemaData schemaUrl="#kml_schema_ft_cb_2023_40_sldl_500k">
<SimpleData name="STATEFP">40</SimpleData>
<SimpleData name="SLDLST">100</SimpleData>
<SimpleData name="GEOIDFQ">620L800US40100</SimpleData>
<SimpleData name="GEOID">40100</SimpleData>
<SimpleData name="NAME">100</SimpleData>
<SimpleData name="NAMELSAD">State House District 100</SimpleData>
<SimpleData name="STUSPS">OK</SimpleData>
<SimpleData name="STATE_NAME">Oklahoma</SimpleData>
<SimpleData name="LSAD">LL</SimpleData>
<SimpleData name="LSY">2022</SimpleData>
<SimpleData name="ALAND">30143335</SimpleData>
<SimpleData name="AWATER">291510</SimpleData>
</SchemaData>
</ExtendedData>
<Polygon>
<extrude>0</extrude>
<tessellate>1</tessellate>
<altitudeMode>clampToGround</altitudeMode>
<outerBoundaryIs>
<LinearRing>
<coordinates>-97.674048,35.569321,0.0 -97.674052,35.565697,0.0 -97.674042,35.557309,0.0 -97.674047,35.551133,0.0 -97.672483,35.551114,0.0 -97.671443,35.551112,0.0 -97.671458,35.537369,0.0 -97.671467,35.53002,0.0 -97.668485,35.528091,0.0 -97.66721,35.52535,0.0 -97.664297,35.524547,0.0 -97.663231,35.5222,0.0 -97.65781,35.52229,0.0 -97.656992,35.522303,0.0 -97.654335,35.522326,0.0 -97.649896,35.522341,0.0 -97.636683,35.522386,0.0 -97.62911,35.522345,0.0 -97.627836,35.522338,0.0 -97.62582,35.522327,0.0 -97.626514,35.524255,0.0 -97.625564,35.524265,0.0 -97.625589,35.525985,0.0 -97.6256,35.529615,0.0 -97.625086,35.529613,0.0 -97.618984,35.529584,0.0 -97.618986,35.530394,0.0 -97.618998,35.536825,0.0 -97.61901,35.543288,0.0 -97.619022,35.549389,0.0 -97.623054,35.55119,0.0 -97.623706,35.55147,0.0 -97.631768,35.555003,0.0 -97.638402,35.557894,0.0 -97.638398,35.563136,0.0 -97.638396,35.565609,0.0 -97.638419,35.572386,0.0 -97.638448,35.579148,0.0 -97.638451,35.580061,0.0 -97.638463,35.594583,0.0 -97.64544,35.594615,0.0 -97.656258,35.594667,0.0 -97.665118,35.594744,0.0 -97.67342,35.594817,0.0 -97.674036,35.594759,0.0 -97.674036,35.587956,0.0 -97.674035,35.58028,0.0 -97.674039,35.576604,0.0 -97.674041,35.573656,0.0 -97.674043,35.573501,0.0 -97.674044,35.572967,0.0 -97.674047,35.570468,0.0 -97.674048,35.569321,0.0</coordinates>
</LinearRing>
</outerBoundaryIs>
</Polygon>
</Placemark>
<Placemark id="cb_2023_40_sldl_500k">
<name>&lt;at&gt;&lt;openparen&gt;40101&lt;closeparen&gt;</name>
<visibility>1</visibility>
<description><![CDATA[<center><table><tr><th colspan='2' align='center'><em>Attributes</em></th></tr><tr bgcolor="#E3E3F3">
<th>STATEFP</th>
<td>40</td>
</tr><tr bgcolor="">
<th>SLDLST</th>
<td>101</td>
</tr><tr bgcolor="#E3E3F3">
<th>GEOIDFQ</th>
<td>620L800US40101</td>
</tr><tr bgcolor="">
<th>GEOID</th>
<td>40101</td>
</tr><tr bgcolor="#E3E3F3">
<th>NAME</th>
<td>101</td>
</tr><tr bgcolor="">
<th>NAMELSAD</th>
<td>State House District 101</td>
</tr><tr bgcolor="#E3E3F3">
<th>STUSPS</th>
<td>OK</td>
</tr><tr bgcolor="">
<th>STATE_NAME</th>
<td>Oklahoma</td>
</tr><tr bgcolor="#E3E3F3">
<th>LSAD</th>
<td>LL</td>
</tr><tr bgcolor="">
<th>LSY</th>
<td>2022</td>
</tr><tr bgcolor="#E3E3F3">
<th>ALAND</th>
<td>118558286</td>
</tr><tr bgcolor="">
<th>AWATER</th>
<td>36611</td>
</tr></table></center>]]></description>
<LookAt>
<longitude>-102</longitude>
<latitude>38.5</latitude>
<range>7000000</range>
<tilt>10</tilt>
<heading>0</heading>
</LookAt>
<styleUrl>#KMLStyler</styleUrl>
<ExtendedData>
<SchemaData schemaUrl="#kml_schema_ft_cb_2023_40_sldl_500k">
<SimpleData name="STATEFP">40</SimpleData>
<SimpleData name="SLDLST">101</SimpleData>
<SimpleData name="GEOIDFQ">620L800US40101</SimpleData>
<SimpleData name="GEOID">40101</SimpleData>
<SimpleData name="NAME">101</SimpleData>
<SimpleData name="NAMELSAD">State House District 101</SimpleData>
<SimpleData name="STUSPS">OK</SimpleData>
<SimpleData name="STATE_NAME">Oklahoma</SimpleData>
<SimpleData name="LSAD">LL</SimpleData>
<SimpleData name="LSY">2022</SimpleData>
<SimpleData name="ALAND">118558286</SimpleData>
<SimpleData name="AWATER">36611</SimpleData>
</SchemaData>
</ExtendedData>
<Polygon>
<extrude>0</extrude>
<tessellate>1</tessellate>
<altitudeMode>clampToGround</altitudeMode>
<outerBoundaryIs>
<LinearRing>
<coordinates>-97.38852,35.459236,0.0 -97.38848,35.456404,0.0 -97.388493,35.455524,0.0 -97.388474,35.453272,0.0 -97.388438,35.449649,0.0 -97.388417,35.440544,0.0 -97.388375,35.435237,0.0 -97.378993,35.435223,0.0 -97.378974,35.43365,0.0 -97.37893,35.433455,0.0 -97.379087,35.427759,0.0 -97.37261,35.427862,0.0 -97.370818,35.427745,0.0 -97.370817,35.427987,0.0 -97.37079,35.433978,0.0 -97.370784,35.43521,0.0 -97.353188,35.435181,0.0 -97.344586,35.435283,0.0 -97.335727,35.435387,0.0 -97.335661,35.435388,0.0 -97.333547,35.435385,0.0 -97.317977,35.435368,0.0 -97.317966,35.427798,0.0 -97.317946,35.414701,0.0 -97.317931,35.406356,0.0 -97.317832,35.377286,0.0 -97.317737,35.377286,0.0 -97.300174,35.377322,0.0 -97.264998,35.377368,0.0 -97.23904,35.377286,0.0 -97.238846,35.377288,0.0 -97.230487,35.377174,0.0 -97.230522,35.384599,0.0 -97.230474,35.406148,0.0 -97.230458,35.41334,0.0 -97.230441,35.420681,0.0 -97.265029,35.42077,0.0 -97.265006,35.433789,0.0 -97.265006,35.433831,0.0 -97.265016,35.435284,0.0 -97.264983,35.436544,0.0 -97.264982,35.442543,0.0 -97.264972,35.449746,0.0 -97.264989,35.46413,0.0 -97.265031,35.47863,0.0 -97.265057,35.493205,0.0 -97.267645,35.493098,0.0 -97.282814,35.493137,0.0 -97.300462,35.493169,0.0 -97.300467,35.500426,0.0 -97.300472,35.507666,0.0 -97.304251,35.507649,0.0 -97.309268,35.507627,0.0 -97.318064,35.507588,0.0 -97.334588,35.50754,0.0 -97.335718,35.507537,0.0 -97.348651,35.507489,0.0 -97.348662,35.500242,0.0 -97.34435,35.500273,0.0 -97.344496,35.493019,0.0 -97.349221,35.493011,0.0 -97.352242,35.492994,0.0 -97.353119,35.493006,0.0 -97.353111,35.487701,0.0 -97.353103,35.486875,0.0 -97.353102,35.486759,0.0 -97.353112,35.478539,0.0 -97.358528,35.478551,0.0 -97.364167,35.478531,0.0 -97.365833,35.478526,0.0 -97.370826,35.478535,0.0 -97.378319,35.478549,0.0 -97.379685,35.478557,0.0 -97.380209,35.47856,0.0 -97.380219,35.471912,0.0 -97.379881,35.47142,0.0 -97.379825,35.471357,0.0 -97.379713,35.467655,0.0 -97.379692,35.464058,0.0 -97.380499,35.464056,0.0 -97.383056,35.464037,0.0 -97.383112,35.462466,0.0 -97.383497,35.461672,0.0 -97.384499,35.461804,0.0 -97.386771,35.459286,0.0 -97.38852,35.459236,0.0</coordinates>
</LinearRing>
</outerBoundaryIs>
</Polygon>
</Placemark>
</Folder>
</Document></kml>
