{"type":"FeatureCollection", "features": [
{"type":"Feature","geometry":{"type":"Polygon","coordinates":[[[-96.4916,34.9099],[-96.4893,34.9116],[-96.4781,34.9164],[-96.4759,34.9164],[-96.4682,34.9151],[-96.46,34.9164],[-96.4566,34.9153],[-96.4497,34.9107],[-96.4449,34.9091],[-96.4447,34.9076],[-96.4426,34.9064],[-96.4372,34.9048],[-96.4356,34.9023],[-96.4316,34.9026],[-96.431,34.9035],[-96.4276,34.903],[-96.4247,34.9037],[-96.4209,34.9074],[-96.4184,34.9079],[-96.4175,34.9097],[-96.4178,34.9117],[-96.4138,34.9156],[-96.4107,34.9221],[-96.4085,34.9294],[-96.4079,34.919],[-96.4062,34.9084],[-96.4062,34.853],[-96.4064,34.8493],[-96.4062,34.8215],[-96.4063,34.8037],[-96.4061,34.7907],[-96.4065,34.7676],[-96.3596,34.7671],[-96.3379,34.767],[-96.3188,34.7667],[-96.3111,34.7669],[-96.2951,34.7668],[-96.2471,34.767],[-96.2285,34.7669],[-96.1974,34.767],[-96.1624,34.7672],[-96.1253,34.7672],[-96.1054,34.7676],[-96.092,34.7675],[-96.0922,34.7853],[-96.0921,34.7871],[-96.092,34.808],[-96.0919,34.8545],[-96.089,34.8547],[-96.089,34.902],[-96.0891,34.9247],[-96.0889,34.949],[-96.0891,34.9513],[-96.0891,34.9925],[-96.0887,35.0172],[-96.0888,35.0499],[-96.0801,35.0517],[-96.0732,35.0534],[-96.0692,35.0566],[-96.0656,35.0662],[-96.0643,35.0711],[-96.0633,35.0833],[-96.0627,35.0881],[-96.0609,35.0916],[-96.0549,35.0973],[-96.0419,35.1043],[-96.0379,35.1094],[-96.0352,35.1139],[-96.03,35.1203],[-96.0262,35.1206],[-96.0139,35.1166],[-96.0113,35.1169],[-96.009,35.1191],[-96.0089,35.1222],[-96.0112,35.1318],[-96.013,35.1369],[-96.0136,35.1418],[-96.0123,35.1451],[-96.0091,35.1472],[-96.0039,35.1491],[-95.9837,35.1516],[-95.9834,35.1966],[-95.9831,35.2026],[-95.9816,35.2027],[-95.9811,35.2156],[-95.9814,35.2179],[-95.9815,35.229],[-95.9812,35.2392],[-95.9814,35.2703],[-95.9814,35.2899],[-95.9929,35.2896],[-96.0022,35.2899],[-96.0241,35.2897],[-96.0574,35.2898],[-96.1139,35.2898],[-96.1253,35.29],[-96.1562,35.2899],[-96.1657,35.2901],[-96.1867,35.2902],[-96.2372,35.2901],[-96.2688,35.29],[-96.3046,35.29],[-96.3513,35.29],[-96.3749,35.2901],[-96.4059,35.2902],[-96.4184,35.2903],[-96.4325,35.2901],[-96.4414,35.2901],[-96.4413,35.2765],[-96.4414,35.2304],[-96.4412,35.1788],[-96.4412,35.1497],[-96.4414,35.125],[-96.4414,35.1158],[-96.4904,35.1159],[-96.4907,35.0783],[-96.4907,35.0572],[-96.4906,35.0294],[-96.4907,35.0001],[-96.4907,34.9551],[-96.4907,34.9286],[-96.4908,34.911],[-96.4916,34.9099]]]},"properties":{"name":"Hughes"}},
{"type":"Feature","geometry":{"type":"Polygon","coordinates":[[[-97.1415,35.464],[-97.1413,35.4881],[-97.1414,35.5504],[-97.1409,35.5511],[-97.1408,35.5642],[-97.1411,35.5867],[-97.1411,35.6085],[-97.1413,35.6132],[-97.1413,35.6351],[-97.1414,35.6517],[-97.1414,35.666],[-97.1411,35.6783],[-97.1409,35.7105],[-97.1411,35.7244],[-97.1588,35.7245],[-97.1948,35.7247],[-97.1988,35.7246],[-97.225,35.7249],[-97.2482,35.7249],[-97.2885,35.7251],[-97.3161,35.7251],[-97.3185,35.7252],[-97.353,35.7254],[-97.3801,35.7253],[-97.432,35.7253],[-97.4837,35.7254],[-97.5271,35.7256],[-97.5625,35.7258],[-97.586,35.7258],[-97.6075,35.7259],[-97.674,35.726],[-97.6741,35.7152],[-97.674,35.6732],[-97.674,35.6385],[-97.674,35.5948],[-97.674,35.5511],[-97.6713,35.5511],[-97.6712,35.5372],[-97.6712,35.5075],[-97.6715,35.4728],[-97.6713,35.4693],[-97.6714,35.4485],[-97.6714,35.3772],[-97.601,35.3771],[-97.5933,35.3772],[-97.5658,35.3771],[-97.5301,35.3771],[-97.4592,35.3773],[-97.4412,35.3773],[-97.4059,35.3774],[-97.3617,35.3774],[-97.3581,35.3772],[-97.3351,35.3772],[-97.265,35.3774],[-97.2416,35.3773],[-97.1951,35.3771],[-97.1598,35.3771],[-97.1421,35.3769],[-97.142,35.3964],[-97.1416,35.436],[-97.1415,35.464]]]},"properties":{"name":"Oklahoma"}},
{"type":"Feature","geometry":{"type":"Polygon","coordinates":[[[-97.674,35.726],[-97.6075,35.7259],[-97.586,35.7258],[-97.5625,35.7258],[-97.5271,35.7256],[-97.4837,35.7254],[-97.432,35.7253],[-97.3801,35.7253],[-97.353,35.7254],[-97.3185,35.7252],[-97.3161,35.7251],[-97.2885,35.7251],[-97.2482,35.7249],[-97.225,35.7249],[-97.1988,35.7246],[-97.1948,35.7247],[-97.1588,35.7245],[-97.1411,35.7244],[-97.1409,35.7361],[-97.141,35.7672],[-97.1412,35.7908],[-97.1409,35.8116],[-97.1414,35.8448],[-97.1416,35.8832],[-97.1414,35.8985],[-97.1405,35.8985],[-97.1406,35.942],[-97.1407,35.9514],[-97.1405,35.9589],[-97.1429,35.9542],[-97.1455,35.9521],[-97.1514,35.9484],[-97.1591,35.9447],[-97.1661,35.943],[-97.1724,35.941],[-97.1806,35.9407],[-97.1896,35.9412],[-97.1981,35.943],[-97.2036,35.9448],[-97.2081,35.9478],[-97.2095,35.9514],[-97.2122,35.9547],[-97.2176,35.9603],[-97.2212,35.9646],[-97.232,35.968],[-97.2343,35.9696],[-97.2432,35.9722],[-97.2518,35.9726],[-97.2591,35.9735],[-97.2636,35.9734],[-97.2654,35.9728],[-97.2753,35.9731],[-97.2816,35.9741],[-97.2838,35.976],[-97.2859,35.9805],[-97.2845,35.9854],[-97.2854,35.9918],[-97.2875,35.9967],[-97.2946,36.0056],[-97.2971,36.0077],[-97.3005,36.0093],[-97.3086,36.011],[-97.3166,36.0113],[-97.3201,36.011],[-97.3295,36.0077],[-97.3364,35.9996],[-97.3397,35.9937],[-97.3471,35.9884],[-97.3539,35.9849],[-97.354,36.0164],[-97.3539,36.035],[-97.354,36.0762],[-97.3538,36.0867],[-97.3539,36.1062],[-97.3538,36.116],[-97.3538,36.1391],[-97.354,36.158],[-97.3541,36.1591],[-97.3539,36.1643],[-97.4551,36.1645],[-97.4608,36.1645],[-97.5003,36.1646],[-97.5612,36.1646],[-97.5861,36.1647],[-97.6218,36.1648],[-97.6271,36.1647],[-97.6756,36.1647],[-97.6756,36.1426],[-97.6757,36.1339],[-97.6755,36.1165],[-97.6757,36.0825],[-97.6755,36.0784],[-97.6757,35.9966],[-97.6756,35.9867],[-97.6758,35.958],[-97.6756,35.942],[-97.6756,35.913],[-97.6754,35.8985],[-97.6745,35.8985],[-97.6746,35.8804],[-97.6744,35.8658],[-97.6743,35.8422],[-97.6742,35.8133],[-97.6741,35.7671],[-97.674,35.7508],[-97.674,35.726]]]},"properties":{"name":"Logan"}},
{"type":"Feature","geometry":{"type":"Polygon","coordinates":[[[-96.5139,34.5054],[-96.5121,34.5056],[-96.5121,34.5457],[-96.5121,34.5933],[-96.5123,34.6008],[-96.5121,34.6209],[-96.5122,34.633],[-96.5122,34.6801],[-96.4698,34.68],[-96.4122,34.6802],[-96.4064,34.68],[-96.4062,34.6953],[-96.406,34.6982],[-96.4064,34.7167],[-96.4065,34.7501],[-96.4065,34.7676],[-96.4061,34.7907],[-96.4063,34.8037],[-96.4062,34.8215],[-96.4064,34.8493],[-96.4062,34.853],[-96.4062,34.9084],[-96.4079,34.919],[-96.4085,34.9294],[-96.4107,34.9221],[-96.4138,34.9156],[-96.4178,34.9117],[-96.4175,34.9097],[-96.4184,34.9079],[-96.4209,34.9074],[-96.4247,34.9037],[-96.4276,34.903],[-96.431,34.9035],[-96.4316,34.9026],[-96.4356,34.9023],[-96.4372,34.9048],[-96.4426,34.9064],[-96.4447,34.9076],[-96.4449,34.9091],[-96.4497,34.9107],[-96.4566,34.9153],[-96.46,34.9164],[-96.4682,34.9151],[-96.4759,34.9164],[-96.4781,34.9164],[-96.4893,34.9116],[-96.4916,34.9099],[-96.496,34.9058],[-96.498,34.9027],[-96.4985,34.8991],[-96.4996,34.897],[-96.5003,34.8935],[-96.5022,34.8919],[-96.5045,34.8882],[-96.5062,34.8865],[-96.5099,34.8795],[-96.5126,34.8755],[-96.517,34.8716],[-96.5215,34.8699],[-96.5286,34.8696],[-96.5303,34.87],[-96.5348,34.873],[-96.5371,34.8761],[-96.5408,34.8779],[-96.546,34.8823],[-96.5496,34.8871],[-96.553,34.8936],[-96.5559,34.8981],[-96.5566,34.9009],[-96.5563,34.9046],[-96.5553,34.9075],[-96.5554,34.9113],[-96.5569,34.9142],[-96.5641,34.9173],[-96.5771,34.9166],[-96.5842,34.9122],[-96.5891,34.91],[-96.5958,34.906],[-96.6132,34.9005],[-96.6219,34.899],[-96.63,34.8987],[-96.6398,34.8997],[-96.6445,34.9006],[-96.647,34.9022],[-96.6531,34.9104],[-96.6555,34.9151],[-96.658,34.921],[-96.6621,34.9259],[-96.6677,34.9296],[-96.6816,34.9329],[-96.692,34.9333],[-96.6942,34.9328],[-96.6995,34.9303],[-96.7025,34.9282],[-96.7065,34.924],[-96.7106,34.9169],[-96.7117,34.9128],[-96.7109,34.9117],[-96.7035,34.9093],[-96.6957,34.9036],[-96.6935,34.9013],[-96.6902,34.8961],[-96.6892,34.8956],[-96.687,34.8913],[-96.6863,34.8885],[-96.6865,34.8832],[-96.6904,34.875],[-96.6949,34.8706],[-96.6942,34.8685],[-96.698,34.8669],[-96.7038,34.8634],[-96.7124,34.8597],[-96.7229,34.8568],[-96.728,34.8572],[-96.7325,34.8589],[-96.7347,34.8605],[-96.7382,34.8642],[-96.7421,34.8694],[-96.7472,34.8818],[-96.7488,34.8903],[-96.7517,34.895],[-96.7558,34.8981],[-96.7607,34.9008],[-96.7634,34.9004],[-96.7675,34.9007],[-96.7757,34.9],[-96.78,34.8989],[-96.7851,34.8991],[-96.7906,34.9008],[-96.7986,34.9059],[-96.8,34.9105],[-96.7994,34.92],[-96.7979,34.9244],[-96.7982,34.93],[-96.8017,34.9335],[-96.8039,34.9367],[-96.8072,34.9395],[-96.8099,34.941],[-96.8118,34.9435],[-96.8175,34.9463],[-96.8215,34.9461],[-96.8258,34.9434],[-96.8308,34.9419],[-96.835,34.9394],[-96.8414,34.9338],[-96.8494,34.9297],[-96.8524,34.9288],[-96.861,34.9301],[-96.8681,34.9294],[-96.872,34.9275],[-96.8763,34.926],[-96.8854,34.9263],[-96.8879,34.9271],[-96.89,34.9295],[-96.8905,34.9326],[-96.8923,34.9349],[-96.8945,34.9391],[-96.8968,34.9422],[-96.8995,34.9431],[-96.9032,34.9461],[-96.9106,34.9587],[-96.914,34.959],[-96.9179,34.9624],[-96.9213,34.964],[-96.9283,34.9652],[-96.9306,34.9644],[-96.9308,34.9431],[-96.9307,34.9115],[-96.9311,34.9009],[-96.9308,34.8881],[-96.9309,34.8546],[-96.9325,34.8545],[-96.9326,34.8394],[-96.9324,34.8039],[-96.9325,34.7676],[-96.9324,34.7523],[-96.9326,34.7386],[-96.9325,34.7236],[-96.9326,34.684],[-96.9324,34.6732],[-96.9325,34.645],[-96.9323,34.6368],[-96.9325,34.6223],[-96.9324,34.5933],[-96.9177,34.5932],[-96.8852,34.5933],[-96.8273,34.5932],[-96.8273,34.506],[-96.7775,34.506],[-96.7664,34.5059],[-96.7184,34.5058],[-96.6765,34.5056],[-96.6453,34.5057],[-96.6173,34.5057],[-96.6116,34.5054],[-96.6034,34.5057],[-96.5178,34.5055],[-96.5139,34.5054]]]},"properties":{"name":"Pontotoc"}},
{"type":"Feature","geometry":{"type":"Polygon","coordinates":[[[-95.8127,36.4236],[-95.8212,36.4235],[-95.8662,36.4238],[-95.9225,36.4237],[-95.9776,36.4237],[-96.0011,36.4237],[-96.0013,36.4097],[-96.0008,36.4061],[-96.0012,36.4024],[-96.0012,36.3852],[-96.0014,36.3475],[-96.0013,36.3435],[-96.0016,36.3192],[-96.0014,36.311],[-96.0015,36.2831],[-96.0012,36.2739],[-96.0013,36.25],[-96.0014,36.2466],[-96.0014,36.2053],[-96.0011,36.1915],[-96.0015,36.165],[-96.0011,36.1613],[-96.034,36.1612],[-96.0716,36.1611],[-96.0829,36.161],[-96.0911,36.1611],[-96.1202,36.1611],[-96.1377,36.161],[-96.1615,36.161],[-96.1896,36.1612],[-96.2583,36.162],[-96.2683,36.162],[-96.2979,36.1623],[-96.2981,36.1414],[-96.2979,36.1251],[-96.2978,36.0991],[-96.2978,36.0758],[-96.2908,36.0756],[-96.2617,36.0756],[-96.2596,36.0758],[-96.218,36.0757],[-96.2037,36.0759],[-96.1903,36.0755],[-96.1541,36.0758],[-96.0991,36.0755],[-96.0296,36.0754],[-96.0295,36.0555],[-96.0296,36.0342],[-96.0295,36.0177],[-96.0298,36.0006],[-96.0295,35.9991],[-96.0296,35.9861],[-96.0295,35.9519],[-96.0296,35.9011],[-96.0333,35.9011],[-96.0333,35.8857],[-96.0331,35.8568],[-96.0018,35.8569],[-95.9888,35.8567],[-95.9639,35.8568],[-95.9616,35.8567],[-95.8905,35.8563],[-95.884,35.8565],[-95.8657,35.8561],[-95.82,35.8559],[-95.8197,35.8751],[-95.8193,35.885],[-95.8195,35.9011],[-95.7934,35.9011],[-95.7833,35.9009],[-95.7617,35.9008],[-95.7615,35.9206],[-95.7619,35.9331],[-95.7616,35.9333],[-95.7616,35.9702],[-95.7616,36.0247],[-95.7616,36.0698],[-95.7617,36.1337],[-95.7616,36.1627],[-95.7726,36.1626],[-95.8154,36.1626],[-95.8153,36.2061],[-95.815,36.2223],[-95.8153,36.2243],[-95.815,36.2306],[-95.8153,36.2351],[-95.8153,36.2495],[-95.8121,36.2495],[-95.8122,36.3027],[-95.8122,36.3535],[-95.8121,36.3751],[-95.8122,36.3891],[-95.812,36.3943],[-95.7942,36.3945],[-95.7944,36.4236],[-95.8127,36.4236]]]},"properties":{"name":"Tulsa"}},
{"type":"Feature","geometry":{"type":"Polygon","coordinates":[[[-97.3541,36.1591],[-97.354,36.158],[-97.3538,36.1391],[-97.3538,36.116],[-97.3539,36.1062],[-97.3538,36.0867],[-97.354,36.0762],[-97.3539,36.035],[-97.354,36.0164],[-97.3539,35.9849],[-97.3471,35.9884],[-97.3397,35.9937],[-97.3364,35.9996],[-97.3295,36.0077],[-97.3201,36.011],[-97.3166,36.0113],[-97.3086,36.011],[-97.3005,36.0093],[-97.2971,36.0077],[-97.2946,36.0056],[-97.2875,35.9967],[-97.2854,35.9918],[-97.2845,35.9854],[-97.2859,35.9805],[-97.2838,35.976],[-97.2816,35.9741],[-97.2753,35.9731],[-97.2654,35.9728],[-97.2636,35.9734],[-97.2591,35.9735],[-97.2518,35.9726],[-97.2432,35.9722],[-97.2343,35.9696],[-97.232,35.968],[-97.2212,35.9646],[-97.2176,35.9603],[-97.2122,35.9547],[-97.2095,35.9514],[-97.2081,35.9478],[-97.2036,35.9448],[-97.1981,35.943],[-97.1896,35.9412],[-97.1806,35.9407],[-97.1724,35.941],[-97.1661,35.943],[-97.1591,35.9447],[-97.1514,35.9484],[-97.1455,35.9521],[-97.1429,35.9542],[-97.1405,35.9589],[-97.1407,35.9514],[-97.1406,35.942],[-97.1207,35.9422],[-97.0949,35.9423],[-97.0617,35.9422],[-97.0388,35.942],[-97.034,35.9423],[-97.0297,35.9419],[-97.0167,35.9421],[-96.9932,35.942],[-96.9747,35.9421],[-96.9678,35.942],[-96.9523,35.9422],[-96.9412,35.942],[-96.9244,35.942],[-96.9053,35.9415],[-96.8916,35.9414],[-96.8752,35.9421],[-96.8281,35.9421],[-96.8125,35.9423],[-96.7668,35.9421],[-96.7527,35.9422],[-96.6779,35.9421],[-96.6601,35.9417],[-96.6425,35.9419],[-96.6332,35.9415],[-96.6211,35.9415],[-96.6215,35.9554],[-96.621,35.9698],[-96.6215,35.9891],[-96.6219,36.0001],[-96.6224,36.0014],[-96.6226,36.0258],[-96.6228,36.0337],[-96.623,36.0583],[-96.6227,36.0655],[-96.6225,36.1251],[-96.6214,36.1599],[-96.6266,36.1602],[-96.6291,36.1598],[-96.693,36.1596],[-96.737,36.1595],[-96.7808,36.1592],[-96.7923,36.1593],[-96.819,36.1589],[-96.8188,36.1833],[-96.8187,36.2134],[-96.8184,36.2321],[-96.819,36.2465],[-96.8749,36.2465],[-96.8753,36.2464],[-96.9251,36.2465],[-96.9581,36.2465],[-96.9636,36.2464],[-96.9961,36.2465],[-97.0449,36.2465],[-97.1217,36.2464],[-97.141,36.2464],[-97.1409,36.2017],[-97.1407,36.1751],[-97.1404,36.168],[-97.1408,36.165],[-97.1407,36.1592],[-97.1603,36.1592],[-97.2198,36.1593],[-97.2378,36.1593],[-97.2648,36.1594],[-97.3131,36.1591],[-97.3541,36.1591]]]},"properties":{"name":"Payne"}},
{"type":"Feature","geometry":{"type":"Polygon","coordinates":[[[-96.9335,34.3327],[-96.9724,34.3324],[-97.0068,34.3323],[-97.0287,34.3326],[-97.0307,34.3349],[-97.0329,34.3352],[-97.0395,34.3375],[-97.0406,34.3385],[-97.0428,34.3425],[-97.0426,34.3446],[-97.0357,34.3476],[-97.0315,34.3505],[-97.0317,34.3521],[-97.0352,34.3554],[-97.0349,34.3606],[-97.0384,34.3649],[-97.0388,34.3669],[-97.0379,34.369],[-97.0355,34.3705],[-97.0337,34.3729],[-97.0365,34.3754],[-97.0698,34.3758],[-97.0922,34.3758],[-97.1151,34.3761],[-97.1779,34.3761],[-97.186,34.3762],[-97.2737,34.3762],[-97.3522,34.3762],[-97.3523,34.4314],[-97.3522,34.5001],[-97.3521,34.5068],[-97.3589,34.5069],[-97.3952,34.5068],[-97.4355,34.5067],[-97.4466,34.5069],[-97.4839,34.5068],[-97.4856,34.507],[-97.5623,34.507],[-97.5623,34.4628],[-97.5624,34.4418],[-97.5624,34.4193],[-97.5627,34.4087],[-97.5624,34.4052],[-97.5625,34.3923],[-97.5625,34.361],[-97.5627,34.3319],[-97.5625,34.3068],[-97.5626,34.289],[-97.5625,34.2574],[-97.5627,34.2462],[-97.5626,34.2236],[-97.5626,34.188],[-97.5627,34.1251],[-97.5625,34.1181],[-97.5624,34.0927],[-97.5626,34.0829],[-97.5624,34.0711],[-97.5608,34.0711],[-97.5441,34.0713],[-97.5003,34.0713],[-97.4631,34.0712],[-97.4609,34.071],[-97.4398,34.0712],[-97.3849,34.0711],[-97.3522,34.0711],[-97.2826,34.0713],[-97.2787,34.0713],[-97.2356,34.071],[-97.2306,34.0709],[-97.2215,34.071],[-97.1972,34.0711],[-97.1816,34.0709],[-97.1514,34.071],[-97.1052,34.071],[-97.0971,34.0708],[-97.0744,34.0709],[-97.0515,34.0709],[-97.0418,34.071],[-97.0163,34.0709],[-96.9696,34.071],[-96.9681,34.071],[-96.9683,34.0853],[-96.9684,34.1142],[-96.9683,34.1251],[-96.9686,34.1363],[-96.9687,34.1598],[-96.9684,34.1726],[-96.9337,34.1726],[-96.9336,34.1899],[-96.9335,34.1909],[-96.9336,34.2189],[-96.9332,34.2236],[-96.9334,34.2322],[-96.9337,34.2387],[-96.9334,34.2501],[-96.9334,34.2818],[-96.9335,34.3327]]]},"properties":{"name":"Carter"}},
{"type":"Feature","geometry":{"type":"Polygon","coordinates":[[[-102.0282,36.9931],[-102.0421,36.993],[-102.0544,36.9931],[-102.0772,36.9931],[-102.0847,36.9932],[-102.1255,36.9933],[-102.2083,36.9937],[-102.2522,36.9942],[-102.2649,36.9944],[-102.285,36.9942],[-102.3438,36.9944],[-102.3554,36.9946],[-102.3755,36.9946],[-102.3886,36.9948],[-102.4343,36.9948],[-102.4463,36.9947],[-102.5005,36.995],[-102.5247,36.9949],[-102.5418,36.9949],[-102.5709,36.9951],[-102.6255,36.995],[-102.6514,36.995],[-102.6621,36.9953],[-102.6981,36.9951],[-102.7421,36.9977],[-102.7521,36.9983],[-102.7936,36.9994],[-102.8151,36.9998],[-102.8419,36.9996],[-102.8755,36.9996],[-102.9363,36.999],[-102.987,36.9985],[-103.0005,37],[-103.0022,36.9996],[-103.0023,36.975],[-103.0023,36.9321],[-103.0022,36.9116],[-103.002,36.9096],[-103.0022,36.9024],[-103.0021,36.8239],[-103.0021,36.7321],[-103.002,36.721],[-103.0022,36.7092],[-103.0022,36.6829],[-103.0024,36.6755],[-103.0022,36.6555],[-103.0023,36.6311],[-103.0023,36.6033],[-103.0022,36.6023],[-103.0024,36.5593],[-103.0023,36.5009],[-103.0005,36.5004],[-102.9529,36.5003],[-102.8755,36.5002],[-102.8681,36.5005],[-102.8212,36.5006],[-102.7868,36.5004],[-102.7505,36.5004],[-102.7297,36.5007],[-102.697,36.5005],[-102.6431,36.5005],[-102.6255,36.5004],[-102.5842,36.5004],[-102.5005,36.5004],[-102.4627,36.5005],[-102.3755,36.5006],[-102.3665,36.5004],[-102.3196,36.5004],[-102.2505,36.5004],[-102.245,36.5007],[-102.2206,36.5003],[-102.1254,36.5003],[-102.1221,36.5007],[-102.0769,36.5006],[-102.0323,36.5006],[-102.0322,36.519],[-102.0321,36.5805],[-102.0324,36.588],[-102.0322,36.6032],[-102.0321,36.6424],[-102.032,36.6893],[-102.032,36.7042],[-102.0318,36.727],[-102.0316,36.7361],[-102.0318,36.7623],[-102.0318,36.7795],[-102.0319,36.8435],[-102.0322,36.8492],[-102.0283,36.8491],[-102.0281,36.8762],[-102.0281,36.9138],[-102.0281,36.9612],[-102.0281,36.9912],[-102.0282,36.9931]]]},"properties":{"name":"Cimarron"}},
{"type":"Feature","geometry":{"type":"Polygon","coordinates":[[[-99.4093,35.1145],[-99.4093,35.1165],[-99.3756,35.1165],[-99.3689,35.1167],[-99.3602,35.1167],[-99.3602,35.1409],[-99.3602,35.1941],[-99.3602,35.2045],[-99.3643,35.2045],[-99.3645,35.2191],[-99.3647,35.25],[-99.3644,35.3201],[-99.3646,35.3222],[-99.3644,35.3637],[-99.3644,35.3951],[-99.3642,35.4539],[-99.3642,35.4653],[-99.3641,35.5088],[-99.4008,35.5089],[-99.4182,35.5091],[-99.4399,35.5091],[-99.4526,35.5089],[-99.4908,35.5091],[-99.5004,35.5088],[-99.5188,35.5086],[-99.5497,35.5088],[-99.5593,35.5089],[-99.5756,35.5089],[-99.576,35.5],[-99.5757,35.4687],[-99.5759,35.4349],[-99.5758,35.4217],[-99.5841,35.4215],[-99.6161,35.4216],[-99.6358,35.4217],[-99.6817,35.4217],[-99.699,35.4216],[-99.7238,35.4219],[-99.7504,35.4223],[-99.7977,35.4221],[-99.8451,35.4221],[-99.9265,35.4223],[-99.9781,35.4223],[-99.9827,35.4222],[-99.9997,35.4224],[-99.9998,35.4224],[-100.0004,35.3647],[-100.0004,35.3064],[-100.0004,35.2474],[-100.0001,35.2388],[-100.0003,35.21],[-100.0004,35.2046],[-100.0004,35.1533],[-100.0004,35.0951],[-100.0004,35.0304],[-99.9516,35.0299],[-99.9052,35.03],[-99.8886,35.0303],[-99.8754,35.0304],[-99.875,35.0298],[-99.8669,35.0299],[-99.7829,35.0301],[-99.7827,35.0881],[-99.7827,35.1051],[-99.7829,35.109],[-99.7827,35.1168],[-99.7307,35.1168],[-99.6769,35.1166],[-99.6645,35.1169],[-99.6577,35.1168],[-99.6364,35.117],[-99.6165,35.1166],[-99.6067,35.117],[-99.5912,35.1168],[-99.5636,35.1167],[-99.5572,35.117],[-99.5189,35.1169],[-99.4884,35.117],[-99.4825,35.1169],[-99.4518,35.1168],[-99.4407,35.1165],[-99.443,35.1149],[-99.4438,35.1128],[-99.44,35.1091],[-99.4329,35.1088],[-99.4307,35.1082],[-99.4282,35.1093],[-99.4239,35.1141],[-99.4214,35.1141],[-99.4198,35.1125],[-99.4159,35.1118],[-99.4126,35.1127],[-99.4093,35.1145]]]},"properties":{"name":"Beckham"}},
{"type":"Feature","geometry":{"type":"Polygon","coordinates":[[[-96.092,34.6806],[-96.0919,34.6731],[-96.0921,34.668],[-96.092,34.6354],[-96.0922,34.619],[-96.0921,34.5936],[-96.092,34.5718],[-96.0922,34.5557],[-96.0923,34.5352],[-96.0919,34.5062],[-96.1169,34.5064],[-96.1253,34.5061],[-96.1453,34.5061],[-96.1454,34.5001],[-96.1451,34.4187],[-96.1845,34.4186],[-96.1932,34.4185],[-96.2179,34.4184],[-96.2228,34.4184],[-96.2624,34.4184],[-96.2653,34.4184],[-96.3026,34.4182],[-96.3072,34.4183],[-96.3546,34.4184],[-96.3724,34.4185],[-96.4073,34.4184],[-96.4069,34.404],[-96.407,34.3865],[-96.4071,34.3721],[-96.407,34.3578],[-96.4072,34.3137],[-96.4072,34.2709],[-96.4073,34.2614],[-96.4071,34.2501],[-96.4074,34.2309],[-96.4077,34.1845],[-96.4078,34.1668],[-96.4076,34.1573],[-96.3727,34.1572],[-96.3122,34.1572],[-96.2869,34.1573],[-96.2799,34.1575],[-96.2598,34.1573],[-96.2503,34.1574],[-96.2422,34.1571],[-96.2114,34.1571],[-96.1466,34.157],[-96.1253,34.1572],[-96.0858,34.157],[-96.0845,34.1567],[-96.0711,34.1571],[-96.0369,34.1576],[-96.0362,34.1574],[-96.0131,34.1573],[-96.0003,34.1569],[-95.993,34.1568],[-95.9556,34.1566],[-95.8753,34.1566],[-95.8711,34.1567],[-95.8322,34.1568],[-95.8263,34.1566],[-95.8088,34.1566],[-95.8032,34.1568],[-95.7794,34.1567],[-95.7795,34.165],[-95.7793,34.1753],[-95.7792,34.2051],[-95.7792,34.2292],[-95.7792,34.2412],[-95.7793,34.2863],[-95.7792,34.361],[-95.7794,34.3751],[-95.7792,34.3955],[-95.7791,34.4401],[-95.779,34.5001],[-95.7794,34.5066],[-95.7532,34.5066],[-95.7503,34.5068],[-95.7316,34.5068],[-95.6717,34.5068],[-95.6718,34.529],[-95.672,34.5534],[-95.6719,34.5729],[-95.6721,34.5797],[-95.672,34.5939],[-95.693,34.5939],[-95.7025,34.5941],[-95.7448,34.5937],[-95.7572,34.5939],[-95.836,34.5936],[-95.8484,34.5936],[-95.8753,34.5939],[-95.882,34.5935],[-95.8822,34.6142],[-95.8822,34.6371],[-95.8819,34.641],[-95.8821,34.6559],[-95.8821,34.6805],[-95.9206,34.6803],[-95.9302,34.6806],[-95.935,34.6804],[-95.9485,34.6805],[-95.9608,34.6808],[-95.9715,34.6804],[-96.0571,34.6805],[-96.092,34.6806]]]},"properties":{"name":"Atoka"}},
{"type":"Feature","geometry":{"type":"Polygon","coordinates":[[[-94.4726,35.6386],[-94.4815,35.6904],[-94.4845,35.7068],[-94.4908,35.7449],[-94.4931,35.7592],[-94.4935,35.7629],[-94.4956,35.7737],[-94.503,35.8172],[-94.5042,35.8249],[-94.5105,35.8625],[-94.5176,35.9019],[-94.5213,35.9245],[-94.5223,35.9316],[-94.5297,35.9739],[-94.5354,36.0055],[-94.5373,36.017],[-94.5433,36.0514],[-94.5479,36.0783],[-94.5559,36.1233],[-94.5569,36.1302],[-94.5627,36.1619],[-94.5931,36.1617],[-94.6123,36.1618],[-94.6551,36.1617],[-94.6655,36.1617],[-94.6973,36.1616],[-94.7352,36.1617],[-94.7462,36.1616],[-94.7559,36.1612],[-94.7973,36.1614],[-94.797,36.1323],[-94.7972,36.1251],[-94.7974,36.1058],[-94.7972,36.0959],[-94.7973,36.0078],[-94.7974,36.0002],[-94.7972,35.9863],[-94.7973,35.976],[-94.7977,35.9707],[-94.7973,35.968],[-94.7973,35.9209],[-94.7972,35.9134],[-94.7972,35.9009],[-94.8073,35.9008],[-94.8074,35.8819],[-94.8072,35.8665],[-94.8075,35.8254],[-94.8075,35.7985],[-94.8074,35.7779],[-94.8074,35.7613],[-94.8078,35.7501],[-94.8078,35.7308],[-94.8075,35.7267],[-94.8077,35.7191],[-94.8078,35.6822],[-94.8073,35.6386],[-94.8027,35.6387],[-94.7608,35.6385],[-94.7355,35.6388],[-94.6836,35.6382],[-94.6661,35.6385],[-94.6479,35.6385],[-94.6252,35.6382],[-94.5709,35.6383],[-94.5027,35.6383],[-94.4726,35.6386]]]},"properties":{"name":"Adair"}},
{"type":"Feature","geometry":{"type":"Polygon","coordinates":[[[-98.5447,36.9988],[-98.5447,36.9693],[-98.545,36.9422],[-98.5402,36.9422],[-98.5404,36.915],[-98.5402,36.8581],[-98.5404,36.8118],[-98.5405,36.7537],[-98.5404,36.7488],[-98.5406,36.7203],[-98.5405,36.6956],[-98.5406,36.6776],[-98.5405,36.6521],[-98.5405,36.6232],[-98.5403,36.6117],[-98.5405,36.5942],[-98.5334,36.5942],[-98.5335,36.5211],[-98.5335,36.4914],[-98.5336,36.4632],[-98.4851,36.4633],[-98.4594,36.463],[-98.446,36.4632],[-98.4273,36.463],[-98.4138,36.4631],[-98.3684,36.4632],[-98.3557,36.4633],[-98.3334,36.4633],[-98.3208,36.4632],[-98.3019,36.4634],[-98.2667,36.4633],[-98.2297,36.4634],[-98.1769,36.4632],[-98.1403,36.4631],[-98.1225,36.4632],[-98.1044,36.4631],[-98.1043,36.5053],[-98.1043,36.5335],[-98.1042,36.5614],[-98.1044,36.5717],[-98.1043,36.5936],[-98.1093,36.5936],[-98.1094,36.6287],[-98.1098,36.6875],[-98.11,36.7241],[-98.1102,36.7443],[-98.1103,36.7647],[-98.1105,36.7676],[-98.1102,36.7964],[-98.1102,36.8112],[-98.1098,36.8408],[-98.1097,36.8621],[-98.1099,36.875],[-98.1096,36.9321],[-98.1096,36.942],[-98.1115,36.942],[-98.112,36.9981],[-98.1344,36.9981],[-98.1475,36.9982],[-98.1642,36.9979],[-98.2009,36.9979],[-98.2082,36.998],[-98.239,36.9979],[-98.2535,36.9977],[-98.3005,36.9977],[-98.3677,36.9981],[-98.3753,36.9983],[-98.4065,36.9985],[-98.4086,36.9984],[-98.4435,36.9984],[-98.4867,36.9985],[-98.5225,36.9989],[-98.5447,36.9988]]]},"properties":{"name":"Alfalfa"}},
{"type":"Feature","geometry":{"type":"Polygon","coordinates":[[[-98.662,34.4059],[-98.6524,34.4061],[-98.6249,34.4062],[-98.6095,34.4061],[-98.6096,34.4206],[-98.5388,34.4205],[-98.505,34.4205],[-98.505,34.4494],[-98.4744,34.4491],[-98.3975,34.4488],[-98.388,34.4489],[-98.3476,34.449],[-98.3178,34.4489],[-98.2959,34.449],[-98.2959,34.4635],[-98.2721,34.4637],[-98.2442,34.4637],[-98.2441,34.48],[-98.2441,34.5071],[-98.1789,34.507],[-98.1421,34.507],[-98.1421,34.5401],[-98.142,34.5793],[-98.1421,34.596],[-98.142,34.6071],[-98.142,34.6608],[-98.1418,34.6812],[-98.1218,34.6811],[-98.1021,34.6812],[-98.0891,34.6811],[-98.0891,34.7141],[-98.089,34.7814],[-98.0891,34.8114],[-98.089,34.8407],[-98.0896,34.8549],[-98.0926,34.8549],[-98.1064,34.8548],[-98.1073,34.855],[-98.1385,34.8551],[-98.1861,34.8551],[-98.2407,34.8552],[-98.295,34.8551],[-98.3362,34.8552],[-98.3976,34.8552],[-98.4133,34.8552],[-98.462,34.8551],[-98.4927,34.855],[-98.5454,34.8551],[-98.5618,34.8553],[-98.5991,34.8551],[-98.6028,34.855],[-98.6198,34.855],[-98.6253,34.8548],[-98.6727,34.8555],[-98.7402,34.8551],[-98.7503,34.8555],[-98.7674,34.8554],[-98.79,34.8557],[-98.7976,34.8555],[-98.8261,34.8555],[-98.826,34.7937],[-98.8263,34.782],[-98.8263,34.7501],[-98.8261,34.7427],[-98.8262,34.7194],[-98.8262,34.6669],[-98.8262,34.6569],[-98.8261,34.6235],[-98.8262,34.6022],[-98.826,34.5944],[-98.8261,34.5369],[-98.826,34.5218],[-98.8261,34.5074],[-98.7928,34.5075],[-98.7411,34.5075],[-98.662,34.5075],[-98.6621,34.4632],[-98.6622,34.4245],[-98.662,34.4059]]]},"properties":{"name":"Comanche"}},
{"type":"Feature","geometry":{"type":"Polygon","coordinates":[[[-97.1425,34.9283],[-97.1423,34.9284],[-97.1421,34.9435],[-97.1421,34.9781],[-97.1418,35.0027],[-97.1421,35.0148],[-97.1418,35.0343],[-97.1419,35.0437],[-97.142,35.0939],[-97.142,35.1305],[-97.142,35.1554],[-97.1422,35.1928],[-97.142,35.203],[-97.1416,35.203],[-97.1416,35.221],[-97.141,35.2238],[-97.1418,35.225],[-97.142,35.2681],[-97.1418,35.2775],[-97.142,35.2859],[-97.1418,35.299],[-97.1419,35.3044],[-97.142,35.3249],[-97.142,35.3552],[-97.1421,35.3769],[-97.1598,35.3771],[-97.1951,35.3771],[-97.2416,35.3773],[-97.265,35.3774],[-97.3351,35.3772],[-97.3581,35.3772],[-97.3617,35.3774],[-97.4059,35.3774],[-97.4412,35.3773],[-97.4592,35.3773],[-97.5301,35.3771],[-97.5658,35.3771],[-97.5933,35.3772],[-97.601,35.3771],[-97.6714,35.3772],[-97.6714,35.3481],[-97.6715,35.3375],[-97.6694,35.3367],[-97.6617,35.3365],[-97.6565,35.3351],[-97.6525,35.3334],[-97.6468,35.3286],[-97.6431,35.3251],[-97.6408,35.3216],[-97.638,35.319],[-97.6305,35.3154],[-97.6274,35.3146],[-97.6241,35.3119],[-97.6211,35.3082],[-97.6194,35.3046],[-97.6174,35.3032],[-97.6131,35.3029],[-97.6068,35.3035],[-97.6042,35.303],[-97.599,35.3029],[-97.596,35.3024],[-97.5814,35.3025],[-97.5761,35.3004],[-97.5748,35.2978],[-97.5741,35.2922],[-97.571,35.2912],[-97.5658,35.2907],[-97.5592,35.2925],[-97.557,35.2884],[-97.5571,35.2841],[-97.5548,35.2796],[-97.5586,35.2679],[-97.5574,35.2639],[-97.5547,35.2622],[-97.5577,35.2585],[-97.5636,35.254],[-97.5639,35.2501],[-97.5582,35.2498],[-97.5589,35.2481],[-97.5648,35.2487],[-97.5665,35.2474],[-97.5634,35.2434],[-97.5584,35.2421],[-97.5566,35.2389],[-97.5583,35.2366],[-97.5622,35.2346],[-97.5594,35.2309],[-97.555,35.2274],[-97.5548,35.2243],[-97.552,35.2218],[-97.5415,35.2142],[-97.5345,35.2129],[-97.5294,35.2127],[-97.521,35.2063],[-97.514,35.202],[-97.5033,35.1964],[-97.4942,35.1912],[-97.4804,35.183],[-97.4586,35.1701],[-97.4568,35.1674],[-97.4534,35.1637],[-97.4475,35.1612],[-97.4427,35.1604],[-97.4404,35.1553],[-97.4396,35.1493],[-97.4383,35.147],[-97.4333,35.1452],[-97.4331,35.1438],[-97.424,35.1407],[-97.4203,35.1406],[-97.4181,35.1417],[-97.4157,35.1406],[-97.4139,35.1412],[-97.4127,35.1397],[-97.4095,35.1384],[-97.4071,35.1381],[-97.4062,35.137],[-97.4046,35.1321],[-97.404,35.1262],[-97.4013,35.1249],[-97.4027,35.1171],[-97.4052,35.109],[-97.4045,35.106],[-97.4016,35.1019],[-97.4013,35.0984],[-97.4002,35.0932],[-97.4002,35.0915],[-97.4031,35.0883],[-97.4021,35.0864],[-97.3955,35.0843],[-97.3917,35.0826],[-97.3855,35.0822],[-97.3745,35.0845],[-97.3734,35.085],[-97.3683,35.0852],[-97.3641,35.0846],[-97.3603,35.0827],[-97.3542,35.0767],[-97.3527,35.0723],[-97.3542,35.0704],[-97.3544,35.0653],[-97.353,35.0622],[-97.3499,35.057],[-97.3496,35.0555],[-97.3505,35.0511],[-97.3526,35.0454],[-97.3558,35.0405],[-97.3574,35.0369],[-97.358,35.0337],[-97.3567,35.0289],[-97.3551,35.0287],[-97.3535,35.0234],[-97.3528,35.0189],[-97.3509,35.0149],[-97.3493,35.0075],[-97.3485,35.006],[-97.3461,35.0051],[-97.3453,35.0021],[-97.347,35.0004],[-97.3465,34.9985],[-97.3422,34.9954],[-97.3415,34.9937],[-97.3419,34.9903],[-97.347,34.9874],[-97.3482,34.9854],[-97.3484,34.9817],[-97.3479,34.9792],[-97.3433,34.9744],[-97.3429,34.9711],[-97.3418,34.9689],[-97.3415,34.964],[-97.3372,34.9616],[-97.3329,34.9584],[-97.326,34.9551],[-97.3217,34.9542],[-97.3133,34.9538],[-97.3112,34.9533],[-97.3077,34.954],[-97.3044,34.9564],[-97.3028,34.9607],[-97.2996,34.9646],[-97.2962,34.9635],[-97.2878,34.9619],[-97.2862,34.9621],[-97.2814,34.9608],[-97.2781,34.9611],[-97.2739,34.963],[-97.2723,34.9618],[-97.2688,34.9554],[-97.2667,34.9507],[-97.264,34.9472],[-97.2616,34.9454],[-97.258,34.9449],[-97.2536,34.9454],[-97.2505,34.9489],[-97.2462,34.9492],[-97.2435,34.9487],[-97.2399,34.9471],[-97.2394,34.9457],[-97.2353,34.9439],[-97.2327,34.9419],[-97.2321,34.9392],[-97.2332,34.9383],[-97.2301,34.9363],[-97.2279,34.9321],[-97.2259,34.9346],[-97.2259,34.9369],[-97.224,34.941],[-97.2218,34.9426],[-97.2179,34.9443],[-97.2125,34.9433],[-97.2096,34.9411],[-97.2053,34.94],[-97.2023,34.9408],[-97.1984,34.9398],[-97.1967,34.9384],[-97.1957,34.936],[-97.1955,34.9327],[-97.197,34.9317],[-97.1962,34.9282],[-97.1873,34.9297],[-97.1782,34.9295],[-97.1764,34.9287],[-97.1678,34.9297],[-97.1666,34.9308],[-97.1578,34.9315],[-97.1546,34.9314],[-97.1454,34.9291],[-97.1441,34.9274],[-97.1425,34.9283]]]},"properties":{"name":"Cleveland"}},
{"type":"Feature","geometry":{"type":"Polygon","coordinates":[[[-98.3133,35.5515],[-98.3135,35.5589],[-98.3133,35.5891],[-98.3135,35.5921],[-98.3133,35.6155],[-98.3132,35.6901],[-98.3132,35.7138],[-98.3134,35.7252],[-98.2903,35.7253],[-98.2757,35.7251],[-98.2445,35.7253],[-98.2071,35.7251],[-98.2073,35.7339],[-98.2069,35.7503],[-98.2071,35.7686],[-98.207,35.7759],[-98.2069,35.8176],[-98.2069,35.853],[-98.2068,35.8986],[-98.21,35.8986],[-98.2099,35.9092],[-98.2101,35.9855],[-98.2102,36.0562],[-98.2103,36.0925],[-98.2102,36.1177],[-98.2105,36.1649],[-98.2535,36.165],[-98.2641,36.1648],[-98.3708,36.1649],[-98.4184,36.1649],[-98.487,36.165],[-98.5835,36.1657],[-98.6012,36.1658],[-98.6369,36.1649],[-98.6368,36.1302],[-98.6364,36.0829],[-98.6365,36.0706],[-98.6364,36.046],[-98.6363,35.996],[-98.6362,35.9743],[-98.6361,35.9416],[-98.6361,35.8988],[-98.6321,35.8988],[-98.6322,35.895],[-98.6323,35.8711],[-98.632,35.8621],[-98.6321,35.8435],[-98.632,35.8414],[-98.632,35.8124],[-98.6321,35.7703],[-98.6322,35.7608],[-98.632,35.75],[-98.6317,35.7404],[-98.6322,35.7181],[-98.632,35.7177],[-98.6322,35.7019],[-98.6319,35.6952],[-98.6319,35.6804],[-98.6322,35.6801],[-98.6322,35.617],[-98.6321,35.6057],[-98.6323,35.5768],[-98.6321,35.5516],[-98.6231,35.5516],[-98.5482,35.5515],[-98.4878,35.5514],[-98.4498,35.5514],[-98.3984,35.5515],[-98.3771,35.5514],[-98.3577,35.5515],[-98.3133,35.5515]]]},"properties":{"name":"Blaine"}},
{"type":"Feature","geometry":{"type":"Polygon","coordinates":[[[-95.4316,36.5975],[-95.3841,36.5976],[-95.3531,36.5977],[-95.3284,36.5976],[-95.3282,36.5568],[-95.3282,36.5102],[-95.3129,36.5103],[-95.2742,36.5103],[-95.1984,36.5104],[-95.1703,36.5103],[-95.1668,36.5104],[-95.15,36.5103],[-95.1252,36.5106],[-95.1126,36.5105],[-95.1038,36.5102],[-95.0905,36.5104],[-95.0136,36.51],[-95.0057,36.5099],[-95.0056,36.5864],[-95.0057,36.5971],[-95.0053,36.598],[-94.9995,36.598],[-94.9994,36.6383],[-94.9993,36.6545],[-94.9996,36.6583],[-94.9994,36.6706],[-94.9996,36.6779],[-94.9994,36.6888],[-94.9993,36.7432],[-94.9993,36.816],[-94.9994,36.8292],[-94.9993,36.8526],[-94.9991,36.9254],[-94.9991,36.943],[-94.9955,36.9432],[-94.9934,36.948],[-94.9934,36.9499],[-94.9954,36.9517],[-95.0002,36.9516],[-95.0047,36.9526],[-95.0099,36.9549],[-95.0138,36.9572],[-95.0222,36.9608],[-95.0281,36.9665],[-95.0286,36.97],[-95.0307,36.9724],[-95.0348,36.9727],[-95.0377,36.9749],[-95.0356,36.9774],[-95.0329,36.9756],[-95.0295,36.9755],[-95.0281,36.9767],[-95.0289,36.9792],[-95.0323,36.9811],[-95.0341,36.9847],[-95.0347,36.9893],[-95.0343,36.9938],[-95.0216,36.9953],[-95.0172,36.9946],[-95.0149,36.995],[-95.0085,36.998],[-95.0076,36.9995],[-95.0353,36.9995],[-95.0388,36.9996],[-95.0587,36.9995],[-95.113,36.9996],[-95.1305,36.9995],[-95.1652,36.9996],[-95.1827,36.9995],[-95.1986,36.9996],[-95.2385,36.9996],[-95.272,36.9995],[-95.2947,36.9995],[-95.338,36.9993],[-95.37,36.9994],[-95.3726,36.9994],[-95.4076,36.9993],[-95.4077,36.9654],[-95.4078,36.9639],[-95.4078,36.9427],[-95.4317,36.9428],[-95.4319,36.9023],[-95.4318,36.8876],[-95.4319,36.8732],[-95.4319,36.8588],[-95.432,36.8563],[-95.4317,36.8258],[-95.4319,36.8109],[-95.4324,36.8007],[-95.4317,36.7861],[-95.4318,36.7208],[-95.4316,36.6757],[-95.4319,36.6572],[-95.4316,36.6407],[-95.4316,36.5975]]]},"properties":{"name":"Craig"}},
{"type":"Feature","geometry":{"type":"Polygon","coordinates":[[[-100.0026,37.0017],[-100.0144,37.0019],[-100.0871,37.0023],[-100.1079,37.0023],[-100.1744,37.0021],[-100.2018,37.0021],[-100.2499,37.0019],[-100.2504,37.002],[-100.2818,37.0018],[-100.3073,37.0018],[-100.3426,37.0015],[-100.3591,37.0015],[-100.3754,37.0013],[-100.4167,37.0012],[-100.4989,37.0008],[-100.5004,37.001],[-100.5276,37.0007],[-100.5516,37.0006],[-100.5633,37.0005],[-100.6138,37.0003],[-100.6254,37],[-100.6392,37.0001],[-100.6749,36.9999],[-100.6753,36.9997],[-100.6936,36.9996],[-100.7345,36.9991],[-100.7648,36.9994],[-100.7653,36.9992],[-100.8143,36.9991],[-100.823,36.9988],[-100.8375,36.9987],[-100.839,36.9976],[-100.8469,36.9969],[-100.849,36.9987],[-100.8525,36.9967],[-100.8557,36.9987],[-100.873,36.9989],[-100.8754,36.9987],[-100.9042,36.9987],[-100.9045,36.9986],[-100.9455,36.9984],[-100.9454,36.9659],[-100.9455,36.9449],[-100.9455,36.9008],[-100.9456,36.8487],[-100.9533,36.8487],[-100.9539,36.8482],[-100.9539,36.8079],[-100.9541,36.7616],[-100.9539,36.75],[-100.9541,36.7371],[-100.9541,36.7211],[-100.9539,36.7162],[-100.9539,36.6713],[-100.954,36.625],[-100.9538,36.6166],[-100.9539,36.6083],[-100.9539,36.5875],[-100.9542,36.5728],[-100.954,36.5475],[-100.9541,36.5309],[-100.9542,36.4999],[-100.9412,36.4995],[-100.9344,36.4999],[-100.9185,36.4996],[-100.9031,36.4996],[-100.8731,36.4999],[-100.8597,36.4997],[-100.8503,36.4999],[-100.8458,36.4997],[-100.8241,36.4996],[-100.7242,36.4996],[-100.707,36.4995],[-100.6452,36.4995],[-100.5832,36.4995],[-100.5222,36.4993],[-100.4952,36.4993],[-100.4892,36.4995],[-100.4377,36.4995],[-100.3786,36.4994],[-100.3461,36.4995],[-100.3345,36.4994],[-100.3242,36.5],[-100.3144,36.4996],[-100.2929,36.4999],[-100.2504,36.4998],[-100.1556,36.4996],[-100.1474,36.4999],[-100.1338,36.4996],[-100.1272,36.4999],[-100.1158,36.4997],[-100.09,36.4996],[-100.0616,36.4997],[-100.061,36.4999],[-100.0038,36.4998],[-100.0038,36.5171],[-100.0032,36.5932],[-100.0032,36.607],[-100.0034,36.6528],[-100.0037,36.7066],[-100.0036,36.7224],[-100.0038,36.7392],[-100.0039,36.7681],[-100.0038,36.8229],[-100.0035,36.875],[-100.0033,36.9278],[-100.0026,36.944],[-100.0028,36.9662],[-100.0027,36.972],[-100.0027,36.9972],[-100.0026,37.0017]]]},"properties":{"name":"Beaver"}},
{"type":"Feature","geometry":{"type":"Polygon","coordinates":[[[-96.0008,36.9989],[-96.0642,36.999],[-96.113,36.9992],[-96.1412,36.999],[-96.1766,36.9992],[-96.1847,36.9993],[-96.1991,36.9992],[-96.2001,36.999],[-96.2273,36.9992],[-96.2741,36.9992],[-96.2985,36.9994],[-96.312,36.9991],[-96.3189,36.9993],[-96.4136,36.9992],[-96.4515,36.9991],[-96.5003,36.9986],[-96.5545,36.9988],[-96.6245,36.999],[-96.6253,36.999],[-96.6869,36.9992],[-96.7366,36.9993],[-96.7498,36.999],[-96.75,36.9413],[-96.7522,36.9413],[-96.7524,36.8725],[-96.7521,36.8589],[-96.7528,36.851],[-96.7524,36.8438],[-96.7527,36.8371],[-96.7525,36.8255],[-96.7526,36.7981],[-96.7524,36.7821],[-96.76,36.7819],[-96.7887,36.782],[-96.7887,36.7676],[-96.8226,36.7676],[-96.8188,36.7637],[-96.8181,36.759],[-96.8201,36.7528],[-96.8217,36.75],[-96.8247,36.7467],[-96.8266,36.7453],[-96.8341,36.7434],[-96.8437,36.7444],[-96.8501,36.7463],[-96.8536,36.7461],[-96.8617,36.75],[-96.8664,36.7529],[-96.8718,36.7536],[-96.8788,36.7519],[-96.8822,36.7516],[-96.8876,36.7521],[-96.8895,36.7512],[-96.8957,36.7458],[-96.9036,36.7386],[-96.9074,36.7358],[-96.9086,36.7301],[-96.9097,36.7271],[-96.9132,36.7227],[-96.9181,36.7188],[-96.9209,36.7171],[-96.9219,36.7064],[-96.9226,36.7029],[-96.9268,36.6978],[-96.9285,36.6937],[-96.9273,36.6888],[-96.9319,36.6861],[-96.9353,36.6854],[-96.9394,36.6852],[-96.9437,36.6839],[-96.9502,36.6836],[-96.9601,36.6866],[-96.9681,36.6886],[-96.9729,36.6883],[-96.978,36.6886],[-96.9857,36.6881],[-96.9898,36.6882],[-96.992,36.6876],[-96.9957,36.6882],[-97.003,36.6935],[-97.0054,36.694],[-97.0069,36.6923],[-97.012,36.694],[-97.0152,36.6944],[-97.0193,36.6931],[-97.022,36.6928],[-97.0242,36.6934],[-97.0276,36.6992],[-97.0307,36.7016],[-97.0325,36.702],[-97.0364,36.7011],[-97.0386,36.6992],[-97.0487,36.6947],[-97.0532,36.6922],[-97.057,36.689],[-97.0614,36.6869],[-97.0641,36.6842],[-97.0645,36.6813],[-97.0644,36.6759],[-97.0639,36.6721],[-97.0641,36.665],[-97.0625,36.6603],[-97.0632,36.6579],[-97.062,36.6507],[-97.061,36.6491],[-97.0579,36.6477],[-97.053,36.6439],[-97.0515,36.6412],[-97.051,36.6374],[-97.0509,36.6288],[-97.0488,36.625],[-97.0486,36.6232],[-97.0496,36.6202],[-97.0518,36.6163],[-97.0517,36.6111],[-97.0447,36.6027],[-97.0438,36.6007],[-97.0469,36.5974],[-97.0502,36.5971],[-97.0541,36.5981],[-97.0571,36.5978],[-97.0581,36.5965],[-97.0581,36.5937],[-97.0513,36.5908],[-97.0406,36.5879],[-97.0358,36.5862],[-97.0291,36.5852],[-97.0213,36.5846],[-97.0166,36.5838],[-97.0029,36.5826],[-97.0003,36.5829],[-96.9928,36.585],[-96.9856,36.585],[-96.9806,36.586],[-96.9758,36.5852],[-96.971,36.5861],[-96.967,36.5863],[-96.964,36.5874],[-96.9533,36.5895],[-96.9486,36.59],[-96.9416,36.5941],[-96.9389,36.595],[-96.9337,36.5955],[-96.9304,36.5968],[-96.9264,36.5996],[-96.9205,36.6007],[-96.9153,36.6],[-96.9128,36.5989],[-96.9087,36.5958],[-96.9045,36.5889],[-96.9021,36.5874],[-96.8965,36.5824],[-96.8926,36.5784],[-96.8883,36.5756],[-96.8891,36.5714],[-96.889,36.5664],[-96.8904,36.5636],[-96.8957,36.5581],[-96.8991,36.5532],[-96.9026,36.5514],[-96.9127,36.5529],[-96.9162,36.553],[-96.921,36.5524],[-96.9247,36.5526],[-96.9298,36.5508],[-96.9336,36.5486],[-96.9384,36.5468],[-96.944,36.5435],[-96.9465,36.5404],[-96.9499,36.5373],[-96.9585,36.5343],[-96.9638,36.5342],[-96.9715,36.536],[-96.979,36.5352],[-96.9882,36.5324],[-96.9962,36.529],[-97.0024,36.5248],[-97.0078,36.5183],[-97.0095,36.5125],[-97.0098,36.5069],[-97.0097,36.5039],[-97.0082,36.4961],[-97.0068,36.4929],[-97.007,36.4892],[-97.0055,36.486],[-97.0008,36.4812],[-96.9938,36.4785],[-96.9887,36.475],[-96.9838,36.4705],[-96.982,36.4661],[-96.9728,36.4619],[-96.9672,36.4601],[-96.9543,36.46],[-96.9476,36.4575],[-96.9402,36.4555],[-96.9338,36.4563],[-96.9305,36.459],[-96.9266,36.4607],[-96.9252,36.463],[-96.9199,36.4632],[-96.9175,36.4639],[-96.9125,36.4678],[-96.9038,36.469],[-96.9018,36.4683],[-96.8967,36.4687],[-96.8932,36.4702],[-96.8904,36.472],[-96.8876,36.4728],[-96.884,36.4725],[-96.8774,36.4707],[-96.8753,36.4709],[-96.8739,36.4726],[-96.8707,36.4746],[-96.868,36.4775],[-96.8656,36.4812],[-96.8604,36.485],[-96.8574,36.4859],[-96.8517,36.4913],[-96.8514,36.4926],[-96.8476,36.4989],[-96.8427,36.506],[-96.8423,36.5073],[-96.839,36.5097],[-96.8379,36.5117],[-96.8372,36.5162],[-96.8377,36.5208],[-96.8344,36.5246],[-96.8264,36.5295],[-96.8225,36.5353],[-96.821,36.5388],[-96.8079,36.547],[-96.8024,36.5511],[-96.7981,36.5536],[-96.7909,36.5556],[-96.7832,36.5605],[-96.7805,36.561],[-96.7734,36.5635],[-96.7695,36.5654],[-96.7635,36.5647],[-96.7548,36.5625],[-96.7536,36.5626],[-96.7487,36.5595],[-96.7432,36.554],[-96.7406,36.553],[-96.7372,36.5501],[-96.7362,36.548],[-96.7327,36.5432],[-96.7304,36.5383],[-96.7283,36.532],[-96.727,36.5261],[-96.7235,36.5202],[-96.7229,36.5168],[-96.7231,36.5089],[-96.7245,36.5061],[-96.7249,36.5032],[-96.72,36.4968],[-96.7139,36.4928],[-96.7097,36.4912],[-96.7076,36.4894],[-96.7063,36.4862],[-96.7056,36.4811],[-96.7062,36.4776],[-96.7083,36.4748],[-96.7102,36.4709],[-96.7123,36.4652],[-96.7177,36.4553],[-96.7181,36.4531],[-96.7171,36.4453],[-96.7158,36.4431],[-96.7095,36.4369],[-96.705,36.4358],[-96.7041,36.4337],[-96.702,36.4314],[-96.6948,36.427],[-96.6927,36.4261],[-96.6895,36.4239],[-96.6825,36.4218],[-96.6745,36.4204],[-96.6675,36.4212],[-96.6617,36.4227],[-96.6476,36.4239],[-96.6383,36.4258],[-96.6357,36.4259],[-96.6325,36.4238],[-96.6271,36.422],[-96.6225,36.4164],[-96.6201,36.4098],[-96.6147,36.407],[-96.613,36.4053],[-96.6093,36.4047],[-96.6064,36.4033],[-96.6042,36.3983],[-96.6023,36.387],[-96.6019,36.3823],[-96.6005,36.3806],[-96.5943,36.3764],[-96.5896,36.3745],[-96.5831,36.3735],[-96.5757,36.3743],[-96.5721,36.376],[-96.5664,36.3804],[-96.561,36.3863],[-96.5542,36.3915],[-96.5485,36.3963],[-96.5407,36.4004],[-96.5363,36.3999],[-96.5301,36.3966],[-96.5266,36.3942],[-96.5224,36.3871],[-96.5187,36.3776],[-96.5193,36.3734],[-96.5215,36.3712],[-96.522,36.3673],[-96.5231,36.3652],[-96.5267,36.3624],[-96.5292,36.3595],[-96.5342,36.356],[-96.5392,36.3539],[-96.5465,36.3522],[-96.554,36.3513],[-96.559,36.3485],[-96.5644,36.3428],[-96.5703,36.336],[-96.5733,36.3294],[-96.5728,36.327],[-96.5735,36.3201],[-96.5735,36.3157],[-96.5693,36.3108],[-96.5639,36.3061],[-96.5606,36.304],[-96.5525,36.2999],[-96.547,36.2981],[-96.5364,36.2964],[-96.5253,36.2964],[-96.5199,36.2971],[-96.5152,36.2983],[-96.511,36.3],[-96.5057,36.303],[-96.5014,36.3074],[-96.4987,36.3121],[-96.4973,36.3173],[-96.4954,36.3198],[-96.4881,36.3279],[-96.4868,36.3298],[-96.4807,36.3322],[-96.4741,36.3336],[-96.4666,36.334],[-96.4613,36.3337],[-96.4577,36.3327],[-96.4542,36.3304],[-96.4458,36.3213],[-96.442,36.3151],[-96.4385,36.305],[-96.4379,36.2939],[-96.4363,36.2898],[-96.4338,36.2859],[-96.4278,36.2802],[-96.4224,36.2775],[-96.4087,36.2752],[-96.4013,36.2735],[-96.3929,36.2702],[-96.3868,36.2671],[-96.3815,36.2636],[-96.3791,36.2615],[-96.3709,36.2555],[-96.3662,36.2527],[-96.3629,36.2501],[-96.3584,36.2454],[-96.3515,36.2375],[-96.3477,36.2344],[-96.34,36.23],[-96.3366,36.2288],[-96.3267,36.2266],[-96.3222,36.2262],[-96.3165,36.2275],[-96.3063,36.2283],[-96.3015,36.2282],[-96.2905,36.2269],[-96.2857,36.2272],[-96.2673,36.2274],[-96.2594,36.2265],[-96.2566,36.2257],[-96.254,36.2238],[-96.2503,36.22],[-96.2463,36.2147],[-96.2446,36.2108],[-96.2428,36.2047],[-96.243,36.2002],[-96.244,36.197],[-96.2476,36.1915],[-96.2503,36.1892],[-96.2577,36.1837],[-96.2635,36.1803],[-96.2692,36.1737],[-96.2702,36.1676],[-96.2683,36.162],[-96.2583,36.162],[-96.1896,36.1612],[-96.1615,36.161],[-96.1377,36.161],[-96.1202,36.1611],[-96.0911,36.1611],[-96.0829,36.161],[-96.0716,36.1611],[-96.034,36.1612],[-96.0011,36.1613],[-96.0015,36.165],[-96.0011,36.1915],[-96.0014,36.2053],[-96.0014,36.2466],[-96.0013,36.25],[-96.0012,36.2739],[-96.0015,36.2831],[-96.0014,36.311],[-96.0016,36.3192],[-96.0013,36.3435],[-96.0014,36.3475],[-96.0012,36.3852],[-96.0012,36.4024],[-96.0008,36.4061],[-96.0013,36.4097],[-96.0011,36.4237],[-96.0012,36.4393],[-96.0011,36.4516],[-96.0013,36.4621],[-96.0011,36.4685],[-96.0013,36.4815],[-96.001,36.5001],[-96.0008,36.5369],[-96.0007,36.5945],[-96.0007,36.632],[-96.001,36.6441],[-96.0006,36.6727],[-96.0007,36.6891],[-96.0006,36.6954],[-96.0008,36.7133],[-96.0005,36.7295],[-96.001,36.7365],[-96.0007,36.7404],[-96.0006,36.7708],[-96.0007,36.7882],[-96.0004,36.8085],[-96.0006,36.8175],[-96.0007,36.8746],[-96.001,36.8888],[-96.0008,36.9054],[-96.0009,36.9265],[-96.0008,36.9989]]]},"properties":{"name":"Osage"}},
{"type":"Feature","geometry":{"type":"Polygon","coordinates":[[[-97.5626,34.289],[-97.5625,34.3068],[-97.5627,34.3319],[-97.5625,34.361],[-97.5625,34.3923],[-97.5624,34.4052],[-97.5627,34.4087],[-97.5624,34.4193],[-97.5624,34.4418],[-97.5623,34.4628],[-97.5623,34.507],[-97.5629,34.5115],[-97.5631,34.5193],[-97.5631,34.5424],[-97.5628,34.5835],[-97.5629,34.6012],[-97.5628,34.6315],[-97.563,34.6385],[-97.5628,34.6643],[-97.5628,34.6811],[-97.6228,34.6813],[-97.6684,34.6813],[-97.7212,34.6814],[-97.744,34.6814],[-97.791,34.6815],[-97.7914,34.6813],[-97.8441,34.6815],[-97.8481,34.6816],[-97.8813,34.6816],[-97.9592,34.6817],[-97.9974,34.6818],[-98.0426,34.6815],[-98.0594,34.6814],[-98.0891,34.6811],[-98.1021,34.6812],[-98.1218,34.6811],[-98.1418,34.6812],[-98.142,34.6608],[-98.142,34.6071],[-98.1421,34.596],[-98.142,34.5793],[-98.1421,34.5401],[-98.1421,34.507],[-98.1392,34.507],[-98.1394,34.4771],[-98.1393,34.4491],[-98.1391,34.4424],[-98.139,34.4202],[-98.1392,34.4056],[-98.1392,34.3847],[-98.1392,34.3478],[-98.1391,34.3421],[-98.1391,34.3187],[-98.139,34.2971],[-98.1392,34.2898],[-98.1253,34.2898],[-98.1126,34.2901],[-98.1094,34.2899],[-98.094,34.2903],[-98.0675,34.2897],[-98.0341,34.2895],[-97.9999,34.2895],[-97.999,34.2891],[-97.9711,34.2891],[-97.9532,34.289],[-97.9157,34.2892],[-97.8734,34.2892],[-97.8107,34.2892],[-97.7503,34.2892],[-97.7328,34.2891],[-97.7279,34.2892],[-97.6745,34.2891],[-97.6327,34.2892],[-97.6193,34.2891],[-97.6012,34.2892],[-97.5677,34.2892],[-97.5626,34.289]]]},"properties":{"name":"Stephens"}},
{"type":"Feature","geometry":{"type":"Polygon","coordinates":[[[-95.3447,35.2931],[-95.3449,35.3208],[-95.3448,35.3532],[-95.3445,35.3703],[-95.3447,35.3751],[-95.3449,35.396],[-95.3448,35.4052],[-95.3448,35.4427],[-95.3449,35.5001],[-95.3448,35.5368],[-95.345,35.5522],[-95.3538,35.5522],[-95.3581,35.5518],[-95.3932,35.5518],[-95.4054,35.5519],[-95.4778,35.5518],[-95.4822,35.5519],[-95.5104,35.5517],[-95.5694,35.5517],[-95.6391,35.5517],[-95.6947,35.5517],[-95.713,35.5518],[-95.7312,35.5519],[-95.7316,35.5517],[-95.7492,35.5518],[-95.7503,35.552],[-95.7787,35.5516],[-95.8224,35.5517],[-95.8224,35.5217],[-95.8226,35.4999],[-95.8225,35.493],[-95.8234,35.464],[-95.8478,35.4637],[-95.8579,35.4638],[-95.8756,35.4636],[-95.8757,35.4304],[-95.8754,35.4273],[-95.8754,35.4057],[-95.8756,35.405],[-95.8756,35.3767],[-95.9019,35.3767],[-95.9183,35.3766],[-95.9229,35.3767],[-95.9813,35.3768],[-95.9814,35.3751],[-95.9813,35.3553],[-95.9815,35.3526],[-95.9814,35.3339],[-95.9815,35.3305],[-95.9813,35.3092],[-95.9814,35.2899],[-95.9814,35.2703],[-95.9812,35.2392],[-95.9815,35.229],[-95.9814,35.2179],[-95.9811,35.2156],[-95.9816,35.2027],[-95.9831,35.2026],[-95.9834,35.1966],[-95.9837,35.1516],[-95.978,35.1522],[-95.9677,35.1526],[-95.9625,35.1524],[-95.9528,35.1514],[-95.9466,35.15],[-95.9285,35.1436],[-95.9256,35.1429],[-95.9178,35.1425],[-95.908,35.1435],[-95.905,35.1443],[-95.9,35.1469],[-95.8922,35.1521],[-95.8884,35.1557],[-95.8836,35.1626],[-95.8764,35.1769],[-95.8745,35.1803],[-95.8707,35.186],[-95.8667,35.1873],[-95.8568,35.1866],[-95.8478,35.1884],[-95.8446,35.1872],[-95.8397,35.1844],[-95.8373,35.1845],[-95.8283,35.1862],[-95.8243,35.1875],[-95.8169,35.1912],[-95.8133,35.1935],[-95.8084,35.1954],[-95.8042,35.1963],[-95.7933,35.1973],[-95.7876,35.1964],[-95.7825,35.1939],[-95.7722,35.1837],[-95.7685,35.179],[-95.764,35.1771],[-95.758,35.1767],[-95.756,35.1772],[-95.7519,35.181],[-95.7496,35.1837],[-95.748,35.1877],[-95.7458,35.1905],[-95.7423,35.1925],[-95.7363,35.1929],[-95.7298,35.192],[-95.7221,35.1895],[-95.719,35.1888],[-95.7162,35.1894],[-95.7148,35.1913],[-95.7124,35.1971],[-95.7098,35.2005],[-95.7072,35.2023],[-95.6972,35.203],[-95.6912,35.2047],[-95.6868,35.205],[-95.68,35.2035],[-95.6775,35.2067],[-95.6744,35.2085],[-95.6753,35.2102],[-95.6791,35.2113],[-95.6805,35.2123],[-95.6828,35.2164],[-95.681,35.221],[-95.6769,35.2248],[-95.6721,35.2273],[-95.6651,35.2289],[-95.6575,35.2314],[-95.6433,35.2382],[-95.635,35.2417],[-95.6281,35.2468],[-95.6243,35.248],[-95.6157,35.2497],[-95.6109,35.2498],[-95.6061,35.2471],[-95.6037,35.243],[-95.6035,35.2394],[-95.6046,35.237],[-95.6068,35.2351],[-95.6118,35.2337],[-95.6199,35.2304],[-95.6227,35.2284],[-95.6225,35.2247],[-95.6195,35.2222],[-95.6169,35.2214],[-95.6084,35.2204],[-95.6023,35.2207],[-95.5994,35.2217],[-95.5943,35.2249],[-95.5912,35.228],[-95.5863,35.2341],[-95.5727,35.2443],[-95.5704,35.2455],[-95.5629,35.2464],[-95.557,35.2494],[-95.5499,35.2509],[-95.5433,35.2519],[-95.5396,35.2533],[-95.5313,35.2576],[-95.5281,35.26],[-95.5217,35.2624],[-95.516,35.2627],[-95.514,35.2641],[-95.513,35.2661],[-95.5134,35.2687],[-95.5175,35.2748],[-95.5191,35.2795],[-95.5187,35.2822],[-95.5167,35.285],[-95.512,35.2891],[-95.5076,35.2969],[-95.5037,35.2999],[-95.5004,35.3009],[-95.4921,35.3009],[-95.4889,35.3005],[-95.4801,35.2985],[-95.465,35.2937],[-95.4617,35.293],[-95.4559,35.2943],[-95.4512,35.296],[-95.4446,35.2977],[-95.4327,35.3018],[-95.4271,35.3055],[-95.4215,35.3117],[-95.4169,35.3183],[-95.4135,35.3218],[-95.4112,35.3234],[-95.4072,35.3244],[-95.4023,35.3262],[-95.3938,35.3276],[-95.3876,35.327],[-95.3858,35.3261],[-95.377,35.3188],[-95.3753,35.3166],[-95.3711,35.3138],[-95.3667,35.312],[-95.3573,35.3061],[-95.3532,35.3017],[-95.3528,35.2989],[-95.3527,35.2922],[-95.3508,35.2902],[-95.3447,35.2931]]]},"properties":{"name":"McIntosh"}},
{"type":"Feature","geometry":{"type":"Polygon","coordinates":[[[-95.8096,36.5975],[-95.7488,36.5974],[-95.7375,36.5976],[-95.7061,36.5975],[-95.6729,36.5975],[-95.6252,36.5976],[-95.5929,36.5975],[-95.5896,36.5977],[-95.5428,36.5976],[-95.528,36.5976],[-95.5109,36.5975],[-95.493,36.5976],[-95.4707,36.5974],[-95.4663,36.5976],[-95.4316,36.5975],[-95.4316,36.6407],[-95.4319,36.6572],[-95.4316,36.6757],[-95.4318,36.7208],[-95.4317,36.7861],[-95.4324,36.8007],[-95.4319,36.8109],[-95.4317,36.8258],[-95.432,36.8563],[-95.4319,36.8588],[-95.4319,36.8732],[-95.4318,36.8876],[-95.4319,36.9023],[-95.4317,36.9428],[-95.4078,36.9427],[-95.4078,36.9639],[-95.4077,36.9654],[-95.4076,36.9993],[-95.4579,36.9992],[-95.4731,36.9994],[-95.515,36.9992],[-95.5347,36.9993],[-95.5706,36.9994],[-95.5769,36.9993],[-95.6309,36.9994],[-95.6764,36.9993],[-95.7327,36.9993],[-95.7422,36.9992],[-95.7687,36.9992],[-95.7868,36.9993],[-95.7867,36.9734],[-95.7867,36.9419],[-95.8098,36.9419],[-95.8099,36.9244],[-95.8099,36.8884],[-95.8097,36.8579],[-95.8099,36.8428],[-95.8099,36.7937],[-95.8096,36.7444],[-95.8097,36.7279],[-95.8096,36.7092],[-95.8095,36.6665],[-95.8096,36.6479],[-95.8095,36.6265],[-95.8096,36.5975]]]},"properties":{"name":"Nowata"}},
{"type":"Feature","geometry":{"type":"Polygon","coordinates":[[[-95.0596,34.6807],[-95.0596,34.7004],[-95.0599,34.7244],[-95.06,34.7501],[-95.0599,34.7747],[-95.06,34.804],[-95.0593,34.8157],[-95.0598,34.8229],[-95.0594,34.8327],[-95.0595,34.855],[-95.0002,34.8551],[-94.9978,34.8563],[-94.9978,34.8928],[-94.9979,34.8956],[-94.998,34.9308],[-94.9981,34.9422],[-94.9277,34.9422],[-94.9278,34.9573],[-94.9277,35.0178],[-94.9278,35.028],[-94.9279,35.0583],[-95.0002,35.0578],[-95.0341,35.0577],[-95.0991,35.0575],[-95.1584,35.0579],[-95.2548,35.0579],[-95.2986,35.0581],[-95.3402,35.0583],[-95.3492,35.0585],[-95.3494,35.0293],[-95.3611,35.0294],[-95.4009,35.0295],[-95.5077,35.0292],[-95.5075,35.0007],[-95.5076,34.9878],[-95.5076,34.9622],[-95.5078,34.9458],[-95.5073,34.9338],[-95.5075,34.928],[-95.5075,34.9128],[-95.5077,34.8999],[-95.5075,34.8877],[-95.5075,34.8549],[-95.514,34.8549],[-95.5143,34.843],[-95.5141,34.8412],[-95.5142,34.8186],[-95.5141,34.7847],[-95.5143,34.7381],[-95.5145,34.6811],[-95.5003,34.6809],[-95.4974,34.6811],[-95.4844,34.6808],[-95.4745,34.681],[-95.4659,34.6808],[-95.4377,34.6807],[-95.422,34.6809],[-95.4077,34.6808],[-95.3572,34.6811],[-95.3547,34.6809],[-95.3016,34.6809],[-95.292,34.6807],[-95.2502,34.6805],[-95.2042,34.6807],[-95.1567,34.6809],[-95.1252,34.6808],[-95.1151,34.6806],[-95.0737,34.6808],[-95.0596,34.6807]]]},"properties":{"name":"Latimer"}},
{"type":"Feature","geometry":{"type":"Polygon","coordinates":[[[-99.6668,34.7246],[-99.6524,34.7247],[-99.615,34.7249],[-99.6125,34.7248],[-99.5797,34.7248],[-99.5613,34.7251],[-99.5511,34.725],[-99.5214,34.7251],[-99.475,34.7249],[-99.4563,34.7251],[-99.4232,34.725],[-99.4251,34.7263],[-99.425,34.7278],[-99.4301,34.7287],[-99.4319,34.7303],[-99.4379,34.7279],[-99.4398,34.7266],[-99.4419,34.7281],[-99.4426,34.7302],[-99.4413,34.7334],[-99.4388,34.7342],[-99.437,34.7365],[-99.4397,34.7412],[-99.4385,34.7481],[-99.4399,34.7534],[-99.4395,34.756],[-99.4407,34.759],[-99.4407,34.7615],[-99.4369,34.7658],[-99.4373,34.7691],[-99.4057,34.769],[-99.4058,34.813],[-99.3972,34.8131],[-99.3529,34.8128],[-99.334,34.8129],[-99.316,34.8126],[-99.2803,34.8126],[-99.2504,34.8127],[-99.2464,34.812],[-99.2465,34.8221],[-99.2497,34.829],[-99.2524,34.8308],[-99.2564,34.8366],[-99.2609,34.8383],[-99.2662,34.8392],[-99.2701,34.8411],[-99.2741,34.8406],[-99.2779,34.8394],[-99.2812,34.8449],[-99.2822,34.849],[-99.2863,34.8517],[-99.2879,34.8521],[-99.2947,34.8511],[-99.2964,34.8514],[-99.3062,34.8576],[-99.308,34.8611],[-99.3113,34.8664],[-99.3153,34.8702],[-99.3173,34.8715],[-99.3172,34.8743],[-99.3182,34.8779],[-99.3177,34.8822],[-99.3159,34.8856],[-99.311,34.8887],[-99.3064,34.8891],[-99.3006,34.888],[-99.2974,34.8867],[-99.2925,34.8861],[-99.2909,34.8876],[-99.2925,34.8914],[-99.2928,34.8957],[-99.2973,34.897],[-99.2985,34.8991],[-99.2962,34.9012],[-99.2894,34.9026],[-99.2905,34.9055],[-99.2927,34.9085],[-99.2937,34.9111],[-99.2973,34.9173],[-99.2968,34.9192],[-99.2984,34.9241],[-99.3003,34.9255],[-99.3028,34.9256],[-99.3054,34.9245],[-99.313,34.9253],[-99.3153,34.9264],[-99.3154,34.9278],[-99.3102,34.9327],[-99.3101,34.9341],[-99.315,34.9368],[-99.3208,34.9417],[-99.3229,34.9407],[-99.3246,34.9413],[-99.3281,34.9443],[-99.3308,34.9448],[-99.3289,34.952],[-99.3297,34.9581],[-99.3312,34.9608],[-99.3343,34.9728],[-99.3356,34.9735],[-99.3436,34.9711],[-99.3445,34.9717],[-99.3451,34.9755],[-99.3481,34.9833],[-99.344,34.9839],[-99.3422,34.9853],[-99.3351,34.9885],[-99.3344,34.9913],[-99.3349,34.994],[-99.3364,34.9976],[-99.3332,35.0073],[-99.3325,35.0103],[-99.3288,35.0118],[-99.3269,35.0156],[-99.3268,35.0189],[-99.3295,35.0226],[-99.3343,35.0225],[-99.336,35.0232],[-99.3359,35.0255],[-99.3332,35.0265],[-99.3248,35.0307],[-99.3233,35.0351],[-99.3236,35.0385],[-99.3278,35.0417],[-99.3334,35.0406],[-99.3425,35.041],[-99.349,35.0428],[-99.3502,35.0437],[-99.3499,35.0508],[-99.3522,35.0528],[-99.357,35.0511],[-99.3626,35.0509],[-99.3699,35.0527],[-99.3719,35.0552],[-99.3726,35.0603],[-99.3684,35.0612],[-99.3673,35.0593],[-99.3653,35.0602],[-99.3652,35.0654],[-99.3685,35.0724],[-99.37,35.0792],[-99.3681,35.0867],[-99.3707,35.0889],[-99.3732,35.0872],[-99.3739,35.0834],[-99.3758,35.083],[-99.3782,35.0852],[-99.3758,35.088],[-99.3765,35.0918],[-99.3803,35.0934],[-99.3859,35.0933],[-99.3861,35.0891],[-99.3895,35.0891],[-99.3908,35.0905],[-99.3986,35.0948],[-99.3973,35.0977],[-99.3983,35.099],[-99.4009,35.0986],[-99.4007,35.1008],[-99.398,35.1027],[-99.3976,35.1045],[-99.3994,35.1069],[-99.4021,35.1051],[-99.4047,35.1058],[-99.4056,35.1074],[-99.4037,35.1091],[-99.4069,35.1107],[-99.408,35.1146],[-99.4093,35.1145],[-99.4126,35.1127],[-99.4159,35.1118],[-99.4198,35.1125],[-99.4214,35.1141],[-99.4239,35.1141],[-99.4282,35.1093],[-99.4307,35.1082],[-99.4329,35.1088],[-99.44,35.1091],[-99.4438,35.1128],[-99.443,35.1149],[-99.4407,35.1165],[-99.4518,35.1168],[-99.4825,35.1169],[-99.4884,35.117],[-99.5189,35.1169],[-99.5572,35.117],[-99.5636,35.1167],[-99.5912,35.1168],[-99.6067,35.117],[-99.6165,35.1166],[-99.6364,35.117],[-99.6577,35.1168],[-99.6645,35.1169],[-99.6769,35.1166],[-99.7307,35.1168],[-99.7827,35.1168],[-99.7829,35.109],[-99.7827,35.1051],[-99.7827,35.0881],[-99.7829,35.0301],[-99.8669,35.0299],[-99.875,35.0298],[-99.8754,35.0304],[-99.8886,35.0303],[-99.8885,35.0161],[-99.888,35.002],[-99.8881,34.9803],[-99.8884,34.9596],[-99.8884,34.9439],[-99.8747,34.9439],[-99.8514,34.944],[-99.8501,34.9439],[-99.8262,34.9441],[-99.8169,34.9444],[-99.8008,34.9441],[-99.7882,34.9441],[-99.7787,34.944],[-99.7749,34.9444],[-99.7575,34.944],[-99.7311,34.9441],[-99.731,34.9203],[-99.7312,34.8772],[-99.731,34.857],[-99.72,34.857],[-99.7202,34.8301],[-99.7201,34.8292],[-99.7202,34.7975],[-99.7204,34.7956],[-99.7201,34.7684],[-99.6848,34.7684],[-99.6847,34.7537],[-99.6671,34.7537],[-99.6668,34.7246]]]},"properties":{"name":"Greer"}},
{"type":"Feature","geometry":{"type":"Polygon","coordinates":[[[-97.4625,36.5936],[-97.4653,36.5934],[-97.4795,36.5936],[-97.532,36.5935],[-97.5685,36.5934],[-97.6037,36.5935],[-97.6783,36.5934],[-97.7097,36.5934],[-97.7506,36.5932],[-97.7648,36.5932],[-97.819,36.5935],[-97.8755,36.5934],[-97.8978,36.5936],[-97.9439,36.5936],[-97.9618,36.5936],[-97.9944,36.5936],[-98.0406,36.5935],[-98.1043,36.5936],[-98.1044,36.5717],[-98.1042,36.5614],[-98.1043,36.5335],[-98.1043,36.5053],[-98.1044,36.4631],[-98.1045,36.4131],[-98.1045,36.3832],[-98.1045,36.369],[-98.1044,36.339],[-98.1045,36.3161],[-98.1044,36.2606],[-98.1046,36.2459],[-98.1037,36.2459],[-98.1037,36.2313],[-98.1039,36.2078],[-98.1039,36.1649],[-98.0973,36.165],[-98.0035,36.1649],[-97.9972,36.1648],[-97.9613,36.1648],[-97.9573,36.1645],[-97.9294,36.1645],[-97.9202,36.1647],[-97.8809,36.1647],[-97.8718,36.1646],[-97.767,36.1646],[-97.7544,36.1646],[-97.7471,36.1647],[-97.6756,36.1647],[-97.6271,36.1647],[-97.6218,36.1648],[-97.5861,36.1647],[-97.5612,36.1646],[-97.5003,36.1646],[-97.4608,36.1645],[-97.4606,36.1967],[-97.4605,36.2451],[-97.4613,36.2464],[-97.4613,36.2679],[-97.4612,36.2901],[-97.4611,36.3289],[-97.4611,36.3652],[-97.4612,36.397],[-97.4612,36.4184],[-97.4615,36.4695],[-97.4616,36.5154],[-97.4615,36.5441],[-97.4616,36.5936],[-97.4625,36.5936]]]},"properties":{"name":"Garfield"}},
{"type":"Feature","geometry":{"type":"Polygon","coordinates":[[[-98.6102,34.1571],[-98.6031,34.1605],[-98.5998,34.1606],[-98.5975,34.1591],[-98.593,34.1573],[-98.5839,34.1513],[-98.5774,34.1491],[-98.5725,34.1451],[-98.5697,34.1416],[-98.5677,34.14],[-98.5673,34.1382],[-98.5651,34.1363],[-98.5602,34.1332],[-98.5537,34.1337],[-98.5509,34.1326],[-98.5502,34.1301],[-98.5518,34.1271],[-98.5543,34.1266],[-98.5576,34.1284],[-98.5596,34.1277],[-98.561,34.1239],[-98.558,34.1229],[-98.5557,34.1201],[-98.5509,34.1193],[-98.5363,34.1073],[-98.5337,34.1033],[-98.5306,34.0998],[-98.5282,34.095],[-98.5246,34.0926],[-98.5219,34.0898],[-98.5169,34.086],[-98.5138,34.082],[-98.5041,34.0723],[-98.5014,34.0719],[-98.4973,34.0701],[-98.4946,34.0701],[-98.4893,34.0666],[-98.4878,34.0638],[-98.4863,34.0626],[-98.482,34.0623],[-98.4791,34.0629],[-98.4715,34.0657],[-98.4682,34.069],[-98.466,34.0731],[-98.462,34.0738],[-98.4547,34.0726],[-98.4517,34.0726],[-98.449,34.0735],[-98.4464,34.0754],[-98.4456,34.0793],[-98.4428,34.0831],[-98.4401,34.0843],[-98.4321,34.0856],[-98.4285,34.0855],[-98.4252,34.0848],[-98.4235,34.0828],[-98.4188,34.0827],[-98.4144,34.0851],[-98.4109,34.0889],[-98.4096,34.0941],[-98.4115,34.0986],[-98.4099,34.1012],[-98.4067,34.1011],[-98.4022,34.0987],[-98.3998,34.1],[-98.3984,34.1046],[-98.3983,34.1113],[-98.3986,34.1157],[-98.3982,34.1214],[-98.401,34.1222],[-98.3994,34.1251],[-98.3984,34.1285],[-98.395,34.1313],[-98.3894,34.1332],[-98.3853,34.1317],[-98.3838,34.1299],[-98.3817,34.1298],[-98.3798,34.1312],[-98.3804,34.1343],[-98.385,34.1367],[-98.3869,34.1389],[-98.3871,34.1409],[-98.3854,34.1428],[-98.3845,34.146],[-98.3817,34.1492],[-98.3769,34.1506],[-98.3745,34.1508],[-98.3705,34.1521],[-98.3679,34.1558],[-98.364,34.1571],[-98.3489,34.1545],[-98.3432,34.1541],[-98.3415,34.1532],[-98.3315,34.1514],[-98.3284,34.1516],[-98.3226,34.1497],[-98.3187,34.1464],[-98.3146,34.1437],[-98.3121,34.1426],[-98.3086,34.1398],[-98.3002,34.1346],[-98.2968,34.1342],[-98.2939,34.133],[-98.2803,34.1307],[-98.2769,34.131],[-98.273,34.1322],[-98.269,34.1316],[-98.2662,34.1321],[-98.2617,34.1316],[-98.2565,34.1295],[-98.248,34.1307],[-98.241,34.1331],[-98.2391,34.1345],[-98.2325,34.1346],[-98.231,34.134],[-98.2256,34.1293],[-98.2253,34.1272],[-98.2236,34.1251],[-98.2171,34.1221],[-98.2111,34.1213],[-98.208,34.1205],[-98.2037,34.1177],[-98.2001,34.1168],[-98.1915,34.1158],[-98.1828,34.115],[-98.1688,34.1143],[-98.1651,34.1169],[-98.1574,34.1205],[-98.1521,34.1251],[-98.1474,34.1307],[-98.146,34.1339],[-98.1416,34.1378],[-98.1391,34.1419],[-98.1394,34.1908],[-98.1393,34.2474],[-98.1392,34.2739],[-98.1392,34.2898],[-98.139,34.2971],[-98.1391,34.3187],[-98.1391,34.3421],[-98.1392,34.3478],[-98.1392,34.3847],[-98.1392,34.4056],[-98.139,34.4202],[-98.1391,34.4424],[-98.1393,34.4491],[-98.1394,34.4771],[-98.1392,34.507],[-98.1421,34.507],[-98.1789,34.507],[-98.2441,34.5071],[-98.2441,34.48],[-98.2442,34.4637],[-98.2721,34.4637],[-98.2959,34.4635],[-98.2959,34.449],[-98.3178,34.4489],[-98.3476,34.449],[-98.388,34.4489],[-98.3975,34.4488],[-98.4744,34.4491],[-98.505,34.4494],[-98.505,34.4205],[-98.5388,34.4205],[-98.6096,34.4206],[-98.6095,34.4061],[-98.6249,34.4062],[-98.6524,34.4061],[-98.662,34.4059],[-98.6619,34.3624],[-98.662,34.3334],[-98.6097,34.3337],[-98.6096,34.3098],[-98.6095,34.2962],[-98.6096,34.29],[-98.6096,34.2448],[-98.6099,34.2027],[-98.6099,34.1745],[-98.6102,34.1571]]]},"properties":{"name":"Cotton"}},
{"type":"Feature","geometry":{"type":"Polygon","coordinates":[[[-98.3133,35.5515],[-98.3577,35.5515],[-98.3771,35.5514],[-98.3984,35.5515],[-98.4498,35.5514],[-98.4878,35.5514],[-98.5482,35.5515],[-98.6231,35.5516],[-98.6232,35.536],[-98.6233,35.4642],[-98.6234,35.4517],[-98.6232,35.4348],[-98.6234,35.3808],[-98.6234,35.3304],[-98.6235,35.2927],[-98.6236,35.2567],[-98.6238,35.2416],[-98.6237,35.2255],[-98.6239,35.2044],[-98.618,35.2041],[-98.6181,35.1824],[-98.618,35.142],[-98.6181,35.1407],[-98.6182,35.1081],[-98.618,35.1017],[-98.6199,35.1012],[-98.6211,35.0974],[-98.6207,35.0922],[-98.6211,35.0874],[-98.6207,35.0762],[-98.6208,35.0307],[-98.6204,35.0176],[-98.6201,34.9617],[-98.62,34.9612],[-98.62,34.9375],[-98.6199,34.9271],[-98.62,34.8939],[-98.6198,34.8751],[-98.6198,34.855],[-98.6028,34.855],[-98.5991,34.8551],[-98.5618,34.8553],[-98.5454,34.8551],[-98.4927,34.855],[-98.462,34.8551],[-98.4133,34.8552],[-98.3976,34.8552],[-98.3362,34.8552],[-98.295,34.8551],[-98.2407,34.8552],[-98.1861,34.8551],[-98.1385,34.8551],[-98.1073,34.855],[-98.1064,34.8548],[-98.0926,34.8549],[-98.0928,34.8751],[-98.0933,34.8763],[-98.0931,34.8839],[-98.0926,34.8911],[-98.093,34.898],[-98.093,34.9362],[-98.0928,34.9376],[-98.0929,34.9529],[-98.0934,34.9707],[-98.0929,34.9843],[-98.093,34.994],[-98.0931,35.0288],[-98.093,35.0879],[-98.0911,35.0887],[-98.0911,35.1091],[-98.0913,35.134],[-98.0913,35.2037],[-98.095,35.2037],[-98.0949,35.2084],[-98.095,35.2506],[-98.0951,35.2611],[-98.0951,35.2788],[-98.0953,35.3047],[-98.096,35.3778],[-98.1409,35.3774],[-98.1621,35.3774],[-98.1666,35.3771],[-98.2214,35.3768],[-98.2366,35.3766],[-98.2555,35.3768],[-98.2628,35.377],[-98.3063,35.3772],[-98.3063,35.4256],[-98.3064,35.4567],[-98.3062,35.4573],[-98.3063,35.5163],[-98.3067,35.5408],[-98.3082,35.541],[-98.3083,35.5513],[-98.3133,35.5515]]]},"properties":{"name":"Caddo"}},
{"type":"Feature","geometry":{"type":"Polygon","coordinates":[[[-102.0323,36.5006],[-102.0125,36.5006],[-101.9932,36.5003],[-101.9865,36.5005],[-101.96,36.5004],[-101.9302,36.5005],[-101.8993,36.5004],[-101.8782,36.5],[-101.8384,36.5],[-101.8341,36.4996],[-101.7756,36.4998],[-101.7504,36.4997],[-101.7438,36.4998],[-101.699,36.4997],[-101.6987,36.4995],[-101.6537,36.4996],[-101.6239,36.4995],[-101.5674,36.4995],[-101.5004,36.4996],[-101.4966,36.4995],[-101.4114,36.4993],[-101.3754,36.4993],[-101.3736,36.4996],[-101.2897,36.4995],[-101.2193,36.4995],[-101.1685,36.4995],[-101.1254,36.4995],[-101.099,36.4991],[-101.054,36.4995],[-101.0414,36.4995],[-100.9773,36.4996],[-100.977,36.4999],[-100.9542,36.4999],[-100.9541,36.5309],[-100.954,36.5475],[-100.9542,36.5728],[-100.9539,36.5875],[-100.9539,36.6083],[-100.9538,36.6166],[-100.954,36.625],[-100.9539,36.6713],[-100.9539,36.7162],[-100.9541,36.7211],[-100.9541,36.7371],[-100.9539,36.75],[-100.9541,36.7616],[-100.9539,36.8079],[-100.9539,36.8482],[-100.9533,36.8487],[-100.9456,36.8487],[-100.9455,36.9008],[-100.9455,36.9449],[-100.9454,36.9659],[-100.9455,36.9984],[-100.9759,36.9983],[-100.9978,36.998],[-101.0004,36.9983],[-101.0274,36.9981],[-101.0667,36.9979],[-101.0853,36.9973],[-101.0903,36.9979],[-101.112,36.9978],[-101.117,36.9976],[-101.1392,36.9975],[-101.1799,36.9972],[-101.1904,36.9973],[-101.2141,36.9971],[-101.2149,36.997],[-101.2388,36.9969],[-101.2524,36.9969],[-101.2979,36.9966],[-101.358,36.9963],[-101.3716,36.9962],[-101.3958,36.9961],[-101.4404,36.9959],[-101.4477,36.9958],[-101.4884,36.9957],[-101.6022,36.995],[-101.7062,36.9945],[-101.781,36.9942],[-101.8694,36.9938],[-101.9146,36.9936],[-101.9753,36.9933],[-102.0282,36.9931],[-102.0281,36.9912],[-102.0281,36.9612],[-102.0281,36.9138],[-102.0281,36.8762],[-102.0283,36.8491],[-102.0322,36.8492],[-102.0319,36.8435],[-102.0318,36.7795],[-102.0318,36.7623],[-102.0316,36.7361],[-102.0318,36.727],[-102.032,36.7042],[-102.032,36.6893],[-102.0321,36.6424],[-102.0322,36.6032],[-102.0324,36.588],[-102.0321,36.5805],[-102.0322,36.519],[-102.0323,36.5006]]]},"properties":{"name":"Texas"}},
{"type":"Feature","geometry":{"type":"Polygon","coordinates":[[[-96.4065,34.7676],[-96.4065,34.7501],[-96.4064,34.7167],[-96.406,34.6982],[-96.4062,34.6953],[-96.4064,34.68],[-96.4122,34.6802],[-96.4698,34.68],[-96.5122,34.6801],[-96.5122,34.633],[-96.5121,34.6209],[-96.5123,34.6008],[-96.5121,34.5933],[-96.5121,34.5457],[-96.5121,34.5056],[-96.5139,34.5054],[-96.5138,34.5005],[-96.5143,34.4885],[-96.5138,34.4196],[-96.4918,34.4195],[-96.4872,34.4196],[-96.4539,34.4195],[-96.4531,34.4184],[-96.4259,34.4183],[-96.4073,34.4184],[-96.3724,34.4185],[-96.3546,34.4184],[-96.3072,34.4183],[-96.3026,34.4182],[-96.2653,34.4184],[-96.2624,34.4184],[-96.2228,34.4184],[-96.2179,34.4184],[-96.1932,34.4185],[-96.1845,34.4186],[-96.1451,34.4187],[-96.1454,34.5001],[-96.1453,34.5061],[-96.1253,34.5061],[-96.1169,34.5064],[-96.0919,34.5062],[-96.0923,34.5352],[-96.0922,34.5557],[-96.092,34.5718],[-96.0921,34.5936],[-96.0922,34.619],[-96.092,34.6354],[-96.0921,34.668],[-96.0919,34.6731],[-96.092,34.6806],[-96.0923,34.6962],[-96.0924,34.7093],[-96.0921,34.7462],[-96.092,34.7675],[-96.1054,34.7676],[-96.1253,34.7672],[-96.1624,34.7672],[-96.1974,34.767],[-96.2285,34.7669],[-96.2471,34.767],[-96.2951,34.7668],[-96.3111,34.7669],[-96.3188,34.7667],[-96.3379,34.767],[-96.3596,34.7671],[-96.4065,34.7676]]]},"properties":{"name":"Coal"}},
{"type":"Feature","geometry":{"type":"Polygon","coordinates":[[[-96.6239,35.4007],[-96.6269,35.3988],[-96.6291,35.3941],[-96.6315,35.3922],[-96.6338,35.3931],[-96.6356,35.3967],[-96.6377,35.3978],[-96.6414,35.3948],[-96.6455,35.3927],[-96.6467,35.3929],[-96.6518,35.3917],[-96.6537,35.3921],[-96.6535,35.3947],[-96.6549,35.3955],[-96.6594,35.3949],[-96.6612,35.3953],[-96.6654,35.3989],[-96.6723,35.4006],[-96.6744,35.4019],[-96.6753,35.4039],[-96.679,35.4023],[-96.6802,35.4051],[-96.6825,35.4059],[-96.6886,35.4036],[-96.6908,35.4052],[-96.6904,35.4077],[-96.6928,35.4088],[-96.7007,35.4097],[-96.7018,35.4149],[-96.7026,35.4162],[-96.7057,35.4167],[-96.7064,35.4151],[-96.7117,35.4155],[-96.7188,35.412],[-96.72,35.4144],[-96.7172,35.4171],[-96.7169,35.4192],[-96.7215,35.4243],[-96.7252,35.425],[-96.7313,35.4234],[-96.7349,35.4204],[-96.7381,35.4199],[-96.7363,35.4177],[-96.7331,35.4166],[-96.7343,35.4138],[-96.7358,35.4135],[-96.7371,35.4155],[-96.7414,35.4144],[-96.7417,35.4121],[-96.7401,35.4089],[-96.7412,35.4075],[-96.7443,35.4066],[-96.759,35.4075],[-96.7624,35.4092],[-96.767,35.4085],[-96.7689,35.4106],[-96.7739,35.406],[-96.7745,35.4087],[-96.7767,35.4114],[-96.7766,35.3545],[-96.7769,35.3142],[-96.7771,35.3036],[-96.777,35.2752],[-96.7768,35.2682],[-96.777,35.2321],[-96.7767,35.2178],[-96.7769,35.1736],[-96.7765,35.1592],[-96.776,35.1533],[-96.7758,35.1361],[-96.7757,35.1181],[-96.7755,35.1119],[-96.7754,35.0788],[-96.7755,35.0713],[-96.7754,35.0472],[-96.7753,34.9999],[-96.7754,34.9649],[-96.7755,34.9479],[-96.7755,34.9184],[-96.7761,34.9094],[-96.7757,34.9],[-96.7675,34.9007],[-96.7634,34.9004],[-96.7607,34.9008],[-96.7558,34.8981],[-96.7517,34.895],[-96.7488,34.8903],[-96.7472,34.8818],[-96.7421,34.8694],[-96.7382,34.8642],[-96.7347,34.8605],[-96.7325,34.8589],[-96.728,34.8572],[-96.7229,34.8568],[-96.7124,34.8597],[-96.7038,34.8634],[-96.698,34.8669],[-96.6942,34.8685],[-96.6949,34.8706],[-96.6904,34.875],[-96.6865,34.8832],[-96.6863,34.8885],[-96.687,34.8913],[-96.6892,34.8956],[-96.6902,34.8961],[-96.6935,34.9013],[-96.6957,34.9036],[-96.7035,34.9093],[-96.7109,34.9117],[-96.7117,34.9128],[-96.7106,34.9169],[-96.7065,34.924],[-96.7025,34.9282],[-96.6995,34.9303],[-96.6942,34.9328],[-96.692,34.9333],[-96.6816,34.9329],[-96.6677,34.9296],[-96.6621,34.9259],[-96.658,34.921],[-96.6555,34.9151],[-96.6531,34.9104],[-96.647,34.9022],[-96.6445,34.9006],[-96.6398,34.8997],[-96.63,34.8987],[-96.6219,34.899],[-96.6132,34.9005],[-96.5958,34.906],[-96.5891,34.91],[-96.5842,34.9122],[-96.5771,34.9166],[-96.5641,34.9173],[-96.5569,34.9142],[-96.5554,34.9113],[-96.5553,34.9075],[-96.5563,34.9046],[-96.5566,34.9009],[-96.5559,34.8981],[-96.553,34.8936],[-96.5496,34.8871],[-96.546,34.8823],[-96.5408,34.8779],[-96.5371,34.8761],[-96.5348,34.873],[-96.5303,34.87],[-96.5286,34.8696],[-96.5215,34.8699],[-96.517,34.8716],[-96.5126,34.8755],[-96.5099,34.8795],[-96.5062,34.8865],[-96.5045,34.8882],[-96.5022,34.8919],[-96.5003,34.8935],[-96.4996,34.897],[-96.4985,34.8991],[-96.498,34.9027],[-96.496,34.9058],[-96.4916,34.9099],[-96.4908,34.911],[-96.4907,34.9286],[-96.4907,34.9551],[-96.4907,35.0001],[-96.4906,35.0294],[-96.4907,35.0572],[-96.4907,35.0783],[-96.4904,35.1159],[-96.4414,35.1158],[-96.4414,35.125],[-96.4412,35.1497],[-96.4412,35.1788],[-96.4414,35.2304],[-96.4413,35.2765],[-96.4414,35.2901],[-96.4413,35.2998],[-96.4414,35.3107],[-96.4413,35.3337],[-96.4413,35.3838],[-96.4412,35.4011],[-96.4413,35.4677],[-96.4435,35.4611],[-96.4456,35.4588],[-96.4492,35.4594],[-96.4526,35.4582],[-96.4565,35.4613],[-96.4591,35.4615],[-96.4622,35.4609],[-96.4638,35.4587],[-96.4656,35.4581],[-96.4693,35.4596],[-96.4715,35.463],[-96.4731,35.464],[-96.4754,35.4636],[-96.4767,35.4609],[-96.4767,35.4589],[-96.4811,35.4539],[-96.4842,35.4512],[-96.4877,35.4492],[-96.488,35.4458],[-96.4843,35.4445],[-96.4831,35.4425],[-96.483,35.4398],[-96.4844,35.4365],[-96.4875,35.4325],[-96.4901,35.4309],[-96.4966,35.4289],[-96.5016,35.4287],[-96.5057,35.43],[-96.5114,35.4296],[-96.5186,35.4312],[-96.5206,35.433],[-96.5197,35.4358],[-96.5216,35.4385],[-96.5327,35.4465],[-96.5365,35.4472],[-96.5393,35.4498],[-96.5403,35.4534],[-96.5432,35.4573],[-96.5461,35.4564],[-96.5437,35.4541],[-96.5445,35.4527],[-96.5536,35.4543],[-96.5547,35.4534],[-96.5533,35.4499],[-96.5541,35.4478],[-96.5565,35.4474],[-96.5587,35.4489],[-96.5612,35.4475],[-96.5623,35.4442],[-96.5654,35.4423],[-96.5682,35.4422],[-96.5697,35.4406],[-96.5685,35.4382],[-96.5646,35.4361],[-96.5559,35.4347],[-96.556,35.4331],[-96.5591,35.4292],[-96.5608,35.4227],[-96.5568,35.4188],[-96.5555,35.4198],[-96.5556,35.422],[-96.5526,35.423],[-96.5511,35.4201],[-96.5478,35.4185],[-96.55,35.4149],[-96.544,35.4118],[-96.5405,35.412],[-96.5372,35.4109],[-96.5369,35.4097],[-96.5381,35.4052],[-96.5374,35.4035],[-96.5346,35.4027],[-96.5319,35.4009],[-96.5317,35.3998],[-96.5338,35.3972],[-96.5346,35.3923],[-96.5367,35.3908],[-96.5419,35.3926],[-96.55,35.3922],[-96.5544,35.3937],[-96.5567,35.395],[-96.5565,35.399],[-96.5549,35.4017],[-96.5569,35.4024],[-96.5611,35.4002],[-96.5669,35.3994],[-96.5698,35.4011],[-96.5767,35.4019],[-96.5787,35.4072],[-96.5814,35.4095],[-96.5858,35.4115],[-96.5891,35.4116],[-96.5917,35.4088],[-96.5973,35.3988],[-96.5997,35.397],[-96.6048,35.3994],[-96.6067,35.3994],[-96.6068,35.3959],[-96.6114,35.3942],[-96.6126,35.3966],[-96.6173,35.3958],[-96.6213,35.3981],[-96.6239,35.4007]]]},"properties":{"name":"Seminole"}},
{"type":"Feature","geometry":{"type":"Polygon","coordinates":[[[-97.1411,35.7244],[-97.1409,35.7105],[-97.1411,35.6783],[-97.1414,35.666],[-97.1414,35.6517],[-97.1413,35.6351],[-97.1413,35.6132],[-97.1411,35.6085],[-97.1411,35.5867],[-97.1408,35.5642],[-97.1409,35.5511],[-97.1414,35.5504],[-97.1413,35.4881],[-97.1415,35.464],[-97.1267,35.464],[-97.1206,35.4636],[-97.0754,35.4635],[-97.0351,35.4636],[-96.9829,35.4635],[-96.9784,35.4636],[-96.9297,35.4635],[-96.8925,35.4635],[-96.8797,35.4634],[-96.8278,35.4634],[-96.7697,35.4631],[-96.7015,35.4628],[-96.6845,35.4628],[-96.666,35.4627],[-96.6249,35.4627],[-96.624,35.4917],[-96.6239,35.5137],[-96.6217,35.5518],[-96.6219,35.5643],[-96.6215,35.5809],[-96.6211,35.6104],[-96.621,35.6251],[-96.6206,35.639],[-96.6204,35.6524],[-96.6207,35.6701],[-96.6205,35.6838],[-96.6202,35.6889],[-96.6201,35.7019],[-96.6204,35.7035],[-96.6204,35.7113],[-96.6201,35.7405],[-96.6201,35.7484],[-96.6197,35.7565],[-96.6196,35.7836],[-96.6196,35.8262],[-96.6192,35.8519],[-96.6192,35.8643],[-96.6195,35.8867],[-96.6198,35.9156],[-96.6211,35.9415],[-96.6332,35.9415],[-96.6425,35.9419],[-96.6601,35.9417],[-96.6779,35.9421],[-96.7527,35.9422],[-96.7668,35.9421],[-96.8125,35.9423],[-96.8281,35.9421],[-96.8752,35.9421],[-96.8916,35.9414],[-96.9053,35.9415],[-96.9244,35.942],[-96.9412,35.942],[-96.9523,35.9422],[-96.9678,35.942],[-96.9747,35.9421],[-96.9932,35.942],[-97.0167,35.9421],[-97.0297,35.9419],[-97.034,35.9423],[-97.0388,35.942],[-97.0617,35.9422],[-97.0949,35.9423],[-97.1207,35.9422],[-97.1406,35.942],[-97.1405,35.8985],[-97.1414,35.8985],[-97.1416,35.8832],[-97.1414,35.8448],[-97.1409,35.8116],[-97.1412,35.7908],[-97.141,35.7672],[-97.1409,35.7361],[-97.1411,35.7244]]]},"properties":{"name":"Lincoln"}},
{"type":"Feature","geometry":{"type":"Polygon","coordinates":[[[-94.9994,36.6706],[-94.9229,36.6705],[-94.9032,36.6705],[-94.8964,36.6704],[-94.8847,36.6705],[-94.8611,36.6705],[-94.8286,36.6706],[-94.8194,36.6703],[-94.8085,36.6705],[-94.7822,36.6706],[-94.7792,36.6678],[-94.7542,36.6678],[-94.7481,36.6674],[-94.733,36.6678],[-94.7078,36.6677],[-94.6433,36.6679],[-94.6181,36.6679],[-94.6183,36.7377],[-94.6185,36.7501],[-94.6182,36.781],[-94.6185,36.8163],[-94.6183,36.8338],[-94.6184,36.8546],[-94.6183,36.8743],[-94.6187,36.88],[-94.6183,36.8936],[-94.6181,36.8971],[-94.6179,36.9351],[-94.618,36.9616],[-94.6183,36.9647],[-94.6196,36.9662],[-94.6182,36.9709],[-94.618,36.9989],[-94.6252,36.999],[-94.631,36.9987],[-94.6812,36.9987],[-94.6913,36.9988],[-94.7018,36.9986],[-94.7103,36.9988],[-94.7233,36.9987],[-94.7526,36.9986],[-94.7952,36.9988],[-94.8137,36.9987],[-94.8629,36.9989],[-94.8863,36.9989],[-94.9161,36.9991],[-94.9268,36.9991],[-94.9616,36.9995],[-95.0076,36.9995],[-95.0085,36.998],[-95.0149,36.995],[-95.0172,36.9946],[-95.0216,36.9953],[-95.0343,36.9938],[-95.0347,36.9893],[-95.0341,36.9847],[-95.0323,36.9811],[-95.0289,36.9792],[-95.0281,36.9767],[-95.0295,36.9755],[-95.0329,36.9756],[-95.0356,36.9774],[-95.0377,36.9749],[-95.0348,36.9727],[-95.0307,36.9724],[-95.0286,36.97],[-95.0281,36.9665],[-95.0222,36.9608],[-95.0138,36.9572],[-95.0099,36.9549],[-95.0047,36.9526],[-95.0002,36.9516],[-94.9954,36.9517],[-94.9934,36.9499],[-94.9934,36.948],[-94.9955,36.9432],[-94.9991,36.943],[-94.9991,36.9254],[-94.9993,36.8526],[-94.9994,36.8292],[-94.9993,36.816],[-94.9993,36.7432],[-94.9994,36.6888],[-94.9996,36.6779],[-94.9994,36.6706]]]},"properties":{"name":"Ottawa"}},
{"type":"Feature","geometry":{"type":"Polygon","coordinates":[[[-100.0032,36.5932],[-99.9334,36.5933],[-99.9153,36.5932],[-99.9018,36.5932],[-99.88,36.5931],[-99.8602,36.5933],[-99.8331,36.5933],[-99.7813,36.5931],[-99.7586,36.5931],[-99.7455,36.5933],[-99.7305,36.5932],[-99.6829,36.5931],[-99.6435,36.5932],[-99.6254,36.5931],[-99.6056,36.5928],[-99.5004,36.5933],[-99.4724,36.5941],[-99.4404,36.5942],[-99.4403,36.5939],[-99.406,36.5942],[-99.3893,36.5941],[-99.3569,36.5945],[-99.3537,36.5946],[-99.3137,36.5948],[-99.2953,36.5951],[-99.2952,36.6018],[-99.2955,36.618],[-99.2953,36.6441],[-99.2955,36.6658],[-99.2953,36.7057],[-99.2954,36.7138],[-99.2953,36.7411],[-99.2953,36.7507],[-99.2948,36.7688],[-99.2949,36.7722],[-99.2952,36.8196],[-99.2991,36.8239],[-99.3084,36.8289],[-99.3098,36.8301],[-99.3108,36.8347],[-99.3137,36.8372],[-99.3174,36.8423],[-99.3188,36.8481],[-99.3182,36.85],[-99.3134,36.8539],[-99.3143,36.8562],[-99.3221,36.8572],[-99.3266,36.8593],[-99.3303,36.863],[-99.337,36.865],[-99.339,36.8662],[-99.3501,36.8702],[-99.3564,36.872],[-99.3617,36.875],[-99.3653,36.8776],[-99.3679,36.8783],[-99.3711,36.878],[-99.373,36.8786],[-99.3759,36.8818],[-99.3777,36.8859],[-99.3837,36.8911],[-99.3855,36.8939],[-99.3883,36.9016],[-99.387,36.9059],[-99.391,36.911],[-99.393,36.9127],[-99.3963,36.9177],[-99.3981,36.9215],[-99.4049,36.9251],[-99.4105,36.9306],[-99.414,36.9355],[-99.4205,36.9411],[-99.4266,36.9509],[-99.4282,36.9553],[-99.4272,36.96],[-99.4284,36.9631],[-99.43,36.9642],[-99.4341,36.9701],[-99.4356,36.9749],[-99.4392,36.9804],[-99.4389,36.9838],[-99.44,36.9873],[-99.4399,36.9907],[-99.4412,36.9934],[-99.4434,36.9955],[-99.4466,36.9956],[-99.4501,36.9947],[-99.4529,36.9955],[-99.4562,36.9995],[-99.4715,36.9995],[-99.4844,36.9997],[-99.5085,36.9997],[-99.5256,36.9997],[-99.558,36.9995],[-99.5582,36.9999],[-99.5775,36.9999],[-99.605,37],[-99.631,37],[-99.6631,37.0001],[-99.6875,37.0003],[-99.721,37.0005],[-99.7478,37.0008],[-99.7742,37.001],[-99.7748,37.0008],[-99.8376,37.0013],[-99.8754,37.0017],[-99.9371,37.0016],[-99.9931,37.0016],[-100.0026,37.0017],[-100.0027,36.9972],[-100.0027,36.972],[-100.0028,36.9662],[-100.0026,36.944],[-100.0033,36.9278],[-100.0035,36.875],[-100.0038,36.8229],[-100.0039,36.7681],[-100.0038,36.7392],[-100.0036,36.7224],[-100.0037,36.7066],[-100.0034,36.6528],[-100.0032,36.607],[-100.0032,36.5932]]]},"properties":{"name":"Harper"}},
{"type":"Feature","geometry":{"type":"Polygon","coordinates":[[[-96.9323,34.6368],[-96.9325,34.645],[-96.9324,34.6732],[-96.9326,34.684],[-96.9325,34.7236],[-96.9326,34.7386],[-96.9324,34.7523],[-96.9325,34.7676],[-96.9324,34.8039],[-96.9326,34.8394],[-96.9325,34.8545],[-96.95,34.8547],[-96.9528,34.8546],[-96.9714,34.8547],[-97.0003,34.8548],[-97.0103,34.8549],[-97.0376,34.8549],[-97.1252,34.855],[-97.1416,34.8551],[-97.1744,34.8551],[-97.1883,34.8552],[-97.2239,34.8552],[-97.2863,34.8553],[-97.3157,34.8551],[-97.3642,34.8553],[-97.3992,34.8553],[-97.429,34.8553],[-97.4587,34.8553],[-97.4756,34.8553],[-97.5413,34.8553],[-97.5822,34.8552],[-97.5894,34.8552],[-97.6375,34.8552],[-97.6681,34.8552],[-97.668,34.8437],[-97.6682,34.8144],[-97.668,34.8048],[-97.6682,34.7975],[-97.6683,34.7799],[-97.6683,34.7501],[-97.6685,34.6935],[-97.6684,34.6813],[-97.6228,34.6813],[-97.5628,34.6811],[-97.5628,34.6643],[-97.563,34.6385],[-97.5628,34.6315],[-97.5629,34.6012],[-97.5628,34.5835],[-97.5631,34.5424],[-97.5631,34.5193],[-97.5629,34.5115],[-97.5623,34.507],[-97.4856,34.507],[-97.4839,34.5068],[-97.4466,34.5069],[-97.4355,34.5067],[-97.3952,34.5068],[-97.3589,34.5069],[-97.3521,34.5068],[-97.3416,34.5069],[-97.2881,34.5068],[-97.2342,34.5068],[-97.1992,34.5067],[-97.1504,34.5066],[-97.1439,34.5065],[-97.1434,34.5088],[-97.1445,34.5102],[-97.1503,34.5133],[-97.1531,34.5168],[-97.1502,34.5184],[-97.1452,34.519],[-97.1437,34.5207],[-97.1465,34.5225],[-97.1498,34.5214],[-97.1533,34.5212],[-97.1568,34.5218],[-97.1591,34.525],[-97.1592,34.5281],[-97.1603,34.5297],[-97.1649,34.5306],[-97.1648,34.5329],[-97.162,34.5327],[-97.1602,34.5349],[-97.1606,34.538],[-97.162,34.5409],[-97.1637,34.5473],[-97.1628,34.5488],[-97.1595,34.5494],[-97.1575,34.551],[-97.1584,34.5534],[-97.1625,34.5565],[-97.1643,34.5598],[-97.1594,34.5614],[-97.1572,34.5635],[-97.1584,34.5647],[-97.1641,34.5631],[-97.1696,34.5631],[-97.1732,34.5651],[-97.1741,34.5682],[-97.1761,34.5714],[-97.1743,34.5743],[-97.1719,34.5742],[-97.1675,34.5724],[-97.1652,34.5725],[-97.1643,34.575],[-97.168,34.5761],[-97.1716,34.5786],[-97.173,34.5811],[-97.1731,34.5837],[-97.1747,34.5859],[-97.1735,34.5868],[-97.1689,34.5858],[-97.1671,34.5882],[-97.1702,34.5901],[-97.1715,34.5933],[-97.176,34.5957],[-97.1805,34.595],[-97.1848,34.5953],[-97.186,34.5962],[-97.1893,34.596],[-97.1913,34.5974],[-97.1929,34.6006],[-97.1924,34.6027],[-97.1905,34.6046],[-97.1926,34.6067],[-97.1955,34.6067],[-97.198,34.6088],[-97.199,34.6115],[-97.1982,34.6138],[-97.1948,34.6161],[-97.1953,34.6182],[-97.1974,34.6209],[-97.1966,34.6227],[-97.1796,34.6226],[-97.1424,34.6226],[-97.1427,34.6371],[-97.1129,34.637],[-97.0826,34.637],[-97.0548,34.6371],[-97.0196,34.637],[-97.0026,34.6368],[-96.9929,34.6369],[-96.9692,34.6368],[-96.9323,34.6368]]]},"properties":{"name":"Garvin"}},
{"type":"Feature","geometry":{"type":"Polygon","coordinates":[[[-98.632,35.8124],[-98.632,35.8414],[-98.6321,35.8435],[-98.632,35.8621],[-98.6323,35.8711],[-98.6322,35.895],[-98.6321,35.8988],[-98.6361,35.8988],[-98.6361,35.9416],[-98.6362,35.9743],[-98.6363,35.996],[-98.6364,36.046],[-98.6365,36.0706],[-98.6364,36.0829],[-98.6368,36.1302],[-98.6369,36.1649],[-98.6724,36.1644],[-98.7265,36.1632],[-98.7605,36.1629],[-98.7743,36.1627],[-98.8165,36.1621],[-98.8603,36.1613],[-98.8754,36.1612],[-98.9208,36.1613],[-98.9558,36.1616],[-98.9914,36.1619],[-99.0004,36.1619],[-99.0751,36.1624],[-99.1173,36.1628],[-99.1256,36.1622],[-99.1633,36.1626],[-99.1719,36.1626],[-99.2212,36.1632],[-99.2459,36.1634],[-99.2542,36.1639],[-99.2773,36.1642],[-99.299,36.1641],[-99.3128,36.1643],[-99.3289,36.1641],[-99.3646,36.1644],[-99.3821,36.1643],[-99.3821,36.1094],[-99.3819,36.0987],[-99.3822,36.0875],[-99.3818,36.0719],[-99.3817,36.0488],[-99.381,36.0129],[-99.3809,35.9996],[-99.3809,35.9714],[-99.3809,35.9279],[-99.3808,35.9106],[-99.3811,35.8988],[-99.3758,35.8988],[-99.3759,35.875],[-99.3758,35.8524],[-99.3758,35.8122],[-99.3333,35.8122],[-99.2898,35.8123],[-99.2888,35.8121],[-99.2596,35.8123],[-99.2554,35.8125],[-99.2452,35.8122],[-99.225,35.8124],[-99.1814,35.8123],[-99.1508,35.8124],[-99.1106,35.8124],[-99.0287,35.8123],[-98.9309,35.8124],[-98.9001,35.8125],[-98.8821,35.8128],[-98.8811,35.8126],[-98.8447,35.8127],[-98.8325,35.8126],[-98.8314,35.8129],[-98.8124,35.8126],[-98.797,35.8126],[-98.7504,35.8122],[-98.7398,35.812],[-98.7216,35.8121],[-98.7091,35.8119],[-98.7091,35.8124],[-98.6939,35.8125],[-98.632,35.8124]]]},"properties":{"name":"Dewey"}},
{"type":"Feature","geometry":{"type":"Polygon","coordinates":[[[-94.7973,36.1614],[-94.8635,36.1616],[-94.8692,36.1615],[-94.8855,36.1617],[-94.9099,36.1617],[-94.9197,36.1615],[-94.9463,36.1614],[-94.9767,36.1617],[-94.9894,36.1617],[-95.0113,36.1618],[-95.0302,36.1618],[-95.0592,36.1615],[-95.0786,36.1615],[-95.1185,36.1616],[-95.1178,36.1286],[-95.1185,36.1242],[-95.1184,36.1181],[-95.1184,36.0745],[-95.172,36.0745],[-95.2079,36.0747],[-95.208,36.0412],[-95.2084,36.0399],[-95.2253,36.0398],[-95.2255,36.0092],[-95.2302,36.0093],[-95.2303,36.0023],[-95.2343,36.0023],[-95.2344,35.9913],[-95.2387,35.9915],[-95.2384,35.988],[-95.2522,35.9878],[-95.255,35.9849],[-95.2626,35.9796],[-95.2711,35.9745],[-95.2738,35.9719],[-95.2776,35.9665],[-95.2787,35.9641],[-95.2781,35.9607],[-95.2736,35.9562],[-95.2719,35.9533],[-95.2699,35.9474],[-95.2689,35.9384],[-95.2686,35.9318],[-95.2693,35.9294],[-95.2757,35.9245],[-95.2807,35.9189],[-95.2822,35.9158],[-95.2829,35.9126],[-95.283,35.9077],[-95.2816,35.9041],[-95.2775,35.8985],[-95.2679,35.8898],[-95.265,35.884],[-95.2618,35.8807],[-95.2577,35.8773],[-95.2541,35.8758],[-95.2502,35.8757],[-95.2461,35.8743],[-95.2366,35.874],[-95.2325,35.8728],[-95.2293,35.8691],[-95.2275,35.8622],[-95.2295,35.8549],[-95.2315,35.8512],[-95.2372,35.8479],[-95.2407,35.8441],[-95.2475,35.8376],[-95.2502,35.8366],[-95.2532,35.834],[-95.2525,35.8284],[-95.2557,35.8247],[-95.2601,35.8225],[-95.2665,35.8204],[-95.2678,35.816],[-95.2657,35.8133],[-95.2449,35.8131],[-95.1802,35.8129],[-95.1432,35.8129],[-95.1272,35.8128],[-95.1272,35.7934],[-95.1276,35.7883],[-95.1277,35.7648],[-95.1271,35.7586],[-95.1276,35.7535],[-95.1272,35.7239],[-95.1274,35.7129],[-95.1273,35.6919],[-95.1275,35.6731],[-95.1272,35.6681],[-95.1272,35.6599],[-95.1278,35.6555],[-95.1275,35.6389],[-95.0788,35.6387],[-95.0511,35.6388],[-95.0032,35.6383],[-95.0001,35.6386],[-94.9942,35.6384],[-94.972,35.6383],[-94.9461,35.6387],[-94.9405,35.6386],[-94.9173,35.6386],[-94.9037,35.6385],[-94.9005,35.6388],[-94.8752,35.6388],[-94.8714,35.6387],[-94.8073,35.6386],[-94.8078,35.6822],[-94.8077,35.7191],[-94.8075,35.7267],[-94.8078,35.7308],[-94.8078,35.7501],[-94.8074,35.7613],[-94.8074,35.7779],[-94.8075,35.7985],[-94.8075,35.8254],[-94.8072,35.8665],[-94.8074,35.8819],[-94.8073,35.9008],[-94.7972,35.9009],[-94.7972,35.9134],[-94.7973,35.9209],[-94.7973,35.968],[-94.7977,35.9707],[-94.7973,35.976],[-94.7972,35.9863],[-94.7974,36.0002],[-94.7973,36.0078],[-94.7972,36.0959],[-94.7974,36.1058],[-94.7972,36.1251],[-94.797,36.1323],[-94.7973,36.1614]]]},"properties":{"name":"Cherokee"}},
{"type":"Feature","geometry":{"type":"Polygon","coordinates":[[[-96.5885,33.895],[-96.5855,33.8913],[-96.5854,33.8889],[-96.5875,33.8843],[-96.5901,33.8807],[-96.5973,33.8751],[-96.6017,33.8728],[-96.6116,33.8693],[-96.613,33.8677],[-96.6249,33.8568],[-96.6289,33.8525],[-96.63,33.8485],[-96.6293,33.8455],[-96.6231,33.8415],[-96.618,33.8396],[-96.6123,33.8382],[-96.6013,33.8343],[-96.5929,33.8309],[-96.5871,33.828],[-96.5732,33.8192],[-96.5667,33.8185],[-96.5636,33.8192],[-96.5607,33.8189],[-96.5507,33.8192],[-96.5488,33.8199],[-96.5417,33.8208],[-96.5327,33.8231],[-96.5254,33.82],[-96.5197,33.811],[-96.5174,33.8058],[-96.5166,33.8022],[-96.5157,33.7952],[-96.5157,33.7914],[-96.5166,33.7883],[-96.5126,33.7827],[-96.5085,33.7783],[-96.501,33.7728],[-96.4934,33.773],[-96.4885,33.7728],[-96.4826,33.7736],[-96.4767,33.7749],[-96.4683,33.7758],[-96.4603,33.7752],[-96.4563,33.776],[-96.4497,33.7808],[-96.4461,33.781],[-96.4367,33.7793],[-96.4302,33.7787],[-96.4235,33.7764],[-96.4218,33.7752],[-96.419,33.7716],[-96.4161,33.7661],[-96.4129,33.7569],[-96.4082,33.7505],[-96.4041,33.7473],[-96.3998,33.7434],[-96.3969,33.74],[-96.389,33.7336],[-96.3828,33.7293],[-96.3795,33.7258],[-96.3755,33.7209],[-96.3708,33.718],[-96.3684,33.7149],[-96.3669,33.7112],[-96.3662,33.7062],[-96.3634,33.7016],[-96.3631,33.6942],[-96.3622,33.6918],[-96.3594,33.6894],[-96.3541,33.687],[-96.3469,33.6862],[-96.3426,33.6868],[-96.3388,33.6883],[-96.3349,33.6921],[-96.3312,33.6936],[-96.3222,33.6947],[-96.3188,33.6968],[-96.3122,33.7063],[-96.31,33.7105],[-96.3087,33.714],[-96.3085,33.7176],[-96.3073,33.7195],[-96.3064,33.7231],[-96.3063,33.7293],[-96.3079,33.7346],[-96.3061,33.7443],[-96.3037,33.7483],[-96.2987,33.7592],[-96.2988,33.7609],[-96.297,33.7632],[-96.2959,33.7677],[-96.2937,33.7694],[-96.2904,33.7708],[-96.2871,33.7712],[-96.2783,33.7706],[-96.2689,33.768],[-96.2638,33.7675],[-96.2621,33.7669],[-96.2567,33.7636],[-96.2548,33.7615],[-96.2482,33.759],[-96.2387,33.7537],[-96.2369,33.7533],[-96.2304,33.7485],[-96.2246,33.7483],[-96.2205,33.7474],[-96.215,33.7494],[-96.209,33.7501],[-96.1993,33.7524],[-96.1863,33.7567],[-96.1798,33.7596],[-96.1735,33.7646],[-96.1698,33.7692],[-96.1686,33.7715],[-96.1666,33.7777],[-96.1652,33.7801],[-96.1641,33.7843],[-96.1629,33.7859],[-96.1637,33.7877],[-96.1625,33.7899],[-96.1629,33.792],[-96.1608,33.7959],[-96.162,33.7997],[-96.1611,33.8027],[-96.1611,33.8058],[-96.1598,33.8115],[-96.1588,33.8139],[-96.1638,33.8131],[-96.1657,33.8102],[-96.168,33.8083],[-96.1701,33.8047],[-96.1696,33.8009],[-96.1729,33.8011],[-96.1757,33.8023],[-96.1773,33.8051],[-96.1791,33.8102],[-96.1769,33.8139],[-96.1753,33.8147],[-96.1724,33.8145],[-96.1665,33.8179],[-96.1615,33.8176],[-96.1593,33.8186],[-96.1508,33.817],[-96.1488,33.8192],[-96.1516,33.8319],[-96.1492,33.8371],[-96.1465,33.8383],[-96.1389,33.8392],[-96.1311,33.8374],[-96.1278,33.8399],[-96.1229,33.84],[-96.1182,33.8379],[-96.115,33.8354],[-96.11,33.8324],[-96.1041,33.8307],[-96.0994,33.8305],[-96.0974,33.8327],[-96.0976,33.8379],[-96.0992,33.8424],[-96.1008,33.8442],[-96.1015,33.8467],[-96.0991,33.8476],[-96.0892,33.8467],[-96.0846,33.8467],[-96.0774,33.845],[-96.0727,33.8429],[-96.0683,33.8427],[-96.0602,33.8403],[-96.0554,33.8383],[-96.0536,33.8382],[-96.0488,33.8365],[-96.0433,33.839],[-96.0383,33.8406],[-96.035,33.8426],[-96.033,33.8447],[-96.0308,33.8486],[-96.0308,33.8542],[-96.0294,33.8563],[-96.027,33.8575],[-96.0224,33.857],[-96.0201,33.855],[-96.0195,33.8535],[-96.0203,33.8496],[-96.0225,33.8461],[-96.0232,33.8425],[-96.0206,33.8406],[-96.0171,33.8415],[-96.0109,33.8443],[-96.0057,33.8454],[-96.0035,33.8479],[-96.0003,33.8494],[-95.9984,33.851],[-95.9968,33.8539],[-95.9949,33.8618],[-95.9997,33.8626],[-96.004,33.8684],[-96.0046,33.8707],[-96.0029,33.8736],[-95.9964,33.8712],[-95.9934,33.8694],[-95.9892,33.8686],[-95.9849,33.8658],[-95.9841,33.8601],[-95.986,33.8569],[-95.9849,33.8525],[-95.9762,33.8552],[-95.9602,33.8576],[-95.9577,33.8582],[-95.946,33.8593],[-95.9425,33.861],[-95.9413,33.8638],[-95.9391,33.8665],[-95.9364,33.8714],[-95.9356,33.875],[-95.9335,33.8786],[-95.9323,33.8838],[-95.9285,33.8852],[-95.9248,33.8848],[-95.9186,33.8808],[-95.9135,33.8787],[-95.9099,33.8766],[-95.9001,33.8703],[-95.8951,33.8675],[-95.8899,33.8655],[-95.888,33.8654],[-95.8836,33.8628],[-95.8836,33.8621],[-95.8794,33.859],[-95.8672,33.8513],[-95.8613,33.8498],[-95.8585,33.8507],[-95.8555,33.8493],[-95.8489,33.8418],[-95.8443,33.8384],[-95.8381,33.8359],[-95.8304,33.8348],[-95.8251,33.8368],[-95.822,33.8386],[-95.819,33.8424],[-95.8191,33.8481],[-95.8211,33.8531],[-95.8203,33.8572],[-95.8157,33.8598],[-95.8115,33.8601],[-95.8045,33.8614],[-95.7999,33.8613],[-95.7949,33.8596],[-95.7904,33.8575],[-95.7839,33.8531],[-95.7824,33.8511],[-95.7799,33.8513],[-95.7759,33.8473],[-95.7702,33.8452],[-95.7636,33.8468],[-95.7585,33.8492],[-95.7548,33.852],[-95.7516,33.8559],[-95.7514,33.8607],[-95.7541,33.8652],[-95.7579,33.8691],[-95.7598,33.8727],[-95.7615,33.8731],[-95.7656,33.871],[-95.7699,33.8715],[-95.7719,33.8738],[-95.7752,33.8745],[-95.777,33.8727],[-95.7769,33.8714],[-95.7816,33.8683],[-95.784,33.8691],[-95.7864,33.8734],[-95.7882,33.8736],[-95.7929,33.8726],[-95.797,33.8737],[-95.7992,33.8718],[-95.8018,33.8725],[-95.8051,33.8701],[-95.8092,33.8712],[-95.812,33.8699],[-95.8142,33.8728],[-95.8183,33.8723],[-95.8235,33.8728],[-95.826,33.8737],[-95.8287,33.8731],[-95.8327,33.8757],[-95.8336,33.8745],[-95.8369,33.8734],[-95.8416,33.8754],[-95.8427,33.878],[-95.846,33.8786],[-95.8478,33.88],[-95.8515,33.8813],[-95.8524,33.884],[-95.8543,33.8844],[-95.8591,33.888],[-95.8611,33.8874],[-95.8641,33.8926],[-95.8637,33.8947],[-95.866,33.8965],[-95.8663,33.9014],[-95.8695,33.9057],[-95.8716,33.9072],[-95.8764,33.9132],[-95.8791,33.9161],[-95.8825,33.9169],[-95.8855,33.9162],[-95.8875,33.9186],[-95.8919,33.9195],[-95.8966,33.9217],[-95.9,33.9199],[-95.9033,33.9211],[-95.9034,33.9232],[-95.9056,33.9227],[-95.9086,33.9232],[-95.91,33.9218],[-95.9147,33.9232],[-95.9189,33.9251],[-95.9227,33.9288],[-95.9212,33.9301],[-95.9232,33.9329],[-95.9251,33.9324],[-95.9266,33.9364],[-95.9288,33.9379],[-95.9294,33.9397],[-95.9356,33.942],[-95.9354,33.9448],[-95.9379,33.9482],[-95.9381,33.9857],[-95.9379,33.988],[-95.9382,34.014],[-95.9382,34.0334],[-95.9381,34.0423],[-95.9383,34.0568],[-95.9383,34.0678],[-95.9381,34.1079],[-95.9383,34.1115],[-95.9382,34.1251],[-95.9408,34.124],[-95.944,34.1241],[-95.9474,34.1288],[-95.9498,34.1292],[-95.9504,34.1306],[-95.9487,34.1321],[-95.9484,34.1341],[-95.9507,34.1364],[-95.9506,34.1392],[-95.9528,34.1401],[-95.9517,34.1429],[-95.9526,34.1459],[-95.9548,34.1457],[-95.9561,34.1468],[-95.9534,34.1483],[-95.9624,34.1512],[-95.9648,34.1503],[-95.9678,34.1512],[-95.9731,34.154],[-95.9746,34.1524],[-95.9783,34.1541],[-95.9789,34.1508],[-95.9816,34.1527],[-95.9826,34.1543],[-95.9847,34.1543],[-95.9858,34.1561],[-95.99,34.155],[-95.993,34.1568],[-96.0003,34.1569],[-96.0131,34.1573],[-96.0362,34.1574],[-96.0369,34.1576],[-96.0711,34.1571],[-96.0845,34.1567],[-96.0858,34.157],[-96.1253,34.1572],[-96.1466,34.157],[-96.2114,34.1571],[-96.2422,34.1571],[-96.2503,34.1574],[-96.2598,34.1573],[-96.2799,34.1575],[-96.2869,34.1573],[-96.3122,34.1572],[-96.3727,34.1572],[-96.4076,34.1573],[-96.4424,34.1574],[-96.4539,34.1573],[-96.4538,34.1567],[-96.454,34.1251],[-96.4538,34.1144],[-96.478,34.1142],[-96.4942,34.1142],[-96.5103,34.1143],[-96.5188,34.1142],[-96.5494,34.1143],[-96.5553,34.1144],[-96.5854,34.1145],[-96.5837,34.1112],[-96.5802,34.1106],[-96.5791,34.108],[-96.582,34.1059],[-96.5814,34.1048],[-96.574,34.0979],[-96.5701,34.0949],[-96.569,34.0919],[-96.5658,34.0884],[-96.5689,34.086],[-96.5686,34.0848],[-96.5634,34.0816],[-96.5576,34.0817],[-96.5559,34.0812],[-96.556,34.0789],[-96.5587,34.0782],[-96.5608,34.0793],[-96.564,34.079],[-96.5643,34.0772],[-96.561,34.0737],[-96.5559,34.0739],[-96.5508,34.0717],[-96.5507,34.0699],[-96.5487,34.0681],[-96.5492,34.0662],[-96.5478,34.0649],[-96.548,34.0633],[-96.5529,34.06],[-96.556,34.0563],[-96.5565,34.0527],[-96.558,34.0505],[-96.5615,34.0487],[-96.5676,34.0479],[-96.5687,34.0471],[-96.5696,34.0437],[-96.574,34.042],[-96.5762,34.0427],[-96.5761,34.0442],[-96.5721,34.0473],[-96.5716,34.0498],[-96.5731,34.0504],[-96.5778,34.0486],[-96.5786,34.045],[-96.5745,34.038],[-96.5743,34.037],[-96.5764,34.0338],[-96.58,34.0339],[-96.58,34.0312],[-96.5774,34.0297],[-96.5742,34.0304],[-96.573,34.0286],[-96.5754,34.0256],[-96.5789,34.0235],[-96.5792,34.0209],[-96.5779,34.0203],[-96.5742,34.0211],[-96.5733,34.0203],[-96.5741,34.0167],[-96.5789,34.0091],[-96.5818,34.0082],[-96.5829,34.0069],[-96.587,34.0086],[-96.59,34.0113],[-96.5911,34.0155],[-96.5934,34.0167],[-96.5992,34.0146],[-96.6023,34.0142],[-96.6041,34.0115],[-96.6039,34.0082],[-96.6072,34.0079],[-96.617,34.0102],[-96.6181,34.0099],[-96.6207,34.0057],[-96.6224,34.0067],[-96.6234,34.0096],[-96.6248,34.0097],[-96.6247,34.0054],[-96.6233,34.0024],[-96.6199,33.9994],[-96.6143,33.997],[-96.6131,33.9942],[-96.6134,33.9924],[-96.6156,33.9907],[-96.6127,33.9899],[-96.6089,33.9875],[-96.6037,33.9887],[-96.6028,33.9879],[-96.604,33.9854],[-96.6066,33.9845],[-96.6074,33.9832],[-96.605,33.9805],[-96.6004,33.9794],[-96.5998,33.9765],[-96.5983,33.9749],[-96.5937,33.9741],[-96.5943,33.9717],[-96.5926,33.9707],[-96.589,33.9702],[-96.5871,33.9716],[-96.5847,33.9709],[-96.5852,33.9674],[-96.5844,33.9665],[-96.577,33.9644],[-96.5759,33.9625],[-96.5778,33.9584],[-96.5819,33.9549],[-96.5854,33.9549],[-96.5859,33.9539],[-96.5844,33.9504],[-96.5879,33.948],[-96.5909,33.9512],[-96.5931,33.9509],[-96.5939,33.9473],[-96.5961,33.9462],[-96.5958,33.9441],[-96.5922,33.9405],[-96.5908,33.9373],[-96.5909,33.9359],[-96.5932,33.933],[-96.5883,33.9267],[-96.584,33.9254],[-96.581,33.925],[-96.5806,33.9222],[-96.5816,33.9203],[-96.5846,33.9186],[-96.5904,33.9198],[-96.591,33.9186],[-96.5869,33.9157],[-96.5825,33.9162],[-96.5809,33.9154],[-96.5817,33.9099],[-96.5825,33.9083],[-96.585,33.9067],[-96.5903,33.9044],[-96.591,33.902],[-96.5871,33.897],[-96.5885,33.895]]]},"properties":{"name":"Bryan"}},
{"type":"Feature","geometry":{"type":"Polygon","coordinates":[[[-97.5609,33.8996],[-97.5599,33.8976],[-97.5583,33.8971],[-97.5515,33.8979],[-97.5432,33.9013],[-97.538,33.9043],[-97.5327,33.9066],[-97.5253,33.9118],[-97.5241,33.9117],[-97.511,33.9163],[-97.506,33.9175],[-97.5009,33.9195],[-97.4948,33.9192],[-97.49,33.9182],[-97.4705,33.909],[-97.4691,33.9086],[-97.4636,33.905],[-97.4614,33.9052],[-97.4598,33.9026],[-97.4583,33.9019],[-97.4511,33.8917],[-97.4509,33.8863],[-97.4518,33.8816],[-97.4512,33.8782],[-97.4516,33.8721],[-97.4522,33.869],[-97.454,33.8667],[-97.456,33.8594],[-97.4557,33.8581],[-97.4576,33.8551],[-97.4596,33.8533],[-97.4615,33.8496],[-97.4632,33.8431],[-97.4618,33.8397],[-97.4591,33.8346],[-97.4573,33.8334],[-97.4531,33.8285],[-97.4504,33.8274],[-97.4439,33.8237],[-97.4374,33.8218],[-97.4303,33.8204],[-97.4268,33.8186],[-97.4182,33.8187],[-97.4143,33.8181],[-97.4138,33.8193],[-97.4064,33.8188],[-97.4027,33.8196],[-97.3951,33.82],[-97.3906,33.8188],[-97.3862,33.8195],[-97.3803,33.8185],[-97.3747,33.8186],[-97.3687,33.8214],[-97.3655,33.8237],[-97.3573,33.8314],[-97.3543,33.838],[-97.3529,33.8388],[-97.3497,33.8434],[-97.3472,33.8451],[-97.3467,33.8469],[-97.3428,33.8548],[-97.3421,33.8572],[-97.3401,33.8598],[-97.3384,33.8663],[-97.3381,33.8706],[-97.3372,33.8751],[-97.3348,33.8818],[-97.3319,33.8845],[-97.3286,33.8848],[-97.3258,33.8839],[-97.3234,33.8809],[-97.3242,33.8766],[-97.3281,33.8703],[-97.3334,33.8641],[-97.3346,33.8614],[-97.3346,33.8572],[-97.3321,33.8551],[-97.3287,33.8554],[-97.3261,33.8571],[-97.3203,33.8623],[-97.3181,33.8635],[-97.3169,33.8654],[-97.314,33.8675],[-97.3107,33.8725],[-97.3094,33.8778],[-97.3098,33.883],[-97.3112,33.8871],[-97.3103,33.8885],[-97.3076,33.888],[-97.3022,33.8839],[-97.2972,33.8786],[-97.2878,33.8701],[-97.2828,33.8665],[-97.2792,33.8646],[-97.2755,33.8633],[-97.2756,33.8582],[-97.2709,33.858],[-97.2669,33.86],[-97.2651,33.8624],[-97.2556,33.8637],[-97.2492,33.8751],[-97.2491,33.8806],[-97.2485,33.8836],[-97.2465,33.8875],[-97.2471,33.8894],[-97.2469,33.8974],[-97.2463,33.9005],[-97.245,33.9032],[-97.2422,33.9064],[-97.2395,33.908],[-97.2316,33.9102],[-97.2285,33.9133],[-97.2126,33.9159],[-97.2103,33.9159],[-97.2061,33.9143],[-97.2032,33.9121],[-97.2004,33.9088],[-97.1985,33.9075],[-97.1908,33.9038],[-97.1855,33.9007],[-97.1808,33.8952],[-97.1796,33.8922],[-97.1782,33.8837],[-97.1763,33.8784],[-97.177,33.8767],[-97.1687,33.856],[-97.1666,33.8473],[-97.1673,33.8416],[-97.1668,33.8404],[-97.1716,33.8353],[-97.1758,33.8338],[-97.1799,33.8317],[-97.1847,33.8309],[-97.1947,33.8312],[-97.1975,33.8298],[-97.1998,33.8274],[-97.2035,33.8218],[-97.205,33.818],[-97.2048,33.8101],[-97.2056,33.8091],[-97.2057,33.8029],[-97.2048,33.7999],[-97.2026,33.7966],[-97.201,33.7954],[-97.2005,33.7932],[-97.1968,33.7889],[-97.1928,33.7831],[-97.1904,33.7812],[-97.1893,33.7769],[-97.1903,33.7758],[-97.1877,33.7698],[-97.1881,33.768],[-97.1898,33.7664],[-97.193,33.7608],[-97.1913,33.7581],[-97.1853,33.7555],[-97.1818,33.7559],[-97.1801,33.7545],[-97.1782,33.7501],[-97.1746,33.745],[-97.1736,33.7396],[-97.1722,33.7375],[-97.1653,33.731],[-97.1574,33.7256],[-97.1544,33.7241],[-97.1423,33.7199],[-97.1384,33.7189],[-97.1299,33.7176],[-97.1236,33.717],[-97.1185,33.7176],[-97.1111,33.7194],[-97.1058,33.7219],[-97.0986,33.7267],[-97.0956,33.7292],[-97.0896,33.7372],[-97.0874,33.7411],[-97.0861,33.7446],[-97.0849,33.7523],[-97.0847,33.7596],[-97.0852,33.7647],[-97.0869,33.7717],[-97.0908,33.7808],[-97.0943,33.788],[-97.0951,33.7922],[-97.0954,33.7976],[-97.0947,33.8003],[-97.0926,33.8042],[-97.0873,33.8085],[-97.0825,33.8111],[-97.0748,33.8135],[-97.0653,33.8151],[-97.058,33.8162],[-97.0509,33.8166],[-97.0483,33.8173],[-97.0475,33.8218],[-97.0483,33.8279],[-97.0519,33.833],[-97.0576,33.8365],[-97.0623,33.838],[-97.071,33.8396],[-97.0835,33.8405],[-97.0872,33.8414],[-97.0901,33.844],[-97.0903,33.8475],[-97.0892,33.8505],[-97.0872,33.8534],[-97.0827,33.8561],[-97.0756,33.8587],[-97.0695,33.8604],[-97.0638,33.86],[-97.0574,33.8572],[-97.0558,33.8557],[-97.0536,33.851],[-97.0502,33.8453],[-97.0461,33.8396],[-97.0418,33.8378],[-97.0401,33.8377],[-97.0313,33.8412],[-97.0214,33.8464],[-97.0144,33.8539],[-97.0099,33.8598],[-97.0035,33.8654],[-97,33.8679],[-96.9971,33.871],[-96.9939,33.8757],[-96.9924,33.879],[-96.9896,33.8828],[-96.988,33.886],[-96.9847,33.8887],[-96.9838,33.8932],[-96.9849,33.9049],[-96.988,33.9153],[-96.9879,33.917],[-96.994,33.929],[-96.9954,33.9338],[-96.9963,33.9427],[-96.9958,33.9461],[-96.9943,33.9492],[-96.9908,33.9527],[-96.9885,33.9544],[-96.9813,33.9564],[-96.9793,33.9551],[-96.9807,33.9518],[-96.981,33.9483],[-96.9798,33.9416],[-96.977,33.9375],[-96.9738,33.9357],[-96.9664,33.9395],[-96.9587,33.9418],[-96.9536,33.9442],[-96.9468,33.9481],[-96.9391,33.9519],[-96.9348,33.9545],[-96.9348,33.9773],[-96.9348,33.9862],[-96.9348,34.0129],[-96.9496,34.013],[-96.9559,34.0127],[-96.9697,34.013],[-96.9696,34.0156],[-96.97,34.0469],[-96.9697,34.0601],[-96.9696,34.071],[-97.0163,34.0709],[-97.0418,34.071],[-97.0515,34.0709],[-97.0744,34.0709],[-97.0971,34.0708],[-97.1052,34.071],[-97.1514,34.071],[-97.1816,34.0709],[-97.1972,34.0711],[-97.2215,34.071],[-97.2306,34.0709],[-97.2356,34.071],[-97.2787,34.0713],[-97.2826,34.0713],[-97.3522,34.0711],[-97.3849,34.0711],[-97.4398,34.0712],[-97.4609,34.071],[-97.4631,34.0712],[-97.5003,34.0713],[-97.5441,34.0713],[-97.5608,34.0711],[-97.5608,34.0417],[-97.5607,34.0293],[-97.5609,34.003],[-97.5564,34.002],[-97.5538,34.0027],[-97.5517,34.001],[-97.5543,34.0001],[-97.5553,33.9986],[-97.5513,33.9971],[-97.5519,33.9959],[-97.5492,33.9938],[-97.5511,33.9919],[-97.5476,33.9917],[-97.5451,33.9876],[-97.5428,33.9858],[-97.5422,33.988],[-97.5371,33.9858],[-97.5368,33.9839],[-97.5609,33.984],[-97.5608,33.9749],[-97.561,33.9549],[-97.5608,33.9375],[-97.5608,33.9136],[-97.5609,33.8996]]]},"properties":{"name":"Love"}},
{"type":"Feature","geometry":{"type":"Polygon","coordinates":[[[-97.1425,34.9283],[-97.1441,34.9274],[-97.1454,34.9291],[-97.1546,34.9314],[-97.1578,34.9315],[-97.1666,34.9308],[-97.1678,34.9297],[-97.1764,34.9287],[-97.1782,34.9295],[-97.1873,34.9297],[-97.1962,34.9282],[-97.197,34.9317],[-97.1955,34.9327],[-97.1957,34.936],[-97.1967,34.9384],[-97.1984,34.9398],[-97.2023,34.9408],[-97.2053,34.94],[-97.2096,34.9411],[-97.2125,34.9433],[-97.2179,34.9443],[-97.2218,34.9426],[-97.224,34.941],[-97.2259,34.9369],[-97.2259,34.9346],[-97.2279,34.9321],[-97.2301,34.9363],[-97.2332,34.9383],[-97.2321,34.9392],[-97.2327,34.9419],[-97.2353,34.9439],[-97.2394,34.9457],[-97.2399,34.9471],[-97.2435,34.9487],[-97.2462,34.9492],[-97.2505,34.9489],[-97.2536,34.9454],[-97.258,34.9449],[-97.2616,34.9454],[-97.264,34.9472],[-97.2667,34.9507],[-97.2688,34.9554],[-97.2723,34.9618],[-97.2739,34.963],[-97.2781,34.9611],[-97.2814,34.9608],[-97.2862,34.9621],[-97.2878,34.9619],[-97.2962,34.9635],[-97.2996,34.9646],[-97.3028,34.9607],[-97.3044,34.9564],[-97.3077,34.954],[-97.3112,34.9533],[-97.3133,34.9538],[-97.3217,34.9542],[-97.326,34.9551],[-97.3329,34.9584],[-97.3372,34.9616],[-97.3415,34.964],[-97.3418,34.9689],[-97.3429,34.9711],[-97.3433,34.9744],[-97.3479,34.9792],[-97.3484,34.9817],[-97.3482,34.9854],[-97.347,34.9874],[-97.3419,34.9903],[-97.3415,34.9937],[-97.3422,34.9954],[-97.3465,34.9985],[-97.347,35.0004],[-97.3453,35.0021],[-97.3461,35.0051],[-97.3485,35.006],[-97.3493,35.0075],[-97.3509,35.0149],[-97.3528,35.0189],[-97.3535,35.0234],[-97.3551,35.0287],[-97.3567,35.0289],[-97.358,35.0337],[-97.3574,35.0369],[-97.3558,35.0405],[-97.3526,35.0454],[-97.3505,35.0511],[-97.3496,35.0555],[-97.3499,35.057],[-97.353,35.0622],[-97.3544,35.0653],[-97.3542,35.0704],[-97.3527,35.0723],[-97.3542,35.0767],[-97.3603,35.0827],[-97.3641,35.0846],[-97.3683,35.0852],[-97.3734,35.085],[-97.3745,35.0845],[-97.3855,35.0822],[-97.3917,35.0826],[-97.3955,35.0843],[-97.4021,35.0864],[-97.4031,35.0883],[-97.4002,35.0915],[-97.4002,35.0932],[-97.4013,35.0984],[-97.4016,35.1019],[-97.4045,35.106],[-97.4052,35.109],[-97.4027,35.1171],[-97.4013,35.1249],[-97.404,35.1262],[-97.4046,35.1321],[-97.4062,35.137],[-97.4071,35.1381],[-97.4095,35.1384],[-97.4127,35.1397],[-97.4139,35.1412],[-97.4157,35.1406],[-97.4181,35.1417],[-97.4203,35.1406],[-97.424,35.1407],[-97.4331,35.1438],[-97.4333,35.1452],[-97.4383,35.147],[-97.4396,35.1493],[-97.4404,35.1553],[-97.4427,35.1604],[-97.4475,35.1612],[-97.4534,35.1637],[-97.4568,35.1674],[-97.4586,35.1701],[-97.4804,35.183],[-97.4942,35.1912],[-97.5033,35.1964],[-97.514,35.202],[-97.521,35.2063],[-97.5294,35.2127],[-97.5345,35.2129],[-97.5415,35.2142],[-97.552,35.2218],[-97.5548,35.2243],[-97.555,35.2274],[-97.5594,35.2309],[-97.5622,35.2346],[-97.5583,35.2366],[-97.5566,35.2389],[-97.5584,35.2421],[-97.5634,35.2434],[-97.5665,35.2474],[-97.5648,35.2487],[-97.5589,35.2481],[-97.5582,35.2498],[-97.5639,35.2501],[-97.5636,35.254],[-97.5577,35.2585],[-97.5547,35.2622],[-97.5574,35.2639],[-97.5586,35.2679],[-97.5548,35.2796],[-97.5571,35.2841],[-97.557,35.2884],[-97.5592,35.2925],[-97.5658,35.2907],[-97.571,35.2912],[-97.5741,35.2922],[-97.5748,35.2978],[-97.5761,35.3004],[-97.5814,35.3025],[-97.596,35.3024],[-97.599,35.3029],[-97.6042,35.303],[-97.6068,35.3035],[-97.6131,35.3029],[-97.6174,35.3032],[-97.6194,35.3046],[-97.6211,35.3082],[-97.6241,35.3119],[-97.6274,35.3146],[-97.6305,35.3154],[-97.638,35.319],[-97.6408,35.3216],[-97.6431,35.3251],[-97.6468,35.3286],[-97.6525,35.3334],[-97.6565,35.3351],[-97.6617,35.3365],[-97.6694,35.3367],[-97.6715,35.3375],[-97.6716,35.3359],[-97.6709,35.3329],[-97.6708,35.3215],[-97.6709,35.313],[-97.6708,35.3033],[-97.6709,35.2402],[-97.6709,35.2038],[-97.6704,35.2031],[-97.6705,35.135],[-97.6705,35.0818],[-97.6706,35.0369],[-97.6706,34.9715],[-97.6705,34.9563],[-97.6706,34.8988],[-97.6707,34.8843],[-97.6705,34.866],[-97.6707,34.8557],[-97.6681,34.8552],[-97.6375,34.8552],[-97.5894,34.8552],[-97.5822,34.8552],[-97.5413,34.8553],[-97.4756,34.8553],[-97.4587,34.8553],[-97.429,34.8553],[-97.3992,34.8553],[-97.3642,34.8553],[-97.3157,34.8551],[-97.2863,34.8553],[-97.2239,34.8552],[-97.1883,34.8552],[-97.1744,34.8551],[-97.1416,34.8551],[-97.1252,34.855],[-97.0376,34.8549],[-97.0103,34.8549],[-97.0003,34.8548],[-96.9714,34.8547],[-96.9528,34.8546],[-96.95,34.8547],[-96.9325,34.8545],[-96.9309,34.8546],[-96.9308,34.8881],[-96.9311,34.9009],[-96.9307,34.9115],[-96.9308,34.9431],[-96.9306,34.9644],[-96.9348,34.9628],[-96.937,34.9626],[-96.9416,34.9609],[-96.9465,34.9585],[-96.948,34.9572],[-96.9519,34.9554],[-96.9531,34.9538],[-96.957,34.951],[-96.9574,34.9488],[-96.9589,34.9459],[-96.9639,34.9406],[-96.9655,34.9365],[-96.9676,34.9346],[-96.9708,34.9343],[-96.9727,34.9354],[-96.9749,34.9343],[-96.9762,34.9321],[-96.9751,34.9301],[-96.9767,34.9269],[-96.9826,34.9219],[-96.9872,34.9213],[-96.9882,34.9192],[-96.9936,34.9158],[-96.9988,34.9151],[-97.0045,34.9121],[-97.0087,34.9106],[-97.0137,34.908],[-97.0159,34.9073],[-97.0259,34.9123],[-97.0304,34.9121],[-97.0358,34.9129],[-97.0432,34.9152],[-97.0495,34.9183],[-97.0525,34.9213],[-97.0606,34.9213],[-97.0693,34.9197],[-97.0718,34.9199],[-97.0753,34.9224],[-97.0797,34.9289],[-97.0827,34.9304],[-97.0876,34.9315],[-97.0968,34.9309],[-97.1004,34.9296],[-97.106,34.9329],[-97.1104,34.9344],[-97.1168,34.9352],[-97.124,34.9341],[-97.1287,34.934],[-97.1329,34.9346],[-97.1349,34.9326],[-97.1345,34.9304],[-97.1324,34.9262],[-97.1338,34.9247],[-97.1363,34.9262],[-97.1425,34.9283]]]},"properties":{"name":"McClain"}},
{"type":"Feature","geometry":{"type":"Polygon","coordinates":[[[-99.1032,34.6379],[-99.1025,34.636],[-99.0982,34.6355],[-99.0961,34.6341],[-99.0937,34.6288],[-99.09,34.6256],[-99.0827,34.6243],[-99.0803,34.6223],[-99.0792,34.6181],[-99.08,34.6153],[-99.0818,34.6138],[-99.085,34.6133],[-99.0885,34.6152],[-99.0913,34.6138],[-99.0918,34.6117],[-99.0866,34.6094],[-99.0849,34.6067],[-99.085,34.6036],[-99.0836,34.6003],[-99.0825,34.5961],[-99.0829,34.5909],[-99.0866,34.5883],[-99.094,34.5871],[-99.0966,34.5881],[-99.0983,34.5898],[-99.0997,34.5941],[-99.1029,34.5937],[-99.1048,34.5923],[-99.1078,34.5917],[-99.1116,34.5922],[-99.1146,34.5907],[-99.1193,34.5894],[-99.1218,34.5879],[-99.1246,34.583],[-99.1293,34.5844],[-99.1307,34.5867],[-99.1327,34.5882],[-99.1332,34.5902],[-99.1322,34.5921],[-99.141,34.5925],[-99.1448,34.5918],[-99.1564,34.588],[-99.1601,34.5875],[-99.1633,34.588],[-99.1669,34.5838],[-99.1711,34.5782],[-99.1734,34.5742],[-99.1747,34.571],[-99.1778,34.5665],[-99.1815,34.5636],[-99.1845,34.5623],[-99.1848,34.56],[-99.1834,34.5575],[-99.1799,34.5547],[-99.1793,34.5536],[-99.1798,34.5504],[-99.1777,34.5485],[-99.1758,34.5481],[-99.1725,34.5493],[-99.171,34.5479],[-99.1718,34.5464],[-99.1762,34.5448],[-99.1778,34.5427],[-99.178,34.5401],[-99.1822,34.5406],[-99.1886,34.5406],[-99.1901,34.5411],[-99.1933,34.5445],[-99.1957,34.545],[-99.1968,34.5424],[-99.1972,34.5353],[-99.1984,34.5308],[-99.2011,34.528],[-99.2037,34.5229],[-99.2067,34.5177],[-99.2087,34.5131],[-99.2078,34.5053],[-99.2101,34.5017],[-99.2157,34.4984],[-99.2174,34.4951],[-99.2207,34.4945],[-99.2221,34.4911],[-99.2204,34.4879],[-99.2211,34.4848],[-99.2246,34.481],[-99.2215,34.4782],[-99.2196,34.4781],[-99.2181,34.4797],[-99.218,34.4831],[-99.2159,34.484],[-99.2149,34.481],[-99.2169,34.4753],[-99.2173,34.4711],[-99.2188,34.4677],[-99.2212,34.4642],[-99.2193,34.4618],[-99.2144,34.4605],[-99.213,34.4583],[-99.2134,34.4562],[-99.2163,34.4545],[-99.2229,34.4538],[-99.2252,34.4513],[-99.228,34.4518],[-99.2299,34.4479],[-99.2308,34.4414],[-99.2303,34.4383],[-99.2279,34.4339],[-99.2243,34.4338],[-99.223,34.4328],[-99.2216,34.4269],[-99.2221,34.424],[-99.2235,34.4215],[-99.2261,34.4198],[-99.228,34.4196],[-99.2308,34.4212],[-99.2307,34.4244],[-99.234,34.4285],[-99.2367,34.4286],[-99.2381,34.425],[-99.2378,34.4199],[-99.2366,34.4172],[-99.2361,34.4117],[-99.2353,34.4087],[-99.2358,34.4029],[-99.2351,34.4011],[-99.2314,34.4003],[-99.228,34.4017],[-99.2266,34.4013],[-99.2268,34.3954],[-99.2294,34.3909],[-99.2289,34.3877],[-99.2266,34.387],[-99.2231,34.3872],[-99.2176,34.3899],[-99.2139,34.3947],[-99.2102,34.3934],[-99.209,34.3918],[-99.2092,34.3886],[-99.2113,34.3868],[-99.2162,34.3813],[-99.2193,34.3792],[-99.2205,34.3759],[-99.2197,34.3743],[-99.2156,34.3732],[-99.21,34.3745],[-99.2076,34.3742],[-99.2041,34.3715],[-99.2027,34.3691],[-99.2027,34.3651],[-99.2017,34.3626],[-99.1991,34.3601],[-99.1951,34.3586],[-99.1927,34.3549],[-99.1921,34.3517],[-99.1923,34.3467],[-99.1953,34.3416],[-99.1983,34.3396],[-99.2069,34.3383],[-99.2107,34.3373],[-99.211,34.3321],[-99.2096,34.3249],[-99.2059,34.3206],[-99.2066,34.317],[-99.211,34.3144],[-99.2132,34.3112],[-99.2132,34.3085],[-99.2102,34.3009],[-99.2096,34.2978],[-99.2114,34.2922],[-99.2109,34.2897],[-99.2089,34.2852],[-99.2078,34.2838],[-99.2035,34.2819],[-99.2,34.2812],[-99.1956,34.2813],[-99.1957,34.2783],[-99.1945,34.2719],[-99.1967,34.2693],[-99.1967,34.2662],[-99.1993,34.2608],[-99.1967,34.261],[-99.1928,34.2598],[-99.1914,34.2578],[-99.192,34.2556],[-99.1939,34.2534],[-99.1962,34.2494],[-99.1969,34.2444],[-99.1951,34.2392],[-99.1909,34.2324],[-99.1899,34.2273],[-99.192,34.2223],[-99.1928,34.2189],[-99.1924,34.2167],[-99.1898,34.2144],[-99.1868,34.2136],[-99.1789,34.2127],[-99.1738,34.2118],[-99.1641,34.209],[-99.1609,34.2092],[-99.1566,34.2072],[-99.1513,34.2076],[-99.1472,34.2099],[-99.1451,34.2124],[-99.1439,34.2148],[-99.1395,34.2174],[-99.1375,34.2193],[-99.1304,34.2195],[-99.1274,34.2181],[-99.1265,34.2162],[-99.1274,34.2138],[-99.13,34.2123],[-99.132,34.2074],[-99.1299,34.2045],[-99.1266,34.2031],[-99.121,34.2018],[-99.1178,34.2024],[-99.117,34.2037],[-99.1128,34.2058],[-99.1105,34.2043],[-99.1075,34.2038],[-99.1063,34.2047],[-99.1022,34.2055],[-99.1002,34.2089],[-99.0972,34.2114],[-99.0953,34.2118],[-99.0933,34.2101],[-99.0898,34.2086],[-99.0866,34.2087],[-99.0806,34.2115],[-99.0758,34.2112],[-99.0702,34.2091],[-99.0663,34.2084],[-99.0602,34.2048],[-99.0587,34.2013],[-99.0563,34.2],[-99.047,34.198],[-99.0434,34.1982],[-99.0408,34.2009],[-99.0389,34.2047],[-99.0373,34.2064],[-99.0354,34.2069],[-99.0274,34.2052],[-99.0245,34.204],[-99.0207,34.2047],[-99.0173,34.2063],[-99.015,34.2039],[-99.013,34.2032],[-99.0098,34.2053],[-99.0057,34.2066],[-99.0022,34.2094],[-99.0018,34.2105],[-99.0044,34.2123],[-99.0047,34.2141],[-99.0015,34.2156],[-99.0006,34.2175],[-98.9963,34.2192],[-98.9917,34.2214],[-98.9882,34.2213],[-98.9857,34.2204],[-98.9812,34.2174],[-98.9786,34.2101],[-98.9767,34.2082],[-98.9767,34.2065],[-98.9726,34.2026],[-98.9689,34.2012],[-98.9657,34.2015],[-98.9624,34.2046],[-98.962,34.2063],[-98.9622,34.2112],[-98.9607,34.2129],[-98.9584,34.2137],[-98.9513,34.2122],[-98.9487,34.2092],[-98.9471,34.2089],[-98.9402,34.2037],[-98.9347,34.1975],[-98.9333,34.1973],[-98.9281,34.1927],[-98.9275,34.1912],[-98.9207,34.1834],[-98.9177,34.1815],[-98.9154,34.181],[-98.9093,34.1775],[-98.9059,34.1772],[-98.8984,34.1751],[-98.893,34.1727],[-98.8905,34.1704],[-98.8871,34.1683],[-98.8845,34.1676],[-98.8794,34.1673],[-98.8761,34.1677],[-98.8729,34.1666],[-98.8712,34.163],[-98.8722,34.1604],[-98.875,34.157],[-98.8733,34.1536],[-98.8692,34.1502],[-98.8657,34.1491],[-98.8625,34.1491],[-98.8601,34.1499],[-98.8584,34.1527],[-98.8582,34.1585],[-98.8573,34.1611],[-98.8545,34.1617],[-98.8508,34.1599],[-98.8477,34.1599],[-98.8432,34.1581],[-98.8371,34.1565],[-98.8333,34.1591],[-98.8311,34.1622],[-98.8251,34.1604],[-98.8153,34.1581],[-98.813,34.1584],[-98.8076,34.1563],[-98.8044,34.1539],[-98.7962,34.1428],[-98.7928,34.1434],[-98.7879,34.1464],[-98.783,34.1423],[-98.7781,34.1395],[-98.7696,34.1378],[-98.7667,34.1368],[-98.7618,34.1338],[-98.7606,34.1324],[-98.7595,34.1289],[-98.7597,34.1269],[-98.7574,34.1247],[-98.7493,34.1242],[-98.7463,34.1255],[-98.742,34.1255],[-98.7395,34.1274],[-98.7372,34.131],[-98.7372,34.1325],[-98.7355,34.1352],[-98.731,34.136],[-98.7285,34.1353],[-98.7227,34.1353],[-98.7186,34.1365],[-98.7149,34.1348],[-98.7141,34.1321],[-98.7125,34.1312],[-98.7091,34.1321],[-98.7061,34.135],[-98.703,34.1359],[-98.7002,34.136],[-98.6959,34.1334],[-98.6934,34.1337],[-98.6901,34.1332],[-98.6858,34.136],[-98.6845,34.1384],[-98.6787,34.1421],[-98.6771,34.1425],[-98.6737,34.1459],[-98.6715,34.1489],[-98.6658,34.1516],[-98.6599,34.1561],[-98.6557,34.1583],[-98.6506,34.1631],[-98.6481,34.1644],[-98.6432,34.1645],[-98.6396,34.1634],[-98.6334,34.1608],[-98.6291,34.1598],[-98.6194,34.1567],[-98.6131,34.1563],[-98.6102,34.1571],[-98.6099,34.1745],[-98.6099,34.2027],[-98.6096,34.2448],[-98.6096,34.29],[-98.6095,34.2962],[-98.6096,34.3098],[-98.6097,34.3337],[-98.662,34.3334],[-98.6619,34.3624],[-98.662,34.4059],[-98.6622,34.4245],[-98.6621,34.4632],[-98.662,34.5075],[-98.7411,34.5075],[-98.7928,34.5075],[-98.8261,34.5074],[-98.826,34.5218],[-98.8261,34.5369],[-98.826,34.5944],[-98.8532,34.5944],[-98.9469,34.5946],[-99.0011,34.5944],[-99.0012,34.6251],[-99.001,34.6379],[-99.0551,34.638],[-99.0729,34.638],[-99.1032,34.6379]]]},"properties":{"name":"Tillman"}},
{"type":"Feature","geometry":{"type":"Polygon","coordinates":[[[-97.1421,35.3769],[-97.142,35.3552],[-97.142,35.3249],[-97.1419,35.3044],[-97.1418,35.299],[-97.142,35.2859],[-97.1418,35.2775],[-97.142,35.2681],[-97.1418,35.225],[-97.141,35.2238],[-97.1416,35.221],[-97.1416,35.203],[-97.142,35.203],[-97.1422,35.1928],[-97.142,35.1554],[-97.142,35.1305],[-97.142,35.0939],[-97.1419,35.0437],[-97.1418,35.0343],[-97.1421,35.0148],[-97.1418,35.0027],[-97.1421,34.9781],[-97.1421,34.9435],[-97.1423,34.9284],[-97.1425,34.9283],[-97.1363,34.9262],[-97.1338,34.9247],[-97.1324,34.9262],[-97.1345,34.9304],[-97.1349,34.9326],[-97.1329,34.9346],[-97.1287,34.934],[-97.124,34.9341],[-97.1168,34.9352],[-97.1104,34.9344],[-97.106,34.9329],[-97.1004,34.9296],[-97.0968,34.9309],[-97.0876,34.9315],[-97.0827,34.9304],[-97.0797,34.9289],[-97.0753,34.9224],[-97.0718,34.9199],[-97.0693,34.9197],[-97.0606,34.9213],[-97.0525,34.9213],[-97.0495,34.9183],[-97.0432,34.9152],[-97.0358,34.9129],[-97.0304,34.9121],[-97.0259,34.9123],[-97.0159,34.9073],[-97.0137,34.908],[-97.0087,34.9106],[-97.0045,34.9121],[-96.9988,34.9151],[-96.9936,34.9158],[-96.9882,34.9192],[-96.9872,34.9213],[-96.9826,34.9219],[-96.9767,34.9269],[-96.9751,34.9301],[-96.9762,34.9321],[-96.9749,34.9343],[-96.9727,34.9354],[-96.9708,34.9343],[-96.9676,34.9346],[-96.9655,34.9365],[-96.9639,34.9406],[-96.9589,34.9459],[-96.9574,34.9488],[-96.957,34.951],[-96.9531,34.9538],[-96.9519,34.9554],[-96.948,34.9572],[-96.9465,34.9585],[-96.9416,34.9609],[-96.937,34.9626],[-96.9348,34.9628],[-96.9306,34.9644],[-96.9283,34.9652],[-96.9213,34.964],[-96.9179,34.9624],[-96.914,34.959],[-96.9106,34.9587],[-96.9032,34.9461],[-96.8995,34.9431],[-96.8968,34.9422],[-96.8945,34.9391],[-96.8923,34.9349],[-96.8905,34.9326],[-96.89,34.9295],[-96.8879,34.9271],[-96.8854,34.9263],[-96.8763,34.926],[-96.872,34.9275],[-96.8681,34.9294],[-96.861,34.9301],[-96.8524,34.9288],[-96.8494,34.9297],[-96.8414,34.9338],[-96.835,34.9394],[-96.8308,34.9419],[-96.8258,34.9434],[-96.8215,34.9461],[-96.8175,34.9463],[-96.8118,34.9435],[-96.8099,34.941],[-96.8072,34.9395],[-96.8039,34.9367],[-96.8017,34.9335],[-96.7982,34.93],[-96.7979,34.9244],[-96.7994,34.92],[-96.8,34.9105],[-96.7986,34.9059],[-96.7906,34.9008],[-96.7851,34.8991],[-96.78,34.8989],[-96.7757,34.9],[-96.7761,34.9094],[-96.7755,34.9184],[-96.7755,34.9479],[-96.7754,34.9649],[-96.7753,34.9999],[-96.7754,35.0472],[-96.7755,35.0713],[-96.7754,35.0788],[-96.7755,35.1119],[-96.7757,35.1181],[-96.7758,35.1361],[-96.776,35.1533],[-96.7765,35.1592],[-96.7769,35.1736],[-96.7767,35.2178],[-96.777,35.2321],[-96.7768,35.2682],[-96.777,35.2752],[-96.7771,35.3036],[-96.7769,35.3142],[-96.7766,35.3545],[-96.7767,35.4114],[-96.7745,35.4087],[-96.7739,35.406],[-96.7689,35.4106],[-96.767,35.4085],[-96.7624,35.4092],[-96.759,35.4075],[-96.7443,35.4066],[-96.7412,35.4075],[-96.7401,35.4089],[-96.7417,35.4121],[-96.7414,35.4144],[-96.7371,35.4155],[-96.7358,35.4135],[-96.7343,35.4138],[-96.7331,35.4166],[-96.7363,35.4177],[-96.7381,35.4199],[-96.7349,35.4204],[-96.7313,35.4234],[-96.7252,35.425],[-96.7215,35.4243],[-96.7169,35.4192],[-96.7172,35.4171],[-96.72,35.4144],[-96.7188,35.412],[-96.7117,35.4155],[-96.7064,35.4151],[-96.7057,35.4167],[-96.7026,35.4162],[-96.7018,35.4149],[-96.7007,35.4097],[-96.6928,35.4088],[-96.6904,35.4077],[-96.6908,35.4052],[-96.6886,35.4036],[-96.6825,35.4059],[-96.6802,35.4051],[-96.679,35.4023],[-96.6753,35.4039],[-96.6744,35.4019],[-96.6723,35.4006],[-96.6654,35.3989],[-96.6612,35.3953],[-96.6594,35.3949],[-96.6549,35.3955],[-96.6535,35.3947],[-96.6537,35.3921],[-96.6518,35.3917],[-96.6467,35.3929],[-96.6455,35.3927],[-96.6414,35.3948],[-96.6377,35.3978],[-96.6356,35.3967],[-96.6338,35.3931],[-96.6315,35.3922],[-96.6291,35.3941],[-96.6269,35.3988],[-96.6239,35.4007],[-96.6237,35.4009],[-96.6238,35.4354],[-96.6249,35.4627],[-96.666,35.4627],[-96.6845,35.4628],[-96.7015,35.4628],[-96.7697,35.4631],[-96.8278,35.4634],[-96.8797,35.4634],[-96.8925,35.4635],[-96.9297,35.4635],[-96.9784,35.4636],[-96.9829,35.4635],[-97.0351,35.4636],[-97.0754,35.4635],[-97.1206,35.4636],[-97.1267,35.464],[-97.1415,35.464],[-97.1416,35.436],[-97.142,35.3964],[-97.1421,35.3769]]]},"properties":{"name":"Pottawatomie"}},
{"type":"Feature","geometry":{"type":"Polygon","coordinates":[[[-99.3602,35.1167],[-99.3481,35.1168],[-99.2724,35.1167],[-99.2357,35.1168],[-99.2083,35.1166],[-99.1926,35.1167],[-99.1922,35.1165],[-99.1771,35.1167],[-99.1098,35.1167],[-99.0937,35.1166],[-99.0397,35.1166],[-99.0081,35.1165],[-98.9268,35.1164],[-98.847,35.1164],[-98.7828,35.1164],[-98.7503,35.1163],[-98.7454,35.1132],[-98.7422,35.1103],[-98.7436,35.1084],[-98.7404,35.1085],[-98.7384,35.1069],[-98.74,35.1059],[-98.7371,35.103],[-98.7347,35.1018],[-98.7335,35.1049],[-98.7333,35.1084],[-98.7317,35.1091],[-98.7331,35.1109],[-98.7305,35.1122],[-98.7244,35.1113],[-98.7216,35.1139],[-98.719,35.1131],[-98.7168,35.1133],[-98.7201,35.1091],[-98.7169,35.1089],[-98.7137,35.107],[-98.7125,35.1048],[-98.7075,35.1065],[-98.7035,35.1105],[-98.6999,35.1108],[-98.6963,35.1119],[-98.6944,35.1111],[-98.6918,35.1088],[-98.6878,35.1089],[-98.6849,35.1071],[-98.6832,35.1079],[-98.6841,35.1115],[-98.6855,35.1135],[-98.6837,35.1143],[-98.681,35.1129],[-98.6803,35.11],[-98.6781,35.1079],[-98.675,35.109],[-98.675,35.1139],[-98.6725,35.1173],[-98.6722,35.119],[-98.6626,35.1181],[-98.6608,35.1194],[-98.6582,35.1225],[-98.6544,35.1214],[-98.6524,35.1226],[-98.65,35.1226],[-98.6473,35.1213],[-98.6461,35.1191],[-98.6425,35.119],[-98.6445,35.117],[-98.6478,35.1177],[-98.6504,35.1148],[-98.6456,35.1116],[-98.6438,35.1115],[-98.6412,35.1133],[-98.6394,35.1193],[-98.6399,35.1228],[-98.6389,35.1232],[-98.6351,35.1213],[-98.63,35.1164],[-98.629,35.1129],[-98.6293,35.1104],[-98.6259,35.1092],[-98.6249,35.1069],[-98.6253,35.1024],[-98.6223,35.0972],[-98.6211,35.0974],[-98.6199,35.1012],[-98.618,35.1017],[-98.6182,35.1081],[-98.6181,35.1407],[-98.618,35.142],[-98.6181,35.1824],[-98.618,35.2041],[-98.6239,35.2044],[-98.6237,35.2255],[-98.6238,35.2416],[-98.6236,35.2567],[-98.6235,35.2927],[-98.6234,35.3304],[-98.6234,35.3808],[-98.6232,35.4348],[-98.6234,35.4517],[-98.6233,35.4642],[-98.6341,35.4645],[-98.6502,35.4644],[-98.7299,35.4644],[-98.7646,35.4647],[-98.7719,35.4646],[-98.7823,35.4648],[-98.8064,35.4648],[-98.8352,35.4651],[-98.9021,35.4651],[-98.9848,35.4652],[-99.0388,35.4652],[-99.0816,35.4652],[-99.0974,35.4654],[-99.1038,35.4651],[-99.1232,35.4652],[-99.1373,35.4654],[-99.1616,35.4655],[-99.1776,35.4654],[-99.1989,35.4656],[-99.2237,35.4654],[-99.2433,35.4654],[-99.3191,35.4654],[-99.3312,35.4653],[-99.3642,35.4653],[-99.3642,35.4539],[-99.3644,35.3951],[-99.3644,35.3637],[-99.3646,35.3222],[-99.3644,35.3201],[-99.3647,35.25],[-99.3645,35.2191],[-99.3643,35.2045],[-99.3602,35.2045],[-99.3602,35.1941],[-99.3602,35.1409],[-99.3602,35.1167]]]},"properties":{"name":"Washita"}},
{"type":"Feature","geometry":{"type":"Polygon","coordinates":[[[-98.9603,36.5069],[-98.8754,36.5067],[-98.8709,36.5064],[-98.8436,36.5062],[-98.8385,36.5],[-98.8337,36.4911],[-98.8291,36.4842],[-98.8232,36.4776],[-98.8195,36.471],[-98.8078,36.4607],[-98.8027,36.4588],[-98.7925,36.4533],[-98.7853,36.4505],[-98.7777,36.4484],[-98.7645,36.4467],[-98.7504,36.4483],[-98.7433,36.4486],[-98.7366,36.4475],[-98.7268,36.4453],[-98.723,36.4427],[-98.7185,36.4375],[-98.7092,36.422],[-98.7049,36.419],[-98.6995,36.416],[-98.689,36.4125],[-98.6806,36.4104],[-98.6628,36.4046],[-98.6443,36.3972],[-98.6254,36.3926],[-98.6169,36.3924],[-98.6028,36.3908],[-98.5934,36.392],[-98.5869,36.3937],[-98.5817,36.3955],[-98.5761,36.3965],[-98.5733,36.3978],[-98.564,36.4002],[-98.5598,36.4019],[-98.5525,36.4023],[-98.5473,36.4008],[-98.5445,36.401],[-98.5335,36.3976],[-98.5336,36.4632],[-98.5335,36.4914],[-98.5335,36.5211],[-98.5334,36.5942],[-98.5405,36.5942],[-98.5403,36.6117],[-98.5405,36.6232],[-98.5405,36.6521],[-98.5406,36.6776],[-98.5405,36.6956],[-98.5406,36.7203],[-98.5404,36.7488],[-98.5405,36.7537],[-98.5404,36.8118],[-98.5402,36.8581],[-98.5404,36.915],[-98.5402,36.9422],[-98.545,36.9422],[-98.5447,36.9693],[-98.5447,36.9988],[-98.5625,36.9988],[-98.6057,36.9988],[-98.6347,36.9989],[-98.6527,36.9988],[-98.7251,36.9991],[-98.7716,36.9994],[-98.797,36.9995],[-98.7973,36.9992],[-98.8442,36.9994],[-98.8797,36.9995],[-98.8807,36.9993],[-98.905,36.9995],[-98.9412,36.9996],[-98.9775,36.9996],[-99.0014,36.9995],[-99.0297,36.9996],[-99.0497,36.9992],[-99.1057,36.9995],[-99.1249,36.9994],[-99.1815,36.9995],[-99.2269,36.9995],[-99.2739,36.9995],[-99.2779,36.9996],[-99.3571,36.9999],[-99.3754,37.0002],[-99.3861,37.0001],[-99.407,36.9996],[-99.4562,36.9995],[-99.4529,36.9955],[-99.4501,36.9947],[-99.4466,36.9956],[-99.4434,36.9955],[-99.4412,36.9934],[-99.4399,36.9907],[-99.44,36.9873],[-99.4389,36.9838],[-99.4392,36.9804],[-99.4356,36.9749],[-99.4341,36.9701],[-99.43,36.9642],[-99.4284,36.9631],[-99.4272,36.96],[-99.4282,36.9553],[-99.4266,36.9509],[-99.4205,36.9411],[-99.414,36.9355],[-99.4105,36.9306],[-99.4049,36.9251],[-99.3981,36.9215],[-99.3963,36.9177],[-99.393,36.9127],[-99.391,36.911],[-99.387,36.9059],[-99.3883,36.9016],[-99.3855,36.8939],[-99.3837,36.8911],[-99.3777,36.8859],[-99.3759,36.8818],[-99.373,36.8786],[-99.3711,36.878],[-99.3679,36.8783],[-99.3653,36.8776],[-99.3617,36.875],[-99.3564,36.872],[-99.3501,36.8702],[-99.339,36.8662],[-99.337,36.865],[-99.3303,36.863],[-99.3266,36.8593],[-99.3221,36.8572],[-99.3143,36.8562],[-99.3134,36.8539],[-99.3182,36.85],[-99.3188,36.8481],[-99.3174,36.8423],[-99.3137,36.8372],[-99.3108,36.8347],[-99.3098,36.8301],[-99.3084,36.8289],[-99.2991,36.8239],[-99.2952,36.8196],[-99.2948,36.8178],[-99.2943,36.8059],[-99.2927,36.8046],[-99.2867,36.8021],[-99.2823,36.7987],[-99.2773,36.7958],[-99.2702,36.7897],[-99.2599,36.7875],[-99.2532,36.7854],[-99.2504,36.785],[-99.2453,36.7864],[-99.2424,36.7858],[-99.2332,36.787],[-99.2298,36.7882],[-99.2178,36.7868],[-99.2165,36.787],[-99.2106,36.7907],[-99.2028,36.7912],[-99.1991,36.7909],[-99.1953,36.7887],[-99.1891,36.7874],[-99.1808,36.7874],[-99.1777,36.7884],[-99.1667,36.7906],[-99.1635,36.7902],[-99.1581,36.7878],[-99.1523,36.7876],[-99.1399,36.783],[-99.135,36.7784],[-99.1328,36.774],[-99.1283,36.7694],[-99.1267,36.766],[-99.1266,36.7626],[-99.1195,36.7579],[-99.114,36.754],[-99.1078,36.7504],[-99.1068,36.7474],[-99.1053,36.7457],[-99.1024,36.7439],[-99.0974,36.7421],[-99.0954,36.7382],[-99.0957,36.7368],[-99.0921,36.7316],[-99.0845,36.7216],[-99.0825,36.7201],[-99.0757,36.717],[-99.0698,36.7161],[-99.0658,36.7164],[-99.0615,36.7154],[-99.0572,36.7113],[-99.0551,36.7073],[-99.052,36.7047],[-99.0496,36.6997],[-99.0461,36.6971],[-99.0443,36.6949],[-99.0446,36.6927],[-99.0461,36.6901],[-99.0481,36.6885],[-99.0481,36.6865],[-99.0442,36.6829],[-99.0413,36.6809],[-99.04,36.6785],[-99.0393,36.6736],[-99.0378,36.6712],[-99.0342,36.6673],[-99.0309,36.6649],[-99.0235,36.6611],[-99.0224,36.6576],[-99.0248,36.6522],[-99.0248,36.6503],[-99.0228,36.6471],[-99.0225,36.6424],[-99.019,36.6409],[-99.013,36.6402],[-99.0103,36.636],[-99.0101,36.6333],[-99.0067,36.6311],[-99.0003,36.6294],[-98.991,36.6192],[-98.9888,36.6156],[-98.9761,36.6031],[-98.9715,36.6003],[-98.9667,36.5995],[-98.96,36.599],[-98.9602,36.5864],[-98.9602,36.5503],[-98.9603,36.5069]]]},"properties":{"name":"Woods"}},
{"type":"Feature","geometry":{"type":"Polygon","coordinates":[[[-97.3521,34.5068],[-97.3522,34.5001],[-97.3523,34.4314],[-97.3522,34.3762],[-97.2737,34.3762],[-97.186,34.3762],[-97.1779,34.3761],[-97.1151,34.3761],[-97.0922,34.3758],[-97.0698,34.3758],[-97.0365,34.3754],[-97.0337,34.3729],[-97.0355,34.3705],[-97.0379,34.369],[-97.0388,34.3669],[-97.0384,34.3649],[-97.0349,34.3606],[-97.0352,34.3554],[-97.0317,34.3521],[-97.0315,34.3505],[-97.0357,34.3476],[-97.0426,34.3446],[-97.0428,34.3425],[-97.0406,34.3385],[-97.0395,34.3375],[-97.0329,34.3352],[-97.0307,34.3349],[-97.0287,34.3326],[-97.0068,34.3323],[-96.9724,34.3324],[-96.9335,34.3327],[-96.881,34.333],[-96.8806,34.3899],[-96.881,34.3948],[-96.8808,34.4049],[-96.8808,34.4576],[-96.8808,34.5061],[-96.8614,34.506],[-96.8467,34.5061],[-96.8273,34.506],[-96.8273,34.5932],[-96.8852,34.5933],[-96.9177,34.5932],[-96.9324,34.5933],[-96.9325,34.6223],[-96.9323,34.6368],[-96.9692,34.6368],[-96.9929,34.6369],[-97.0026,34.6368],[-97.0196,34.637],[-97.0548,34.6371],[-97.0826,34.637],[-97.1129,34.637],[-97.1427,34.6371],[-97.1424,34.6226],[-97.1796,34.6226],[-97.1966,34.6227],[-97.1974,34.6209],[-97.1953,34.6182],[-97.1948,34.6161],[-97.1982,34.6138],[-97.199,34.6115],[-97.198,34.6088],[-97.1955,34.6067],[-97.1926,34.6067],[-97.1905,34.6046],[-97.1924,34.6027],[-97.1929,34.6006],[-97.1913,34.5974],[-97.1893,34.596],[-97.186,34.5962],[-97.1848,34.5953],[-97.1805,34.595],[-97.176,34.5957],[-97.1715,34.5933],[-97.1702,34.5901],[-97.1671,34.5882],[-97.1689,34.5858],[-97.1735,34.5868],[-97.1747,34.5859],[-97.1731,34.5837],[-97.173,34.5811],[-97.1716,34.5786],[-97.168,34.5761],[-97.1643,34.575],[-97.1652,34.5725],[-97.1675,34.5724],[-97.1719,34.5742],[-97.1743,34.5743],[-97.1761,34.5714],[-97.1741,34.5682],[-97.1732,34.5651],[-97.1696,34.5631],[-97.1641,34.5631],[-97.1584,34.5647],[-97.1572,34.5635],[-97.1594,34.5614],[-97.1643,34.5598],[-97.1625,34.5565],[-97.1584,34.5534],[-97.1575,34.551],[-97.1595,34.5494],[-97.1628,34.5488],[-97.1637,34.5473],[-97.162,34.5409],[-97.1606,34.538],[-97.1602,34.5349],[-97.162,34.5327],[-97.1648,34.5329],[-97.1649,34.5306],[-97.1603,34.5297],[-97.1592,34.5281],[-97.1591,34.525],[-97.1568,34.5218],[-97.1533,34.5212],[-97.1498,34.5214],[-97.1465,34.5225],[-97.1437,34.5207],[-97.1452,34.519],[-97.1502,34.5184],[-97.1531,34.5168],[-97.1503,34.5133],[-97.1445,34.5102],[-97.1434,34.5088],[-97.1439,34.5065],[-97.1504,34.5066],[-97.1992,34.5067],[-97.2342,34.5068],[-97.2881,34.5068],[-97.3416,34.5069],[-97.3521,34.5068]]]},"properties":{"name":"Murray"}},
{"type":"Feature","geometry":{"type":"Polygon","coordinates":[[[-96.2683,36.162],[-96.2702,36.1676],[-96.2692,36.1737],[-96.2635,36.1803],[-96.2577,36.1837],[-96.2503,36.1892],[-96.2476,36.1915],[-96.244,36.197],[-96.243,36.2002],[-96.2428,36.2047],[-96.2446,36.2108],[-96.2463,36.2147],[-96.2503,36.22],[-96.254,36.2238],[-96.2566,36.2257],[-96.2594,36.2265],[-96.2673,36.2274],[-96.2857,36.2272],[-96.2905,36.2269],[-96.3015,36.2282],[-96.3063,36.2283],[-96.3165,36.2275],[-96.3222,36.2262],[-96.3267,36.2266],[-96.3366,36.2288],[-96.34,36.23],[-96.3477,36.2344],[-96.3515,36.2375],[-96.3584,36.2454],[-96.3629,36.2501],[-96.3662,36.2527],[-96.3709,36.2555],[-96.3791,36.2615],[-96.3815,36.2636],[-96.3868,36.2671],[-96.3929,36.2702],[-96.4013,36.2735],[-96.4087,36.2752],[-96.4224,36.2775],[-96.4278,36.2802],[-96.4338,36.2859],[-96.4363,36.2898],[-96.4379,36.2939],[-96.4385,36.305],[-96.442,36.3151],[-96.4458,36.3213],[-96.4542,36.3304],[-96.4577,36.3327],[-96.4613,36.3337],[-96.4666,36.334],[-96.4741,36.3336],[-96.4807,36.3322],[-96.4868,36.3298],[-96.4881,36.3279],[-96.4954,36.3198],[-96.4973,36.3173],[-96.4987,36.3121],[-96.5014,36.3074],[-96.5057,36.303],[-96.511,36.3],[-96.5152,36.2983],[-96.5199,36.2971],[-96.5253,36.2964],[-96.5364,36.2964],[-96.547,36.2981],[-96.5525,36.2999],[-96.5606,36.304],[-96.5639,36.3061],[-96.5693,36.3108],[-96.5735,36.3157],[-96.5735,36.3201],[-96.5728,36.327],[-96.5733,36.3294],[-96.5703,36.336],[-96.5644,36.3428],[-96.559,36.3485],[-96.554,36.3513],[-96.5465,36.3522],[-96.5392,36.3539],[-96.5342,36.356],[-96.5292,36.3595],[-96.5267,36.3624],[-96.5231,36.3652],[-96.522,36.3673],[-96.5215,36.3712],[-96.5193,36.3734],[-96.5187,36.3776],[-96.5224,36.3871],[-96.5266,36.3942],[-96.5301,36.3966],[-96.5363,36.3999],[-96.5407,36.4004],[-96.5485,36.3963],[-96.5542,36.3915],[-96.561,36.3863],[-96.5664,36.3804],[-96.5721,36.376],[-96.5757,36.3743],[-96.5831,36.3735],[-96.5896,36.3745],[-96.5943,36.3764],[-96.6005,36.3806],[-96.6019,36.3823],[-96.6023,36.387],[-96.6042,36.3983],[-96.6064,36.4033],[-96.6093,36.4047],[-96.613,36.4053],[-96.6147,36.407],[-96.6201,36.4098],[-96.6225,36.4164],[-96.6271,36.422],[-96.6325,36.4238],[-96.6357,36.4259],[-96.6383,36.4258],[-96.6476,36.4239],[-96.6617,36.4227],[-96.6675,36.4212],[-96.6745,36.4204],[-96.6825,36.4218],[-96.6895,36.4239],[-96.6927,36.4261],[-96.6948,36.427],[-96.702,36.4314],[-96.7041,36.4337],[-96.705,36.4358],[-96.7095,36.4369],[-96.7158,36.4431],[-96.7171,36.4453],[-96.7181,36.4531],[-96.7177,36.4553],[-96.7123,36.4652],[-96.7102,36.4709],[-96.7083,36.4748],[-96.7062,36.4776],[-96.7056,36.4811],[-96.7063,36.4862],[-96.7076,36.4894],[-96.7097,36.4912],[-96.7139,36.4928],[-96.72,36.4968],[-96.7249,36.5032],[-96.7245,36.5061],[-96.7231,36.5089],[-96.7229,36.5168],[-96.7235,36.5202],[-96.727,36.5261],[-96.7283,36.532],[-96.7304,36.5383],[-96.7327,36.5432],[-96.7362,36.548],[-96.7372,36.5501],[-96.7406,36.553],[-96.7432,36.554],[-96.7487,36.5595],[-96.7536,36.5626],[-96.7548,36.5625],[-96.7635,36.5647],[-96.7695,36.5654],[-96.7734,36.5635],[-96.7805,36.561],[-96.7832,36.5605],[-96.7909,36.5556],[-96.7981,36.5536],[-96.8024,36.5511],[-96.8079,36.547],[-96.821,36.5388],[-96.8225,36.5353],[-96.8264,36.5295],[-96.8344,36.5246],[-96.8377,36.5208],[-96.8372,36.5162],[-96.8379,36.5117],[-96.839,36.5097],[-96.8423,36.5073],[-96.8427,36.506],[-96.8476,36.4989],[-96.8514,36.4926],[-96.8517,36.4913],[-96.8574,36.4859],[-96.8604,36.485],[-96.8656,36.4812],[-96.868,36.4775],[-96.8707,36.4746],[-96.8739,36.4726],[-96.8753,36.4709],[-96.8774,36.4707],[-96.884,36.4725],[-96.8876,36.4728],[-96.8904,36.472],[-96.8932,36.4702],[-96.8967,36.4687],[-96.9018,36.4683],[-96.9038,36.469],[-96.9125,36.4678],[-96.9175,36.4639],[-96.9199,36.4632],[-96.9252,36.463],[-96.9266,36.4607],[-96.9305,36.459],[-96.9338,36.4563],[-96.9402,36.4555],[-96.9476,36.4575],[-96.9543,36.46],[-96.9672,36.4601],[-96.9728,36.4619],[-96.982,36.4661],[-96.9838,36.4705],[-96.9887,36.475],[-96.9938,36.4785],[-97.0008,36.4812],[-97.0055,36.486],[-97.007,36.4892],[-97.0068,36.4929],[-97.0082,36.4961],[-97.0097,36.5039],[-97.0098,36.5069],[-97.013,36.507],[-97.0321,36.507],[-97.032,36.4574],[-97.0322,36.375],[-97.0323,36.3591],[-97.0319,36.3442],[-97.0321,36.3334],[-96.9528,36.3334],[-96.9249,36.3333],[-96.925,36.2961],[-96.9249,36.2476],[-96.9251,36.2465],[-96.8753,36.2464],[-96.8749,36.2465],[-96.819,36.2465],[-96.8184,36.2321],[-96.8187,36.2134],[-96.8188,36.1833],[-96.819,36.1589],[-96.7923,36.1593],[-96.7808,36.1592],[-96.737,36.1595],[-96.693,36.1596],[-96.6291,36.1598],[-96.6266,36.1602],[-96.6214,36.1599],[-96.6213,36.1636],[-96.539,36.1636],[-96.5003,36.1636],[-96.4996,36.1637],[-96.4548,36.1635],[-96.3919,36.1632],[-96.3876,36.163],[-96.3753,36.163],[-96.3694,36.1627],[-96.3517,36.1628],[-96.3427,36.1626],[-96.3342,36.1627],[-96.324,36.1625],[-96.307,36.1625],[-96.2979,36.1623],[-96.2683,36.162]]]},"properties":{"name":"Pawnee"}},
{"type":"Feature","geometry":{"type":"Polygon","coordinates":[[[-100.0004,35.8809],[-100.0004,35.813],[-100.0004,35.7627],[-100.0004,35.6925],[-100.0004,35.639],[-100.0004,35.5922],[-100.0004,35.5191],[-99.9996,35.5004],[-99.9998,35.4929],[-99.9996,35.4829],[-99.9997,35.4727],[-99.9996,35.4493],[-99.9997,35.4224],[-99.9827,35.4222],[-99.9781,35.4223],[-99.9265,35.4223],[-99.8451,35.4221],[-99.7977,35.4221],[-99.7504,35.4223],[-99.7238,35.4219],[-99.699,35.4216],[-99.6817,35.4217],[-99.6358,35.4217],[-99.6161,35.4216],[-99.5841,35.4215],[-99.5758,35.4217],[-99.5759,35.4349],[-99.5757,35.4687],[-99.576,35.5],[-99.5756,35.5089],[-99.5593,35.5089],[-99.5497,35.5088],[-99.5188,35.5086],[-99.5004,35.5088],[-99.4908,35.5091],[-99.4526,35.5089],[-99.4399,35.5091],[-99.4182,35.5091],[-99.4008,35.5089],[-99.3641,35.5088],[-99.3641,35.5502],[-99.364,35.5517],[-99.3771,35.5517],[-99.377,35.5792],[-99.377,35.6034],[-99.3769,35.6696],[-99.3767,35.7095],[-99.3765,35.7437],[-99.3763,35.7519],[-99.3762,35.7805],[-99.3759,35.8003],[-99.3758,35.8122],[-99.3758,35.8524],[-99.3759,35.875],[-99.3758,35.8988],[-99.3811,35.8988],[-99.3808,35.9106],[-99.3809,35.9279],[-99.3809,35.9714],[-99.3809,35.9996],[-99.381,36.0129],[-99.3835,36.0137],[-99.3896,36.0133],[-99.3995,36.0119],[-99.4076,36.0125],[-99.4221,36.0119],[-99.4255,36.0114],[-99.4312,36.0096],[-99.4372,36.0082],[-99.4465,36.007],[-99.4528,36.0052],[-99.4588,36.0024],[-99.4629,36],[-99.4698,35.9912],[-99.4775,35.9857],[-99.4794,35.9855],[-99.4852,35.9863],[-99.4881,35.9845],[-99.4937,35.9797],[-99.4958,35.9787],[-99.4993,35.9721],[-99.5003,35.967],[-99.5054,35.9578],[-99.506,35.9489],[-99.5089,35.9459],[-99.5092,35.9392],[-99.5111,35.9368],[-99.5139,35.9277],[-99.5153,35.9258],[-99.5247,35.9199],[-99.5257,35.9185],[-99.5317,35.9134],[-99.5342,35.9116],[-99.5359,35.9084],[-99.5444,35.9026],[-99.5496,35.9002],[-99.5519,35.8963],[-99.5521,35.8948],[-99.5497,35.8872],[-99.5503,35.8848],[-99.5551,35.879],[-99.5566,35.875],[-99.5585,35.866],[-99.5619,35.8634],[-99.5681,35.8626],[-99.5774,35.8596],[-99.5837,35.8589],[-99.5883,35.8577],[-99.596,35.8572],[-99.6018,35.8559],[-99.6055,35.8532],[-99.6107,35.8476],[-99.6151,35.845],[-99.6177,35.8429],[-99.6206,35.842],[-99.6244,35.843],[-99.6297,35.8426],[-99.635,35.8431],[-99.6425,35.8458],[-99.65,35.8492],[-99.6532,35.8501],[-99.6644,35.8518],[-99.6778,35.851],[-99.6814,35.851],[-99.6855,35.8517],[-99.6879,35.8529],[-99.6938,35.8545],[-99.7027,35.8563],[-99.7171,35.8598],[-99.7231,35.8632],[-99.7239,35.8657],[-99.7294,35.8703],[-99.7384,35.875],[-99.7424,35.8797],[-99.7464,35.882],[-99.7504,35.8827],[-99.7533,35.8826],[-99.7592,35.8809],[-99.7611,35.8807],[-99.767,35.8826],[-99.7723,35.8863],[-99.775,35.8873],[-99.777,35.8891],[-99.7787,35.8936],[-99.7791,35.8964],[-99.7816,35.8986],[-99.7853,35.8995],[-99.7869,35.9019],[-99.7898,35.9042],[-99.7965,35.9069],[-99.8014,35.9106],[-99.802,35.9127],[-99.8023,35.9204],[-99.805,35.9246],[-99.8091,35.9275],[-99.8102,35.9289],[-99.8104,35.9341],[-99.8072,35.9409],[-99.8098,35.9455],[-99.8098,35.9533],[-99.8079,35.9603],[-99.8049,35.9641],[-99.8023,35.9716],[-99.8044,35.9802],[-99.8059,35.9838],[-99.8049,35.9884],[-99.8074,35.9914],[-99.8072,35.9936],[-99.8094,36],[-99.8138,36.0031],[-99.8173,36.0043],[-99.8236,36.0055],[-99.8305,36.0063],[-99.8379,36.0068],[-99.8473,36.0061],[-99.8515,36.0051],[-99.855,36.0037],[-99.86,35.9988],[-99.8645,35.9952],[-99.8689,35.9909],[-99.8723,35.9887],[-99.8754,35.9878],[-99.8883,35.9878],[-99.8934,35.9853],[-99.8946,35.9829],[-99.8944,35.9783],[-99.895,35.9771],[-99.9022,35.9714],[-99.9059,35.9681],[-99.9083,35.9666],[-99.9105,35.9641],[-99.9114,35.9619],[-99.9125,35.955],[-99.9113,35.946],[-99.9107,35.9444],[-99.907,35.9423],[-99.9057,35.9395],[-99.9056,35.9367],[-99.9084,35.9281],[-99.9101,35.9269],[-99.9189,35.9218],[-99.9212,35.9198],[-99.9251,35.9137],[-99.9345,35.9095],[-99.9433,35.9065],[-99.949,35.9039],[-99.9562,35.9018],[-99.9596,35.9],[-99.9638,35.8964],[-99.967,35.8921],[-99.9721,35.8888],[-99.9772,35.8875],[-99.9854,35.8841],[-99.9887,35.8836],[-99.9948,35.8818],[-100.0004,35.8809]]]},"properties":{"name":"Roger Mills"}},
{"type":"Feature","geometry":{"type":"Polygon","coordinates":[[[-94.4356,35.3861],[-94.4307,35.3925],[-94.4315,35.3951],[-94.4317,35.3984],[-94.4332,35.4051],[-94.4383,35.4342],[-94.4399,35.4412],[-94.4415,35.4527],[-94.4421,35.4538],[-94.45,35.4981],[-94.4504,35.5024],[-94.4621,35.574],[-94.4629,35.58],[-94.4726,35.6386],[-94.5027,35.6383],[-94.5709,35.6383],[-94.6252,35.6382],[-94.6479,35.6385],[-94.6661,35.6385],[-94.6836,35.6382],[-94.7355,35.6388],[-94.7608,35.6385],[-94.8027,35.6387],[-94.8073,35.6386],[-94.8714,35.6387],[-94.8752,35.6388],[-94.9005,35.6388],[-94.9037,35.6385],[-94.9173,35.6386],[-94.9405,35.6386],[-94.9461,35.6387],[-94.972,35.6383],[-94.9942,35.6384],[-95.0001,35.6386],[-95.0032,35.6383],[-95.0511,35.6388],[-95.0788,35.6387],[-95.1275,35.6389],[-95.1274,35.6251],[-95.1276,35.6127],[-95.1272,35.6095],[-95.1272,35.5935],[-95.1275,35.5899],[-95.1275,35.5518],[-95.1326,35.5513],[-95.1324,35.5262],[-95.1276,35.5213],[-95.1252,35.516],[-95.1247,35.512],[-95.1208,35.5057],[-95.1146,35.4993],[-95.1076,35.4931],[-95.1038,35.4905],[-95.0983,35.4879],[-95.0961,35.4857],[-95.0924,35.4797],[-95.091,35.4759],[-95.0883,35.4648],[-95.0856,35.4614],[-95.0823,35.4596],[-95.0772,35.4588],[-95.0738,35.46],[-95.0715,35.4617],[-95.0655,35.4648],[-95.0612,35.4651],[-95.0499,35.4589],[-95.0462,35.4575],[-95.0415,35.4569],[-95.0359,35.457],[-95.032,35.4563],[-95.0277,35.4548],[-95.0249,35.4531],[-95.0235,35.4508],[-95.0233,35.4485],[-95.0244,35.4422],[-95.0246,35.4352],[-95.0242,35.4314],[-95.0228,35.4287],[-95.0199,35.425],[-95.0144,35.421],[-95.0118,35.4184],[-95.0065,35.4146],[-95.0002,35.412],[-94.9963,35.4111],[-94.992,35.4095],[-94.9868,35.4084],[-94.975,35.408],[-94.9715,35.4071],[-94.966,35.4067],[-94.9592,35.4083],[-94.9552,35.4087],[-94.9513,35.4083],[-94.9489,35.4073],[-94.9407,35.3983],[-94.9385,35.3966],[-94.9257,35.3928],[-94.9205,35.3931],[-94.917,35.3938],[-94.9111,35.3972],[-94.9082,35.3984],[-94.9047,35.3988],[-94.9018,35.3979],[-94.8963,35.3918],[-94.8939,35.3881],[-94.8923,35.3843],[-94.8923,35.3797],[-94.8935,35.3751],[-94.8947,35.3731],[-94.9024,35.3672],[-94.9087,35.3629],[-94.9132,35.3603],[-94.9153,35.3586],[-94.9193,35.3541],[-94.9187,35.3504],[-94.9145,35.3475],[-94.9119,35.3467],[-94.9047,35.3464],[-94.902,35.3467],[-94.8955,35.3492],[-94.8769,35.3541],[-94.8724,35.3545],[-94.8659,35.3566],[-94.8595,35.36],[-94.8531,35.3649],[-94.8497,35.3686],[-94.8452,35.3708],[-94.8421,35.3711],[-94.8385,35.3702],[-94.8349,35.3684],[-94.8312,35.3655],[-94.829,35.3615],[-94.829,35.3468],[-94.8275,35.3374],[-94.8259,35.3334],[-94.8238,35.3294],[-94.8207,35.3259],[-94.8173,35.3239],[-94.8136,35.3233],[-94.8117,35.3231],[-94.8009,35.325],[-94.7944,35.3271],[-94.7905,35.3313],[-94.7886,35.3356],[-94.785,35.3422],[-94.7814,35.3474],[-94.7784,35.3509],[-94.775,35.3524],[-94.7734,35.354],[-94.7697,35.3553],[-94.7638,35.3557],[-94.7564,35.3568],[-94.7502,35.357],[-94.7429,35.356],[-94.736,35.3541],[-94.73,35.3519],[-94.7257,35.3497],[-94.7206,35.3459],[-94.7146,35.3397],[-94.7055,35.3332],[-94.7023,35.332],[-94.6952,35.331],[-94.6891,35.3292],[-94.6835,35.3263],[-94.6804,35.3227],[-94.6789,35.3184],[-94.6782,35.3119],[-94.6783,35.3048],[-94.6756,35.3005],[-94.6688,35.295],[-94.6631,35.2926],[-94.6574,35.2916],[-94.648,35.2912],[-94.6435,35.2918],[-94.6334,35.2938],[-94.6295,35.2953],[-94.6252,35.2975],[-94.6212,35.3007],[-94.6159,35.3041],[-94.613,35.3076],[-94.61,35.313],[-94.6039,35.3217],[-94.5988,35.3264],[-94.5948,35.328],[-94.589,35.3285],[-94.5832,35.3283],[-94.5765,35.3289],[-94.5691,35.3256],[-94.5652,35.3226],[-94.5636,35.3199],[-94.5546,35.3102],[-94.5476,35.3064],[-94.5427,35.305],[-94.5385,35.3043],[-94.5335,35.3043],[-94.5286,35.3052],[-94.5191,35.3082],[-94.517,35.3095],[-94.5152,35.3087],[-94.5152,35.3066],[-94.5112,35.3045],[-94.5057,35.3049],[-94.5041,35.3059],[-94.5011,35.3058],[-94.4983,35.3045],[-94.4953,35.3012],[-94.4924,35.3018],[-94.4902,35.3032],[-94.4853,35.3048],[-94.4824,35.3072],[-94.4811,35.3095],[-94.4821,35.3154],[-94.4833,35.3181],[-94.4877,35.3225],[-94.492,35.3254],[-94.4948,35.3298],[-94.4944,35.3348],[-94.4948,35.3426],[-94.4913,35.3448],[-94.4891,35.3451],[-94.4815,35.35],[-94.4805,35.3523],[-94.4833,35.3551],[-94.4859,35.3604],[-94.4867,35.3649],[-94.4836,35.3694],[-94.4818,35.3701],[-94.4801,35.3721],[-94.476,35.3746],[-94.4707,35.3764],[-94.4612,35.3781],[-94.4606,35.3786],[-94.4548,35.3785],[-94.4487,35.3794],[-94.4431,35.3812],[-94.4424,35.3809],[-94.4368,35.3848],[-94.4341,35.3775],[-94.4356,35.3861]]]},"properties":{"name":"Sequoyah"}},
{"type":"Feature","geometry":{"type":"Polygon","coordinates":[[[-96.0331,35.8568],[-96.04,35.8569],[-96.0861,35.8572],[-96.1197,35.8572],[-96.1253,35.8573],[-96.1925,35.857],[-96.1925,35.8],[-96.1919,35.7935],[-96.1925,35.7915],[-96.1924,35.7704],[-96.1925,35.7696],[-96.1925,35.7472],[-96.1927,35.6866],[-96.1926,35.6641],[-96.1926,35.6391],[-96.1924,35.6176],[-96.1926,35.6167],[-96.1927,35.5679],[-96.1928,35.5519],[-96.1501,35.552],[-96.1253,35.5521],[-96.1233,35.5519],[-96.0984,35.5521],[-96.0878,35.5521],[-96.0877,35.5131],[-96.0879,35.5001],[-96.0875,35.4785],[-96.0877,35.4599],[-96.0876,35.4216],[-96.0877,35.3971],[-96.0875,35.3769],[-96.0803,35.3768],[-96.059,35.3769],[-96.0447,35.3769],[-96.0438,35.3771],[-96.0238,35.377],[-96.0205,35.3768],[-95.9813,35.3768],[-95.9229,35.3767],[-95.9183,35.3766],[-95.9019,35.3767],[-95.8756,35.3767],[-95.8756,35.405],[-95.8754,35.4057],[-95.8754,35.4273],[-95.8757,35.4304],[-95.8756,35.4636],[-95.8579,35.4638],[-95.8478,35.4637],[-95.8234,35.464],[-95.8225,35.493],[-95.8226,35.4999],[-95.8224,35.5217],[-95.8224,35.5517],[-95.7787,35.5516],[-95.7503,35.552],[-95.7492,35.5518],[-95.7316,35.5517],[-95.7312,35.5519],[-95.713,35.5518],[-95.7132,35.5645],[-95.7132,35.5807],[-95.7133,35.5857],[-95.7131,35.6069],[-95.713,35.6375],[-95.7126,35.6533],[-95.7128,35.6674],[-95.7132,35.6781],[-95.7131,35.7258],[-95.7663,35.7257],[-95.7662,35.7618],[-95.7663,35.7693],[-95.7661,35.7837],[-95.7661,35.82],[-95.766,35.8489],[-95.7662,35.8564],[-95.7967,35.8566],[-95.8056,35.8566],[-95.8062,35.856],[-95.82,35.8559],[-95.8657,35.8561],[-95.884,35.8565],[-95.8905,35.8563],[-95.9616,35.8567],[-95.9639,35.8568],[-95.9888,35.8567],[-96.0018,35.8569],[-96.0331,35.8568]]]},"properties":{"name":"Okmulgee"}},
{"type":"Feature","geometry":{"type":"Polygon","coordinates":[[[-97.674,35.726],[-97.674,35.7508],[-97.6741,35.7671],[-97.6742,35.8133],[-97.6743,35.8422],[-97.6744,35.8658],[-97.6746,35.8804],[-97.6745,35.8985],[-97.6754,35.8985],[-97.6756,35.913],[-97.6756,35.942],[-97.6758,35.958],[-97.6756,35.9867],[-97.6757,35.9966],[-97.6755,36.0784],[-97.6757,36.0825],[-97.6755,36.1165],[-97.6757,36.1339],[-97.6756,36.1426],[-97.6756,36.1647],[-97.7471,36.1647],[-97.7544,36.1646],[-97.767,36.1646],[-97.8718,36.1646],[-97.8809,36.1647],[-97.9202,36.1647],[-97.9294,36.1645],[-97.9573,36.1645],[-97.9613,36.1648],[-97.9972,36.1648],[-98.0035,36.1649],[-98.0973,36.165],[-98.1039,36.1649],[-98.1218,36.1648],[-98.1253,36.1649],[-98.1518,36.1647],[-98.1523,36.1649],[-98.1666,36.1648],[-98.2105,36.1649],[-98.2102,36.1177],[-98.2103,36.0925],[-98.2102,36.0562],[-98.2101,35.9855],[-98.2099,35.9092],[-98.21,35.8986],[-98.2068,35.8986],[-98.2069,35.853],[-98.2069,35.8176],[-98.207,35.7759],[-98.2071,35.7686],[-98.2069,35.7503],[-98.2073,35.7339],[-98.2071,35.7251],[-98.16,35.7251],[-98.1535,35.7253],[-98.1006,35.7254],[-98.0276,35.7254],[-97.9934,35.7255],[-97.959,35.7261],[-97.923,35.7261],[-97.8873,35.7261],[-97.8153,35.7258],[-97.7893,35.7257],[-97.7503,35.7258],[-97.7135,35.7258],[-97.674,35.726]]]},"properties":{"name":"Kingfisher"}},
{"type":"Feature","geometry":{"type":"Polygon","coordinates":[[[-96.5854,34.1145],[-96.5869,34.118],[-96.5831,34.1178],[-96.5818,34.1214],[-96.5823,34.1253],[-96.5846,34.1268],[-96.5886,34.1267],[-96.5908,34.128],[-96.5947,34.1314],[-96.5991,34.1339],[-96.6009,34.1356],[-96.6008,34.138],[-96.5987,34.1404],[-96.6003,34.1433],[-96.603,34.1456],[-96.605,34.1446],[-96.6055,34.1412],[-96.6068,34.1399],[-96.6106,34.1398],[-96.6138,34.142],[-96.6128,34.1444],[-96.6092,34.1442],[-96.6078,34.1462],[-96.6098,34.1469],[-96.6131,34.152],[-96.6192,34.154],[-96.6202,34.1554],[-96.6194,34.1571],[-96.6198,34.1612],[-96.622,34.1622],[-96.6253,34.1605],[-96.6272,34.1585],[-96.6273,34.1546],[-96.6286,34.1537],[-96.6323,34.1546],[-96.6353,34.1564],[-96.6376,34.1565],[-96.6412,34.1584],[-96.6415,34.1597],[-96.6403,34.1629],[-96.6368,34.1644],[-96.6364,34.1659],[-96.6386,34.1681],[-96.6434,34.1681],[-96.6495,34.1628],[-96.6537,34.1614],[-96.6561,34.1612],[-96.6619,34.1657],[-96.6633,34.1679],[-96.6655,34.1688],[-96.6678,34.1671],[-96.6697,34.1691],[-96.67,34.1723],[-96.6831,34.1725],[-96.7183,34.1726],[-96.7439,34.1722],[-96.7526,34.1725],[-96.7825,34.1724],[-96.808,34.1727],[-96.8355,34.1724],[-96.8511,34.1727],[-96.8564,34.1725],[-96.8895,34.1725],[-96.9337,34.1726],[-96.9684,34.1726],[-96.9687,34.1598],[-96.9686,34.1363],[-96.9683,34.1251],[-96.9684,34.1142],[-96.9683,34.0853],[-96.9681,34.071],[-96.9696,34.071],[-96.9697,34.0601],[-96.97,34.0469],[-96.9696,34.0156],[-96.9697,34.013],[-96.9559,34.0127],[-96.9496,34.013],[-96.9348,34.0129],[-96.9348,33.9862],[-96.9348,33.9773],[-96.9348,33.9545],[-96.9243,33.9592],[-96.9207,33.9595],[-96.9177,33.9586],[-96.9151,33.957],[-96.91,33.9528],[-96.9053,33.9472],[-96.901,33.9388],[-96.8994,33.9337],[-96.8983,33.9258],[-96.8979,33.9208],[-96.8965,33.9133],[-96.8972,33.9046],[-96.897,33.9016],[-96.8957,33.8964],[-96.894,33.8939],[-96.8928,33.8899],[-96.8909,33.8868],[-96.8891,33.8808],[-96.8876,33.8785],[-96.8857,33.8735],[-96.883,33.868],[-96.8767,33.8618],[-96.8664,33.8531],[-96.8561,33.8475],[-96.8506,33.8472],[-96.8459,33.849],[-96.8416,33.8529],[-96.8408,33.8636],[-96.8398,33.8684],[-96.8374,33.8713],[-96.8322,33.8748],[-96.8128,33.8726],[-96.7943,33.8689],[-96.7835,33.8635],[-96.7806,33.8601],[-96.7796,33.8579],[-96.7772,33.8482],[-96.7768,33.842],[-96.7745,33.8381],[-96.7707,33.8296],[-96.7694,33.8275],[-96.7662,33.8255],[-96.7616,33.8244],[-96.754,33.8247],[-96.7438,33.8261],[-96.73,33.8289],[-96.7251,33.8303],[-96.7189,33.8306],[-96.7137,33.8313],[-96.7081,33.8331],[-96.7045,33.835],[-96.6996,33.839],[-96.6907,33.85],[-96.6882,33.8546],[-96.6847,33.8629],[-96.6825,33.8718],[-96.6821,33.8766],[-96.6835,33.8842],[-96.6815,33.8947],[-96.6766,33.9053],[-96.6753,33.9091],[-96.6734,33.9123],[-96.6706,33.9149],[-96.6672,33.9169],[-96.6644,33.9173],[-96.6599,33.9167],[-96.655,33.9138],[-96.6477,33.908],[-96.6441,33.906],[-96.6339,33.8985],[-96.6301,33.8954],[-96.6264,33.8944],[-96.6241,33.8951],[-96.6148,33.8945],[-96.6042,33.8948],[-96.5998,33.8953],[-96.5922,33.8955],[-96.5885,33.895],[-96.5871,33.897],[-96.591,33.902],[-96.5903,33.9044],[-96.585,33.9067],[-96.5825,33.9083],[-96.5817,33.9099],[-96.5809,33.9154],[-96.5825,33.9162],[-96.5869,33.9157],[-96.591,33.9186],[-96.5904,33.9198],[-96.5846,33.9186],[-96.5816,33.9203],[-96.5806,33.9222],[-96.581,33.925],[-96.584,33.9254],[-96.5883,33.9267],[-96.5932,33.933],[-96.5909,33.9359],[-96.5908,33.9373],[-96.5922,33.9405],[-96.5958,33.9441],[-96.5961,33.9462],[-96.5939,33.9473],[-96.5931,33.9509],[-96.5909,33.9512],[-96.5879,33.948],[-96.5844,33.9504],[-96.5859,33.9539],[-96.5854,33.9549],[-96.5819,33.9549],[-96.5778,33.9584],[-96.5759,33.9625],[-96.577,33.9644],[-96.5844,33.9665],[-96.5852,33.9674],[-96.5847,33.9709],[-96.5871,33.9716],[-96.589,33.9702],[-96.5926,33.9707],[-96.5943,33.9717],[-96.5937,33.9741],[-96.5983,33.9749],[-96.5998,33.9765],[-96.6004,33.9794],[-96.605,33.9805],[-96.6074,33.9832],[-96.6066,33.9845],[-96.604,33.9854],[-96.6028,33.9879],[-96.6037,33.9887],[-96.6089,33.9875],[-96.6127,33.9899],[-96.6156,33.9907],[-96.6134,33.9924],[-96.6131,33.9942],[-96.6143,33.997],[-96.6199,33.9994],[-96.6233,34.0024],[-96.6247,34.0054],[-96.6248,34.0097],[-96.6234,34.0096],[-96.6224,34.0067],[-96.6207,34.0057],[-96.6181,34.0099],[-96.617,34.0102],[-96.6072,34.0079],[-96.6039,34.0082],[-96.6041,34.0115],[-96.6023,34.0142],[-96.5992,34.0146],[-96.5934,34.0167],[-96.5911,34.0155],[-96.59,34.0113],[-96.587,34.0086],[-96.5829,34.0069],[-96.5818,34.0082],[-96.5789,34.0091],[-96.5741,34.0167],[-96.5733,34.0203],[-96.5742,34.0211],[-96.5779,34.0203],[-96.5792,34.0209],[-96.5789,34.0235],[-96.5754,34.0256],[-96.573,34.0286],[-96.5742,34.0304],[-96.5774,34.0297],[-96.58,34.0312],[-96.58,34.0339],[-96.5764,34.0338],[-96.5743,34.037],[-96.5745,34.038],[-96.5786,34.045],[-96.5778,34.0486],[-96.5731,34.0504],[-96.5716,34.0498],[-96.5721,34.0473],[-96.5761,34.0442],[-96.5762,34.0427],[-96.574,34.042],[-96.5696,34.0437],[-96.5687,34.0471],[-96.5676,34.0479],[-96.5615,34.0487],[-96.558,34.0505],[-96.5565,34.0527],[-96.556,34.0563],[-96.5529,34.06],[-96.548,34.0633],[-96.5478,34.0649],[-96.5492,34.0662],[-96.5487,34.0681],[-96.5507,34.0699],[-96.5508,34.0717],[-96.5559,34.0739],[-96.561,34.0737],[-96.5643,34.0772],[-96.564,34.079],[-96.5608,34.0793],[-96.5587,34.0782],[-96.556,34.0789],[-96.5559,34.0812],[-96.5576,34.0817],[-96.5634,34.0816],[-96.5686,34.0848],[-96.5689,34.086],[-96.5658,34.0884],[-96.569,34.0919],[-96.5701,34.0949],[-96.574,34.0979],[-96.5814,34.1048],[-96.582,34.1059],[-96.5791,34.108],[-96.5802,34.1106],[-96.5837,34.1112],[-96.5854,34.1145]]]},"properties":{"name":"Marshall"}},
{"type":"Feature","geometry":{"type":"Polygon","coordinates":[[[-95.0113,36.1618],[-95.0113,36.1872],[-95.0113,36.2196],[-95.0112,36.2344],[-95.0114,36.2495],[-95.0059,36.2495],[-95.006,36.2525],[-95.0058,36.312],[-95.0059,36.3386],[-95.0056,36.354],[-95.0056,36.3757],[-95.0057,36.4146],[-95.0059,36.4631],[-95.0057,36.4838],[-95.0058,36.504],[-95.0057,36.5099],[-95.0136,36.51],[-95.0905,36.5104],[-95.1038,36.5102],[-95.1126,36.5105],[-95.1252,36.5106],[-95.15,36.5103],[-95.1668,36.5104],[-95.1703,36.5103],[-95.1984,36.5104],[-95.2742,36.5103],[-95.3129,36.5103],[-95.3282,36.5102],[-95.3771,36.5102],[-95.4356,36.5102],[-95.4356,36.4701],[-95.4356,36.4154],[-95.4356,36.4085],[-95.4354,36.3465],[-95.4355,36.3406],[-95.4355,36.3213],[-95.4355,36.2998],[-95.4353,36.2855],[-95.4356,36.2847],[-95.4355,36.2493],[-95.44,36.2493],[-95.44,36.1946],[-95.44,36.1309],[-95.44,36.0752],[-95.42,36.0752],[-95.4149,36.0753],[-95.3983,36.0753],[-95.3351,36.0753],[-95.3038,36.0752],[-95.3006,36.0752],[-95.2438,36.0747],[-95.2319,36.0748],[-95.2079,36.0747],[-95.172,36.0745],[-95.1184,36.0745],[-95.1184,36.1181],[-95.1185,36.1242],[-95.1178,36.1286],[-95.1185,36.1616],[-95.0786,36.1615],[-95.0592,36.1615],[-95.0302,36.1618],[-95.0113,36.1618]]]},"properties":{"name":"Mayes"}},
{"type":"Feature","geometry":{"type":"Polygon","coordinates":[[[-97.6681,34.8552],[-97.6707,34.8557],[-97.6705,34.866],[-97.6707,34.8843],[-97.6706,34.8988],[-97.6705,34.9563],[-97.6706,34.9715],[-97.6706,35.0369],[-97.6705,35.0818],[-97.6705,35.135],[-97.6704,35.2031],[-97.6709,35.2038],[-97.6709,35.2402],[-97.6708,35.3033],[-97.6709,35.313],[-97.6708,35.3215],[-97.6709,35.3329],[-97.6716,35.3359],[-97.6789,35.3348],[-97.6851,35.3343],[-97.6897,35.3322],[-97.6959,35.3277],[-97.7062,35.325],[-97.7113,35.3249],[-97.7131,35.3255],[-97.7138,35.3279],[-97.72,35.3285],[-97.7215,35.3271],[-97.7247,35.3258],[-97.7373,35.3238],[-97.7487,35.3294],[-97.7511,35.3313],[-97.752,35.3343],[-97.7575,35.3394],[-97.7632,35.3405],[-97.7672,35.3445],[-97.7691,35.3456],[-97.7724,35.3456],[-97.7739,35.3433],[-97.7747,35.3394],[-97.7776,35.3371],[-97.7812,35.3361],[-97.7861,35.3372],[-97.7883,35.3366],[-97.7896,35.3333],[-97.792,35.3327],[-97.7967,35.3391],[-97.8032,35.3397],[-97.8072,35.3408],[-97.8099,35.34],[-97.8121,35.3383],[-97.8121,35.3338],[-97.8151,35.334],[-97.8198,35.3353],[-97.8224,35.3351],[-97.8245,35.3338],[-97.8323,35.3347],[-97.8337,35.3354],[-97.8408,35.3345],[-97.8439,35.3354],[-97.8484,35.3377],[-97.8537,35.3411],[-97.8568,35.3449],[-97.8568,35.3513],[-97.8578,35.3563],[-97.8597,35.3595],[-97.8627,35.3618],[-97.8699,35.3625],[-97.8732,35.3609],[-97.8733,35.3568],[-97.8761,35.3555],[-97.8836,35.3564],[-97.885,35.3558],[-97.8841,35.349],[-97.8871,35.3474],[-97.8941,35.347],[-97.8973,35.3449],[-97.9003,35.3441],[-97.9035,35.3457],[-97.9035,35.3491],[-97.9021,35.3509],[-97.9016,35.3534],[-97.9031,35.3556],[-97.907,35.3559],[-97.9114,35.3531],[-97.9146,35.3524],[-97.9181,35.3525],[-97.9208,35.3535],[-97.9245,35.3586],[-97.9263,35.359],[-97.9304,35.3636],[-97.9302,35.3674],[-97.9323,35.3734],[-97.9343,35.3751],[-97.9403,35.3769],[-97.9433,35.3773],[-97.9471,35.3749],[-97.9463,35.371],[-97.9466,35.3681],[-97.946,35.3625],[-97.9468,35.3564],[-97.949,35.3527],[-97.9523,35.3506],[-97.9525,35.3477],[-97.9551,35.346],[-97.9601,35.3459],[-97.9645,35.3502],[-97.9695,35.3515],[-97.9723,35.3536],[-97.9739,35.3571],[-97.979,35.3562],[-97.9814,35.3563],[-97.9859,35.3586],[-97.9909,35.3598],[-97.9953,35.3617],[-97.9997,35.3628],[-98.0015,35.3644],[-98.0035,35.3641],[-98.004,35.3621],[-98.0064,35.3604],[-98.0108,35.3608],[-98.0121,35.3637],[-98.0088,35.3675],[-98.0099,35.3694],[-98.0157,35.3753],[-98.0175,35.3779],[-98.0341,35.3779],[-98.096,35.3778],[-98.0953,35.3047],[-98.0951,35.2788],[-98.0951,35.2611],[-98.095,35.2506],[-98.0949,35.2084],[-98.095,35.2037],[-98.0913,35.2037],[-98.0913,35.134],[-98.0911,35.1091],[-98.0911,35.0887],[-98.093,35.0879],[-98.0931,35.0288],[-98.093,34.994],[-98.0929,34.9843],[-98.0934,34.9707],[-98.0929,34.9529],[-98.0928,34.9376],[-98.093,34.9362],[-98.093,34.898],[-98.0926,34.8911],[-98.0931,34.8839],[-98.0933,34.8763],[-98.0928,34.8751],[-98.0926,34.8549],[-98.0896,34.8549],[-98.089,34.8407],[-98.0891,34.8114],[-98.089,34.7814],[-98.0891,34.7141],[-98.0891,34.6811],[-98.0594,34.6814],[-98.0426,34.6815],[-97.9974,34.6818],[-97.9592,34.6817],[-97.8813,34.6816],[-97.8481,34.6816],[-97.8441,34.6815],[-97.7914,34.6813],[-97.791,34.6815],[-97.744,34.6814],[-97.7212,34.6814],[-97.6684,34.6813],[-97.6685,34.6935],[-97.6683,34.7501],[-97.6683,34.7799],[-97.6682,34.7975],[-97.668,34.8048],[-97.6682,34.8144],[-97.668,34.8437],[-97.6681,34.8552]]]},"properties":{"name":"Grady"}},
{"type":"Feature","geometry":{"type":"Polygon","coordinates":[[[-95.8096,36.5975],[-95.8124,36.5975],[-95.8127,36.5615],[-95.8123,36.5541],[-95.8121,36.5417],[-95.8123,36.5184],[-95.8124,36.5036],[-95.8121,36.4969],[-95.8124,36.4856],[-95.8125,36.4606],[-95.8123,36.4328],[-95.8127,36.4236],[-95.7944,36.4236],[-95.7942,36.3945],[-95.812,36.3943],[-95.8122,36.3891],[-95.8121,36.3751],[-95.8122,36.3535],[-95.8122,36.3027],[-95.8121,36.2495],[-95.8153,36.2495],[-95.8153,36.2351],[-95.815,36.2306],[-95.8153,36.2243],[-95.815,36.2223],[-95.8153,36.2061],[-95.8154,36.1626],[-95.7726,36.1626],[-95.7616,36.1627],[-95.7478,36.1625],[-95.7264,36.1625],[-95.7171,36.1619],[-95.7063,36.1619],[-95.7005,36.1624],[-95.6463,36.1623],[-95.6185,36.1625],[-95.6179,36.1503],[-95.6162,36.1466],[-95.6106,36.1422],[-95.6064,36.135],[-95.6047,36.1335],[-95.5962,36.1298],[-95.5925,36.1302],[-95.5923,36.1323],[-95.5935,36.1357],[-95.5928,36.137],[-95.589,36.1362],[-95.5872,36.1341],[-95.5807,36.1343],[-95.5762,36.1336],[-95.5736,36.1313],[-95.5678,36.1294],[-95.57,36.1203],[-95.5707,36.1138],[-95.5703,36.1107],[-95.5683,36.1074],[-95.5615,36.0992],[-95.5586,36.097],[-95.5526,36.0915],[-95.5566,36.0824],[-95.5583,36.082],[-95.5627,36.0843],[-95.5654,36.0843],[-95.571,36.0822],[-95.5748,36.0825],[-95.5784,36.0841],[-95.5799,36.083],[-95.5794,36.0803],[-95.5775,36.0784],[-95.5715,36.0753],[-95.5415,36.0754],[-95.4986,36.0752],[-95.4884,36.0753],[-95.4622,36.0752],[-95.44,36.0752],[-95.44,36.1309],[-95.44,36.1946],[-95.44,36.2493],[-95.4355,36.2493],[-95.4356,36.2847],[-95.4353,36.2855],[-95.4355,36.2998],[-95.4355,36.3213],[-95.4355,36.3406],[-95.4354,36.3465],[-95.4356,36.4085],[-95.4356,36.4154],[-95.4356,36.4701],[-95.4356,36.5102],[-95.3771,36.5102],[-95.3282,36.5102],[-95.3282,36.5568],[-95.3284,36.5976],[-95.3531,36.5977],[-95.3841,36.5976],[-95.4316,36.5975],[-95.4663,36.5976],[-95.4707,36.5974],[-95.493,36.5976],[-95.5109,36.5975],[-95.528,36.5976],[-95.5428,36.5976],[-95.5896,36.5977],[-95.5929,36.5975],[-95.6252,36.5976],[-95.6729,36.5975],[-95.7061,36.5975],[-95.7375,36.5976],[-95.7488,36.5974],[-95.8096,36.5975]]]},"properties":{"name":"Rogers"}},
{"type":"Feature","geometry":{"type":"Polygon","coordinates":[[[-95.4512,35.296],[-95.4559,35.2943],[-95.4617,35.293],[-95.465,35.2937],[-95.4801,35.2985],[-95.4889,35.3005],[-95.4921,35.3009],[-95.5004,35.3009],[-95.5037,35.2999],[-95.5076,35.2969],[-95.512,35.2891],[-95.5167,35.285],[-95.5187,35.2822],[-95.5191,35.2795],[-95.5175,35.2748],[-95.5134,35.2687],[-95.513,35.2661],[-95.514,35.2641],[-95.516,35.2627],[-95.5217,35.2624],[-95.5281,35.26],[-95.5313,35.2576],[-95.5396,35.2533],[-95.5433,35.2519],[-95.5499,35.2509],[-95.557,35.2494],[-95.5629,35.2464],[-95.5704,35.2455],[-95.5727,35.2443],[-95.5863,35.2341],[-95.5912,35.228],[-95.5943,35.2249],[-95.5994,35.2217],[-95.6023,35.2207],[-95.6084,35.2204],[-95.6169,35.2214],[-95.6195,35.2222],[-95.6225,35.2247],[-95.6227,35.2284],[-95.6199,35.2304],[-95.6118,35.2337],[-95.6068,35.2351],[-95.6046,35.237],[-95.6035,35.2394],[-95.6037,35.243],[-95.6061,35.2471],[-95.6109,35.2498],[-95.6157,35.2497],[-95.6243,35.248],[-95.6281,35.2468],[-95.635,35.2417],[-95.6433,35.2382],[-95.6575,35.2314],[-95.6651,35.2289],[-95.6721,35.2273],[-95.6769,35.2248],[-95.681,35.221],[-95.6828,35.2164],[-95.6805,35.2123],[-95.6791,35.2113],[-95.6753,35.2102],[-95.6744,35.2085],[-95.6775,35.2067],[-95.68,35.2035],[-95.6868,35.205],[-95.6912,35.2047],[-95.6972,35.203],[-95.7072,35.2023],[-95.7098,35.2005],[-95.7124,35.1971],[-95.7148,35.1913],[-95.7162,35.1894],[-95.719,35.1888],[-95.7221,35.1895],[-95.7298,35.192],[-95.7363,35.1929],[-95.7423,35.1925],[-95.7458,35.1905],[-95.748,35.1877],[-95.7496,35.1837],[-95.7519,35.181],[-95.756,35.1772],[-95.758,35.1767],[-95.764,35.1771],[-95.7685,35.179],[-95.7722,35.1837],[-95.7825,35.1939],[-95.7876,35.1964],[-95.7933,35.1973],[-95.8042,35.1963],[-95.8084,35.1954],[-95.8133,35.1935],[-95.8169,35.1912],[-95.8243,35.1875],[-95.8283,35.1862],[-95.8373,35.1845],[-95.8397,35.1844],[-95.8446,35.1872],[-95.8478,35.1884],[-95.8568,35.1866],[-95.8667,35.1873],[-95.8707,35.186],[-95.8745,35.1803],[-95.8764,35.1769],[-95.8836,35.1626],[-95.8884,35.1557],[-95.8922,35.1521],[-95.9,35.1469],[-95.905,35.1443],[-95.908,35.1435],[-95.9178,35.1425],[-95.9256,35.1429],[-95.9285,35.1436],[-95.9466,35.15],[-95.9528,35.1514],[-95.9625,35.1524],[-95.9677,35.1526],[-95.978,35.1522],[-95.9837,35.1516],[-96.0039,35.1491],[-96.0091,35.1472],[-96.0123,35.1451],[-96.0136,35.1418],[-96.013,35.1369],[-96.0112,35.1318],[-96.0089,35.1222],[-96.009,35.1191],[-96.0113,35.1169],[-96.0139,35.1166],[-96.0262,35.1206],[-96.03,35.1203],[-96.0352,35.1139],[-96.0379,35.1094],[-96.0419,35.1043],[-96.0549,35.0973],[-96.0609,35.0916],[-96.0627,35.0881],[-96.0633,35.0833],[-96.0643,35.0711],[-96.0656,35.0662],[-96.0692,35.0566],[-96.0732,35.0534],[-96.0801,35.0517],[-96.0888,35.0499],[-96.0887,35.0172],[-96.0891,34.9925],[-96.0891,34.9513],[-96.0889,34.949],[-96.0891,34.9247],[-96.089,34.902],[-96.089,34.8547],[-96.0919,34.8545],[-96.092,34.808],[-96.0921,34.7871],[-96.0922,34.7853],[-96.092,34.7675],[-96.0921,34.7462],[-96.0924,34.7093],[-96.0923,34.6962],[-96.092,34.6806],[-96.0571,34.6805],[-95.9715,34.6804],[-95.9608,34.6808],[-95.9485,34.6805],[-95.935,34.6804],[-95.9302,34.6806],[-95.9206,34.6803],[-95.8821,34.6805],[-95.8821,34.6559],[-95.8819,34.641],[-95.8822,34.6371],[-95.8822,34.6142],[-95.882,34.5935],[-95.8753,34.5939],[-95.8484,34.5936],[-95.836,34.5936],[-95.7572,34.5939],[-95.7448,34.5937],[-95.7025,34.5941],[-95.693,34.5939],[-95.672,34.5939],[-95.6259,34.5938],[-95.5755,34.5942],[-95.5499,34.5941],[-95.5143,34.5942],[-95.5148,34.6192],[-95.5145,34.6251],[-95.5147,34.6368],[-95.5145,34.6811],[-95.5143,34.7381],[-95.5141,34.7847],[-95.5142,34.8186],[-95.5141,34.8412],[-95.5143,34.843],[-95.514,34.8549],[-95.5075,34.8549],[-95.5075,34.8877],[-95.5077,34.8999],[-95.5075,34.9128],[-95.5075,34.928],[-95.5073,34.9338],[-95.5078,34.9458],[-95.5076,34.9622],[-95.5076,34.9878],[-95.5075,35.0007],[-95.5077,35.0292],[-95.4009,35.0295],[-95.3611,35.0294],[-95.3494,35.0293],[-95.3492,35.0585],[-95.3491,35.098],[-95.3495,35.142],[-95.3493,35.1603],[-95.3658,35.1602],[-95.4024,35.1602],[-95.4202,35.1603],[-95.4379,35.1602],[-95.455,35.1605],[-95.455,35.1776],[-95.4552,35.1974],[-95.4554,35.2027],[-95.4508,35.2028],[-95.4511,35.2319],[-95.451,35.2501],[-95.4512,35.2618],[-95.451,35.2685],[-95.4512,35.296]]]},"properties":{"name":"Pittsburg"}},
{"type":"Feature","geometry":{"type":"Polygon","coordinates":[[[-95.2657,35.8133],[-95.2728,35.8132],[-95.3121,35.8132],[-95.3152,35.8134],[-95.3377,35.8133],[-95.3444,35.8136],[-95.3466,35.816],[-95.351,35.8171],[-95.3569,35.8196],[-95.3604,35.8224],[-95.3635,35.8218],[-95.3638,35.8197],[-95.3681,35.8184],[-95.3752,35.8147],[-95.3826,35.8141],[-95.388,35.8122],[-95.3908,35.8106],[-95.3969,35.8096],[-95.3981,35.8085],[-95.408,35.8043],[-95.4202,35.7996],[-95.4269,35.7983],[-95.4394,35.7996],[-95.4462,35.7999],[-95.4518,35.8014],[-95.4532,35.8024],[-95.4583,35.8032],[-95.4635,35.8047],[-95.4686,35.804],[-95.4717,35.8045],[-95.4776,35.8042],[-95.4839,35.803],[-95.5003,35.7984],[-95.5182,35.7928],[-95.5207,35.7922],[-95.526,35.7927],[-95.5273,35.7912],[-95.5315,35.7906],[-95.5385,35.7906],[-95.5409,35.7902],[-95.5419,35.7888],[-95.5446,35.7883],[-95.5479,35.789],[-95.5535,35.7872],[-95.5563,35.7887],[-95.5631,35.7879],[-95.5643,35.7856],[-95.5683,35.7829],[-95.5714,35.779],[-95.5718,35.7776],[-95.5747,35.7749],[-95.5773,35.7716],[-95.582,35.7682],[-95.5846,35.7656],[-95.5897,35.7652],[-95.5935,35.7676],[-95.5964,35.7715],[-95.6004,35.7755],[-95.6019,35.7783],[-95.6094,35.7765],[-95.6118,35.7774],[-95.6154,35.7767],[-95.6215,35.7776],[-95.6244,35.7787],[-95.6253,35.7801],[-95.6316,35.7824],[-95.633,35.7844],[-95.6383,35.7876],[-95.6398,35.791],[-95.6392,35.7989],[-95.6375,35.8051],[-95.6407,35.809],[-95.6422,35.8122],[-95.6397,35.8217],[-95.6402,35.8246],[-95.6392,35.8272],[-95.6391,35.8329],[-95.6405,35.8349],[-95.647,35.8392],[-95.6491,35.8421],[-95.648,35.8474],[-95.6511,35.8537],[-95.6504,35.8568],[-95.6767,35.8565],[-95.731,35.8565],[-95.7503,35.8566],[-95.7662,35.8564],[-95.766,35.8489],[-95.7661,35.82],[-95.7661,35.7837],[-95.7663,35.7693],[-95.7662,35.7618],[-95.7663,35.7257],[-95.7131,35.7258],[-95.7132,35.6781],[-95.7128,35.6674],[-95.7126,35.6533],[-95.713,35.6375],[-95.7131,35.6069],[-95.7133,35.5857],[-95.7132,35.5807],[-95.7132,35.5645],[-95.713,35.5518],[-95.6947,35.5517],[-95.6391,35.5517],[-95.5694,35.5517],[-95.5104,35.5517],[-95.4822,35.5519],[-95.4778,35.5518],[-95.4054,35.5519],[-95.3932,35.5518],[-95.3581,35.5518],[-95.3538,35.5522],[-95.345,35.5522],[-95.3448,35.5368],[-95.3449,35.5001],[-95.3448,35.4427],[-95.3448,35.4052],[-95.3449,35.396],[-95.3447,35.3751],[-95.3445,35.3703],[-95.3448,35.3532],[-95.3449,35.3208],[-95.3447,35.2931],[-95.3364,35.2974],[-95.3319,35.2988],[-95.3167,35.3021],[-95.3117,35.3027],[-95.3054,35.3023],[-95.3009,35.3014],[-95.2883,35.2952],[-95.2857,35.2934],[-95.2804,35.2887],[-95.2791,35.288],[-95.273,35.2823],[-95.2706,35.2796],[-95.2622,35.269],[-95.257,35.2658],[-95.2459,35.2618],[-95.2438,35.2616],[-95.2393,35.263],[-95.2313,35.2659],[-95.2291,35.2671],[-95.2226,35.2717],[-95.2184,35.2758],[-95.2094,35.2838],[-95.2054,35.2894],[-95.2041,35.2934],[-95.2028,35.2994],[-95.1992,35.3036],[-95.1941,35.3053],[-95.1879,35.3049],[-95.1824,35.3022],[-95.1786,35.301],[-95.175,35.3022],[-95.1718,35.3056],[-95.1705,35.3101],[-95.1712,35.3154],[-95.1724,35.3188],[-95.1768,35.3275],[-95.1799,35.3332],[-95.1825,35.3369],[-95.1829,35.3387],[-95.1818,35.3419],[-95.1795,35.3457],[-95.175,35.3506],[-95.1704,35.3527],[-95.1657,35.3531],[-95.1578,35.3509],[-95.1543,35.3489],[-95.1505,35.3459],[-95.1461,35.3468],[-95.1442,35.3486],[-95.1413,35.3556],[-95.1428,35.3583],[-95.1475,35.3612],[-95.1512,35.3623],[-95.1558,35.3628],[-95.1616,35.367],[-95.1608,35.3694],[-95.1578,35.3715],[-95.1523,35.3737],[-95.1443,35.3779],[-95.1392,35.38],[-95.1354,35.3804],[-95.1299,35.3788],[-95.1268,35.3766],[-95.1233,35.3723],[-95.1207,35.3725],[-95.1156,35.3776],[-95.1128,35.3814],[-95.1104,35.3859],[-95.1078,35.3894],[-95.1048,35.3944],[-95.1018,35.3976],[-95.0913,35.4034],[-95.0878,35.4044],[-95.086,35.4059],[-95.0833,35.4115],[-95.082,35.4165],[-95.081,35.4231],[-95.0806,35.4308],[-95.0799,35.433],[-95.0765,35.438],[-95.0739,35.4426],[-95.0688,35.4489],[-95.0635,35.4526],[-95.0576,35.4557],[-95.0499,35.4589],[-95.0612,35.4651],[-95.0655,35.4648],[-95.0715,35.4617],[-95.0738,35.46],[-95.0772,35.4588],[-95.0823,35.4596],[-95.0856,35.4614],[-95.0883,35.4648],[-95.091,35.4759],[-95.0924,35.4797],[-95.0961,35.4857],[-95.0983,35.4879],[-95.1038,35.4905],[-95.1076,35.4931],[-95.1146,35.4993],[-95.1208,35.5057],[-95.1247,35.512],[-95.1252,35.516],[-95.1276,35.5213],[-95.1324,35.5262],[-95.1326,35.5513],[-95.1275,35.5518],[-95.1275,35.5899],[-95.1272,35.5935],[-95.1272,35.6095],[-95.1276,35.6127],[-95.1274,35.6251],[-95.1275,35.6389],[-95.1278,35.6555],[-95.1272,35.6599],[-95.1272,35.6681],[-95.1275,35.6731],[-95.1273,35.6919],[-95.1274,35.7129],[-95.1272,35.7239],[-95.1276,35.7535],[-95.1271,35.7586],[-95.1277,35.7648],[-95.1276,35.7883],[-95.1272,35.7934],[-95.1272,35.8128],[-95.1432,35.8129],[-95.1802,35.8129],[-95.2449,35.8131],[-95.2657,35.8133]]]},"properties":{"name":"Muskogee"}},
{"type":"Feature","geometry":{"type":"Polygon","coordinates":[[[-97.3541,36.1591],[-97.3131,36.1591],[-97.2648,36.1594],[-97.2378,36.1593],[-97.2198,36.1593],[-97.1603,36.1592],[-97.1407,36.1592],[-97.1408,36.165],[-97.1404,36.168],[-97.1407,36.1751],[-97.1409,36.2017],[-97.141,36.2464],[-97.1217,36.2464],[-97.0449,36.2465],[-96.9961,36.2465],[-96.9636,36.2464],[-96.9581,36.2465],[-96.9251,36.2465],[-96.9249,36.2476],[-96.925,36.2961],[-96.9249,36.3333],[-96.9528,36.3334],[-97.0321,36.3334],[-97.0319,36.3442],[-97.0323,36.3591],[-97.0322,36.375],[-97.032,36.4574],[-97.0321,36.507],[-97.013,36.507],[-97.0098,36.5069],[-97.0095,36.5125],[-97.0078,36.5183],[-97.0024,36.5248],[-96.9962,36.529],[-96.9882,36.5324],[-96.979,36.5352],[-96.9715,36.536],[-96.9638,36.5342],[-96.9585,36.5343],[-96.9499,36.5373],[-96.9465,36.5404],[-96.944,36.5435],[-96.9384,36.5468],[-96.9336,36.5486],[-96.9298,36.5508],[-96.9247,36.5526],[-96.921,36.5524],[-96.9162,36.553],[-96.9127,36.5529],[-96.9026,36.5514],[-96.8991,36.5532],[-96.8957,36.5581],[-96.8904,36.5636],[-96.889,36.5664],[-96.8891,36.5714],[-96.8883,36.5756],[-96.8926,36.5784],[-96.8965,36.5824],[-96.9021,36.5874],[-96.9045,36.5889],[-96.9087,36.5958],[-96.9128,36.5989],[-96.9153,36.6],[-96.9205,36.6007],[-96.9264,36.5996],[-96.9304,36.5968],[-96.9337,36.5955],[-96.9389,36.595],[-96.9416,36.5941],[-96.9486,36.59],[-96.9533,36.5895],[-96.964,36.5874],[-96.967,36.5863],[-96.971,36.5861],[-96.9758,36.5852],[-96.9806,36.586],[-96.9856,36.585],[-96.9928,36.585],[-97.0003,36.5829],[-97.0029,36.5826],[-97.0166,36.5838],[-97.0213,36.5846],[-97.0291,36.5852],[-97.0358,36.5862],[-97.0406,36.5879],[-97.0513,36.5908],[-97.0581,36.5937],[-97.0689,36.5939],[-97.1642,36.5941],[-97.1758,36.594],[-97.2485,36.5939],[-97.3366,36.5939],[-97.3632,36.5936],[-97.3694,36.5938],[-97.4316,36.5937],[-97.4616,36.5936],[-97.4615,36.5441],[-97.4616,36.5154],[-97.4615,36.4695],[-97.4612,36.4184],[-97.4612,36.397],[-97.4611,36.3652],[-97.4611,36.3289],[-97.4612,36.2901],[-97.4613,36.2679],[-97.4613,36.2464],[-97.4605,36.2451],[-97.4606,36.1967],[-97.4608,36.1645],[-97.4551,36.1645],[-97.3539,36.1643],[-97.3541,36.1591]]]},"properties":{"name":"Noble"}},
{"type":"Feature","geometry":{"type":"Polygon","coordinates":[[[-98.9603,36.5069],[-98.9606,36.4965],[-98.9606,36.4203],[-98.9605,36.3913],[-98.9608,36.3478],[-98.9607,36.3191],[-98.9608,36.3064],[-98.9607,36.2685],[-98.9609,36.2611],[-98.9609,36.2468],[-98.9559,36.2467],[-98.9562,36.2404],[-98.956,36.236],[-98.9561,36.2076],[-98.9558,36.1616],[-98.9208,36.1613],[-98.8754,36.1612],[-98.8603,36.1613],[-98.8165,36.1621],[-98.7743,36.1627],[-98.7605,36.1629],[-98.7265,36.1632],[-98.6724,36.1644],[-98.6369,36.1649],[-98.6012,36.1658],[-98.5835,36.1657],[-98.487,36.165],[-98.4184,36.1649],[-98.3708,36.1649],[-98.2641,36.1648],[-98.2535,36.165],[-98.2105,36.1649],[-98.1666,36.1648],[-98.1523,36.1649],[-98.1518,36.1647],[-98.1253,36.1649],[-98.1218,36.1648],[-98.1039,36.1649],[-98.1039,36.2078],[-98.1037,36.2313],[-98.1037,36.2459],[-98.1046,36.2459],[-98.1044,36.2606],[-98.1045,36.3161],[-98.1044,36.339],[-98.1045,36.369],[-98.1045,36.3832],[-98.1045,36.4131],[-98.1044,36.4631],[-98.1225,36.4632],[-98.1403,36.4631],[-98.1769,36.4632],[-98.2297,36.4634],[-98.2667,36.4633],[-98.3019,36.4634],[-98.3208,36.4632],[-98.3334,36.4633],[-98.3557,36.4633],[-98.3684,36.4632],[-98.4138,36.4631],[-98.4273,36.463],[-98.446,36.4632],[-98.4594,36.463],[-98.4851,36.4633],[-98.5336,36.4632],[-98.5335,36.3976],[-98.5445,36.401],[-98.5473,36.4008],[-98.5525,36.4023],[-98.5598,36.4019],[-98.564,36.4002],[-98.5733,36.3978],[-98.5761,36.3965],[-98.5817,36.3955],[-98.5869,36.3937],[-98.5934,36.392],[-98.6028,36.3908],[-98.6169,36.3924],[-98.6254,36.3926],[-98.6443,36.3972],[-98.6628,36.4046],[-98.6806,36.4104],[-98.689,36.4125],[-98.6995,36.416],[-98.7049,36.419],[-98.7092,36.422],[-98.7185,36.4375],[-98.723,36.4427],[-98.7268,36.4453],[-98.7366,36.4475],[-98.7433,36.4486],[-98.7504,36.4483],[-98.7645,36.4467],[-98.7777,36.4484],[-98.7853,36.4505],[-98.7925,36.4533],[-98.8027,36.4588],[-98.8078,36.4607],[-98.8195,36.471],[-98.8232,36.4776],[-98.8291,36.4842],[-98.8337,36.4911],[-98.8385,36.5],[-98.8436,36.5062],[-98.8709,36.5064],[-98.8754,36.5067],[-98.9603,36.5069]]]},"properties":{"name":"Major"}},
{"type":"Feature","geometry":{"type":"Polygon","coordinates":[[[-98.6211,35.0974],[-98.6223,35.0972],[-98.6253,35.1024],[-98.6249,35.1069],[-98.6259,35.1092],[-98.6293,35.1104],[-98.629,35.1129],[-98.63,35.1164],[-98.6351,35.1213],[-98.6389,35.1232],[-98.6399,35.1228],[-98.6394,35.1193],[-98.6412,35.1133],[-98.6438,35.1115],[-98.6456,35.1116],[-98.6504,35.1148],[-98.6478,35.1177],[-98.6445,35.117],[-98.6425,35.119],[-98.6461,35.1191],[-98.6473,35.1213],[-98.65,35.1226],[-98.6524,35.1226],[-98.6544,35.1214],[-98.6582,35.1225],[-98.6608,35.1194],[-98.6626,35.1181],[-98.6722,35.119],[-98.6725,35.1173],[-98.675,35.1139],[-98.675,35.109],[-98.6781,35.1079],[-98.6803,35.11],[-98.681,35.1129],[-98.6837,35.1143],[-98.6855,35.1135],[-98.6841,35.1115],[-98.6832,35.1079],[-98.6849,35.1071],[-98.6878,35.1089],[-98.6918,35.1088],[-98.6944,35.1111],[-98.6963,35.1119],[-98.6999,35.1108],[-98.7035,35.1105],[-98.7075,35.1065],[-98.7125,35.1048],[-98.7137,35.107],[-98.7169,35.1089],[-98.7201,35.1091],[-98.7168,35.1133],[-98.719,35.1131],[-98.7216,35.1139],[-98.7244,35.1113],[-98.7305,35.1122],[-98.7331,35.1109],[-98.7317,35.1091],[-98.7333,35.1084],[-98.7335,35.1049],[-98.7347,35.1018],[-98.7371,35.103],[-98.74,35.1059],[-98.7384,35.1069],[-98.7404,35.1085],[-98.7436,35.1084],[-98.7422,35.1103],[-98.7454,35.1132],[-98.7503,35.1163],[-98.7828,35.1164],[-98.847,35.1164],[-98.9268,35.1164],[-99.0081,35.1165],[-99.0397,35.1166],[-99.0937,35.1166],[-99.1098,35.1167],[-99.1771,35.1167],[-99.1922,35.1165],[-99.1926,35.1167],[-99.2083,35.1166],[-99.2357,35.1168],[-99.2724,35.1167],[-99.3481,35.1168],[-99.3602,35.1167],[-99.3689,35.1167],[-99.3756,35.1165],[-99.4093,35.1165],[-99.4093,35.1145],[-99.408,35.1146],[-99.4069,35.1107],[-99.4037,35.1091],[-99.4056,35.1074],[-99.4047,35.1058],[-99.4021,35.1051],[-99.3994,35.1069],[-99.3976,35.1045],[-99.398,35.1027],[-99.4007,35.1008],[-99.4009,35.0986],[-99.3983,35.099],[-99.3973,35.0977],[-99.3986,35.0948],[-99.3908,35.0905],[-99.3895,35.0891],[-99.3861,35.0891],[-99.3859,35.0933],[-99.3803,35.0934],[-99.3765,35.0918],[-99.3758,35.088],[-99.3782,35.0852],[-99.3758,35.083],[-99.3739,35.0834],[-99.3732,35.0872],[-99.3707,35.0889],[-99.3681,35.0867],[-99.37,35.0792],[-99.3685,35.0724],[-99.3652,35.0654],[-99.3653,35.0602],[-99.3673,35.0593],[-99.3684,35.0612],[-99.3726,35.0603],[-99.3719,35.0552],[-99.3699,35.0527],[-99.3626,35.0509],[-99.357,35.0511],[-99.3522,35.0528],[-99.3499,35.0508],[-99.3502,35.0437],[-99.349,35.0428],[-99.3425,35.041],[-99.3334,35.0406],[-99.3278,35.0417],[-99.3236,35.0385],[-99.3233,35.0351],[-99.3248,35.0307],[-99.3332,35.0265],[-99.3359,35.0255],[-99.336,35.0232],[-99.3343,35.0225],[-99.3295,35.0226],[-99.3268,35.0189],[-99.3269,35.0156],[-99.3288,35.0118],[-99.3325,35.0103],[-99.3332,35.0073],[-99.3364,34.9976],[-99.3349,34.994],[-99.3344,34.9913],[-99.3351,34.9885],[-99.3422,34.9853],[-99.344,34.9839],[-99.3481,34.9833],[-99.3451,34.9755],[-99.3445,34.9717],[-99.3436,34.9711],[-99.3356,34.9735],[-99.3343,34.9728],[-99.3312,34.9608],[-99.3297,34.9581],[-99.3289,34.952],[-99.3308,34.9448],[-99.3281,34.9443],[-99.3246,34.9413],[-99.3229,34.9407],[-99.3208,34.9417],[-99.315,34.9368],[-99.3101,34.9341],[-99.3102,34.9327],[-99.3154,34.9278],[-99.3153,34.9264],[-99.313,34.9253],[-99.3054,34.9245],[-99.3028,34.9256],[-99.3003,34.9255],[-99.2984,34.9241],[-99.2968,34.9192],[-99.2973,34.9173],[-99.2937,34.9111],[-99.2927,34.9085],[-99.2905,34.9055],[-99.2894,34.9026],[-99.2962,34.9012],[-99.2985,34.8991],[-99.2973,34.897],[-99.2928,34.8957],[-99.2925,34.8914],[-99.2909,34.8876],[-99.2925,34.8861],[-99.2974,34.8867],[-99.3006,34.888],[-99.3064,34.8891],[-99.311,34.8887],[-99.3159,34.8856],[-99.3177,34.8822],[-99.3182,34.8779],[-99.3172,34.8743],[-99.3173,34.8715],[-99.3153,34.8702],[-99.3113,34.8664],[-99.308,34.8611],[-99.3062,34.8576],[-99.2964,34.8514],[-99.2947,34.8511],[-99.2879,34.8521],[-99.2863,34.8517],[-99.2822,34.849],[-99.2812,34.8449],[-99.2779,34.8394],[-99.2741,34.8406],[-99.2701,34.8411],[-99.2662,34.8392],[-99.2609,34.8383],[-99.2564,34.8366],[-99.2524,34.8308],[-99.2497,34.829],[-99.2465,34.8221],[-99.243,34.8183],[-99.2387,34.8161],[-99.2335,34.8164],[-99.2319,34.8186],[-99.2315,34.8239],[-99.2308,34.8254],[-99.2263,34.8287],[-99.2207,34.8295],[-99.2172,34.8285],[-99.2131,34.8262],[-99.211,34.8288],[-99.2116,34.8312],[-99.2143,34.8337],[-99.2148,34.8367],[-99.2133,34.8385],[-99.2092,34.8398],[-99.204,34.8378],[-99.2015,34.8375],[-99.1997,34.8383],[-99.1984,34.8404],[-99.1932,34.8438],[-99.1917,34.8473],[-99.1931,34.8496],[-99.1935,34.8526],[-99.1932,34.8565],[-99.1907,34.8582],[-99.1871,34.8582],[-99.1831,34.8595],[-99.178,34.8586],[-99.1751,34.8572],[-99.1731,34.8553],[-99.1715,34.8513],[-99.1713,34.8489],[-99.1689,34.8479],[-99.1649,34.8475],[-99.1565,34.8477],[-99.154,34.8482],[-99.1494,34.85],[-99.1473,34.8504],[-99.1446,34.8495],[-99.1443,34.8471],[-99.1466,34.8449],[-99.1505,34.8433],[-99.1515,34.8416],[-99.1534,34.8357],[-99.1532,34.8335],[-99.1521,34.832],[-99.1452,34.8302],[-99.1443,34.8284],[-99.1462,34.8261],[-99.1489,34.8257],[-99.152,34.8279],[-99.1537,34.8277],[-99.1519,34.8175],[-99.1527,34.8142],[-99.1537,34.805],[-99.1515,34.801],[-99.149,34.7982],[-99.1499,34.794],[-99.1537,34.792],[-99.1565,34.792],[-99.1626,34.7931],[-99.1638,34.7923],[-99.1654,34.7884],[-99.1648,34.783],[-99.1648,34.7783],[-99.1656,34.7737],[-99.1643,34.7701],[-99.1626,34.7676],[-99.1581,34.7649],[-99.1518,34.7638],[-99.1503,34.762],[-99.152,34.7604],[-99.156,34.7602],[-99.1592,34.7613],[-99.1626,34.7604],[-99.1644,34.7587],[-99.161,34.7543],[-99.1614,34.7522],[-99.1639,34.7511],[-99.1663,34.7513],[-99.1682,34.7526],[-99.17,34.7563],[-99.173,34.7553],[-99.1725,34.7466],[-99.1716,34.7448],[-99.1685,34.7426],[-99.166,34.7421],[-99.1623,34.7423],[-99.1613,34.741],[-99.1623,34.7391],[-99.1623,34.736],[-99.161,34.7315],[-99.158,34.7274],[-99.1547,34.724],[-99.154,34.721],[-99.1545,34.7186],[-99.1564,34.716],[-99.1594,34.7135],[-99.1587,34.7103],[-99.1568,34.7077],[-99.1532,34.7046],[-99.1491,34.7024],[-99.1452,34.7014],[-99.1407,34.701],[-99.1296,34.702],[-99.1239,34.7012],[-99.1142,34.6987],[-99.1085,34.699],[-99.1057,34.6987],[-99.1037,34.696],[-99.0986,34.6952],[-99.0942,34.6961],[-99.0871,34.6966],[-99.0814,34.6983],[-99.0695,34.7006],[-99.0679,34.7011],[-99.0617,34.7015],[-99.0525,34.7016],[-99.0482,34.6968],[-99.0483,34.6943],[-99.0457,34.6923],[-99.0396,34.6917],[-99.0371,34.6894],[-99.038,34.6862],[-99.0431,34.6838],[-99.0447,34.6814],[-99.0419,34.6789],[-99.044,34.677],[-99.0489,34.6758],[-99.0561,34.6751],[-99.0686,34.6753],[-99.0782,34.6733],[-99.0802,34.6734],[-99.0838,34.6755],[-99.0865,34.6756],[-99.0916,34.6729],[-99.0938,34.6713],[-99.0953,34.6689],[-99.0957,34.6644],[-99.0956,34.6527],[-99.0974,34.6449],[-99.1023,34.64],[-99.1032,34.6379],[-99.0729,34.638],[-99.0551,34.638],[-99.001,34.6379],[-99.0012,34.6251],[-99.0011,34.5944],[-98.9469,34.5946],[-98.8532,34.5944],[-98.826,34.5944],[-98.8262,34.6022],[-98.8261,34.6235],[-98.8262,34.6569],[-98.8262,34.6669],[-98.8262,34.7194],[-98.8261,34.7427],[-98.8263,34.7501],[-98.8263,34.782],[-98.826,34.7937],[-98.8261,34.8555],[-98.7976,34.8555],[-98.79,34.8557],[-98.7674,34.8554],[-98.7503,34.8555],[-98.7402,34.8551],[-98.6727,34.8555],[-98.6253,34.8548],[-98.6198,34.855],[-98.6198,34.8751],[-98.62,34.8939],[-98.6199,34.9271],[-98.62,34.9375],[-98.62,34.9612],[-98.6201,34.9617],[-98.6204,35.0176],[-98.6208,35.0307],[-98.6207,35.0762],[-98.6211,35.0874],[-98.6207,35.0922],[-98.6211,35.0974]]]},"properties":{"name":"Kiowa"}},
{"type":"Feature","geometry":{"type":"Polygon","coordinates":[[[-96.6206,35.639],[-96.621,35.6251],[-96.6211,35.6104],[-96.6215,35.5809],[-96.6219,35.5643],[-96.6217,35.5518],[-96.6239,35.5137],[-96.624,35.4917],[-96.6249,35.4627],[-96.6238,35.4354],[-96.6237,35.4009],[-96.6239,35.4007],[-96.6213,35.3981],[-96.6173,35.3958],[-96.6126,35.3966],[-96.6114,35.3942],[-96.6068,35.3959],[-96.6067,35.3994],[-96.6048,35.3994],[-96.5997,35.397],[-96.5973,35.3988],[-96.5917,35.4088],[-96.5891,35.4116],[-96.5858,35.4115],[-96.5814,35.4095],[-96.5787,35.4072],[-96.5767,35.4019],[-96.5698,35.4011],[-96.5669,35.3994],[-96.5611,35.4002],[-96.5569,35.4024],[-96.5549,35.4017],[-96.5565,35.399],[-96.5567,35.395],[-96.5544,35.3937],[-96.55,35.3922],[-96.5419,35.3926],[-96.5367,35.3908],[-96.5346,35.3923],[-96.5338,35.3972],[-96.5317,35.3998],[-96.5319,35.4009],[-96.5346,35.4027],[-96.5374,35.4035],[-96.5381,35.4052],[-96.5369,35.4097],[-96.5372,35.4109],[-96.5405,35.412],[-96.544,35.4118],[-96.55,35.4149],[-96.5478,35.4185],[-96.5511,35.4201],[-96.5526,35.423],[-96.5556,35.422],[-96.5555,35.4198],[-96.5568,35.4188],[-96.5608,35.4227],[-96.5591,35.4292],[-96.556,35.4331],[-96.5559,35.4347],[-96.5646,35.4361],[-96.5685,35.4382],[-96.5697,35.4406],[-96.5682,35.4422],[-96.5654,35.4423],[-96.5623,35.4442],[-96.5612,35.4475],[-96.5587,35.4489],[-96.5565,35.4474],[-96.5541,35.4478],[-96.5533,35.4499],[-96.5547,35.4534],[-96.5536,35.4543],[-96.5445,35.4527],[-96.5437,35.4541],[-96.5461,35.4564],[-96.5432,35.4573],[-96.5403,35.4534],[-96.5393,35.4498],[-96.5365,35.4472],[-96.5327,35.4465],[-96.5216,35.4385],[-96.5197,35.4358],[-96.5206,35.433],[-96.5186,35.4312],[-96.5114,35.4296],[-96.5057,35.43],[-96.5016,35.4287],[-96.4966,35.4289],[-96.4901,35.4309],[-96.4875,35.4325],[-96.4844,35.4365],[-96.483,35.4398],[-96.4831,35.4425],[-96.4843,35.4445],[-96.488,35.4458],[-96.4877,35.4492],[-96.4842,35.4512],[-96.4811,35.4539],[-96.4767,35.4589],[-96.4767,35.4609],[-96.4754,35.4636],[-96.4731,35.464],[-96.4715,35.463],[-96.4693,35.4596],[-96.4656,35.4581],[-96.4638,35.4587],[-96.4622,35.4609],[-96.4591,35.4615],[-96.4565,35.4613],[-96.4526,35.4582],[-96.4492,35.4594],[-96.4456,35.4588],[-96.4435,35.4611],[-96.4413,35.4677],[-96.4412,35.4011],[-96.4413,35.3838],[-96.4413,35.3337],[-96.4414,35.3107],[-96.4413,35.2998],[-96.4414,35.2901],[-96.4325,35.2901],[-96.4184,35.2903],[-96.4059,35.2902],[-96.3749,35.2901],[-96.3513,35.29],[-96.3046,35.29],[-96.2688,35.29],[-96.2372,35.2901],[-96.1867,35.2902],[-96.1657,35.2901],[-96.1562,35.2899],[-96.1253,35.29],[-96.1139,35.2898],[-96.0574,35.2898],[-96.0241,35.2897],[-96.0022,35.2899],[-95.9929,35.2896],[-95.9814,35.2899],[-95.9813,35.3092],[-95.9815,35.3305],[-95.9814,35.3339],[-95.9815,35.3526],[-95.9813,35.3553],[-95.9814,35.3751],[-95.9813,35.3768],[-96.0205,35.3768],[-96.0238,35.377],[-96.0438,35.3771],[-96.0447,35.3769],[-96.059,35.3769],[-96.0803,35.3768],[-96.0875,35.3769],[-96.0877,35.3971],[-96.0876,35.4216],[-96.0877,35.4599],[-96.0875,35.4785],[-96.0879,35.5001],[-96.0877,35.5131],[-96.0878,35.5521],[-96.0984,35.5521],[-96.1233,35.5519],[-96.1253,35.5521],[-96.1501,35.552],[-96.1928,35.5519],[-96.1927,35.5679],[-96.1926,35.6167],[-96.1924,35.6176],[-96.1926,35.6391],[-96.2218,35.6389],[-96.2232,35.6393],[-96.2275,35.6389],[-96.2652,35.6389],[-96.3005,35.6387],[-96.3231,35.6389],[-96.3432,35.6388],[-96.3598,35.639],[-96.3753,35.6389],[-96.3876,35.6393],[-96.3943,35.6392],[-96.4057,35.6394],[-96.4338,35.6393],[-96.4413,35.6392],[-96.4545,35.6392],[-96.4766,35.639],[-96.5003,35.639],[-96.5222,35.6391],[-96.578,35.639],[-96.5837,35.639],[-96.6117,35.6388],[-96.6206,35.639]]]},"properties":{"name":"Okfuskee"}},
{"type":"Feature","geometry":{"type":"Polygon","coordinates":[[[-98.1391,34.1419],[-98.137,34.1448],[-98.1355,34.1452],[-98.1342,34.1475],[-98.1308,34.1505],[-98.1291,34.1507],[-98.1234,34.1545],[-98.1145,34.1547],[-98.1095,34.1541],[-98.1071,34.1525],[-98.1019,34.1468],[-98.1006,34.1421],[-98.1033,34.1341],[-98.1023,34.1319],[-98.0998,34.1313],[-98.0944,34.1324],[-98.0924,34.1321],[-98.0902,34.1302],[-98.0898,34.1282],[-98.0906,34.1251],[-98.0905,34.1225],[-98.0924,34.1169],[-98.0951,34.1112],[-98.1002,34.103],[-98.1026,34.1],[-98.1146,34.0887],[-98.1185,34.0856],[-98.121,34.0813],[-98.1206,34.0792],[-98.1202,34.0721],[-98.118,34.0671],[-98.1146,34.0623],[-98.1109,34.0599],[-98.1019,34.051],[-98.1006,34.05],[-98.0903,34.0457],[-98.0838,34.0417],[-98.0825,34.0394],[-98.0833,34.0371],[-98.089,34.0338],[-98.0918,34.0337],[-98.0975,34.0386],[-98.1017,34.0391],[-98.105,34.0375],[-98.1063,34.0337],[-98.1036,34.0292],[-98.0993,34.0254],[-98.0984,34.0239],[-98.0954,34.0217],[-98.0896,34.0193],[-98.0871,34.0165],[-98.084,34.0144],[-98.0824,34.0098],[-98.0846,34.0084],[-98.0871,34.0083],[-98.0888,34.0072],[-98.0882,34.0055],[-98.0844,34.0029],[-98.0789,34.0015],[-98.0733,34.001],[-98.0714,34.0001],[-98.0619,33.998],[-98.0593,33.9968],[-98.0481,33.9945],[-98.0411,33.9935],[-98.0333,33.9939],[-98.0277,33.9934],[-98.0251,33.9941],[-98.0226,33.9936],[-98.0163,33.9941],[-97.9989,33.997],[-97.9874,33.9998],[-97.9828,34.0019],[-97.9795,34.0047],[-97.9742,34.0067],[-97.9717,34.0054],[-97.9675,33.9994],[-97.9619,33.9932],[-97.9583,33.9908],[-97.9527,33.9901],[-97.9468,33.9909],[-97.9459,33.9884],[-97.9486,33.9826],[-97.9527,33.9696],[-97.9541,33.9674],[-97.9569,33.9585],[-97.961,33.9511],[-97.9657,33.9474],[-97.9731,33.9442],[-97.9742,33.9408],[-97.9725,33.9379],[-97.9712,33.9371],[-97.966,33.9362],[-97.9622,33.9364],[-97.9555,33.9382],[-97.9534,33.9364],[-97.9527,33.9295],[-97.9537,33.9244],[-97.9572,33.9145],[-97.9616,33.9094],[-97.9645,33.9074],[-97.9687,33.906],[-97.9705,33.9063],[-97.9731,33.908],[-97.977,33.9125],[-97.98,33.9114],[-97.9836,33.904],[-97.9845,33.9007],[-97.9844,33.898],[-97.9819,33.8953],[-97.9788,33.8909],[-97.9743,33.8864],[-97.9667,33.8817],[-97.9571,33.8788],[-97.9512,33.8784],[-97.9466,33.8786],[-97.9397,33.8794],[-97.9342,33.8781],[-97.9286,33.8742],[-97.9206,33.8709],[-97.9099,33.8672],[-97.9071,33.8656],[-97.9055,33.8635],[-97.9013,33.8612],[-97.8967,33.858],[-97.8931,33.8569],[-97.8887,33.8567],[-97.8873,33.8555],[-97.8832,33.8544],[-97.8798,33.8524],[-97.8774,33.8502],[-97.8715,33.8491],[-97.8642,33.8497],[-97.8572,33.8516],[-97.8478,33.8547],[-97.8433,33.8568],[-97.8416,33.8563],[-97.8354,33.8574],[-97.8335,33.8581],[-97.8303,33.8623],[-97.8259,33.8645],[-97.823,33.8665],[-97.8197,33.8705],[-97.8189,33.874],[-97.8194,33.8779],[-97.8184,33.8803],[-97.8155,33.882],[-97.8139,33.8819],[-97.8115,33.8801],[-97.8089,33.8767],[-97.806,33.8766],[-97.8042,33.8789],[-97.8016,33.8851],[-97.8016,33.8898],[-97.8011,33.8909],[-97.8017,33.8951],[-97.7989,33.8985],[-97.7948,33.9],[-97.7924,33.8991],[-97.7881,33.8936],[-97.7881,33.8921],[-97.7847,33.8906],[-97.7806,33.8955],[-97.7797,33.8992],[-97.7803,33.9048],[-97.7837,33.9106],[-97.7861,33.9134],[-97.7859,33.915],[-97.7835,33.9183],[-97.7805,33.9197],[-97.7768,33.9189],[-97.7741,33.9164],[-97.7727,33.9144],[-97.7654,33.9135],[-97.7617,33.9156],[-97.7594,33.9188],[-97.7598,33.9252],[-97.7614,33.9292],[-97.7627,33.9308],[-97.763,33.9341],[-97.7618,33.9348],[-97.755,33.9368],[-97.7511,33.937],[-97.7492,33.9362],[-97.742,33.9374],[-97.7385,33.9373],[-97.7365,33.9364],[-97.7322,33.9367],[-97.7206,33.944],[-97.7166,33.9472],[-97.7122,33.9516],[-97.7095,33.9549],[-97.7042,33.9633],[-97.7018,33.9699],[-97.6976,33.9783],[-97.6931,33.9837],[-97.6901,33.985],[-97.6877,33.9872],[-97.6842,33.9884],[-97.6814,33.9884],[-97.6713,33.9916],[-97.668,33.9904],[-97.6615,33.9908],[-97.6582,33.9899],[-97.6573,33.9888],[-97.6496,33.9865],[-97.6441,33.9845],[-97.6338,33.9813],[-97.6241,33.9754],[-97.6218,33.973],[-97.6156,33.9696],[-97.6091,33.9681],[-97.6045,33.964],[-97.6043,33.9628],[-97.601,33.9608],[-97.6009,33.9589],[-97.598,33.9552],[-97.5946,33.9544],[-97.591,33.9542],[-97.5888,33.9519],[-97.5914,33.9481],[-97.5917,33.9466],[-97.594,33.9446],[-97.5954,33.9414],[-97.595,33.9374],[-97.5933,33.9339],[-97.5912,33.9312],[-97.5915,33.9282],[-97.597,33.9202],[-97.597,33.9163],[-97.5963,33.9138],[-97.5938,33.9103],[-97.5913,33.9099],[-97.5899,33.908],[-97.5893,33.9039],[-97.5874,33.9025],[-97.5811,33.8997],[-97.5781,33.8992],[-97.5723,33.8993],[-97.5694,33.9011],[-97.567,33.9016],[-97.5628,33.9009],[-97.5609,33.8996],[-97.5608,33.9136],[-97.5608,33.9375],[-97.561,33.9549],[-97.5608,33.9749],[-97.5609,33.984],[-97.5368,33.9839],[-97.5371,33.9858],[-97.5422,33.988],[-97.5428,33.9858],[-97.5451,33.9876],[-97.5476,33.9917],[-97.5511,33.9919],[-97.5492,33.9938],[-97.5519,33.9959],[-97.5513,33.9971],[-97.5553,33.9986],[-97.5543,34.0001],[-97.5517,34.001],[-97.5538,34.0027],[-97.5564,34.002],[-97.5609,34.003],[-97.5607,34.0293],[-97.5608,34.0417],[-97.5608,34.0711],[-97.5624,34.0711],[-97.5626,34.0829],[-97.5624,34.0927],[-97.5625,34.1181],[-97.5627,34.1251],[-97.5626,34.188],[-97.5626,34.2236],[-97.5627,34.2462],[-97.5625,34.2574],[-97.5626,34.289],[-97.5677,34.2892],[-97.6012,34.2892],[-97.6193,34.2891],[-97.6327,34.2892],[-97.6745,34.2891],[-97.7279,34.2892],[-97.7328,34.2891],[-97.7503,34.2892],[-97.8107,34.2892],[-97.8734,34.2892],[-97.9157,34.2892],[-97.9532,34.289],[-97.9711,34.2891],[-97.999,34.2891],[-97.9999,34.2895],[-98.0341,34.2895],[-98.0675,34.2897],[-98.094,34.2903],[-98.1094,34.2899],[-98.1126,34.2901],[-98.1253,34.2898],[-98.1392,34.2898],[-98.1392,34.2739],[-98.1393,34.2474],[-98.1394,34.1908],[-98.1391,34.1419]]]},"properties":{"name":"Jefferson"}},
{"type":"Feature","geometry":{"type":"Polygon","coordinates":[[[-96.9337,34.1726],[-96.8895,34.1725],[-96.8564,34.1725],[-96.8511,34.1727],[-96.8355,34.1724],[-96.808,34.1727],[-96.7825,34.1724],[-96.7526,34.1725],[-96.7439,34.1722],[-96.7183,34.1726],[-96.6831,34.1725],[-96.67,34.1723],[-96.6697,34.1691],[-96.6678,34.1671],[-96.6655,34.1688],[-96.6633,34.1679],[-96.6619,34.1657],[-96.6561,34.1612],[-96.6537,34.1614],[-96.6495,34.1628],[-96.6434,34.1681],[-96.6386,34.1681],[-96.6364,34.1659],[-96.6368,34.1644],[-96.6403,34.1629],[-96.6415,34.1597],[-96.6412,34.1584],[-96.6376,34.1565],[-96.6353,34.1564],[-96.6323,34.1546],[-96.6286,34.1537],[-96.6273,34.1546],[-96.6272,34.1585],[-96.6253,34.1605],[-96.622,34.1622],[-96.6198,34.1612],[-96.6194,34.1571],[-96.6202,34.1554],[-96.6192,34.154],[-96.6131,34.152],[-96.6098,34.1469],[-96.6078,34.1462],[-96.6092,34.1442],[-96.6128,34.1444],[-96.6138,34.142],[-96.6106,34.1398],[-96.6068,34.1399],[-96.6055,34.1412],[-96.605,34.1446],[-96.603,34.1456],[-96.6003,34.1433],[-96.5987,34.1404],[-96.6008,34.138],[-96.6009,34.1356],[-96.5991,34.1339],[-96.5947,34.1314],[-96.5908,34.128],[-96.5886,34.1267],[-96.5846,34.1268],[-96.5823,34.1253],[-96.5818,34.1214],[-96.5831,34.1178],[-96.5869,34.118],[-96.5854,34.1145],[-96.5553,34.1144],[-96.5494,34.1143],[-96.5188,34.1142],[-96.5103,34.1143],[-96.4942,34.1142],[-96.478,34.1142],[-96.4538,34.1144],[-96.454,34.1251],[-96.4538,34.1567],[-96.4539,34.1573],[-96.4424,34.1574],[-96.4076,34.1573],[-96.4078,34.1668],[-96.4077,34.1845],[-96.4074,34.2309],[-96.4071,34.2501],[-96.4073,34.2614],[-96.4072,34.2709],[-96.4072,34.3137],[-96.407,34.3578],[-96.4071,34.3721],[-96.407,34.3865],[-96.4069,34.404],[-96.4073,34.4184],[-96.4259,34.4183],[-96.4531,34.4184],[-96.4539,34.4195],[-96.4872,34.4196],[-96.4918,34.4195],[-96.5138,34.4196],[-96.5143,34.4885],[-96.5138,34.5005],[-96.5139,34.5054],[-96.5178,34.5055],[-96.6034,34.5057],[-96.6116,34.5054],[-96.6173,34.5057],[-96.6453,34.5057],[-96.6765,34.5056],[-96.7184,34.5058],[-96.7664,34.5059],[-96.7775,34.506],[-96.8273,34.506],[-96.8467,34.5061],[-96.8614,34.506],[-96.8808,34.5061],[-96.8808,34.4576],[-96.8808,34.4049],[-96.881,34.3948],[-96.8806,34.3899],[-96.881,34.333],[-96.9335,34.3327],[-96.9334,34.2818],[-96.9334,34.2501],[-96.9337,34.2387],[-96.9334,34.2322],[-96.9332,34.2236],[-96.9336,34.2189],[-96.9335,34.1909],[-96.9336,34.1899],[-96.9337,34.1726]]]},"properties":{"name":"Johnston"}},
{"type":"Feature","geometry":{"type":"Polygon","coordinates":[[[-98.1043,36.5936],[-98.0406,36.5935],[-97.9944,36.5936],[-97.9618,36.5936],[-97.9439,36.5936],[-97.8978,36.5936],[-97.8755,36.5934],[-97.819,36.5935],[-97.7648,36.5932],[-97.7506,36.5932],[-97.7097,36.5934],[-97.6783,36.5934],[-97.6037,36.5935],[-97.5685,36.5934],[-97.532,36.5935],[-97.4795,36.5936],[-97.4653,36.5934],[-97.4625,36.5936],[-97.4625,36.6153],[-97.4623,36.625],[-97.4624,36.652],[-97.4623,36.6863],[-97.4624,36.7017],[-97.4623,36.7529],[-97.4622,36.761],[-97.4623,36.8052],[-97.4625,36.8528],[-97.4624,36.9124],[-97.4625,36.9312],[-97.4623,36.9417],[-97.4623,36.9987],[-97.5102,36.9986],[-97.5291,36.9987],[-97.5465,36.9986],[-97.5644,36.9987],[-97.595,36.9985],[-97.6253,36.9989],[-97.6368,36.9991],[-97.6399,36.9989],[-97.6521,36.999],[-97.6971,36.9988],[-97.7155,36.9989],[-97.7287,36.9987],[-97.7696,36.9987],[-97.7833,36.999],[-97.7864,36.9988],[-97.8434,36.9987],[-97.8648,36.9987],[-97.9456,36.9986],[-97.9836,36.9985],[-97.9941,36.9985],[-98.0841,36.9983],[-98.112,36.9981],[-98.1115,36.942],[-98.1096,36.942],[-98.1096,36.9321],[-98.1099,36.875],[-98.1097,36.8621],[-98.1098,36.8408],[-98.1102,36.8112],[-98.1102,36.7964],[-98.1105,36.7676],[-98.1103,36.7647],[-98.1102,36.7443],[-98.11,36.7241],[-98.1098,36.6875],[-98.1094,36.6287],[-98.1093,36.5936],[-98.1043,36.5936]]]},"properties":{"name":"Grant"}},
{"type":"Feature","geometry":{"type":"Polygon","coordinates":[[[-100.0004,35.0304],[-100.0004,34.9601],[-100.0004,34.914],[-100.0004,34.848],[-100.0004,34.7692],[-100.0004,34.7144],[-100.0005,34.7084],[-100.0003,34.6839],[-100.0004,34.6524],[-100.0004,34.5939],[-100.0004,34.5694],[-100.0003,34.5604],[-99.9961,34.5607],[-99.993,34.5595],[-99.9907,34.5602],[-99.9859,34.5601],[-99.9777,34.5615],[-99.9748,34.5613],[-99.971,34.5625],[-99.9697,34.5645],[-99.9656,34.5658],[-99.9575,34.5727],[-99.9567,34.5765],[-99.9538,34.5785],[-99.9447,34.5791],[-99.9343,34.5768],[-99.9303,34.5769],[-99.9232,34.5746],[-99.9218,34.5703],[-99.91,34.5621],[-99.8989,34.5558],[-99.896,34.5555],[-99.8887,34.5505],[-99.8844,34.5465],[-99.8809,34.5422],[-99.8766,34.5397],[-99.8764,34.5382],[-99.8733,34.5353],[-99.8723,34.5317],[-99.8707,34.5306],[-99.869,34.5276],[-99.8677,34.5272],[-99.8649,34.523],[-99.8611,34.52],[-99.8584,34.517],[-99.8565,34.5157],[-99.8531,34.5116],[-99.8467,34.5085],[-99.8446,34.5069],[-99.7855,34.5071],[-99.7615,34.5071],[-99.7457,34.5072],[-99.6665,34.5071],[-99.6665,34.5381],[-99.6666,34.6024],[-99.6666,34.6378],[-99.6666,34.6702],[-99.6666,34.6875],[-99.6668,34.7246],[-99.6671,34.7537],[-99.6847,34.7537],[-99.6848,34.7684],[-99.7201,34.7684],[-99.7204,34.7956],[-99.7202,34.7975],[-99.7201,34.8292],[-99.7202,34.8301],[-99.72,34.857],[-99.731,34.857],[-99.7312,34.8772],[-99.731,34.9203],[-99.7311,34.9441],[-99.7575,34.944],[-99.7749,34.9444],[-99.7787,34.944],[-99.7882,34.9441],[-99.8008,34.9441],[-99.8169,34.9444],[-99.8262,34.9441],[-99.8501,34.9439],[-99.8514,34.944],[-99.8747,34.9439],[-99.8884,34.9439],[-99.8884,34.9596],[-99.8881,34.9803],[-99.888,35.002],[-99.8885,35.0161],[-99.8886,35.0303],[-99.9052,35.03],[-99.9516,35.0299],[-100.0004,35.0304]]]},"properties":{"name":"Harmon"}},
{"type":"Feature","geometry":{"type":"Polygon","coordinates":[[[-95.0057,36.5099],[-95.0058,36.504],[-95.0057,36.4838],[-95.0059,36.4631],[-95.0057,36.4146],[-95.0056,36.3757],[-95.0056,36.354],[-95.0059,36.3386],[-95.0058,36.312],[-95.006,36.2525],[-95.0059,36.2495],[-95.0114,36.2495],[-95.0112,36.2344],[-95.0113,36.2196],[-95.0113,36.1872],[-95.0113,36.1618],[-94.9894,36.1617],[-94.9767,36.1617],[-94.9463,36.1614],[-94.9197,36.1615],[-94.9099,36.1617],[-94.8855,36.1617],[-94.8692,36.1615],[-94.8635,36.1616],[-94.7973,36.1614],[-94.7559,36.1612],[-94.7462,36.1616],[-94.7352,36.1617],[-94.6973,36.1616],[-94.6655,36.1617],[-94.6551,36.1617],[-94.6123,36.1618],[-94.5931,36.1617],[-94.5627,36.1619],[-94.5667,36.1843],[-94.5713,36.2109],[-94.5777,36.2501],[-94.5804,36.2649],[-94.5858,36.2984],[-94.5934,36.3457],[-94.602,36.4021],[-94.6064,36.4272],[-94.607,36.4318],[-94.6128,36.4687],[-94.6138,36.4763],[-94.6179,36.4994],[-94.6178,36.5164],[-94.618,36.5343],[-94.6179,36.5462],[-94.6179,36.6084],[-94.6177,36.6126],[-94.6181,36.6679],[-94.6433,36.6679],[-94.7078,36.6677],[-94.733,36.6678],[-94.7481,36.6674],[-94.7542,36.6678],[-94.7792,36.6678],[-94.7822,36.6706],[-94.8085,36.6705],[-94.8194,36.6703],[-94.8286,36.6706],[-94.8611,36.6705],[-94.8847,36.6705],[-94.8964,36.6704],[-94.9032,36.6705],[-94.9229,36.6705],[-94.9994,36.6706],[-94.9996,36.6583],[-94.9993,36.6545],[-94.9994,36.6383],[-94.9995,36.598],[-95.0053,36.598],[-95.0057,36.5971],[-95.0056,36.5864],[-95.0057,36.5099]]]},"properties":{"name":"Delaware"}},
{"type":"Feature","geometry":{"type":"Polygon","coordinates":[[[-98.632,35.8124],[-98.6939,35.8125],[-98.7091,35.8124],[-98.7091,35.8119],[-98.7216,35.8121],[-98.7398,35.812],[-98.7504,35.8122],[-98.797,35.8126],[-98.8124,35.8126],[-98.8314,35.8129],[-98.8325,35.8126],[-98.8447,35.8127],[-98.8811,35.8126],[-98.8821,35.8128],[-98.9001,35.8125],[-98.9309,35.8124],[-99.0287,35.8123],[-99.1106,35.8124],[-99.1508,35.8124],[-99.1814,35.8123],[-99.225,35.8124],[-99.2452,35.8122],[-99.2554,35.8125],[-99.2596,35.8123],[-99.2888,35.8121],[-99.2898,35.8123],[-99.3333,35.8122],[-99.3758,35.8122],[-99.3759,35.8003],[-99.3762,35.7805],[-99.3763,35.7519],[-99.3765,35.7437],[-99.3767,35.7095],[-99.3769,35.6696],[-99.377,35.6034],[-99.377,35.5792],[-99.3771,35.5517],[-99.364,35.5517],[-99.3641,35.5502],[-99.3641,35.5088],[-99.3642,35.4653],[-99.3312,35.4653],[-99.3191,35.4654],[-99.2433,35.4654],[-99.2237,35.4654],[-99.1989,35.4656],[-99.1776,35.4654],[-99.1616,35.4655],[-99.1373,35.4654],[-99.1232,35.4652],[-99.1038,35.4651],[-99.0974,35.4654],[-99.0816,35.4652],[-99.0388,35.4652],[-98.9848,35.4652],[-98.9021,35.4651],[-98.8352,35.4651],[-98.8064,35.4648],[-98.7823,35.4648],[-98.7719,35.4646],[-98.7646,35.4647],[-98.7299,35.4644],[-98.6502,35.4644],[-98.6341,35.4645],[-98.6233,35.4642],[-98.6232,35.536],[-98.6231,35.5516],[-98.6321,35.5516],[-98.6323,35.5768],[-98.6321,35.6057],[-98.6322,35.617],[-98.6322,35.6801],[-98.6319,35.6804],[-98.6319,35.6952],[-98.6322,35.7019],[-98.632,35.7177],[-98.6322,35.7181],[-98.6317,35.7404],[-98.632,35.75],[-98.6322,35.7608],[-98.6321,35.7703],[-98.632,35.8124]]]},"properties":{"name":"Custer"}},
{"type":"Feature","geometry":{"type":"Polygon","coordinates":[[[-99.6056,36.5928],[-99.6254,36.5931],[-99.6435,36.5932],[-99.6829,36.5931],[-99.7305,36.5932],[-99.7455,36.5933],[-99.7586,36.5931],[-99.7813,36.5931],[-99.8331,36.5933],[-99.8602,36.5933],[-99.88,36.5931],[-99.9018,36.5932],[-99.9153,36.5932],[-99.9334,36.5933],[-100.0032,36.5932],[-100.0038,36.5171],[-100.0038,36.4998],[-100.0004,36.4997],[-100.0004,36.4405],[-100.0004,36.3905],[-100.0004,36.3424],[-100.0004,36.2781],[-100.0004,36.211],[-100.0004,36.1637],[-100.0004,36.1005],[-100.0004,36.0426],[-100.0004,35.9677],[-100.0004,35.8809],[-99.9948,35.8818],[-99.9887,35.8836],[-99.9854,35.8841],[-99.9772,35.8875],[-99.9721,35.8888],[-99.967,35.8921],[-99.9638,35.8964],[-99.9596,35.9],[-99.9562,35.9018],[-99.949,35.9039],[-99.9433,35.9065],[-99.9345,35.9095],[-99.9251,35.9137],[-99.9212,35.9198],[-99.9189,35.9218],[-99.9101,35.9269],[-99.9084,35.9281],[-99.9056,35.9367],[-99.9057,35.9395],[-99.907,35.9423],[-99.9107,35.9444],[-99.9113,35.946],[-99.9125,35.955],[-99.9114,35.9619],[-99.9105,35.9641],[-99.9083,35.9666],[-99.9059,35.9681],[-99.9022,35.9714],[-99.895,35.9771],[-99.8944,35.9783],[-99.8946,35.9829],[-99.8934,35.9853],[-99.8883,35.9878],[-99.8754,35.9878],[-99.8723,35.9887],[-99.8689,35.9909],[-99.8645,35.9952],[-99.86,35.9988],[-99.855,36.0037],[-99.8515,36.0051],[-99.8473,36.0061],[-99.8379,36.0068],[-99.8305,36.0063],[-99.8236,36.0055],[-99.8173,36.0043],[-99.8138,36.0031],[-99.8094,36],[-99.8072,35.9936],[-99.8074,35.9914],[-99.8049,35.9884],[-99.8059,35.9838],[-99.8044,35.9802],[-99.8023,35.9716],[-99.8049,35.9641],[-99.8079,35.9603],[-99.8098,35.9533],[-99.8098,35.9455],[-99.8072,35.9409],[-99.8104,35.9341],[-99.8102,35.9289],[-99.8091,35.9275],[-99.805,35.9246],[-99.8023,35.9204],[-99.802,35.9127],[-99.8014,35.9106],[-99.7965,35.9069],[-99.7898,35.9042],[-99.7869,35.9019],[-99.7853,35.8995],[-99.7816,35.8986],[-99.7791,35.8964],[-99.7787,35.8936],[-99.777,35.8891],[-99.775,35.8873],[-99.7723,35.8863],[-99.767,35.8826],[-99.7611,35.8807],[-99.7592,35.8809],[-99.7533,35.8826],[-99.7504,35.8827],[-99.7464,35.882],[-99.7424,35.8797],[-99.7384,35.875],[-99.7294,35.8703],[-99.7239,35.8657],[-99.7231,35.8632],[-99.7171,35.8598],[-99.7027,35.8563],[-99.6938,35.8545],[-99.6879,35.8529],[-99.6855,35.8517],[-99.6814,35.851],[-99.6778,35.851],[-99.6644,35.8518],[-99.6532,35.8501],[-99.65,35.8492],[-99.6425,35.8458],[-99.635,35.8431],[-99.6297,35.8426],[-99.6244,35.843],[-99.6206,35.842],[-99.6177,35.8429],[-99.6151,35.845],[-99.6107,35.8476],[-99.6055,35.8532],[-99.6018,35.8559],[-99.596,35.8572],[-99.5883,35.8577],[-99.5837,35.8589],[-99.5774,35.8596],[-99.5681,35.8626],[-99.5619,35.8634],[-99.5585,35.866],[-99.5566,35.875],[-99.5551,35.879],[-99.5503,35.8848],[-99.5497,35.8872],[-99.5521,35.8948],[-99.5519,35.8963],[-99.5496,35.9002],[-99.5444,35.9026],[-99.5359,35.9084],[-99.5342,35.9116],[-99.5317,35.9134],[-99.5257,35.9185],[-99.5247,35.9199],[-99.5153,35.9258],[-99.5139,35.9277],[-99.5111,35.9368],[-99.5092,35.9392],[-99.5089,35.9459],[-99.506,35.9489],[-99.5054,35.9578],[-99.5003,35.967],[-99.4993,35.9721],[-99.4958,35.9787],[-99.4937,35.9797],[-99.4881,35.9845],[-99.4852,35.9863],[-99.4794,35.9855],[-99.4775,35.9857],[-99.4698,35.9912],[-99.4629,36],[-99.4588,36.0024],[-99.4528,36.0052],[-99.4465,36.007],[-99.4372,36.0082],[-99.4312,36.0096],[-99.4255,36.0114],[-99.4221,36.0119],[-99.4076,36.0125],[-99.3995,36.0119],[-99.3896,36.0133],[-99.3835,36.0137],[-99.381,36.0129],[-99.3817,36.0488],[-99.3818,36.0719],[-99.3822,36.0875],[-99.3819,36.0987],[-99.3821,36.1094],[-99.3821,36.1643],[-99.4177,36.1639],[-99.4534,36.1639],[-99.5004,36.1646],[-99.5604,36.1643],[-99.5961,36.1641],[-99.5959,36.1882],[-99.5958,36.2467],[-99.6048,36.2466],[-99.6051,36.2612],[-99.6051,36.2692],[-99.6054,36.2766],[-99.6053,36.2846],[-99.6053,36.3107],[-99.6056,36.3589],[-99.6057,36.4097],[-99.6054,36.4495],[-99.6055,36.4605],[-99.6051,36.4974],[-99.6049,36.5],[-99.6052,36.5303],[-99.6053,36.5306],[-99.6054,36.5799],[-99.6056,36.5928]]]},"properties":{"name":"Ellis"}},
{"type":"Feature","geometry":{"type":"Polygon","coordinates":[[[-97.6714,35.3772],[-97.6714,35.4485],[-97.6713,35.4693],[-97.6715,35.4728],[-97.6712,35.5075],[-97.6712,35.5372],[-97.6713,35.5511],[-97.674,35.5511],[-97.674,35.5948],[-97.674,35.6385],[-97.674,35.6732],[-97.6741,35.7152],[-97.674,35.726],[-97.7135,35.7258],[-97.7503,35.7258],[-97.7893,35.7257],[-97.8153,35.7258],[-97.8873,35.7261],[-97.923,35.7261],[-97.959,35.7261],[-97.9934,35.7255],[-98.0276,35.7254],[-98.1006,35.7254],[-98.1535,35.7253],[-98.16,35.7251],[-98.2071,35.7251],[-98.2445,35.7253],[-98.2757,35.7251],[-98.2903,35.7253],[-98.3134,35.7252],[-98.3132,35.7138],[-98.3132,35.6901],[-98.3133,35.6155],[-98.3135,35.5921],[-98.3133,35.5891],[-98.3135,35.5589],[-98.3133,35.5515],[-98.3083,35.5513],[-98.3082,35.541],[-98.3067,35.5408],[-98.3063,35.5163],[-98.3062,35.4573],[-98.3064,35.4567],[-98.3063,35.4256],[-98.3063,35.3772],[-98.2628,35.377],[-98.2555,35.3768],[-98.2366,35.3766],[-98.2214,35.3768],[-98.1666,35.3771],[-98.1621,35.3774],[-98.1409,35.3774],[-98.096,35.3778],[-98.0341,35.3779],[-98.0175,35.3779],[-98.0157,35.3753],[-98.0099,35.3694],[-98.0088,35.3675],[-98.0121,35.3637],[-98.0108,35.3608],[-98.0064,35.3604],[-98.004,35.3621],[-98.0035,35.3641],[-98.0015,35.3644],[-97.9997,35.3628],[-97.9953,35.3617],[-97.9909,35.3598],[-97.9859,35.3586],[-97.9814,35.3563],[-97.979,35.3562],[-97.9739,35.3571],[-97.9723,35.3536],[-97.9695,35.3515],[-97.9645,35.3502],[-97.9601,35.3459],[-97.9551,35.346],[-97.9525,35.3477],[-97.9523,35.3506],[-97.949,35.3527],[-97.9468,35.3564],[-97.946,35.3625],[-97.9466,35.3681],[-97.9463,35.371],[-97.9471,35.3749],[-97.9433,35.3773],[-97.9403,35.3769],[-97.9343,35.3751],[-97.9323,35.3734],[-97.9302,35.3674],[-97.9304,35.3636],[-97.9263,35.359],[-97.9245,35.3586],[-97.9208,35.3535],[-97.9181,35.3525],[-97.9146,35.3524],[-97.9114,35.3531],[-97.907,35.3559],[-97.9031,35.3556],[-97.9016,35.3534],[-97.9021,35.3509],[-97.9035,35.3491],[-97.9035,35.3457],[-97.9003,35.3441],[-97.8973,35.3449],[-97.8941,35.347],[-97.8871,35.3474],[-97.8841,35.349],[-97.885,35.3558],[-97.8836,35.3564],[-97.8761,35.3555],[-97.8733,35.3568],[-97.8732,35.3609],[-97.8699,35.3625],[-97.8627,35.3618],[-97.8597,35.3595],[-97.8578,35.3563],[-97.8568,35.3513],[-97.8568,35.3449],[-97.8537,35.3411],[-97.8484,35.3377],[-97.8439,35.3354],[-97.8408,35.3345],[-97.8337,35.3354],[-97.8323,35.3347],[-97.8245,35.3338],[-97.8224,35.3351],[-97.8198,35.3353],[-97.8151,35.334],[-97.8121,35.3338],[-97.8121,35.3383],[-97.8099,35.34],[-97.8072,35.3408],[-97.8032,35.3397],[-97.7967,35.3391],[-97.792,35.3327],[-97.7896,35.3333],[-97.7883,35.3366],[-97.7861,35.3372],[-97.7812,35.3361],[-97.7776,35.3371],[-97.7747,35.3394],[-97.7739,35.3433],[-97.7724,35.3456],[-97.7691,35.3456],[-97.7672,35.3445],[-97.7632,35.3405],[-97.7575,35.3394],[-97.752,35.3343],[-97.7511,35.3313],[-97.7487,35.3294],[-97.7373,35.3238],[-97.7247,35.3258],[-97.7215,35.3271],[-97.72,35.3285],[-97.7138,35.3279],[-97.7131,35.3255],[-97.7113,35.3249],[-97.7062,35.325],[-97.6959,35.3277],[-97.6897,35.3322],[-97.6851,35.3343],[-97.6789,35.3348],[-97.6716,35.3359],[-97.6715,35.3375],[-97.6714,35.3481],[-97.6714,35.3772]]]},"properties":{"name":"Canadian"}},
{"type":"Feature","geometry":{"type":"Polygon","coordinates":[[[-95.7794,34.1567],[-95.8032,34.1568],[-95.8088,34.1566],[-95.8263,34.1566],[-95.8322,34.1568],[-95.8711,34.1567],[-95.8753,34.1566],[-95.9556,34.1566],[-95.993,34.1568],[-95.99,34.155],[-95.9858,34.1561],[-95.9847,34.1543],[-95.9826,34.1543],[-95.9816,34.1527],[-95.9789,34.1508],[-95.9783,34.1541],[-95.9746,34.1524],[-95.9731,34.154],[-95.9678,34.1512],[-95.9648,34.1503],[-95.9624,34.1512],[-95.9534,34.1483],[-95.9561,34.1468],[-95.9548,34.1457],[-95.9526,34.1459],[-95.9517,34.1429],[-95.9528,34.1401],[-95.9506,34.1392],[-95.9507,34.1364],[-95.9484,34.1341],[-95.9487,34.1321],[-95.9504,34.1306],[-95.9498,34.1292],[-95.9474,34.1288],[-95.944,34.1241],[-95.9408,34.124],[-95.9382,34.1251],[-95.9383,34.1115],[-95.9381,34.1079],[-95.9383,34.0678],[-95.9383,34.0568],[-95.9381,34.0423],[-95.9382,34.0334],[-95.9382,34.014],[-95.9379,33.988],[-95.9381,33.9857],[-95.9379,33.9482],[-95.9354,33.9448],[-95.9356,33.942],[-95.9294,33.9397],[-95.9288,33.9379],[-95.9266,33.9364],[-95.9251,33.9324],[-95.9232,33.9329],[-95.9212,33.9301],[-95.9227,33.9288],[-95.9189,33.9251],[-95.9147,33.9232],[-95.91,33.9218],[-95.9086,33.9232],[-95.9056,33.9227],[-95.9034,33.9232],[-95.9033,33.9211],[-95.9,33.9199],[-95.8966,33.9217],[-95.8919,33.9195],[-95.8875,33.9186],[-95.8855,33.9162],[-95.8825,33.9169],[-95.8791,33.9161],[-95.8764,33.9132],[-95.8716,33.9072],[-95.8695,33.9057],[-95.8663,33.9014],[-95.866,33.8965],[-95.8637,33.8947],[-95.8641,33.8926],[-95.8611,33.8874],[-95.8591,33.888],[-95.8543,33.8844],[-95.8524,33.884],[-95.8515,33.8813],[-95.8478,33.88],[-95.846,33.8786],[-95.8427,33.878],[-95.8416,33.8754],[-95.8369,33.8734],[-95.8336,33.8745],[-95.8327,33.8757],[-95.8287,33.8731],[-95.826,33.8737],[-95.8235,33.8728],[-95.8183,33.8723],[-95.8142,33.8728],[-95.812,33.8699],[-95.8092,33.8712],[-95.8051,33.8701],[-95.8018,33.8725],[-95.7992,33.8718],[-95.797,33.8737],[-95.7929,33.8726],[-95.7882,33.8736],[-95.7864,33.8734],[-95.784,33.8691],[-95.7816,33.8683],[-95.7769,33.8714],[-95.777,33.8727],[-95.7752,33.8745],[-95.7719,33.8738],[-95.7699,33.8715],[-95.7656,33.871],[-95.7615,33.8731],[-95.7621,33.8751],[-95.7625,33.8811],[-95.7617,33.8843],[-95.7598,33.8881],[-95.7566,33.892],[-95.7489,33.8961],[-95.7451,33.8967],[-95.7363,33.8969],[-95.7332,33.8964],[-95.7267,33.8935],[-95.72,33.8909],[-95.7164,33.8878],[-95.7122,33.8855],[-95.7006,33.8858],[-95.6949,33.8868],[-95.6889,33.8885],[-95.6849,33.8905],[-95.6793,33.8944],[-95.6779,33.897],[-95.6721,33.9023],[-95.6686,33.907],[-95.6655,33.909],[-95.6584,33.9103],[-95.6545,33.9098],[-95.6481,33.9081],[-95.638,33.9049],[-95.6328,33.9048],[-95.6286,33.9064],[-95.6273,33.9078],[-95.6248,33.9157],[-95.6216,33.9205],[-95.6199,33.9221],[-95.6164,33.9276],[-95.6151,33.9284],[-95.6091,33.9292],[-95.6044,33.9288],[-95.6021,33.93],[-95.5991,33.9331],[-95.598,33.9357],[-95.5975,33.9423],[-95.5938,33.943],[-95.5898,33.942],[-95.5866,33.9396],[-95.5845,33.9367],[-95.5819,33.9342],[-95.5769,33.933],[-95.5721,33.9337],[-95.5674,33.9336],[-95.5625,33.9326],[-95.5577,33.9304],[-95.5552,33.9282],[-95.5528,33.9243],[-95.5513,33.9162],[-95.5491,33.9115],[-95.5482,33.9066],[-95.5479,33.9001],[-95.5486,33.8973],[-95.5503,33.8939],[-95.5512,33.8897],[-95.5493,33.8857],[-95.545,33.8811],[-95.5434,33.8805],[-95.5338,33.8812],[-95.5298,33.8835],[-95.5265,33.8847],[-95.5238,33.8873],[-95.5185,33.8899],[-95.516,33.894],[-95.5128,33.8958],[-95.5114,33.8973],[-95.508,33.8974],[-95.5053,33.8946],[-95.5048,33.8897],[-95.5057,33.8858],[-95.5054,33.8824],[-95.5062,33.8778],[-95.5058,33.8764],[-95.5021,33.8751],[-95.492,33.8749],[-95.4835,33.8768],[-95.4733,33.8802],[-95.4699,33.8819],[-95.4681,33.885],[-95.4636,33.8872],[-95.4597,33.8867],[-95.4601,33.8842],[-95.4628,33.8791],[-95.4642,33.8734],[-95.4633,33.8724],[-95.4553,33.8712],[-95.4501,33.8696],[-95.4455,33.8672],[-95.4427,33.8665],[-95.4379,33.8664],[-95.4277,33.8705],[-95.4212,33.8686],[-95.4187,33.8685],[-95.4158,33.8669],[-95.4107,33.8654],[-95.404,33.8645],[-95.398,33.8652],[-95.3897,33.868],[-95.3838,33.8686],[-95.3757,33.8684],[-95.371,33.8668],[-95.3678,33.8665],[-95.3632,33.8668],[-95.3584,33.8684],[-95.3574,33.8692],[-95.3524,33.8696],[-95.3503,33.8706],[-95.3477,33.8705],[-95.3466,33.8716],[-95.3377,33.8747],[-95.3357,33.8743],[-95.3321,33.8793],[-95.3304,33.8827],[-95.3299,33.8863],[-95.3255,33.8857],[-95.321,33.8842],[-95.3137,33.881],[-95.313,33.8795],[-95.3099,33.8767],[-95.3064,33.8749],[-95.301,33.8742],[-95.2941,33.8728],[-95.2927,33.8732],[-95.2873,33.8734],[-95.2807,33.8755],[-95.2782,33.8784],[-95.2786,33.8836],[-95.2779,33.8873],[-95.2782,33.8903],[-95.2807,33.8961],[-95.2842,33.8994],[-95.2855,33.9037],[-95.2846,33.9055],[-95.2817,33.9085],[-95.276,33.9113],[-95.2698,33.9115],[-95.2666,33.9088],[-95.265,33.9046],[-95.2649,33.8995],[-95.2655,33.8966],[-95.2667,33.894],[-95.2649,33.8921],[-95.2644,33.8898],[-95.2614,33.8877],[-95.2589,33.8892],[-95.2538,33.894],[-95.2527,33.8973],[-95.2508,33.9004],[-95.2486,33.9062],[-95.2476,33.9147],[-95.2478,33.9178],[-95.2497,33.9257],[-95.2509,33.9361],[-95.2494,33.9399],[-95.2451,33.9443],[-95.2391,33.9477],[-95.2366,33.9479],[-95.2329,33.9497],[-95.2303,33.9558],[-95.23,33.9603],[-95.2276,33.9608],[-95.2261,33.9622],[-95.2203,33.962],[-95.2167,33.9627],[-95.2141,33.9621],[-95.2091,33.9602],[-95.203,33.9572],[-95.1981,33.9534],[-95.1895,33.9513],[-95.185,33.9495],[-95.1716,33.9468],[-95.1678,33.9447],[-95.1571,33.9367],[-95.1559,33.9366],[-95.1565,33.9834],[-95.1565,34.0126],[-95.1564,34.0579],[-95.1566,34.0629],[-95.1564,34.0895],[-95.1565,34.0966],[-95.1565,34.157],[-95.2208,34.1569],[-95.2746,34.1569],[-95.3337,34.157],[-95.3626,34.1568],[-95.3697,34.1569],[-95.4172,34.1569],[-95.4641,34.1568],[-95.4758,34.1569],[-95.5002,34.1568],[-95.5217,34.1567],[-95.5552,34.1569],[-95.5811,34.1568],[-95.59,34.1569],[-95.6246,34.1567],[-95.6774,34.1566],[-95.7104,34.1568],[-95.7265,34.1567],[-95.73,34.1565],[-95.7503,34.1567],[-95.7794,34.1567]]]},"properties":{"name":"Choctaw"}},
{"type":"Feature","geometry":{"type":"Polygon","coordinates":[[[-96.1926,35.6391],[-96.1926,35.6641],[-96.1927,35.6866],[-96.1925,35.7472],[-96.1925,35.7696],[-96.1924,35.7704],[-96.1925,35.7915],[-96.1919,35.7935],[-96.1925,35.8],[-96.1925,35.857],[-96.1253,35.8573],[-96.1197,35.8572],[-96.0861,35.8572],[-96.04,35.8569],[-96.0331,35.8568],[-96.0333,35.8857],[-96.0333,35.9011],[-96.0296,35.9011],[-96.0295,35.9519],[-96.0296,35.9861],[-96.0295,35.9991],[-96.0298,36.0006],[-96.0295,36.0177],[-96.0296,36.0342],[-96.0295,36.0555],[-96.0296,36.0754],[-96.0991,36.0755],[-96.1541,36.0758],[-96.1903,36.0755],[-96.2037,36.0759],[-96.218,36.0757],[-96.2596,36.0758],[-96.2617,36.0756],[-96.2908,36.0756],[-96.2978,36.0758],[-96.2978,36.0991],[-96.2979,36.1251],[-96.2981,36.1414],[-96.2979,36.1623],[-96.307,36.1625],[-96.324,36.1625],[-96.3342,36.1627],[-96.3427,36.1626],[-96.3517,36.1628],[-96.3694,36.1627],[-96.3753,36.163],[-96.3876,36.163],[-96.3919,36.1632],[-96.4548,36.1635],[-96.4996,36.1637],[-96.5003,36.1636],[-96.539,36.1636],[-96.6213,36.1636],[-96.6214,36.1599],[-96.6225,36.1251],[-96.6227,36.0655],[-96.623,36.0583],[-96.6228,36.0337],[-96.6226,36.0258],[-96.6224,36.0014],[-96.6219,36.0001],[-96.6215,35.9891],[-96.621,35.9698],[-96.6215,35.9554],[-96.6211,35.9415],[-96.6198,35.9156],[-96.6195,35.8867],[-96.6192,35.8643],[-96.6192,35.8519],[-96.6196,35.8262],[-96.6196,35.7836],[-96.6197,35.7565],[-96.6201,35.7484],[-96.6201,35.7405],[-96.6204,35.7113],[-96.6204,35.7035],[-96.6201,35.7019],[-96.6202,35.6889],[-96.6205,35.6838],[-96.6207,35.6701],[-96.6204,35.6524],[-96.6206,35.639],[-96.6117,35.6388],[-96.5837,35.639],[-96.578,35.639],[-96.5222,35.6391],[-96.5003,35.639],[-96.4766,35.639],[-96.4545,35.6392],[-96.4413,35.6392],[-96.4338,35.6393],[-96.4057,35.6394],[-96.3943,35.6392],[-96.3876,35.6393],[-96.3753,35.6389],[-96.3598,35.639],[-96.3432,35.6388],[-96.3231,35.6389],[-96.3005,35.6387],[-96.2652,35.6389],[-96.2275,35.6389],[-96.2232,35.6393],[-96.2218,35.6389],[-96.1926,35.6391]]]},"properties":{"name":"Creek"}},
{"type":"Feature","geometry":{"type":"Polygon","coordinates":[[[-98.9558,36.1616],[-98.9561,36.2076],[-98.956,36.236],[-98.9562,36.2404],[-98.9559,36.2467],[-98.9609,36.2468],[-98.9609,36.2611],[-98.9607,36.2685],[-98.9608,36.3064],[-98.9607,36.3191],[-98.9608,36.3478],[-98.9605,36.3913],[-98.9606,36.4203],[-98.9606,36.4965],[-98.9603,36.5069],[-98.9602,36.5503],[-98.9602,36.5864],[-98.96,36.599],[-98.9667,36.5995],[-98.9715,36.6003],[-98.9761,36.6031],[-98.9888,36.6156],[-98.991,36.6192],[-99.0003,36.6294],[-99.0067,36.6311],[-99.0101,36.6333],[-99.0103,36.636],[-99.013,36.6402],[-99.019,36.6409],[-99.0225,36.6424],[-99.0228,36.6471],[-99.0248,36.6503],[-99.0248,36.6522],[-99.0224,36.6576],[-99.0235,36.6611],[-99.0309,36.6649],[-99.0342,36.6673],[-99.0378,36.6712],[-99.0393,36.6736],[-99.04,36.6785],[-99.0413,36.6809],[-99.0442,36.6829],[-99.0481,36.6865],[-99.0481,36.6885],[-99.0461,36.6901],[-99.0446,36.6927],[-99.0443,36.6949],[-99.0461,36.6971],[-99.0496,36.6997],[-99.052,36.7047],[-99.0551,36.7073],[-99.0572,36.7113],[-99.0615,36.7154],[-99.0658,36.7164],[-99.0698,36.7161],[-99.0757,36.717],[-99.0825,36.7201],[-99.0845,36.7216],[-99.0921,36.7316],[-99.0957,36.7368],[-99.0954,36.7382],[-99.0974,36.7421],[-99.1024,36.7439],[-99.1053,36.7457],[-99.1068,36.7474],[-99.1078,36.7504],[-99.114,36.754],[-99.1195,36.7579],[-99.1266,36.7626],[-99.1267,36.766],[-99.1283,36.7694],[-99.1328,36.774],[-99.135,36.7784],[-99.1399,36.783],[-99.1523,36.7876],[-99.1581,36.7878],[-99.1635,36.7902],[-99.1667,36.7906],[-99.1777,36.7884],[-99.1808,36.7874],[-99.1891,36.7874],[-99.1953,36.7887],[-99.1991,36.7909],[-99.2028,36.7912],[-99.2106,36.7907],[-99.2165,36.787],[-99.2178,36.7868],[-99.2298,36.7882],[-99.2332,36.787],[-99.2424,36.7858],[-99.2453,36.7864],[-99.2504,36.785],[-99.2532,36.7854],[-99.2599,36.7875],[-99.2702,36.7897],[-99.2773,36.7958],[-99.2823,36.7987],[-99.2867,36.8021],[-99.2927,36.8046],[-99.2943,36.8059],[-99.2948,36.8178],[-99.2952,36.8196],[-99.2949,36.7722],[-99.2948,36.7688],[-99.2953,36.7507],[-99.2953,36.7411],[-99.2954,36.7138],[-99.2953,36.7057],[-99.2955,36.6658],[-99.2953,36.6441],[-99.2955,36.618],[-99.2952,36.6018],[-99.2953,36.5951],[-99.3137,36.5948],[-99.3537,36.5946],[-99.3569,36.5945],[-99.3893,36.5941],[-99.406,36.5942],[-99.4403,36.5939],[-99.4404,36.5942],[-99.4724,36.5941],[-99.5004,36.5933],[-99.6056,36.5928],[-99.6054,36.5799],[-99.6053,36.5306],[-99.6052,36.5303],[-99.6049,36.5],[-99.6051,36.4974],[-99.6055,36.4605],[-99.6054,36.4495],[-99.6057,36.4097],[-99.6056,36.3589],[-99.6053,36.3107],[-99.6053,36.2846],[-99.6054,36.2766],[-99.6051,36.2692],[-99.6051,36.2612],[-99.6048,36.2466],[-99.5958,36.2467],[-99.5959,36.1882],[-99.5961,36.1641],[-99.5604,36.1643],[-99.5004,36.1646],[-99.4534,36.1639],[-99.4177,36.1639],[-99.3821,36.1643],[-99.3646,36.1644],[-99.3289,36.1641],[-99.3128,36.1643],[-99.299,36.1641],[-99.2773,36.1642],[-99.2542,36.1639],[-99.2459,36.1634],[-99.2212,36.1632],[-99.1719,36.1626],[-99.1633,36.1626],[-99.1256,36.1622],[-99.1173,36.1628],[-99.0751,36.1624],[-99.0004,36.1619],[-98.9914,36.1619],[-98.9558,36.1616]]]},"properties":{"name":"Woodward"}},
{"type":"Feature","geometry":{"type":"Polygon","coordinates":[[[-95.44,36.0752],[-95.4622,36.0752],[-95.4884,36.0753],[-95.4986,36.0752],[-95.5415,36.0754],[-95.5715,36.0753],[-95.5775,36.0784],[-95.5794,36.0803],[-95.5799,36.083],[-95.5784,36.0841],[-95.5748,36.0825],[-95.571,36.0822],[-95.5654,36.0843],[-95.5627,36.0843],[-95.5583,36.082],[-95.5566,36.0824],[-95.5526,36.0915],[-95.5586,36.097],[-95.5615,36.0992],[-95.5683,36.1074],[-95.5703,36.1107],[-95.5707,36.1138],[-95.57,36.1203],[-95.5678,36.1294],[-95.5736,36.1313],[-95.5762,36.1336],[-95.5807,36.1343],[-95.5872,36.1341],[-95.589,36.1362],[-95.5928,36.137],[-95.5935,36.1357],[-95.5923,36.1323],[-95.5925,36.1302],[-95.5962,36.1298],[-95.6047,36.1335],[-95.6064,36.135],[-95.6106,36.1422],[-95.6162,36.1466],[-95.6179,36.1503],[-95.6185,36.1625],[-95.6463,36.1623],[-95.7005,36.1624],[-95.7063,36.1619],[-95.7171,36.1619],[-95.7264,36.1625],[-95.7478,36.1625],[-95.7616,36.1627],[-95.7617,36.1337],[-95.7616,36.0698],[-95.7616,36.0247],[-95.7616,35.9702],[-95.7616,35.9333],[-95.7619,35.9331],[-95.7615,35.9206],[-95.7617,35.9008],[-95.7833,35.9009],[-95.7934,35.9011],[-95.8195,35.9011],[-95.8193,35.885],[-95.8197,35.8751],[-95.82,35.8559],[-95.8062,35.856],[-95.8056,35.8566],[-95.7967,35.8566],[-95.7662,35.8564],[-95.7503,35.8566],[-95.731,35.8565],[-95.6767,35.8565],[-95.6504,35.8568],[-95.6511,35.8537],[-95.648,35.8474],[-95.6491,35.8421],[-95.647,35.8392],[-95.6405,35.8349],[-95.6391,35.8329],[-95.6392,35.8272],[-95.6402,35.8246],[-95.6397,35.8217],[-95.6422,35.8122],[-95.6407,35.809],[-95.6375,35.8051],[-95.6392,35.7989],[-95.6398,35.791],[-95.6383,35.7876],[-95.633,35.7844],[-95.6316,35.7824],[-95.6253,35.7801],[-95.6244,35.7787],[-95.6215,35.7776],[-95.6154,35.7767],[-95.6118,35.7774],[-95.6094,35.7765],[-95.6019,35.7783],[-95.6004,35.7755],[-95.5964,35.7715],[-95.5935,35.7676],[-95.5897,35.7652],[-95.5846,35.7656],[-95.582,35.7682],[-95.5773,35.7716],[-95.5747,35.7749],[-95.5718,35.7776],[-95.5714,35.779],[-95.5683,35.7829],[-95.5643,35.7856],[-95.5631,35.7879],[-95.5563,35.7887],[-95.5535,35.7872],[-95.5479,35.789],[-95.5446,35.7883],[-95.5419,35.7888],[-95.5409,35.7902],[-95.5385,35.7906],[-95.5315,35.7906],[-95.5273,35.7912],[-95.526,35.7927],[-95.5207,35.7922],[-95.5182,35.7928],[-95.5003,35.7984],[-95.4839,35.803],[-95.4776,35.8042],[-95.4717,35.8045],[-95.4686,35.804],[-95.4635,35.8047],[-95.4583,35.8032],[-95.4532,35.8024],[-95.4518,35.8014],[-95.4462,35.7999],[-95.4394,35.7996],[-95.4269,35.7983],[-95.4202,35.7996],[-95.408,35.8043],[-95.3981,35.8085],[-95.3969,35.8096],[-95.3908,35.8106],[-95.388,35.8122],[-95.3826,35.8141],[-95.3752,35.8147],[-95.3681,35.8184],[-95.3638,35.8197],[-95.3635,35.8218],[-95.3604,35.8224],[-95.3569,35.8196],[-95.351,35.8171],[-95.3466,35.816],[-95.3444,35.8136],[-95.3377,35.8133],[-95.3152,35.8134],[-95.3121,35.8132],[-95.2728,35.8132],[-95.2657,35.8133],[-95.2678,35.816],[-95.2665,35.8204],[-95.2601,35.8225],[-95.2557,35.8247],[-95.2525,35.8284],[-95.2532,35.834],[-95.2502,35.8366],[-95.2475,35.8376],[-95.2407,35.8441],[-95.2372,35.8479],[-95.2315,35.8512],[-95.2295,35.8549],[-95.2275,35.8622],[-95.2293,35.8691],[-95.2325,35.8728],[-95.2366,35.874],[-95.2461,35.8743],[-95.2502,35.8757],[-95.2541,35.8758],[-95.2577,35.8773],[-95.2618,35.8807],[-95.265,35.884],[-95.2679,35.8898],[-95.2775,35.8985],[-95.2816,35.9041],[-95.283,35.9077],[-95.2829,35.9126],[-95.2822,35.9158],[-95.2807,35.9189],[-95.2757,35.9245],[-95.2693,35.9294],[-95.2686,35.9318],[-95.2689,35.9384],[-95.2699,35.9474],[-95.2719,35.9533],[-95.2736,35.9562],[-95.2781,35.9607],[-95.2787,35.9641],[-95.2776,35.9665],[-95.2738,35.9719],[-95.2711,35.9745],[-95.2626,35.9796],[-95.255,35.9849],[-95.2522,35.9878],[-95.2384,35.988],[-95.2387,35.9915],[-95.2344,35.9913],[-95.2343,36.0023],[-95.2303,36.0023],[-95.2302,36.0093],[-95.2255,36.0092],[-95.2253,36.0398],[-95.2084,36.0399],[-95.208,36.0412],[-95.2079,36.0747],[-95.2319,36.0748],[-95.2438,36.0747],[-95.3006,36.0752],[-95.3038,36.0752],[-95.3351,36.0753],[-95.3983,36.0753],[-95.4149,36.0753],[-95.42,36.0752],[-95.44,36.0752]]]},"properties":{"name":"Wagoner"}},
{"type":"Feature","geometry":{"type":"Polygon","coordinates":[[[-97.0581,36.5937],[-97.0581,36.5965],[-97.0571,36.5978],[-97.0541,36.5981],[-97.0502,36.5971],[-97.0469,36.5974],[-97.0438,36.6007],[-97.0447,36.6027],[-97.0517,36.6111],[-97.0518,36.6163],[-97.0496,36.6202],[-97.0486,36.6232],[-97.0488,36.625],[-97.0509,36.6288],[-97.051,36.6374],[-97.0515,36.6412],[-97.053,36.6439],[-97.0579,36.6477],[-97.061,36.6491],[-97.062,36.6507],[-97.0632,36.6579],[-97.0625,36.6603],[-97.0641,36.665],[-97.0639,36.6721],[-97.0644,36.6759],[-97.0645,36.6813],[-97.0641,36.6842],[-97.0614,36.6869],[-97.057,36.689],[-97.0532,36.6922],[-97.0487,36.6947],[-97.0386,36.6992],[-97.0364,36.7011],[-97.0325,36.702],[-97.0307,36.7016],[-97.0276,36.6992],[-97.0242,36.6934],[-97.022,36.6928],[-97.0193,36.6931],[-97.0152,36.6944],[-97.012,36.694],[-97.0069,36.6923],[-97.0054,36.694],[-97.003,36.6935],[-96.9957,36.6882],[-96.992,36.6876],[-96.9898,36.6882],[-96.9857,36.6881],[-96.978,36.6886],[-96.9729,36.6883],[-96.9681,36.6886],[-96.9601,36.6866],[-96.9502,36.6836],[-96.9437,36.6839],[-96.9394,36.6852],[-96.9353,36.6854],[-96.9319,36.6861],[-96.9273,36.6888],[-96.9285,36.6937],[-96.9268,36.6978],[-96.9226,36.7029],[-96.9219,36.7064],[-96.9209,36.7171],[-96.9181,36.7188],[-96.9132,36.7227],[-96.9097,36.7271],[-96.9086,36.7301],[-96.9074,36.7358],[-96.9036,36.7386],[-96.8957,36.7458],[-96.8895,36.7512],[-96.8876,36.7521],[-96.8822,36.7516],[-96.8788,36.7519],[-96.8718,36.7536],[-96.8664,36.7529],[-96.8617,36.75],[-96.8536,36.7461],[-96.8501,36.7463],[-96.8437,36.7444],[-96.8341,36.7434],[-96.8266,36.7453],[-96.8247,36.7467],[-96.8217,36.75],[-96.8201,36.7528],[-96.8181,36.759],[-96.8188,36.7637],[-96.8226,36.7676],[-96.7887,36.7676],[-96.7887,36.782],[-96.76,36.7819],[-96.7524,36.7821],[-96.7526,36.7981],[-96.7525,36.8255],[-96.7527,36.8371],[-96.7524,36.8438],[-96.7528,36.851],[-96.7521,36.8589],[-96.7524,36.8725],[-96.7522,36.9413],[-96.75,36.9413],[-96.7498,36.999],[-96.7503,36.9991],[-96.7947,36.9992],[-96.7952,36.9989],[-96.8312,36.9993],[-96.8409,36.9992],[-96.8763,36.9992],[-96.9346,36.9991],[-96.9855,36.9991],[-97.0037,36.9991],[-97.0397,36.999],[-97.0754,36.999],[-97.1038,36.999],[-97.1892,36.9991],[-97.2294,36.9989],[-97.2339,36.9989],[-97.3092,36.9989],[-97.3643,36.9988],[-97.376,36.9989],[-97.4182,36.9987],[-97.4623,36.9987],[-97.4623,36.9417],[-97.4625,36.9312],[-97.4624,36.9124],[-97.4625,36.8528],[-97.4623,36.8052],[-97.4622,36.761],[-97.4623,36.7529],[-97.4624,36.7017],[-97.4623,36.6863],[-97.4624,36.652],[-97.4623,36.625],[-97.4625,36.6153],[-97.4625,36.5936],[-97.4616,36.5936],[-97.4316,36.5937],[-97.3694,36.5938],[-97.3632,36.5936],[-97.3366,36.5939],[-97.2485,36.5939],[-97.1758,36.594],[-97.1642,36.5941],[-97.0689,36.5939],[-97.0581,36.5937]]]},"properties":{"name":"Kay"}},
{"type":"Feature","geometry":{"type":"Polygon","coordinates":[[[-95.8127,36.4236],[-95.8123,36.4328],[-95.8125,36.4606],[-95.8124,36.4856],[-95.8121,36.4969],[-95.8124,36.5036],[-95.8123,36.5184],[-95.8121,36.5417],[-95.8123,36.5541],[-95.8127,36.5615],[-95.8124,36.5975],[-95.8096,36.5975],[-95.8095,36.6265],[-95.8096,36.6479],[-95.8095,36.6665],[-95.8096,36.7092],[-95.8097,36.7279],[-95.8096,36.7444],[-95.8099,36.7937],[-95.8099,36.8428],[-95.8097,36.8579],[-95.8099,36.8884],[-95.8099,36.9244],[-95.8098,36.9419],[-95.7867,36.9419],[-95.7867,36.9734],[-95.7868,36.9993],[-95.8078,36.9991],[-95.8257,36.9992],[-95.8563,36.9992],[-95.8733,36.9993],[-95.8951,36.9992],[-95.92,36.9993],[-95.954,36.9991],[-96.0003,36.999],[-96.0008,36.9989],[-96.0009,36.9265],[-96.0008,36.9054],[-96.001,36.8888],[-96.0007,36.8746],[-96.0006,36.8175],[-96.0004,36.8085],[-96.0007,36.7882],[-96.0006,36.7708],[-96.0007,36.7404],[-96.001,36.7365],[-96.0005,36.7295],[-96.0008,36.7133],[-96.0006,36.6954],[-96.0007,36.6891],[-96.0006,36.6727],[-96.001,36.6441],[-96.0007,36.632],[-96.0007,36.5945],[-96.0008,36.5369],[-96.001,36.5001],[-96.0013,36.4815],[-96.0011,36.4685],[-96.0013,36.4621],[-96.0011,36.4516],[-96.0012,36.4393],[-96.0011,36.4237],[-95.9776,36.4237],[-95.9225,36.4237],[-95.8662,36.4238],[-95.8212,36.4235],[-95.8127,36.4236]]]},"properties":{"name":"Washington"}},
{"type":"Feature","geometry":{"type":"Polygon","coordinates":[[[-99.8446,34.5069],[-99.8341,34.5014],[-99.8329,34.5001],[-99.826,34.4978],[-99.8218,34.4978],[-99.8194,34.4952],[-99.8167,34.4897],[-99.8182,34.4878],[-99.8186,34.4845],[-99.8161,34.4813],[-99.8143,34.4762],[-99.8099,34.4718],[-99.8081,34.4708],[-99.8029,34.4657],[-99.8011,34.4623],[-99.7986,34.4601],[-99.7972,34.4577],[-99.7937,34.4539],[-99.7888,34.4515],[-99.7861,34.4511],[-99.7838,34.445],[-99.7812,34.4441],[-99.7757,34.4442],[-99.7727,34.4413],[-99.7656,34.4375],[-99.7653,34.4344],[-99.7676,34.4319],[-99.7672,34.4305],[-99.7631,34.4279],[-99.7596,34.4267],[-99.7562,34.4227],[-99.7534,34.4209],[-99.75,34.4203],[-99.7467,34.4174],[-99.7435,34.4174],[-99.7409,34.4148],[-99.7344,34.4124],[-99.727,34.4106],[-99.7243,34.4079],[-99.7208,34.4066],[-99.7161,34.4024],[-99.7146,34.3996],[-99.7142,34.3971],[-99.7148,34.3945],[-99.7127,34.3909],[-99.71,34.3897],[-99.7067,34.386],[-99.7012,34.3852],[-99.6965,34.381],[-99.6945,34.3782],[-99.6867,34.3787],[-99.6825,34.3798],[-99.6783,34.3798],[-99.6714,34.3777],[-99.6694,34.3757],[-99.6639,34.3737],[-99.6603,34.3741],[-99.6571,34.3758],[-99.6527,34.3774],[-99.6497,34.3799],[-99.6481,34.3823],[-99.6465,34.3825],[-99.6428,34.3816],[-99.6397,34.3799],[-99.6353,34.3792],[-99.6324,34.3781],[-99.6311,34.3762],[-99.6242,34.3736],[-99.6196,34.3746],[-99.6116,34.3756],[-99.6101,34.3766],[-99.6059,34.3767],[-99.6,34.3747],[-99.5963,34.3771],[-99.5963,34.3787],[-99.593,34.3824],[-99.5876,34.3859],[-99.5862,34.3874],[-99.5845,34.3912],[-99.5853,34.3981],[-99.5835,34.4037],[-99.5844,34.4082],[-99.5831,34.4096],[-99.5809,34.4153],[-99.5798,34.4169],[-99.5744,34.4183],[-99.5697,34.4184],[-99.5622,34.4173],[-99.556,34.4146],[-99.5505,34.4129],[-99.5468,34.4127],[-99.5415,34.4132],[-99.5377,34.4128],[-99.5335,34.4118],[-99.5298,34.4115],[-99.5236,34.4122],[-99.5176,34.4145],[-99.5143,34.414],[-99.5111,34.4127],[-99.5076,34.4099],[-99.5031,34.4093],[-99.5004,34.4097],[-99.4971,34.4077],[-99.4941,34.4048],[-99.4904,34.3997],[-99.4872,34.398],[-99.4811,34.3967],[-99.4762,34.3964],[-99.4738,34.3953],[-99.4703,34.3967],[-99.4664,34.3959],[-99.464,34.3936],[-99.4625,34.3911],[-99.4619,34.3872],[-99.4621,34.3835],[-99.4611,34.3807],[-99.4563,34.3804],[-99.4549,34.3819],[-99.4555,34.3861],[-99.4547,34.3884],[-99.453,34.3882],[-99.4491,34.3843],[-99.4453,34.3798],[-99.4437,34.3765],[-99.4411,34.374],[-99.4407,34.3728],[-99.4383,34.3712],[-99.4335,34.3702],[-99.431,34.3711],[-99.4311,34.374],[-99.4293,34.3758],[-99.4303,34.3797],[-99.4292,34.3828],[-99.4275,34.3851],[-99.4237,34.3857],[-99.4214,34.3834],[-99.4207,34.3804],[-99.413,34.377],[-99.4121,34.375],[-99.409,34.3728],[-99.4031,34.3735],[-99.3987,34.3758],[-99.3974,34.3779],[-99.3962,34.3825],[-99.3968,34.3848],[-99.3967,34.3927],[-99.3959,34.3942],[-99.3955,34.3981],[-99.3944,34.3993],[-99.3917,34.4055],[-99.3879,34.4095],[-99.3872,34.4108],[-99.3884,34.4127],[-99.3909,34.4143],[-99.3942,34.4152],[-99.3968,34.4172],[-99.3973,34.4239],[-99.3936,34.4272],[-99.393,34.4314],[-99.3951,34.433],[-99.3961,34.435],[-99.3952,34.442],[-99.3892,34.4469],[-99.3852,34.4517],[-99.382,34.4561],[-99.3805,34.4573],[-99.3756,34.4588],[-99.3698,34.4586],[-99.3653,34.4566],[-99.359,34.4558],[-99.3548,34.4518],[-99.355,34.4496],[-99.3566,34.4475],[-99.3573,34.4449],[-99.3569,34.4421],[-99.3506,34.437],[-99.3455,34.434],[-99.3401,34.4301],[-99.3341,34.4275],[-99.3287,34.4224],[-99.3263,34.4177],[-99.3242,34.4145],[-99.3225,34.4137],[-99.3201,34.4093],[-99.3164,34.4082],[-99.314,34.4091],[-99.3093,34.4097],[-99.3046,34.4121],[-99.2978,34.4147],[-99.2946,34.4154],[-99.2879,34.414],[-99.2844,34.411],[-99.2828,34.4075],[-99.2832,34.4029],[-99.2788,34.4003],[-99.2753,34.4001],[-99.2692,34.4023],[-99.2673,34.4053],[-99.2641,34.4052],[-99.2613,34.4035],[-99.2609,34.4022],[-99.2618,34.3987],[-99.2616,34.3945],[-99.2588,34.3921],[-99.2611,34.3896],[-99.2644,34.3881],[-99.2731,34.3879],[-99.2753,34.3861],[-99.2744,34.3843],[-99.2698,34.3808],[-99.265,34.3788],[-99.2604,34.3781],[-99.2592,34.377],[-99.2593,34.3736],[-99.2586,34.3726],[-99.2546,34.3724],[-99.2513,34.3751],[-99.2489,34.376],[-99.2429,34.3727],[-99.243,34.3711],[-99.2463,34.3698],[-99.2481,34.3674],[-99.247,34.3648],[-99.2445,34.3637],[-99.2415,34.3645],[-99.2376,34.3667],[-99.2362,34.3652],[-99.2371,34.3627],[-99.2365,34.3586],[-99.2348,34.3564],[-99.2341,34.3535],[-99.2288,34.351],[-99.228,34.3495],[-99.2321,34.3456],[-99.234,34.3422],[-99.2343,34.3405],[-99.2305,34.3378],[-99.2271,34.3378],[-99.2218,34.34],[-99.2196,34.3414],[-99.2172,34.3415],[-99.2088,34.3392],[-99.2069,34.3383],[-99.1983,34.3396],[-99.1953,34.3416],[-99.1923,34.3467],[-99.1921,34.3517],[-99.1927,34.3549],[-99.1951,34.3586],[-99.1991,34.3601],[-99.2017,34.3626],[-99.2027,34.3651],[-99.2027,34.3691],[-99.2041,34.3715],[-99.2076,34.3742],[-99.21,34.3745],[-99.2156,34.3732],[-99.2197,34.3743],[-99.2205,34.3759],[-99.2193,34.3792],[-99.2162,34.3813],[-99.2113,34.3868],[-99.2092,34.3886],[-99.209,34.3918],[-99.2102,34.3934],[-99.2139,34.3947],[-99.2176,34.3899],[-99.2231,34.3872],[-99.2266,34.387],[-99.2289,34.3877],[-99.2294,34.3909],[-99.2268,34.3954],[-99.2266,34.4013],[-99.228,34.4017],[-99.2314,34.4003],[-99.2351,34.4011],[-99.2358,34.4029],[-99.2353,34.4087],[-99.2361,34.4117],[-99.2366,34.4172],[-99.2378,34.4199],[-99.2381,34.425],[-99.2367,34.4286],[-99.234,34.4285],[-99.2307,34.4244],[-99.2308,34.4212],[-99.228,34.4196],[-99.2261,34.4198],[-99.2235,34.4215],[-99.2221,34.424],[-99.2216,34.4269],[-99.223,34.4328],[-99.2243,34.4338],[-99.2279,34.4339],[-99.2303,34.4383],[-99.2308,34.4414],[-99.2299,34.4479],[-99.228,34.4518],[-99.2252,34.4513],[-99.2229,34.4538],[-99.2163,34.4545],[-99.2134,34.4562],[-99.213,34.4583],[-99.2144,34.4605],[-99.2193,34.4618],[-99.2212,34.4642],[-99.2188,34.4677],[-99.2173,34.4711],[-99.2169,34.4753],[-99.2149,34.481],[-99.2159,34.484],[-99.218,34.4831],[-99.2181,34.4797],[-99.2196,34.4781],[-99.2215,34.4782],[-99.2246,34.481],[-99.2211,34.4848],[-99.2204,34.4879],[-99.2221,34.4911],[-99.2207,34.4945],[-99.2174,34.4951],[-99.2157,34.4984],[-99.2101,34.5017],[-99.2078,34.5053],[-99.2087,34.5131],[-99.2067,34.5177],[-99.2037,34.5229],[-99.2011,34.528],[-99.1984,34.5308],[-99.1972,34.5353],[-99.1968,34.5424],[-99.1957,34.545],[-99.1933,34.5445],[-99.1901,34.5411],[-99.1886,34.5406],[-99.1822,34.5406],[-99.178,34.5401],[-99.1778,34.5427],[-99.1762,34.5448],[-99.1718,34.5464],[-99.171,34.5479],[-99.1725,34.5493],[-99.1758,34.5481],[-99.1777,34.5485],[-99.1798,34.5504],[-99.1793,34.5536],[-99.1799,34.5547],[-99.1834,34.5575],[-99.1848,34.56],[-99.1845,34.5623],[-99.1815,34.5636],[-99.1778,34.5665],[-99.1747,34.571],[-99.1734,34.5742],[-99.1711,34.5782],[-99.1669,34.5838],[-99.1633,34.588],[-99.1601,34.5875],[-99.1564,34.588],[-99.1448,34.5918],[-99.141,34.5925],[-99.1322,34.5921],[-99.1332,34.5902],[-99.1327,34.5882],[-99.1307,34.5867],[-99.1293,34.5844],[-99.1246,34.583],[-99.1218,34.5879],[-99.1193,34.5894],[-99.1146,34.5907],[-99.1116,34.5922],[-99.1078,34.5917],[-99.1048,34.5923],[-99.1029,34.5937],[-99.0997,34.5941],[-99.0983,34.5898],[-99.0966,34.5881],[-99.094,34.5871],[-99.0866,34.5883],[-99.0829,34.5909],[-99.0825,34.5961],[-99.0836,34.6003],[-99.085,34.6036],[-99.0849,34.6067],[-99.0866,34.6094],[-99.0918,34.6117],[-99.0913,34.6138],[-99.0885,34.6152],[-99.085,34.6133],[-99.0818,34.6138],[-99.08,34.6153],[-99.0792,34.6181],[-99.0803,34.6223],[-99.0827,34.6243],[-99.09,34.6256],[-99.0937,34.6288],[-99.0961,34.6341],[-99.0982,34.6355],[-99.1025,34.636],[-99.1032,34.6379],[-99.1023,34.64],[-99.0974,34.6449],[-99.0956,34.6527],[-99.0957,34.6644],[-99.0953,34.6689],[-99.0938,34.6713],[-99.0916,34.6729],[-99.0865,34.6756],[-99.0838,34.6755],[-99.0802,34.6734],[-99.0782,34.6733],[-99.0686,34.6753],[-99.0561,34.6751],[-99.0489,34.6758],[-99.044,34.677],[-99.0419,34.6789],[-99.0447,34.6814],[-99.0431,34.6838],[-99.038,34.6862],[-99.0371,34.6894],[-99.0396,34.6917],[-99.0457,34.6923],[-99.0483,34.6943],[-99.0482,34.6968],[-99.0525,34.7016],[-99.0617,34.7015],[-99.0679,34.7011],[-99.0695,34.7006],[-99.0814,34.6983],[-99.0871,34.6966],[-99.0942,34.6961],[-99.0986,34.6952],[-99.1037,34.696],[-99.1057,34.6987],[-99.1085,34.699],[-99.1142,34.6987],[-99.1239,34.7012],[-99.1296,34.702],[-99.1407,34.701],[-99.1452,34.7014],[-99.1491,34.7024],[-99.1532,34.7046],[-99.1568,34.7077],[-99.1587,34.7103],[-99.1594,34.7135],[-99.1564,34.716],[-99.1545,34.7186],[-99.154,34.721],[-99.1547,34.724],[-99.158,34.7274],[-99.161,34.7315],[-99.1623,34.736],[-99.1623,34.7391],[-99.1613,34.741],[-99.1623,34.7423],[-99.166,34.7421],[-99.1685,34.7426],[-99.1716,34.7448],[-99.1725,34.7466],[-99.173,34.7553],[-99.17,34.7563],[-99.1682,34.7526],[-99.1663,34.7513],[-99.1639,34.7511],[-99.1614,34.7522],[-99.161,34.7543],[-99.1644,34.7587],[-99.1626,34.7604],[-99.1592,34.7613],[-99.156,34.7602],[-99.152,34.7604],[-99.1503,34.762],[-99.1518,34.7638],[-99.1581,34.7649],[-99.1626,34.7676],[-99.1643,34.7701],[-99.1656,34.7737],[-99.1648,34.7783],[-99.1648,34.783],[-99.1654,34.7884],[-99.1638,34.7923],[-99.1626,34.7931],[-99.1565,34.792],[-99.1537,34.792],[-99.1499,34.794],[-99.149,34.7982],[-99.1515,34.801],[-99.1537,34.805],[-99.1527,34.8142],[-99.1519,34.8175],[-99.1537,34.8277],[-99.152,34.8279],[-99.1489,34.8257],[-99.1462,34.8261],[-99.1443,34.8284],[-99.1452,34.8302],[-99.1521,34.832],[-99.1532,34.8335],[-99.1534,34.8357],[-99.1515,34.8416],[-99.1505,34.8433],[-99.1466,34.8449],[-99.1443,34.8471],[-99.1446,34.8495],[-99.1473,34.8504],[-99.1494,34.85],[-99.154,34.8482],[-99.1565,34.8477],[-99.1649,34.8475],[-99.1689,34.8479],[-99.1713,34.8489],[-99.1715,34.8513],[-99.1731,34.8553],[-99.1751,34.8572],[-99.178,34.8586],[-99.1831,34.8595],[-99.1871,34.8582],[-99.1907,34.8582],[-99.1932,34.8565],[-99.1935,34.8526],[-99.1931,34.8496],[-99.1917,34.8473],[-99.1932,34.8438],[-99.1984,34.8404],[-99.1997,34.8383],[-99.2015,34.8375],[-99.204,34.8378],[-99.2092,34.8398],[-99.2133,34.8385],[-99.2148,34.8367],[-99.2143,34.8337],[-99.2116,34.8312],[-99.211,34.8288],[-99.2131,34.8262],[-99.2172,34.8285],[-99.2207,34.8295],[-99.2263,34.8287],[-99.2308,34.8254],[-99.2315,34.8239],[-99.2319,34.8186],[-99.2335,34.8164],[-99.2387,34.8161],[-99.243,34.8183],[-99.2465,34.8221],[-99.2464,34.812],[-99.2504,34.8127],[-99.2803,34.8126],[-99.316,34.8126],[-99.334,34.8129],[-99.3529,34.8128],[-99.3972,34.8131],[-99.4058,34.813],[-99.4057,34.769],[-99.4373,34.7691],[-99.4369,34.7658],[-99.4407,34.7615],[-99.4407,34.759],[-99.4395,34.756],[-99.4399,34.7534],[-99.4385,34.7481],[-99.4397,34.7412],[-99.437,34.7365],[-99.4388,34.7342],[-99.4413,34.7334],[-99.4426,34.7302],[-99.4419,34.7281],[-99.4398,34.7266],[-99.4379,34.7279],[-99.4319,34.7303],[-99.4301,34.7287],[-99.425,34.7278],[-99.4251,34.7263],[-99.4232,34.725],[-99.4563,34.7251],[-99.475,34.7249],[-99.5214,34.7251],[-99.5511,34.725],[-99.5613,34.7251],[-99.5797,34.7248],[-99.6125,34.7248],[-99.615,34.7249],[-99.6524,34.7247],[-99.6668,34.7246],[-99.6666,34.6875],[-99.6666,34.6702],[-99.6666,34.6378],[-99.6666,34.6024],[-99.6665,34.5381],[-99.6665,34.5071],[-99.7457,34.5072],[-99.7615,34.5071],[-99.7855,34.5071],[-99.8446,34.5069]]]},"properties":{"name":"Jackson"}},
{"type":"Feature","geometry":{"type":"Polygon","coordinates":[[[-94.9279,35.0583],[-94.9279,35.0766],[-94.928,35.118],[-94.9279,35.1296],[-94.9281,35.1403],[-94.9279,35.1531],[-94.9279,35.2026],[-94.8789,35.2025],[-94.8143,35.2023],[-94.8144,35.2258],[-94.8143,35.2318],[-94.8142,35.2578],[-94.8142,35.2818],[-94.8136,35.3233],[-94.8173,35.3239],[-94.8207,35.3259],[-94.8238,35.3294],[-94.8259,35.3334],[-94.8275,35.3374],[-94.829,35.3468],[-94.829,35.3615],[-94.8312,35.3655],[-94.8349,35.3684],[-94.8385,35.3702],[-94.8421,35.3711],[-94.8452,35.3708],[-94.8497,35.3686],[-94.8531,35.3649],[-94.8595,35.36],[-94.8659,35.3566],[-94.8724,35.3545],[-94.8769,35.3541],[-94.8955,35.3492],[-94.902,35.3467],[-94.9047,35.3464],[-94.9119,35.3467],[-94.9145,35.3475],[-94.9187,35.3504],[-94.9193,35.3541],[-94.9153,35.3586],[-94.9132,35.3603],[-94.9087,35.3629],[-94.9024,35.3672],[-94.8947,35.3731],[-94.8935,35.3751],[-94.8923,35.3797],[-94.8923,35.3843],[-94.8939,35.3881],[-94.8963,35.3918],[-94.9018,35.3979],[-94.9047,35.3988],[-94.9082,35.3984],[-94.9111,35.3972],[-94.917,35.3938],[-94.9205,35.3931],[-94.9257,35.3928],[-94.9385,35.3966],[-94.9407,35.3983],[-94.9489,35.4073],[-94.9513,35.4083],[-94.9552,35.4087],[-94.9592,35.4083],[-94.966,35.4067],[-94.9715,35.4071],[-94.975,35.408],[-94.9868,35.4084],[-94.992,35.4095],[-94.9963,35.4111],[-95.0002,35.412],[-95.0065,35.4146],[-95.0118,35.4184],[-95.0144,35.421],[-95.0199,35.425],[-95.0228,35.4287],[-95.0242,35.4314],[-95.0246,35.4352],[-95.0244,35.4422],[-95.0233,35.4485],[-95.0235,35.4508],[-95.0249,35.4531],[-95.0277,35.4548],[-95.032,35.4563],[-95.0359,35.457],[-95.0415,35.4569],[-95.0462,35.4575],[-95.0499,35.4589],[-95.0576,35.4557],[-95.0635,35.4526],[-95.0688,35.4489],[-95.0739,35.4426],[-95.0765,35.438],[-95.0799,35.433],[-95.0806,35.4308],[-95.081,35.4231],[-95.082,35.4165],[-95.0833,35.4115],[-95.086,35.4059],[-95.0878,35.4044],[-95.0913,35.4034],[-95.1018,35.3976],[-95.1048,35.3944],[-95.1078,35.3894],[-95.1104,35.3859],[-95.1128,35.3814],[-95.1156,35.3776],[-95.1207,35.3725],[-95.1233,35.3723],[-95.1268,35.3766],[-95.1299,35.3788],[-95.1354,35.3804],[-95.1392,35.38],[-95.1443,35.3779],[-95.1523,35.3737],[-95.1578,35.3715],[-95.1608,35.3694],[-95.1616,35.367],[-95.1558,35.3628],[-95.1512,35.3623],[-95.1475,35.3612],[-95.1428,35.3583],[-95.1413,35.3556],[-95.1442,35.3486],[-95.1461,35.3468],[-95.1505,35.3459],[-95.1543,35.3489],[-95.1578,35.3509],[-95.1657,35.3531],[-95.1704,35.3527],[-95.175,35.3506],[-95.1795,35.3457],[-95.1818,35.3419],[-95.1829,35.3387],[-95.1825,35.3369],[-95.1799,35.3332],[-95.1768,35.3275],[-95.1724,35.3188],[-95.1712,35.3154],[-95.1705,35.3101],[-95.1718,35.3056],[-95.175,35.3022],[-95.1786,35.301],[-95.1824,35.3022],[-95.1879,35.3049],[-95.1941,35.3053],[-95.1992,35.3036],[-95.2028,35.2994],[-95.2041,35.2934],[-95.2054,35.2894],[-95.2094,35.2838],[-95.2184,35.2758],[-95.2226,35.2717],[-95.2291,35.2671],[-95.2313,35.2659],[-95.2393,35.263],[-95.2438,35.2616],[-95.2459,35.2618],[-95.257,35.2658],[-95.2622,35.269],[-95.2706,35.2796],[-95.273,35.2823],[-95.2791,35.288],[-95.2804,35.2887],[-95.2857,35.2934],[-95.2883,35.2952],[-95.3009,35.3014],[-95.3054,35.3023],[-95.3117,35.3027],[-95.3167,35.3021],[-95.3319,35.2988],[-95.3364,35.2974],[-95.3447,35.2931],[-95.3508,35.2902],[-95.3527,35.2922],[-95.3528,35.2989],[-95.3532,35.3017],[-95.3573,35.3061],[-95.3667,35.312],[-95.3711,35.3138],[-95.3753,35.3166],[-95.377,35.3188],[-95.3858,35.3261],[-95.3876,35.327],[-95.3938,35.3276],[-95.4023,35.3262],[-95.4072,35.3244],[-95.4112,35.3234],[-95.4135,35.3218],[-95.4169,35.3183],[-95.4215,35.3117],[-95.4271,35.3055],[-95.4327,35.3018],[-95.4446,35.2977],[-95.4512,35.296],[-95.451,35.2685],[-95.4512,35.2618],[-95.451,35.2501],[-95.4511,35.2319],[-95.4508,35.2028],[-95.4554,35.2027],[-95.4552,35.1974],[-95.455,35.1776],[-95.455,35.1605],[-95.4379,35.1602],[-95.4202,35.1603],[-95.4024,35.1602],[-95.3658,35.1602],[-95.3493,35.1603],[-95.3495,35.142],[-95.3491,35.098],[-95.3492,35.0585],[-95.3402,35.0583],[-95.2986,35.0581],[-95.2548,35.0579],[-95.1584,35.0579],[-95.0991,35.0575],[-95.0341,35.0577],[-95.0002,35.0578],[-94.9279,35.0583]]]},"properties":{"name":"Haskell"}},
{"type":"Feature","geometry":{"type":"Polygon","coordinates":[[[-94.9376,34.5068],[-94.9375,34.5343],[-94.9376,34.5488],[-94.9374,34.5572],[-94.9375,34.6214],[-94.9375,34.6294],[-94.9376,34.6608],[-94.9375,34.6786],[-94.9378,34.6809],[-94.9499,34.6807],[-94.9757,34.6808],[-95.0017,34.681],[-95.0168,34.6808],[-95.0424,34.6807],[-95.0596,34.6807],[-95.0737,34.6808],[-95.1151,34.6806],[-95.1252,34.6808],[-95.1567,34.6809],[-95.2042,34.6807],[-95.2502,34.6805],[-95.292,34.6807],[-95.3016,34.6809],[-95.3547,34.6809],[-95.3572,34.6811],[-95.4077,34.6808],[-95.422,34.6809],[-95.4377,34.6807],[-95.4659,34.6808],[-95.4745,34.681],[-95.4844,34.6808],[-95.4974,34.6811],[-95.5003,34.6809],[-95.5145,34.6811],[-95.5147,34.6368],[-95.5145,34.6251],[-95.5148,34.6192],[-95.5143,34.5942],[-95.5499,34.5941],[-95.5755,34.5942],[-95.6259,34.5938],[-95.672,34.5939],[-95.6721,34.5797],[-95.6719,34.5729],[-95.672,34.5534],[-95.6718,34.529],[-95.6717,34.5068],[-95.7316,34.5068],[-95.7503,34.5068],[-95.7532,34.5066],[-95.7794,34.5066],[-95.779,34.5001],[-95.7791,34.4401],[-95.7792,34.3955],[-95.7794,34.3751],[-95.7792,34.361],[-95.7793,34.2863],[-95.7792,34.2412],[-95.7792,34.2292],[-95.7792,34.2051],[-95.7793,34.1753],[-95.7795,34.165],[-95.7794,34.1567],[-95.7503,34.1567],[-95.73,34.1565],[-95.7265,34.1567],[-95.7104,34.1568],[-95.6774,34.1566],[-95.6246,34.1567],[-95.59,34.1569],[-95.5811,34.1568],[-95.5552,34.1569],[-95.5217,34.1567],[-95.5002,34.1568],[-95.4758,34.1569],[-95.4641,34.1568],[-95.4172,34.1569],[-95.3697,34.1569],[-95.3626,34.1568],[-95.3337,34.157],[-95.2746,34.1569],[-95.2208,34.1569],[-95.1565,34.157],[-95.1513,34.157],[-95.1514,34.2071],[-95.1515,34.2223],[-95.1514,34.2282],[-95.1515,34.24],[-95.1512,34.2439],[-95.1252,34.244],[-95.1097,34.2438],[-95.0827,34.2436],[-95.0466,34.2437],[-95.0463,34.3017],[-95.0465,34.3308],[-95.0466,34.3597],[-95.0465,34.383],[-95.0467,34.3905],[-95.0468,34.4301],[-95.0467,34.4553],[-95.0468,34.4773],[-95.0467,34.5072],[-95.0002,34.5071],[-94.967,34.5071],[-94.9376,34.5068]]]},"properties":{"name":"Pushmataha"}},
{"type":"Feature","geometry":{"type":"Polygon","coordinates":[[[-95.0596,34.6807],[-95.0424,34.6807],[-95.0168,34.6808],[-95.0017,34.681],[-94.9757,34.6808],[-94.9499,34.6807],[-94.9378,34.6809],[-94.9375,34.6786],[-94.9376,34.6608],[-94.9375,34.6294],[-94.9375,34.6214],[-94.9374,34.5572],[-94.9376,34.5488],[-94.9375,34.5343],[-94.9376,34.5068],[-94.8911,34.507],[-94.8546,34.5073],[-94.7979,34.5073],[-94.7852,34.5073],[-94.7093,34.5072],[-94.6581,34.5074],[-94.6316,34.5075],[-94.5579,34.5073],[-94.5477,34.5073],[-94.5478,34.5073],[-94.5477,34.5073],[-94.5478,34.5073],[-94.5154,34.5073],[-94.4965,34.5073],[-94.5154,34.5073],[-94.4965,34.5073],[-94.4611,34.5075],[-94.4603,34.5384],[-94.4603,34.5453],[-94.46,34.5493],[-94.4582,34.6143],[-94.4577,34.6251],[-94.4572,34.6468],[-94.4542,34.7402],[-94.4538,34.7503],[-94.4532,34.7726],[-94.451,34.8307],[-94.4497,34.8732],[-94.449,34.8944],[-94.4493,34.8959],[-94.449,34.902],[-94.4464,34.9691],[-94.4454,35.0001],[-94.4453,35.001],[-94.4434,35.0559],[-94.4425,35.0809],[-94.451,35.083],[-94.4423,35.0878],[-94.4411,35.1233],[-94.4408,35.1282],[-94.4396,35.169],[-94.439,35.1847],[-94.439,35.1981],[-94.4382,35.211],[-94.4376,35.2309],[-94.4378,35.2393],[-94.4366,35.2501],[-94.4357,35.276],[-94.4353,35.2798],[-94.4352,35.2923],[-94.4344,35.2977],[-94.4344,35.3061],[-94.4334,35.334],[-94.4326,35.3521],[-94.4322,35.3636],[-94.4332,35.3658],[-94.4316,35.3695],[-94.4334,35.3762],[-94.4331,35.3783],[-94.4356,35.3861],[-94.4341,35.3775],[-94.4368,35.3848],[-94.4424,35.3809],[-94.4431,35.3812],[-94.4487,35.3794],[-94.4548,35.3785],[-94.4606,35.3786],[-94.4612,35.3781],[-94.4707,35.3764],[-94.476,35.3746],[-94.4801,35.3721],[-94.4818,35.3701],[-94.4836,35.3694],[-94.4867,35.3649],[-94.4859,35.3604],[-94.4833,35.3551],[-94.4805,35.3523],[-94.4815,35.35],[-94.4891,35.3451],[-94.4913,35.3448],[-94.4948,35.3426],[-94.4944,35.3348],[-94.4948,35.3298],[-94.492,35.3254],[-94.4877,35.3225],[-94.4833,35.3181],[-94.4821,35.3154],[-94.4811,35.3095],[-94.4824,35.3072],[-94.4853,35.3048],[-94.4902,35.3032],[-94.4924,35.3018],[-94.4953,35.3012],[-94.4983,35.3045],[-94.5011,35.3058],[-94.5041,35.3059],[-94.5057,35.3049],[-94.5112,35.3045],[-94.5152,35.3066],[-94.5152,35.3087],[-94.517,35.3095],[-94.5191,35.3082],[-94.5286,35.3052],[-94.5335,35.3043],[-94.5385,35.3043],[-94.5427,35.305],[-94.5476,35.3064],[-94.5546,35.3102],[-94.5636,35.3199],[-94.5652,35.3226],[-94.5691,35.3256],[-94.5765,35.3289],[-94.5832,35.3283],[-94.589,35.3285],[-94.5948,35.328],[-94.5988,35.3264],[-94.6039,35.3217],[-94.61,35.313],[-94.613,35.3076],[-94.6159,35.3041],[-94.6212,35.3007],[-94.6252,35.2975],[-94.6295,35.2953],[-94.6334,35.2938],[-94.6435,35.2918],[-94.648,35.2912],[-94.6574,35.2916],[-94.6631,35.2926],[-94.6688,35.295],[-94.6756,35.3005],[-94.6783,35.3048],[-94.6782,35.3119],[-94.6789,35.3184],[-94.6804,35.3227],[-94.6835,35.3263],[-94.6891,35.3292],[-94.6952,35.331],[-94.7023,35.332],[-94.7055,35.3332],[-94.7146,35.3397],[-94.7206,35.3459],[-94.7257,35.3497],[-94.73,35.3519],[-94.736,35.3541],[-94.7429,35.356],[-94.7502,35.357],[-94.7564,35.3568],[-94.7638,35.3557],[-94.7697,35.3553],[-94.7734,35.354],[-94.775,35.3524],[-94.7784,35.3509],[-94.7814,35.3474],[-94.785,35.3422],[-94.7886,35.3356],[-94.7905,35.3313],[-94.7944,35.3271],[-94.8009,35.325],[-94.8117,35.3231],[-94.8136,35.3233],[-94.8142,35.2818],[-94.8142,35.2578],[-94.8143,35.2318],[-94.8144,35.2258],[-94.8143,35.2023],[-94.8789,35.2025],[-94.9279,35.2026],[-94.9279,35.1531],[-94.9281,35.1403],[-94.9279,35.1296],[-94.928,35.118],[-94.9279,35.0766],[-94.9279,35.0583],[-94.9278,35.028],[-94.9277,35.0178],[-94.9278,34.9573],[-94.9277,34.9422],[-94.9981,34.9422],[-94.998,34.9308],[-94.9979,34.8956],[-94.9978,34.8928],[-94.9978,34.8563],[-95.0002,34.8551],[-95.0595,34.855],[-95.0594,34.8327],[-95.0598,34.8229],[-95.0593,34.8157],[-95.06,34.804],[-95.0599,34.7747],[-95.06,34.7501],[-95.0599,34.7244],[-95.0596,34.7004],[-95.0596,34.6807]]]},"properties":{"name":"Le Flore"}},
{"type":"Feature","geometry":{"type":"Polygon","coordinates":[[[-94.5477,34.5073],[-94.5579,34.5073],[-94.6316,34.5075],[-94.6581,34.5074],[-94.7093,34.5072],[-94.7852,34.5073],[-94.7979,34.5073],[-94.8546,34.5073],[-94.8911,34.507],[-94.9376,34.5068],[-94.967,34.5071],[-95.0002,34.5071],[-95.0467,34.5072],[-95.0468,34.4773],[-95.0467,34.4553],[-95.0468,34.4301],[-95.0467,34.3905],[-95.0465,34.383],[-95.0466,34.3597],[-95.0465,34.3308],[-95.0463,34.3017],[-95.0466,34.2437],[-95.0827,34.2436],[-95.1097,34.2438],[-95.1252,34.244],[-95.1512,34.2439],[-95.1515,34.24],[-95.1514,34.2282],[-95.1515,34.2223],[-95.1514,34.2071],[-95.1513,34.157],[-95.1565,34.157],[-95.1565,34.0966],[-95.1564,34.0895],[-95.1566,34.0629],[-95.1564,34.0579],[-95.1565,34.0126],[-95.1565,33.9834],[-95.1559,33.9366],[-95.1488,33.9353],[-95.1388,33.9348],[-95.1349,33.936],[-95.1296,33.9367],[-95.1247,33.9347],[-95.1212,33.9313],[-95.1217,33.9258],[-95.1277,33.9204],[-95.1316,33.916],[-95.131,33.9125],[-95.1287,33.9093],[-95.1258,33.9065],[-95.12,33.9044],[-95.1131,33.9045],[-95.1086,33.9065],[-95.1058,33.9092],[-95.0958,33.9114],[-95.0898,33.9141],[-95.0856,33.9177],[-95.0847,33.92],[-95.0825,33.9217],[-95.08,33.921],[-95.0779,33.9187],[-95.0768,33.9136],[-95.0797,33.9086],[-95.0816,33.9069],[-95.0876,33.903],[-95.0902,33.9027],[-95.0913,33.9005],[-95.0974,33.8989],[-95.1,33.8968],[-95.0999,33.8928],[-95.0982,33.89],[-95.0958,33.8884],[-95.0921,33.8832],[-95.0901,33.8811],[-95.0874,33.8803],[-95.0824,33.8799],[-95.0801,33.8857],[-95.0796,33.8902],[-95.0792,33.9002],[-95.0787,33.905],[-95.0777,33.9067],[-95.075,33.9088],[-95.074,33.9156],[-95.0695,33.9176],[-95.0663,33.9168],[-95.0635,33.914],[-95.0642,33.9102],[-95.067,33.9083],[-95.0705,33.9084],[-95.075,33.9069],[-95.0763,33.9047],[-95.0756,33.9012],[-95.0729,33.8978],[-95.0708,33.898],[-95.0735,33.902],[-95.0711,33.9031],[-95.0623,33.9036],[-95.0601,33.9019],[-95.0588,33.8948],[-95.0592,33.889],[-95.0585,33.8862],[-95.0548,33.8816],[-95.0511,33.8788],[-95.0513,33.8748],[-95.0507,33.8682],[-95.049,33.8641],[-95.0439,33.8617],[-95.0372,33.8602],[-95.0297,33.8601],[-95.0208,33.8583],[-95.016,33.8577],[-95.0122,33.858],[-95.0075,33.86],[-95.0036,33.8622],[-95.0022,33.8637],[-94.998,33.8605],[-94.9955,33.8574],[-94.9934,33.8533],[-94.9922,33.852],[-94.9885,33.851],[-94.9833,33.8514],[-94.9816,33.8523],[-94.977,33.858],[-94.9762,33.8598],[-94.9734,33.8617],[-94.9714,33.8621],[-94.9689,33.8609],[-94.9683,33.8567],[-94.9658,33.8487],[-94.9658,33.8457],[-94.9644,33.837],[-94.9577,33.835],[-94.9523,33.8349],[-94.9473,33.8326],[-94.9439,33.8302],[-94.9435,33.8284],[-94.9448,33.8258],[-94.9477,33.8236],[-94.9535,33.8165],[-94.9531,33.8152],[-94.9479,33.8084],[-94.9422,33.8058],[-94.937,33.8063],[-94.9282,33.8077],[-94.9233,33.8087],[-94.9243,33.8125],[-94.9231,33.8155],[-94.9238,33.8192],[-94.9266,33.8263],[-94.9261,33.8285],[-94.9213,33.8289],[-94.918,33.8268],[-94.9148,33.8234],[-94.9122,33.8194],[-94.911,33.815],[-94.9145,33.8085],[-94.9167,33.809],[-94.9173,33.8059],[-94.9194,33.801],[-94.9213,33.7984],[-94.9224,33.7935],[-94.9215,33.7905],[-94.9176,33.7867],[-94.9169,33.7849],[-94.9129,33.7795],[-94.9114,33.7784],[-94.9062,33.7782],[-94.9042,33.7772],[-94.9042,33.7732],[-94.8982,33.769],[-94.8953,33.7684],[-94.8869,33.7691],[-94.8857,33.7652],[-94.8814,33.7612],[-94.8794,33.7602],[-94.8765,33.7574],[-94.8738,33.7581],[-94.8749,33.7688],[-94.8735,33.7705],[-94.8708,33.7703],[-94.8676,33.7684],[-94.8659,33.7656],[-94.8667,33.7618],[-94.874,33.7563],[-94.8761,33.7555],[-94.8771,33.7522],[-94.8747,33.7492],[-94.8733,33.749],[-94.8699,33.7462],[-94.8607,33.7419],[-94.8566,33.7407],[-94.8493,33.7396],[-94.8426,33.7394],[-94.8372,33.7398],[-94.8279,33.7409],[-94.8285,33.7354],[-94.8273,33.7341],[-94.8229,33.7327],[-94.8204,33.7338],[-94.8204,33.7376],[-94.823,33.7473],[-94.8248,33.7501],[-94.8308,33.7581],[-94.8309,33.76],[-94.8295,33.7641],[-94.8273,33.7669],[-94.8234,33.7692],[-94.8207,33.769],[-94.8186,33.7677],[-94.8164,33.764],[-94.8159,33.7598],[-94.8168,33.7542],[-94.8153,33.7514],[-94.8128,33.7521],[-94.8122,33.7477],[-94.8134,33.7446],[-94.8162,33.7419],[-94.817,33.74],[-94.812,33.7353],[-94.8073,33.7334],[-94.8023,33.7328],[-94.7973,33.7369],[-94.7901,33.7394],[-94.7815,33.7433],[-94.7801,33.7445],[-94.7784,33.7484],[-94.7778,33.753],[-94.7764,33.7564],[-94.7735,33.7593],[-94.7713,33.7606],[-94.7687,33.761],[-94.763,33.7598],[-94.7601,33.7583],[-94.7581,33.7565],[-94.7572,33.7536],[-94.7578,33.7501],[-94.7589,33.7485],[-94.7622,33.7466],[-94.7658,33.7461],[-94.7707,33.7467],[-94.7758,33.7467],[-94.7789,33.7451],[-94.7814,33.7421],[-94.7854,33.739],[-94.7886,33.7357],[-94.7825,33.7301],[-94.7794,33.7289],[-94.7731,33.7272],[-94.7606,33.7271],[-94.7544,33.7334],[-94.7514,33.7337],[-94.7506,33.7298],[-94.7477,33.7251],[-94.7577,33.7178],[-94.7559,33.7151],[-94.7514,33.7135],[-94.7476,33.7147],[-94.7455,33.7168],[-94.7449,33.7186],[-94.7452,33.7222],[-94.7445,33.7243],[-94.7421,33.7267],[-94.7367,33.7272],[-94.7334,33.7252],[-94.7324,33.7219],[-94.7332,33.7191],[-94.7361,33.7161],[-94.7412,33.7134],[-94.7475,33.7122],[-94.7531,33.7108],[-94.7537,33.7069],[-94.7519,33.7049],[-94.7431,33.702],[-94.7409,33.7006],[-94.7394,33.697],[-94.7368,33.6923],[-94.7351,33.6913],[-94.7261,33.6909],[-94.7241,33.6897],[-94.7195,33.6889],[-94.716,33.6946],[-94.7169,33.7004],[-94.7189,33.7033],[-94.7228,33.7048],[-94.7285,33.7058],[-94.7325,33.7092],[-94.7349,33.7152],[-94.7303,33.7161],[-94.7253,33.7147],[-94.706,33.7063],[-94.7026,33.704],[-94.7011,33.7021],[-94.7015,33.6991],[-94.7044,33.6971],[-94.7108,33.6967],[-94.7132,33.6977],[-94.7149,33.6966],[-94.7151,33.6941],[-94.7183,33.6887],[-94.7162,33.6879],[-94.7082,33.6883],[-94.7026,33.6878],[-94.6972,33.6862],[-94.6918,33.6855],[-94.6882,33.6844],[-94.6848,33.6844],[-94.6774,33.6883],[-94.6739,33.6918],[-94.6718,33.6933],[-94.6679,33.6946],[-94.6649,33.6943],[-94.6586,33.6918],[-94.6575,33.6902],[-94.6514,33.6858],[-94.6487,33.6867],[-94.6471,33.6903],[-94.6472,33.6927],[-94.6486,33.697],[-94.6484,33.6995],[-94.6459,33.7018],[-94.6432,33.7013],[-94.6395,33.6983],[-94.6382,33.6963],[-94.6398,33.6939],[-94.6431,33.6903],[-94.6451,33.6864],[-94.6504,33.6844],[-94.6481,33.6815],[-94.6456,33.6755],[-94.6453,33.6736],[-94.6507,33.6706],[-94.654,33.6711],[-94.6595,33.6751],[-94.6626,33.6749],[-94.6675,33.6728],[-94.6702,33.6703],[-94.671,33.6684],[-94.6706,33.6659],[-94.6686,33.6638],[-94.664,33.662],[-94.661,33.6603],[-94.6572,33.6606],[-94.6555,33.66],[-94.6517,33.6607],[-94.6492,33.6626],[-94.6453,33.662],[-94.6431,33.6636],[-94.6392,33.6637],[-94.638,33.6646],[-94.6368,33.6676],[-94.6349,33.6676],[-94.6309,33.6734],[-94.6299,33.6791],[-94.6268,33.682],[-94.622,33.6825],[-94.6173,33.6811],[-94.6153,33.6787],[-94.6127,33.6738],[-94.6119,33.67],[-94.6077,33.6656],[-94.6037,33.6632],[-94.6012,33.6628],[-94.5952,33.6642],[-94.5933,33.6653],[-94.5914,33.6694],[-94.592,33.6725],[-94.5903,33.6744],[-94.5903,33.6777],[-94.5928,33.6823],[-94.593,33.684],[-94.5916,33.6859],[-94.5879,33.6863],[-94.5862,33.6851],[-94.5844,33.6824],[-94.5803,33.6789],[-94.5795,33.6769],[-94.5813,33.6736],[-94.5794,33.6715],[-94.5794,33.6693],[-94.5808,33.6664],[-94.5779,33.6657],[-94.5705,33.6683],[-94.5637,33.6693],[-94.5612,33.6685],[-94.5603,33.6666],[-94.5611,33.6649],[-94.5648,33.6618],[-94.57,33.6609],[-94.5756,33.6594],[-94.5833,33.6534],[-94.587,33.6502],[-94.5908,33.6456],[-94.5886,33.6442],[-94.5833,33.6438],[-94.58,33.6445],[-94.5755,33.6472],[-94.5744,33.649],[-94.5706,33.6522],[-94.5651,33.6544],[-94.5602,33.657],[-94.5496,33.6607],[-94.5467,33.6596],[-94.5435,33.656],[-94.5426,33.654],[-94.543,33.6493],[-94.5454,33.6462],[-94.55,33.6452],[-94.559,33.642],[-94.5664,33.6385],[-94.5686,33.6369],[-94.5704,33.6305],[-94.569,33.6275],[-94.5641,33.6263],[-94.558,33.6267],[-94.5534,33.6276],[-94.5464,33.6315],[-94.5419,33.6363],[-94.5381,33.6381],[-94.5281,33.6412],[-94.5218,33.6407],[-94.5185,33.6376],[-94.5206,33.6354],[-94.5325,33.6276],[-94.5355,33.624],[-94.5348,33.6213],[-94.5326,33.6191],[-94.5274,33.6158],[-94.5235,33.6159],[-94.5204,33.6175],[-94.5184,33.6214],[-94.5187,33.6246],[-94.5202,33.6298],[-94.5175,33.6331],[-94.516,33.6311],[-94.5121,33.6238],[-94.5084,33.6213],[-94.5057,33.6207],[-94.5018,33.6217],[-94.4989,33.6239],[-94.493,33.6245],[-94.4884,33.6274],[-94.4875,33.6299],[-94.4884,33.6324],[-94.4917,33.6365],[-94.4859,33.6379],[-94.4856,33.6526],[-94.4852,33.6579],[-94.4854,33.6634],[-94.4845,33.6879],[-94.4838,33.7113],[-94.4818,33.7889],[-94.4813,33.7992],[-94.481,33.8189],[-94.4807,33.8211],[-94.4804,33.8381],[-94.4799,33.8497],[-94.4794,33.8709],[-94.4791,33.8751],[-94.4794,33.8813],[-94.4788,33.884],[-94.4789,33.8894],[-94.4781,33.9185],[-94.4773,33.9391],[-94.477,33.9575],[-94.4764,33.9668],[-94.4765,33.9759],[-94.4758,34.0001],[-94.475,34.0244],[-94.4741,34.0594],[-94.4734,34.0715],[-94.4729,34.088],[-94.4727,34.1094],[-94.472,34.1251],[-94.4709,34.1694],[-94.4696,34.2171],[-94.4694,34.2307],[-94.4689,34.2383],[-94.4684,34.2529],[-94.4679,34.2812],[-94.4667,34.3179],[-94.466,34.35],[-94.4654,34.3567],[-94.4655,34.3639],[-94.4644,34.3965],[-94.4641,34.4115],[-94.4637,34.4179],[-94.4631,34.4399],[-94.4628,34.4458],[-94.4611,34.5075],[-94.4965,34.5073],[-94.5154,34.5073],[-94.4965,34.5073],[-94.5154,34.5073],[-94.5478,34.5073],[-94.5477,34.5073],[-94.5478,34.5073],[-94.5477,34.5073]]]},"properties":{"name":"McCurtain"}}
]}